#key	synopsis
1943 Kai (Japan)	1943 Kai ist ein Shoot'em Up, das für Arcade veröffentlicht und dann für die PC Engine adaptiert wurde. Dies ist ein vertikales Shoot'em-Up, das von zwei Spielern gespielt werden kann. Das Gameplay ist klassisch: Man schießt und vermeidet es, abgeschossen zu werden. Power-Ups werden auf dem Bildschirm als „POW“ angezeigt und jedes Mal, wenn Sie darauf schießen, ändern sie sich.
21 Emon - Mezase! Hotel Ou (Japan)	21 Emon ist ein Brettspiel im japanischen Stil. Vier Spieler, Mensch oder NPC, würfeln abwechselnd, bewegen sich auf dem Spielfeld und landen auf verschiedenen Ereignisfeldern. Das ultimative Ziel ist es, so viele Hotels wie möglich zu bauen und mehr Gewinn als deine Gegner zu machen.
Aero Blasters (USA)	Aero Blasters ist ein schneller Side-Scrolling-Shooter. Es ist eine Portierung von Air Buster auf einem Arcade Automat. Der Spieler steuert ein kleines Schiff durch verschiedene Level mit vielen Feinden. Jedes Level endet mit einem Boss und einige Abschnitte beschleunigen das Gameplay, indem sie schnelle Hindernisparcours mit horizontalem und vertikalem Scrollen bieten. Fliegende orangefarbene Kapseln setzen viele Power-Ups auf einmal frei und verbessern die Schiffe mit neuen oder leistungsstärkeren Lasern, Flügelmännern und Schilden. Der Spieler kann auch die Feuertaste gedrückt halten, um eine Explosion aufzuladen, die alle feindlichen Kugeln vom Bildschirm entfernt und allen Feinden Schaden zufügt. Bei einem unversöhnlichen Schwierigkeitsgrad ist jeder Treffer tödlich, aber das Spiel kann an jedem Punkt fortgesetzt werden, solange noch Leben und Credits übrig sind. Das Spiel kann mit zwei Spielern kooperativ gespielt werden.
After Burner II (Japan) (En)	Ähnlich wie beim Vorgänger besteht die Prämisse von After Burner II darin, in die F-14 Tomcat zu steigen und eine Mission nach der anderen zu fliegen und Flugzeuge aus der Luft abzuschießen. Zu Ihrer Verfügung stehen eine Vulkankanone (im Grunde ein Maschinengewehr) und eine begrenzte Anzahl an Raketen. In einigen Versionen des Spiels feuern die Waffen ständig automatisch. Manchmal stößt man auf ein verbündetes Versorgungsflugzeug und wenn man daran andockt, kann man seine Raketen auffüllen. Das Spiel wird von der Rückseite des Flugzeugs aus betrachtet, während Sie Welle für Welle feindlicher Jäger bekämpfen. Aber im Kern bietet es die übliche Shooter-Mechanik, was bedeutet, dass Sie die meiste Zeit damit verbringen, auszuweichen und zu schießen. Sie können auch beschleunigen und verlangsamen, um mit Feinden fertig zu werden, die hinter Ihnen auftauchen.
Air Zonk (USA)	Air Zonk auf TurboGrafx ist ein Shoot'em-Up, bei dem Sie Ihre Gegner mit Ihren Schüssen und einer Armada von Bomben eliminieren müssen. Besiege jeden Boss am Ende des Levels, um einen von Air Zonks Freunden zu befreien, der, sobald er bei dir ist, Superangriffe starten kann, besonders wenn sie kombiniert werden. Schieße Blumen einer bestimmten Farbe ab, um Boni zu sammeln, die dich mächtiger machen und somit mehr Punkte verdienen.
Alien Crush (USA)	Alien Crush ist ein Video-Flipperspiel mit Alien-Motiven. Die Grafiken weisen starke Ähnlichkeiten mit der Kunst aus den Alien-Filmen auf, und alles hat ein dunkles und unheimliches Aussehen. Der Haupttisch hat zahlreiche bewegliche Ziele und Kugelsperren und ist zwei Bildschirme hoch. Es gibt mindestens drei Bonusspiele, die vom oberen Bildschirm aus zugänglich sind. Bonusspiele bestehen darin, sich bewegende Ziele auf einem separaten Bonustisch mit einem Bildschirm auszuschalten.
All Star Power League (Japan)	World Class Baseball ist ein Baseballspiel. Der Spieler kontrolliert den Pitcher und die Feldspieler (durch ein automatisches System, das ihm nach der Tradition der Baseballspiele die Kontrolle über denjenigen der Spieler gibt, der dem Ball am nächsten ist); nicht der Batter. Ein oder zwei kleine Fenster zeigen den Status des Runners während des Anspiels zwischen Batter und Pitcher an; Sobald der Ball getroffen wird, ändert sich die Ansicht in eine Vogelperspektive, die einen großen Teil des Spielfelds zeigt, auf dem die Aktion stattfindet, zusammen mit einem permanenten kleinen Feldbild am rechten unteren Bildschirmrand, das die Position jedes Spielers anzeigt das ganze Feld.
Andre Panza Kick Boxing (USA)	Diese von André Panza empfohlene Videospiel-Adaption des thailändischen Kickboxens bietet über 35 Bewegungen. Verwenden Sie die Trainingshalle, um die Fähigkeiten Ihres Charakters auszubauen, bis Sie sich bereit fühlen, es mit einem Gegner aufzunehmen. Sie haben auch die Möglichkeit, Ihre Angriffe anzupassen. Wenn Sie bereit sind, gehen Sie zum Ring, um gegen verschiedene Gegner anzutreten, während Sie versuchen, der beste Kickboxer im Spiel zu werden.
Aoi Blink (Japan)	Aoi Blink ist ein Side-Scrolling-Plattformer, der auf der gleichnamigen TV-Anime-Serie basiert. Die fünf Level sind ähnlich aufgebaut wie in Super Mario Bros. 3: Sie sind in verschiedene Bereiche unterteilt, die über einen Kartenbildschirm mit verzweigten Pfaden erreicht werden. Diese Bereiche müssen gelöst werden, um auf der Karte weitergehen zu können. Die Besonderheit dieses Spiels besteht darin, dass der Spieler im Handumdrehen zwischen drei Charakteren mit unterschiedlichen Fähigkeiten wechseln kann, z. Einer kann hoch springen und ein anderer hat eine bessere Waffe. Diese sind wichtig, um die Herausforderungen, die die Level mit sich bringen, meistern zu können. Sie bestehen hauptsächlich aus traditionellem Jump'n'Run und dem Ausweichen/Schießen von Feinden. Allerdings muss der Bossbereich am Ende der Levelkarte mit einem Generalschlüssel geöffnet werden. In jedem Bereich ist einer versteckt.
Appare! Gateball (Japan)	Appare! Gateball ist ein Krocketspiel. Es gibt zwei Teams mit je fünf Spielern. Ein Team spielt mit einem weißen Ball und ein Team spielt mit einem roten Ball. Das rote Team beginnt als erstes. Das Ziel ist es, den Ball durch drei Tore zu befördern und den Pfahl zu treffen. Das Spiel kann auf einem Gras- oder Sandplatz gespielt werden und es stehen 12 Spieler zur Auswahl, die alle ihre eigenen Statistiken haben.
Armed F (Japan) (En)	Formation Armed F, oder einfach Armed F, ist ein vertikal scrollendes Shoot'em Up, das ursprünglich von Manjyudo entwickelt und 1988 von Nichibutsu für Arcade veröffentlicht wurde. Später wurde es 1990 von Pack-In-Video auf die PC Engine portiert Vowger RC30, der modernste Sternenjäger der Milchstraßen-Föderation, wird geschickt, um ein ungewöhnliches Phänomen zu untersuchen, das mehrere Raumstationen am Rande der Galaxie erfasst hat. Der Vowger ist in der Lage, sich durch zahlreiche Power-Ups anzupassen, die oft erfordern, dass der Spieler seine Waffenformationen wechselt, um die Feinde, denen er gegenübersteht, besser anvisieren zu können.
Artist Tool (Japan)	Artist Tool ist ein grundlegendes Kunsterstellungsprogramm für die PC Engine, das von Hudson entwickelt wurde. Die Bedienung erfolgt über ein Zeichentablett-Peripheriegerät namens „Illust Booster“, das es Benutzern ermöglicht, mit einem Stift, der den heutigen Kunsttabletts ähnelt, direkt auf dem Bildschirm zu zeichnen, und über ein weiteres Peripheriegerät, den „Print Booster“, mit dem Benutzer ihre Bilder ausdrucken können Bildschirmkreationen auf Papier sowie den „Photo Reader“, der als Bildscanner fungierte. Neben einem grundlegenden Satz an Zeichenwerkzeugen konnte der Spieler zwischen drei Musiktiteln wechseln und diese während der Arbeit anhören. Das Spiel ist für Sammler eine besonders seltene und daher wertvolle HuCard, da viele ebenso seltene und teure Peripheriegeräte mitverkauft wurden. Sowohl das Spiel als auch die Peripheriegeräte erzielen auf Auktionsseiten hohe Preise.
Atomic Robo-Kid Special (Japan) (En)	Atomic Robo-Kid Special is a PC Engine adaptation of Atomic Robo-Kid rebuilt from scratch. As with the standard Atomic Robo-Kid, the eponymous robotic war machine passes through a series of stages to find the exit. Each exit is blocked by a boss enemy, which often needs to be destroyed before the exit becomes accessible. Atomic Robo-Kid can collect up to three weapon upgrades and switch between them: if they lose a life, they lose the presently equipped upgrade but keep the others. The game will switch up how each stage is presented. The first two stages are side-scrollers, while others include a single-screen &quot;duel&quot; with a rival, a maze-like stage that the player explores in various directions and other divergences.
Ballistix (USA)	Ballistix von Psygnosis ist ein Arcade-Spiel, in dem Sie einen Ball manipulieren müssen, um mit Ihrem Gegner ein Tor zu erzielen. Dazu steuern Sie einen Pfeil, der eine Richtung definiert, und durch Drücken der Feuertaste wird eine Kugel von diesem Pfeil in die Richtung geschossen, in die der Pfeil zeigt. Indem Sie Bälle in den richtigen Winkeln starten, manipulieren Sie den Hauptball und kontrollieren, wie er sich bewegt. Ballistix hält sich auch an bestimmte physikalische Gesetze (nämlich Schwerkraft und Reibung) und stellt Sie im Ein- oder Zweispielermodus vor unterschiedliche Hindernisse.
Bari Bari Densetsu (Japan)	Bari Bari Densetsu ist ein Rennspiel, das auf dem gleichnamigen Anime basiert. Der Spieler übernimmt die Rolle eines jungen Sportlers, der am Motorrad-Welt-Grand-Prix teilnimmt. Jedes Rennen besteht aus einem Qualifying und dem eigentlichen Rennen, wobei das Ziel natürlich ist, am Ende eine gute Platzierung zu erreichen. Das Spiel bietet auch einige grundlegende Anpassungsmöglichkeiten für das Motorrad, bei denen der Spieler vor einem Rennen Reifen, Bremsen, Motor, Federung oder Mission ändern kann. Das Wetter beeinflusst die Leistung und das Fahrverhalten des Fahrrads, abhängig von den Fahrradteilen und der Strecke. Zusätzlich gibt es einen Reisemodus, bei dem die 16 Kurse frei gewählt werden können.
Barunba (Japan)	Barunba ist das Spiel seiner Kategorie. Multidirektionales Shoot'em-Up, das Sie in sehr abwechslungsreiche Welten entführt. Seine Spielbarkeit ist vorbildlich. Dank der Auswahltaste können Sie Ihre Waffen auswählen, die sich abhängig von den gesammelten Boni unabhängig voneinander gegenseitig verstärken.
Batman (Japan) (En)	Die TurboGrafx-16-Version von Batman: The Video Game ist ein labyrinthartiges Top-Down-Spiel, das Pac-Man oder Bomberman etwas ähnelt. Das Spiel besteht aus fünf Phasen, die auf dem Film basieren: den Straßen von Gotham, dem Flugelheim Museum, der AXIS Chemical Factory, der Parade und der Kathedrale, wo Batman schließlich dem Joker gegenübersteht. Die ersten vier Stufen sind in 12 Unterstufen oder Labyrinthe unterteilt. Jedes Hauptlevel hat sein eigenes Ziel, das im Wesentlichen darin besteht, Gegenstände in den Labyrinthen zu finden: „Smilex“-Komponenten in den Straßen von Gotham sammeln, Gemälde im Museum reinigen, Bomben in der Fabrik platzieren und die Seile von Jokers Ballons abschneiden Parade. Vor jedem Level wird eine Zwischensequenz mit Szenen aus dem Film angezeigt. Batman kann seine Feinde mit seinem Batarang angreifen. Im Laufe der Level sammelt er Gegenstände, die seine Geschwindigkeit erhöhen und seinem Batarang eine größere Reichweite und mehrere Schüsse verleihen.
Battle Lode Runner (Japan) (En)	Battle Lode Runner wurde ursprünglich nur in Japan auf der PC-Engine (TurboGrafx-16) veröffentlicht und ist eine Fortsetzung von Lode Runner. Der Hauptvorteil ist ein 5-Spieler-Modus. Die Spieler bewegen sich auf mehreren Plattformen und sammeln Gold. Verschiedene Feinde bevölkern die Level und der Spieler versucht, mit einer Bohrmaschine bewaffnet, Löcher zu bohren, um die Feinde zu fangen. Leider werden die Feinde dadurch nicht besiegt, sondern nur für kurze Zeit außer Gefecht gesetzt. Nach ein paar Sekunden erscheinen die Feinde wieder und nehmen die Verfolgung des Spielers wieder auf. Die Fünf-Spieler-Option war in jeder Version von Lode Runner neu und funktioniert auf sehr ähnliche Weise wie Bomberman, außer dass Löcher gebohrt werden, anstatt zu bombardieren.
Battle Royale (USA)	Battle Royale ist ein Wrestling-Spiel, das Schlachten vom Typ Last Man Standing zwischen bis zu fünf Wrestlern präsentiert. Das Spiel bietet drei Schwierigkeitsstufen, fünf Wrestler zur Auswahl und zwei Spielmodi. Nur für Einzelspieler ist der Turniermodus mit 15 möglichen aufeinanderfolgenden Kämpfen, beginnend mit Eins-gegen-Eins bis hin zu einem vollständigen Fünf-Mann-Match. Im zweiten Modus kann die Anzahl der Teilnehmer für ein einzelnes Match frei eingestellt werden. Es gibt jedoch einen Haken bei der Auswahl eines Wrestlers: Vor dem Match kämpfen die Manager der Kämpfer, um ihren Lieblingskämpfer auszuwählen – es wird empfohlen, den Gegner vorübergehend auszuschalten.
Benkei Gaiden (Japan)	Benkei Gaiden ist ein traditionelles Rollenspiel im japanischen Stil, das in einer Umgebung spielt, die an das Japan der Feudalzeit erinnert, mit übernatürlichen Elementen wie Monstern usw. Die Texte sind auf Japanisch.
Bikkuriman World (Japan)	Nachdem der böse König besiegt wurde, glich das Königreich Wonder Land einem Paradies - für eine Weile. Der Frieden fand sein jähes Ende, als ein grausamer, feuerspeiender Drache ohne Vorwarnung zuschlug und Wonder Land mit einem Schwarm bösartiger, monströser Handlanger einnahm, wodurch das einst friedliche Land in ein heilloses Chaos gestürzt und zu Monster Land wurde. Die wehrlosen Bewohner blickten zu Wonder Boy. Er merkte, dass er die letzte Hoffnung für Wonder Land war, und so brach Wonder Boy zu einer unglaublichen Reise auf, um das Land von den Monstern zu befreien und den &quot;unverwundbaren&quot; bösen Drachen ein für alle Mal zu besiegen. Führe Wonder Boy durch verschiedene Gebiete, Verliese und besiege Gegner mit speziellen Waffen und Zaubersprüchen im Laufe deiner Reise!
Blazing Lazers (USA)	Blazing Lazers (jp Gunhed) ist ein Vertikal-Shooter mit 9 Leveln, in dem du mal wieder die Welt retten musst. Dabei kämpfst du gegen 8 Super-Waffen um den Endboss ein für alle mal zu besiegen. Das Power-Up-System von Blazing Lazers besteht aus 4 Hauptwaffen, die alle mehrfach verbessert werden können um schließlich eine enorme Feuerkraft zu entfalten. Zusätzlich gibt es Sekundärwaffen, die als Schilde, Zielsuch-Raketen, Mehrfachfeuer oder Superwaffen dienen.
Bloody Wolf (USA)	Snake und Eagle, zwei Kommandos der Bloody Wolf Special Forces, erhalten von ihrem Kommandanten die Anweisung, die schwer bewaffnete Basis des Feindes zu zerstören, um den Präsidenten und alle Verbündeten zu retten, die als MIA gemeldet wurden. Basierend auf dem Arcade-Spiel von 1988 nimmt dieser Einzelspieler-Top-Down-Run-and-Gun-Shooter eine Anspielung auf das Gameplay im Contra-Stil und ermöglicht es einem der beiden Söldner, sich seinen Weg durch acht Level der feindlichen Opposition zu bahnen, der nur mit einem Messer bewaffnet ist und ein Maschinengewehr. Unterwegs können dem Arsenal neue Waffen wie Schrotflinten, Bazookas, Blitzbomben und Granaten sowie Gesundheits- und Verteidigungs-Power-Ups hinzugefügt werden. Spieler können sogar ein Motorrad finden, um in einigen Gebieten zu fahren, oder durch bestimmte Teile eines Levels schwimmen. Der Präsident und Ihre Kameraden brauchen Sie!
Bomberman '93 (USA)	Bomberman '93 ist ein Action- Puzzlespiel, bei dem Sie Bomben einsetzen, um Ihre Gegner auf einem mit Boni und Fallen übersäten Spielfeld zur Detonation zu bringen. Sprengen Sie Ihre Bomben aus der Ferne, und schmeißen sie Ihre Gegner vom Spielfeld. Jedes Mittel ist recht.
Bomberman '93 - Special Version (Japan)	Bomberman '93 ist ein Action- Puzzlespiel, bei dem Sie Bomben einsetzen, um Ihre Gegner auf einem mit Boni und Fallen übersäten Spielfeld zur Detonation zu bringen. Sprengen Sie Ihre Bomben aus der Ferne, und schmeißen sie Ihre Gegner vom Spielfeld. Jedes Mittel ist recht.
Bomberman '94 (Japan)	Mega Bomberman ist ein Actionspiel auf Turbografx. Im Einzelspielermodus liegt es an Ihnen, Ihre Bomben zu destillieren, um den Durchgang freizumachen, Ihre Feinde zu vernichten und die Boni einzusammeln, die die Level schmücken. Verschiedene Arten von Kängurus können Ihnen an bestimmten Tischen zur Hand gehen und im Mehrspielermodus können Sie aus neun verschiedenen Charakteren wählen.
Bomberman (USA)	Der schwarze Raumfahrer entführte deine Geliebte und brachte sie in seine Kammern im Schloss, weit außerhalb deiner Reichweite, über Flüsse, Wälder und Berge. Ihre Aufgabe ist es, sie zu retten, indem Sie gegen das Meer der Feinde kämpfen, wobei Ihnen nur Bomben zur Verfügung stehen. Die Reichweite der Explosion kann mit der Zeit verbessert werden, aber wenn Sie sterben, wird die Reichweite auf das Minimum zurückgesetzt und Sie verlieren Ihre vorherigen Fähigkeiten. Einige Updates können Sie dazu bringen, durch die Wände zu gehen, Ihre Geschwindigkeit zu erhöhen und Ihnen einige andere Vorteile zu geben, die Sie bei Ihrer Suche nach der Rettung der Frau, die Sie lieben, unterstützen. Dieses Top-Down-Action-Arcade-Spiel besteht aus neun Levels pro Ebene, jedes härter als das andere, und jedes Finale besteht aus dem Boss, mit dem Sie es zu tun haben. Sie können sich horizontal und vertikal bewegen und Bomben hinter sich legen, wodurch die Feinde verdampft werden, aber seien Sie vorsichtig, denn Sie können sich mit Ihrer eigenen Bombe blockieren und Opfer Ihrer eigenen Tricks werden, wenn Sie verärgert spielen.
Bomberman - Users Battle (Japan)	Der schwarze Raumfahrer entführte deine Geliebte und brachte sie in seine Kammern im Schloss, weit außerhalb deiner Reichweite, über Flüsse, Wälder und Berge. Ihre Aufgabe ist es, sie zu retten, indem Sie gegen das Meer der Feinde kämpfen, wobei Ihnen nur Bomben zur Verfügung stehen. Die Reichweite der Explosion kann mit der Zeit verbessert werden, aber wenn Sie sterben, wird die Reichweite auf das Minimum zurückgesetzt und Sie verlieren Ihre vorherigen Fähigkeiten. Einige Updates können Sie dazu bringen, durch die Wände zu gehen, Ihre Geschwindigkeit zu erhöhen und Ihnen einige andere Vorteile zu geben, die Sie bei Ihrer Suche nach der Rettung der Frau, die Sie lieben, unterstützen. Dieses Top-Down-Action-Arcade-Spiel besteht aus neun Levels pro Ebene, jedes härter als das andere, und jedes Finale besteht aus dem Boss, mit dem Sie es zu tun haben. Sie können sich horizontal und vertikal bewegen und Bomben hinter sich legen, wodurch die Feinde verdampft werden, aber seien Sie vorsichtig, denn Sie können sich mit Ihrer eigenen Bombe blockieren und Opfer Ihrer eigenen Tricks werden, wenn Sie verärgert spielen.
Bonk 3 - Bonk's Big Adventure (USA)	Der Held mit dem harten Schädel kehrt in dieser dritten Folge der populären Bonk-Serie zu noch mehr horizontal scrollender Action zurück.Erneut muss Bonk den gnadenlosen Plan König Drools vereiteln, indem er sieben Runden im Königreich der Dinosaurier übersteht, von denen jede voller verrückter Fallen und comicartiger Gegner steckt.Schnapp dir zudem eine Propeller-Blume oder tausche 16 „Smileys“ zum Ende einer Runde, um bis zu acht verschiedene Bonusrunden spielen zu können.Mittels neuer roter oder blauer Süßigkeiten-Items lässt sich die Größe von Bonk ändern. Je nach Situation hilft dir das, dir den Weg durch Sackgassen zu bahnen oder schwer erreichbare Objekte zu erhalten.Und das ist noch nicht alles! Besiege im neuen Modus für zwei Spieler König Drool zusammen mit einem Freund!
Bonk's Adventure (USA)	Ein Side-Scrolling-Actionspiel der alten Schule. Das Gameplay ist einfach: Verpasse deinen Feinden einfach einen Kopfstoß, während du durch die einzelnen Level gehst! Du erleidest Schaden, wenn du von einem Feind getroffen wirst oder wenn du etwas Gefährliches berührst. Versuchen Sie, Bonk davon abzuhalten, Leben zu verlieren. Essen Sie Fleisch, das Sie auf dem Weg finden, um Bonk um 2 Stufen zu stärken. Stoße mit dem Kopf auf den Boden, nachdem Bonk sich verwandelt hat, um eine gewaltige Explosion auszulösen – die Erde wird erzittern und deine Feinde werden fassungslos sein! Das ist Bonk-Power! Die Kraft seines mächtigen, steinharten Kopfes! Das Spiel ist vollgepackt mit Bonusspielen und versteckten Stufen. Und wie in jedem großartigen Actionspiel gibt es große Bosskämpfe.
Bonk's Revenge (USA)	Bonk rächt sich in seinem zweiten Spiel für TurboGrafx an King Drool III. Es ist nicht ganz klar, warum Bonk so rachsüchtig ist, aber es scheint, dass King Drool dafür verantwortlich ist. Bonk benutzt in dieser Fortsetzung seinen übergroßen Schädel als tödliche Waffe. Das Gameplay in diesem Abenteuer ist dem ersten Spiel sehr ähnlich. Bonk hat Kopfstoß-, Kopfstampf- und Feuerspuckbewegungen, wenn er scharfes Fleisch isst.
Bouken Danshaku Don - The Lost Sunheart (Japan)	Komm, steig schnell in dein Flugzeug, wir müssen wieder einmal die Welt retten! „The Lost Sunheart“ – lassen wir mal den japanischen Namen hinter uns, an den wir Europäer sich kaum erinnern können – ist ein sehr gut geschriebener Dreh. Die Zwischensequenzen sind grafisch recht dürftig, haben aber den Vorzug, dass sie präsent sind und viele Dinge erklären ... nur auf Japanisch. Diesmal ist es eine verrückte Maschine, die gestoppt werden muss. Das Handling ist wie bei vielen Shootings mit PC Engine: einwandfrei. Alles bleibt sehr klassisch. Mit einigen Power-Ups können Sie Ihren Schuss ändern. Allerdings gibt es keine intelligente Bombe. Es ist auch möglich, die Geschwindigkeit durch Drücken von Select anzupassen.
Boxyboy (USA)	Planen Sie Ihren Weg an die Spitze, während Ihr erster Job zu einem verblüffenden Strategiespiel wird! Zeigen Sie ihnen, dass Sie den Verstand und die Muskeln haben, und sie werden Sie um die ganze Welt schicken, um sich 100 kniffligen Levels voller Rätsel zu stellen. Sei einfach cool und du wirst geheime Level entdecken, die Gehirne in Brezeln verwandeln! Bald können Sie mit Ihren eigenen Puzzlekreationen das Sagen haben! Eine Sache ist sicher. Sobald Sie in diesem Brain Buster sind, werden Sie zu süchtig sein, um aufzuhören!
Bravoman (USA)	Der böse Dr. Bomb hat das Dorf Nitta übernommen und nur du, ein gewöhnlicher Angestellter, kannst seine bösen Pläne durchkreuzen, indem du dich in den fabelhaften Superhelden Bravoman verwandelst! Das Spiel ist ein Side-Scrolling-Action-Platformer. Als Bravoman haben Sie die Möglichkeit, Ihre Glieder zu verlängern, je nachdem, wie lange Sie die einzelnen Knöpfe drücken, um höher zu springen oder Feinde auf der anderen Seite des Bildschirms zu schlagen. Verfügt über 22 Stufen voller bizarrer Umgebungen und Feinde, die alle mit farbenfrohen 2D-Grafiken gerendert werden.
Break In (Japan) (En)	Spiele mit bis zu vier Spielern* ein authentisches Billardspiel im heimischen Wohnzimmer!Wähle aus sechs Billardspielen aus wie 9-Ball, Rotation und Carom. Lass im Simulationsmodus den besten Schuss berechnen oder wähle den Actionmodus um zu sehen, was mit deinen verpatzten Zügen falsch lief.„Break In“ gibt den Spielern jede Menge Auswahl, sodass hier Anfänger wie Profis auf ihre Kosten kommen. Wer sein Können verbessern möchte, der kann zudem den Technique-Modus wählen und damit seine Technik üben und sich an Trick-Shots versuchen.Lass dir vom Computer helfen! Mit „Break In“ wirst auch du zum Billardkenner!
Bubblegum Crash! (Japan)	Dies ist ein Adventurespiel, das auf der Fortsetzung des großartigen klassischen Cyberpunk-Anime Bubblegum Crisis basiert. Es versetzt Sie in die Rolle von Nene von den Knight Sabers, einer Gruppe von Frauen in Power-Anzügen, die die Probleme lösen, die die AD-Polizei nicht bewältigen kann.
Bull Fight - Ring no Hasha (Japan)	Bull Fight – Ring no Haja ist ein Boxspiel, der „Champion“-Modus stellt sich als nette karrieristische Ergänzung zum klassischen „Survival“-Modus (= ein einfaches Pool-Turnier, an dem mehrere menschliche Spieler teilnehmen können) dar, da er es sein wird Es ist notwendig, dass Sie Ihren Fortschritt verwalten und die Leiter des Ruhms nach und nach erklimmen, vom Training in der heruntergekommenen Turnhalle bis zum Titel des japanischen Meisters, des Orientmeisters ... Der Höhepunkt ist natürlich der höchste Gürtel des Weltmeisters. Der andere Spielmodus, „Fighting“, ist mehr von den Trainingsszenen inspiriert, in denen Rocky, wie der gute Abenteurer, der er ist, auf die harte Tour in den Straßen von Philadelphia lernt.
Burning Angels (Japan)	Die Burning Angels sind zwei knapp bekleidete Frauen, die mit Raumschiffen kämpfen. Ihr aktuelles Ziel ist es, den Leiter eines Wissenschaftsprojekts zu retten, der von Außerirdischen entführt wurde. Jetzt begeben sie sich in ihre Schiffe, fliegen durch die vertikal scrollenden Level und töten alles, was sie sehen, einschließlich mehrerer Bossgegner. Getötete Feinde hinterlassen Power-Ups, die fünf zusätzliche Waffen belohnen, z. B. Raketen oder Drohnen, die gleichzeitig eingesetzt werden können, oder ein intelligentes Bombenäquivalent. Der Spieler verfügt über einen Gesundheitsbalken, der abnimmt, wenn das Schiff von Feinden getroffen wird. Wenn das Schiff vollständig leer ist, ist das Spiel beendet, da es keine Fortsetzungen oder Extraleben mehr gibt. Ebenso beendet der Tod eines Spielers das Spiel im kooperativen Mehrspielermodus.
Cadash (USA)	Im Königreich Dilsarl herrscht Ärger: Die junge, schöne Prinzessin Salasa wurde vom bösen Erzmagier Balrog entführt. Der König sucht Hilfe bei den vier besten Kriegern des Landes. Die Aufgabe ist klar, aber nicht so einfach: Finde Balrog, vernichte seine bösen Diener und andere Monster, die das Land durchstreifen, und rette die Prinzessin. Cadash ist ein Plattform-Action-Rollenspiel. Der Spieler wählt zu Beginn des Spiels eine der vier Charakterklassen: Kämpfer, Priesterin, Magier oder Ninja (die Genesis-Version hat nur zwei Charaktere: Kämpfer und Magier). Der Protagonist kämpft sich durch Dungeons, greift körperlich an oder wirkt Zauber (als Priesterin oder Magier). Wie in normalen Plattformspielen gibt es Stellen, an denen der Spieler springen, sich ducken oder klettern muss. Der Protagonist sammelt Erfahrung für das Besiegen von Monstern und sein Level steigt in echter RPG-Manier.
Champion Wrestler (Japan) (En)	Champion Wrestler hat in der Spielhalle an Popularität gewonnen und wird jetzt auf der PC-Engine wiedergeboren! Es können auch bis zu 2 Personen gleichzeitig spielen, und Sie können sich auch an einer großen Anzahl von Wrestlern und Tag-Teams erfreuen. Um den TWF-Meisterschaftsgürtel zu erringen, fordert Sie das Spiel mit beeindruckenden Gegnerfähigkeiten heraus.
Champions Forever Boxing (USA)	Es sind Ali, Foreman, Frazier, Holmes und Norton – fünf der weltbesten Schwergewichts-Boxchampions! Sei sie oder kämpfe gegen sie. Jeder hat seine tatsächlichen körperlichen Eigenschaften und seinen Boxstil. Bewege dich und jab oder geh von Kopf bis Fuß und entfessle eine Flut von bestrafenden Haken und Aufwärtshaken und Körperschüssen. Schützen Sie sich durch Blockieren von Schlägen oder Clinchen. Verspotten Sie Gegner mit Showboat-Moves, wenn Sie den Mut haben. Kämpfe Ausstellungskämpfe oder eine ganze 15-jährige Karriere. Zwischen den Runden zeigen Nahaufnahmen die Gesichtsverletzungen jedes Boxers. Besiege diese 5 Legenden und werde ein Champion Forever. &quot;NEC hat eine großartige Mischung aus Sportgeschichte und Videospielen geschaffen ... Die visuellen Effekte des Kampfes gegen die klassischen Boxer in ihrer Blütezeit haben wirklich Wirkung.&quot; - Magazin VIDEOSPIELE & COMPUTERUNTERHALTUNG
Chase H.Q. (USA)	Wage dich in Chase HQ hinaus auf die Straße! Deine Aufgabe in diesem innovativen und vor allem schnellen Rennspiel ist es, Ganoven aufzuspüren und sie von der Straße zu fegen! Du schlüpfst in die Rolle eines der beiden Polizisten der New Yorker Spezialeinheit CHASE H.Q. Nach einer halsbrecherischen Verfolgungsjagd zu Beginn jeden Levels bringst du am Ende dein Einsatzfahrzeug an seine Grenzen. Hast du das fliehende Zielfahrzeug eingeholt, schalte Sirene und Blaulicht ein und versuche, den Bösewicht durch wiederholtes Rammen aufzuhalten! Schalte mit Bedacht, wenn du dein Einsatzfahrzeug durch die stark befahrenen und kurvenreichen Straßen manövrierst! Aber vermeide dabei die Kollision mit anderen Autos oder anderen Hindernissen, sonst verlierst du an Geschwindigkeit! Auch ein Turbo steht dir zur Verfügung, mit dem du kurzzeitig beschleunigen und die Wucht deiner Rammattacken steigern kannst!
Chew-Man-Fu (USA)	Chew Man Fu hat einen Fluch gesetzt, um der Welt gebratenen Reis, Eierbrötchen und all ihre anderen Lieblingsspeisen zu rauben. Um ihn aufzuhalten, müssen Sie sich durch 550 Runden arbeiten und sie abräumen, indem Sie vier verschiedenfarbige Kugeln in das entsprechend farbige Loch legen. Das Gameplay ist so etwas wie eine Pengo-Variante, da die Single-Screen-Levels von Feinden bewohnt werden, die getötet werden können, indem sie mit hoher Geschwindigkeit einen der Bälle auf sie schießen. Wenn es einen trifft, bewegt es sich weiter in die gleiche Richtung, prallt bei Bedarf von Wänden ab und drückt Sie leicht nach hinten, wenn es zu Ihnen zurückkommt - aber es kann sofort wieder unter Kontrolle gebracht werden. Blöcke können auch mit einer lässigeren Geschwindigkeit bewegt werden, einschließlich runder Ecken. Sobald ein Block an seinem Platz platziert ist, kann er wieder als Waffe verwendet werden.
Chibi Maruko-chan - Quiz de Piihyara (Japan)	Der beliebte Chibi-Charakter Maruko-chan kehrt mit diesem Action- Quizspiel auf die PC Engine zurück. Wähle deinen Schwierigkeitsgrad und lege los. Es gibt böse Vögel, Katzen und Roboter die dich zappen wollen, sei also vorsichtig!
Chikudenya Toubei - Kubikiri Yakata Yori (Japan)	Chikudenya Toubei ist ein Abenteuerspiel, das ursprünglich 1989 für MSX2 veröffentlicht und im folgenden Jahr auf die PC Engine portiert wurde. Der Spieler verwendet ein Menü mit Befehlen, um sich zu bewegen, Gegenstände aufzuheben, mit NPCs zu sprechen und andere notwendige Schritte auszuführen.
China Warrior (USA)	China Warrior ist ein Spiel im Geiste des Kung-Fu-Meisters. Die Geschichte handelt von einem Kung-Fu-Krieger namens Wang, der sich aufmacht, den Dunklen Kaiser zu zerstören und China zu befreien. Das Gameplay ist ein Side-Scroller und das Ziel des Spiels ist es, es bis zum Ende der Etappe zu schaffen und gegen seinen Boss zu kämpfen und dabei Bösewichte zu verprügeln. Es gibt nur drei Arten von Angriffen: Schlag, Tritt und Sprungtritt und es gibt insgesamt vier Stufen.
Circus Lido (Japan) (En)	Du schlüpfst in die Rolle eines kleinen Chamäleons, das rund vierzig Level aufräumen muss. Um sich zu bewegen, kann man nicht springen. Sie müssen Ihre Sprache nutzen, um Ihre Ziele zu erreichen. Mit der ersten Schaltfläche können Sie Monster verschlucken und ausspucken, wie in Bubble Bobble. Nur dass Sie sie diesmal zu fleischfressenden Pflanzen schicken müssen, um sie endgültig auszurotten. Im Circus Lido ist kein Sprung möglich, man muss mit dem anderen Knopf noch einmal die Zunge herausstrecken, um sich an Seilen hochzuziehen. Es folgt ein eher originelles Handling, das jedoch nicht aus dem Schatten von Taitos Hit heraustritt. Schade, denn in allen Leveln haben wir Freude daran, Lösungen zu finden. Tatsächlich ist das Spiel eher ein Puzzlespiel als ein Actionspiel. Denken Sie besser nach, bevor Sie spielen, sonst bleiben Sie stecken.
City Hunter (Japan)	City Hunter basiert auf dem Manga von Tsukasa Hojo. Im Mittelpunkt der Geschichte steht Ryo Saeba, ein junger Mann mit einer mysteriösen Vergangenheit, der in Shinjuku, Tokio, die Privatdetektei City Hunter gründet. Das Gameplay ist ein geradliniger Side-Scrolling-Shooter mit einigen Abenteuerelementen. Dem Spiel fehlen Power-Ups oder verschiedene Waffen und es kann jeweils nur ein Gegenstand getragen werden. Die Level sind normalerweise als riesige Innenbereiche konzipiert, mit vielen Räumen, die Ryo betreten kann, während er drei Fälle löst.
Columns (Japan)	„Columns“ ist lose von Tetris abgeleitet, da es darum geht, fallende Blöcke so anzuordnen, dass sie weggeräumt werden. In Spalten handelt es sich jedoch um Gruppen von 3 Blöcken gleicher Größe, aber unterschiedlicher Farbe, die in Sequenzen von 3 oder mehr Blöcken entweder horizontal, vertikal oder diagonal angeordnet werden müssen. Folgen von 4 oder 5 zählen für doppelte oder dreifache Punkte, diagonale Folgen erzielen die meisten Punkte. Der eigentliche Trick besteht darin, „Kombinationen“ einzurichten – bei denen eine Zeile dazu führt, dass andere Blöcke fallen gelassen werden, um so andere Zeilen zu erstellen. Neben dem normalen Spielmodus gibt es auch einen „Flash“-Modus, bei dem das Ziel lediglich darin besteht, einen bestimmten Block von der Basis des vorgeformten Ziegelhaufens zu entfernen. Der Schwierigkeitsgrad lässt sich dadurch ermitteln, dass die Anzahl der bereits vorhandenen vollständigen Reihen erhöht wird.
Coryoon (Japan)	Horizontales Shoot'em Up, bei dem du in die Rolle eines Drachenbabys schlüpfst und eine Prinzessin aus den Fängen des Bösen befreien musst ... nun, du hast die Idee verstanden. Das Gameplay ist traditionell, mit Power-Up-Waffen, die einen Mehrwegschuss und einen „Miniatur“-Modus umfassen, sowie einer Art umgekehrtem R-Type-Strahl, bei dem man nicht schießen muss, um ihn zu aktivieren. Enthält außerdem 2-Minuten- und 5-Minuten-Zeitangriffsmodi.
Cratermaze (USA)	Cratermaze ist ein Action-Puzzlespiel aus der Vogelperspektive. Jede Stufe besteht aus einem Labyrinth, das mit verschiedenen Feinden und Gegenständen gefüllt ist. Sie müssen alle Schlüssel auf der Bühne sammeln, um die Ausgangstür zu öffnen, während Sie Feinden ausweichen oder sie eliminieren. Ihre primäre Methode, mit Feinden umzugehen, besteht darin, Löcher zu graben. Wenn ein Feind in ein Loch geht, wird er vorübergehend gefangen und Sie können das Loch füllen, um den Feind zu töten. Sie können auch temporäre Waffen-Powerups wie Strahlenkanonen und Jo-Jos erhalten und Ihre Grabreichweite erweitern, um mehrere Löcher gleichzeitig zu graben. Es gibt auch mehrere Bosse, denen man während des Spiels begegnet. Die japanische Veröffentlichung Doraemon: Meikyu Daisakusen zeigt die beliebte Kinderfigur Doraemon und seine Freunde. Das Spiel ist eine Konvertierung des Nichibutsu-Münzspiels Kid no Hore Hore Daisakusen von 1987, das auch eine modifizierte Famicom-Version namens Booby Kids enthielt.
Cross Wiber - Cyber Combat Police (Japan) (En)	Cross Wiber: Cyber-Combat-Police ist eine Fortsetzung von Cyber Cross und folgt den Abenteuern von Cross Wiber, einem Sonderinspektor der Cyber-Kampfpolizei. Mehrere Jahre nach den Ereignissen in Cyber Cross bedroht eine neue Bedrohung die Erde: Duma und seine außerirdischen Streitkräfte. Wiber startet nun seinen Gegenangriff auf Duma.
Cyber Cross (Japan)	Plattform-Beat 'em Up im Rolling Thunder-Stil, das dir die Möglichkeit gibt, dich in einen farbenfrohen Power Suit zu verwandeln, während du das Verbrechen auf der Straße bekämpfst.
Cyber Dodge (Japan) (En)	Futuristisches Völkerballspiel mit einer Auswahl fantastischer Teams (manche ähneln verdächtig bestimmten berühmten Filmen) und einer abwechslungsreichen Sammlung thematischer Spielfelder.
Cyber Knight (Japan)	Im Jahr 2352 kolonisierte die Menschheit den Weltraum und es kam zu Kriegen zwischen den Kolonien. Nach einem Angriff von Weltraumpiraten findet sich die überlebende Besatzung des Schiffes Swordfish in einer unbekannten Region der Galaxie wieder. Bei der Erkundung von Planeten müssen sie mit ihren Kampfmechaniken gegen mechanische Außerirdische – die Berserker – kämpfen.
Cyber-Core (USA)	Cyber-Core ist ein vertikal scrollender Shooter, in dem der Spieler Insekten bekämpft. Die Grundidee ist traditionell: auf alles schießen, bevor sie den Spieler schießen/berühren können: Nach drei Treffern bricht die Chitin-Rüstung und ein Leben ist verloren. Neben fliegenden Feinden, die mit der Standardwaffe beseitigt werden, muss der Spieler auch mit Feinden am Boden fertig werden, die mit einer der unbegrenzten Bomben getroffen werden müssen.
Daichi-kun Crisis - Do Natural (Japan)	Daichikun Crisis: Do Natural ist ein PC-Engine-Spiel aus dem Jahr 1989, das einer Familie anthropomorpher Kühe bei der Bewirtschaftung ihrer Heimat Moo Cow Island folgt. Es nutzt ein Echtzeit-Strategieformat, bei dem Spieler die Insel erkunden und verschiedene Nutzpflanzen anbauen. Sie müssen auch die gelegentlichen Monsterangriffe der nahegelegenen Vulkane abwehren und die entstehende giftige Asche beseitigen.
Daisenpuu (Japan) (En)	Ein Vertikales Shoot'em Up, das grafisch an Raiden erinnert, mit einer Einstellung aus dem Zweiten Weltkrieg. Sie brechen über verschiedene feindliche Landschaften auf und zerstören Flugzeuge, Panzer und Boote. Power-Ups verursachen erhöhten Waffenschaden
Darius Alpha (Japan) (En) (SG Enhanced)	Darius Alpha basiert auf der gleichen Codebasis wie Darius Plus, wurde jedoch in ein sogenanntes &quot;Boss-Fight&quot; -Spiel umgewandelt, z. Ein Spiel, in dem du nur gegen die Bosse eines Spiels oder einer Spielserie kämpfst. Sie beginnen mit einem nicht ausgerüsteten Schiff und müssen den Boss des ersten Levels, King Fossil, besiegen. Wenn du König Fossil besiegt hast, erhältst du einige leichte Verbesserungen und kommst direkt zum Boss des nächsten Levels.
Darius Plus (Japan) (En) (SG Enhanced)	Darius Plus ist ein horizontaler Shooter. Die Hauptoriginalität der Darius-Spielhalle lag in ihrem riesigen Bildschirm (der ungefähr dreimal so groß war wie ein normaler Bildschirm!). Daher kann Darius Plus nur durch seine Lebensdauer unterschieden werden, da sich das Abenteuer auf 26 Levels erstreckt. Nehmen wir jedoch einen kleinen Nachteil an: Sie müssen nicht alle Stufen durchlaufen, um das Ende des Spiels zu sehen. An jedem Ende des Levels entscheiden, ob Sie nach oben oder unten fliegen möchten. Das bringt Sie auf zwei verschiedene Ebenen. Konkret tragen Praktika einen Buchstaben von A bis Z. Wenn Sie Stufe A abgeschlossen haben, können Sie in Zone B gehen, wenn Sie die Richtung hoch nehmen, oder in C, wenn Sie den Bass nehmen. Und so weiter, bis der Tod eintritt. Und der Tod, glauben Sie mir, kann in der geringsten Wende passieren.
Darkwing Duck (USA)	Darkwing Duck war eine beliebte Zeichentricksendung, die Anfang der 90er Jahre an Wochentagen nachmittags ausgestrahlt wurde. Darkwing war eine verbrechensbekämpfende Ente, die die Stadt vor einer Gruppe weniger kluger Krimineller bewahrte.
Davis Cup Tennis (USA)	Fordern Sie 32 hochkarätige internationale Profis zu explosiven Gerichtshandlungen heraus oder stellen Sie sich Ihren Freunden mit unzähligen echten Spieloptionen und der Ansicht eines echten Spielers! Befehlen Sie ein Arsenal an präzisen Aufschlägen und kraftvollen Pässen. Greife das Netz mit Topspins oder Drop-Shot-Salven an. Zerstöre dann den Lappen und die Moral deines Gegners mit deinem Overhead-Spash. Spielen Sie Einzel und Doppel auf Gras, Sand, in Innenräumen oder auf Hartplätzen in Ausstellungen und bei weltweiten Turnieren. Übe gegen die Ballmaschine, um deine Fähigkeiten für die ultimative Aufgabe, den begehrten David Cup, zu perfektionieren!
Dead Moon (USA)	Etwa 200 Jahre später wird ein Komet am Rand des Sonnensystems entdeckt. Astronomen bestimmen, dass es in der Nähe der Erde vorbeiziehen wird, und senden Sonden, um es zu untersuchen. Wenn sich die Sonden dem Kometen nähern, ändert sie abrupt die Richtung und bewegt sich in Richtung Erde. Im letzten Moment können die Menschen auf der Erde Raketen von der Oberfläche zum Kometen abschießen und ihren Aufprall in den Mond lenken. In der Mitte des Einschlagskraters sammeln sich außerirdische Kriegsmaschinen! Die Vereinigten Staaten schicken ein einzelnes Raumschiff zum Mond, um die außerirdische Bedrohung zu zerstören. Dead Moon ist ein Side-Scrolling-Shooter mit 6 Levels, die auf der Erde, im Weltraum und auf dem Mond stattfinden. Es verfügt über 4 verschiedene primäre Waffentypen und mehrere sekundäre Waffentypen. In jedem Level gibt es Mini-Bosse und End-of-Level-Bosse.
Deep Blue (USA)	Außerirdische dringen in den Ozean ein und haben Fische und andere Wasserwesen mutiert! Aber ein A.N.G.E.L. Fish Attack Sub ist auf dem Weg, durch vier Schauplätze schwimmenden Terrors zu jagen und die Aliens davon abzuhalten, das Meer zu übernehmen.
Detana!! TwinBee (Japan)	Ein weiterer Top-Down-Shooter in der TwinBee-Serie &quot;cute'em ups&quot;. Detana !! Stellt zum ersten Mal die Charaktere TwinBee & WinBee-fighters vor und zeichnet ihre Reise auf, um Prinzessin Melora vor einer bösen Macht zu retten, die die Welt bedroht. Trotzdem geht es immer noch darum, surreale und niedliche Feinde in 6 vertikal scrollenden Action-Phasen aus dem Weg zu räumen. Power-Ups und Upgrades erhalten Sie, indem Sie auf die farbigen Glocken schießen, die einige Feinde zurücklassen, bis sie die Farbe behalten, die Sie möchten. Viele Kombinationen sind möglich. Eine neue Charge-Shot-Funktion wurde zu Ihrem Basis-Arsenal hinzugefügt, und das Spiel bietet kooperatives Einzel- und 2-Spieler-Gameplay.
Devil's Crush (USA)	Stellen Sie sich ein Abenteuerspiel im Flipperformat vor, und Sie erhalten Dragon's Fury. Dein Held ist eine kleine silberne Kugel und dein Schlachtfeld ist ein dreistufiger Flipperautomat. Mit deinem Ball kannst du Monster besiegen, Punkte sammeln und Bonusstufen betreten. Wenn Sie mit genügend Geschick spielen, können Sie alle Arten von Boni zum Sammeln von Punkten auslösen. Wenn Sie eine Milliarde Punkte erhalten, können Sie gegen den Endboss kämpfen und das Ende des Spiels sehen.
Die Hard (Japan)	Basierend auf der explosiven Actionserie mit unserem Nationalspieler Bruce Willis ist Die Hard ein Actionspiel auf Turbografx. Zur Weihnachtszeit gerät John McLane gerne in Extremsituationen. Tatsächlich sitzt unser Held in einem Turm fest, der vom Machiavellisten Hans Gruber als Geisel genommen wurde. Da John zunächst nur Beretta zur Seite steht, muss er die Stockwerke des Wolkenkratzers erklimmen, um schwerere Waffen von seinen Feinden zu bergen und so die Pläne des Banditen zu vereiteln.
Digital Champ - Battle Boxing (Japan)	„Digital Champ“ ist ein Boxspiel in der Ego-Perspektive, in dem der Spieler spürt, was es heißt, im Ring zu stehen! Wir befinden uns in der nahen Zukunft und Mutter Computer will die Menschheit versklaven. Vereitle ihr finsteres Vorhaben, indem du in das Reich des Gegners eindringst und ihn mithilfe deiner Boxkünste besiegst.Jede Runde dauert drei Minuten; insgesamt musst du zwölf Runden pro Kampf bestehen. Den nächsten Wettkampf erreichst du entweder durch einen K.o. oder indem du den Gegner dreimal in einer Runde niederstreckst (technischer K.o.).Mach Gebrauch von einem wahren Arsenal an linken und rechten Jabs, Haken, kraftvollen Crosses und drei verschiedenen „Zerstörer“-Schlägen. Wehre gegnerische Angriffe geschickt ab oder weiche ihnen aus und nutze deine Chancen zum Kontern. Hast du diese Techniken gemeistert ist es Zeit, den größten Gegner von allen herauszufordern: den „Digital Champ“!
Don Doko Don! (Japan)	Don Doko Don ist ein japanischer Action-Plattformer, der erstmals 1989 von Taito für Spielhallen entwickelt und veröffentlicht wurde. Ein oder zwei Spieler steuern bärtige Zwerge, die sich ihren Weg durch fünfzig Jump'n'Run- und rätselartige Level bahnen, um ihre entführte Freundin zu retten.
Doraemon - Nobita no Dorabian Night (Japan)	Basierend auf der beliebten Doraemon-Reihe folgt „Nobita no Dorabian Night“ den Abenteuern der titelgebenden Roboterkatze, die versucht, ihre Freunde aus verschiedenen Zeitepochen zu retten. Wie ist das passiert? Natürlich wegen Nobita, Doraemons bester Freundin und außergewöhnlichem Geek. Als Nobita seinen Freunden eine Zeitmaschine zeigte, ging etwas schief, sodass sie in feindlichen Welten strandeten, und nun ist es Doraemons Aufgabe, sie zu retten!
Double Dungeons (USA)	Double Dungeons ist im wahrsten Sinne des Wortes ein Solo-Dungeon-Crawler. Ein oder zwei Spieler können labyrinthartige Pseudo-3D-Dungeons (ohne Auto-Map-Funktion, aber mit auf dem Bildschirm angezeigten Anweisungen) erkunden und gegen die Monster kämpfen, die sie bevölkern. Der/die Spieler können sich entscheiden, sich in einen der verfügbaren 20 Dungeons zu wagen. Die Dungeons haben die gleichen Texturen, aber ihr Layout variiert. Je höher die Nummer des gewählten Dungeons ist, desto gefährlicher sind seine Feinde. Der Zwei-Spieler-Modus verfügt über einen geteilten Bildschirm. Die beiden Spieler beginnen, den Dungeon von verschiedenen Punkten aus zu erkunden. Das grundlegende Gameplay ist sehr einfach. Feinde tauchen an bestimmten Punkten auf (sie können auch wieder erscheinen) und müssen besiegt werden, um fortzufahren. Der Kampf ist im Kern rundenbasiert, obwohl die Runden sehr schnell folgen und die Feinde angreifen, selbst wenn der Spieler nichts tut. Der Angriff erfolgt einfach per Knopfdruck. Es gibt keine anderen Kampfoptionen.
Down Load (Japan)	Download ist ein horizontal scrollender Shooter und überrascht mit seiner Inszenierung; Tatsächlich wird die Geschichte durch animierte Zwischenspiele erzählt. Die Atmosphäre ist typisch Cyberpunk mit einem japanischen Touch. Das erste Level, in dem unser Held auf seinem fliegenden Motorrad eine asphaltierte Straße entlangfährt, erinnert stark an den Film „Akira“. An der Steuerung Ihres fliegenden Motorrads reisen Sie durch die sechs Level, die alle in mehrere Teile (3 oder 4) unterteilt sind, oft unterbrochen von Mittelbossen. Vor jedem Level müssen Sie Ihre Haupt- und Sekundärwaffe auswählen (begrenzte Anzahl für Letztere). Während des Spiels können Sie außerdem drei Arten von Boni mit folgenden Funktionen sammeln: Verbessern Sie Ihr Primärfeuer, laden Sie Ihr Sekundärfeuer auf und geben Sie schließlich ein wenig Leben zurück.
Dragon Egg! (Japan)	Drachenei! ist ein Action-/Plattformspiel, in dem du als kleines Mädchen spielst. Zu Beginn müssen Sie sich alleine bewegen und mit allem zuschlagen, was Ihnen zur Verfügung steht. Aber wenn du blaue Kugeln sammelst, wird dir ein Drache helfen. Zunächst sehr klein, versteckt es sich in Ihrer Tasche und ermöglicht das Abwerfen einiger Pfeile, die immer noch etwas weiter als Ihr Stock reichen. Dann wird der Drache groß genug, dass du auf seinem Rücken reiten und weiter springen kannst. Endlich kannst du als großer Drache sogar für ein paar Momente gleiten, ganz zu schweigen von den viel kraftvolleren Schüssen. Die sechs Level, aus denen das Spiel besteht, sind in zwei oder drei Tische sowie einen Boss unterteilt.
Dragon Saber (Japan) (En)	Dragon Saber ist die Fortsetzung von Dragon Spirit, aber der Titel ist weniger bekannt. Das Gameplay hat sich im Vergleich zum Original kaum verändert. Beide Spiele sind vertikal scrollende Shoot'em Ups, in denen du einen Drachen steuerst. Sie fliegen über bebautes Land mit Flüssen und ihren Ufern. Sie können auf Wellen von Gegnern schießen oder ihnen ausweichen. Wenn Sie auf sie schießen, erhalten Sie zusätzliche Punkte sowie gelegentliche Boni. Auch Bodeneinheiten schießen auf Sie, seien Sie also wachsam.
Dragon Spirit (USA)	Prinzessin Alicia aus dem Königreich Mitgult wurde von dem Monster Zawell entführt. Nun ist es an dem heldenhaften Krieger Amul, sich in einen blauen Drachen zu verwandeln und die Prinzessin zu retten. Dragon Spirit ist ein vertikal scrollendes Shoot-em-up, das aus neun Levels besteht. Die Spieler fliegen umher und zerstören alles, was ihnen in den Weg kommt.Die Handlung findet auf zwei Ebenen statt, sowohl am Himmel als auch am Boden. Der Drache verfügt über zwei verschiedene Angriffsarten: Feuer, das nach oben auf den Bildschirm schießt, und Feuer, das herunterfällt, um eine Stelle auf dem Boden vor dem Drachen zu treffen. Feinde gibt es sowohl am Boden als auch in der Luft. Der Spieler kann Boni, oder Verbesserungen einsammeln (zusätzliche Köpfe auf dem Drachen, Gesundheit, schnellere Schüsse, ...). Am Ende jedes Levels gibt es einen Endgegner. Es ist ratsam, vor dieser Begegnung möglichst viele Verbesserungen zu erhalten.
Dragon's Curse (USA)	Bei dem Versuch, dem bösen Drachen Mecha zu entkommen, verwandelt sich der Spieler in den schrecklichen Echsenmenschen! Machen Sie sich bereit, dem Drachen auf den Schwanz zu treten, denn 5 weitere Drachen warten darauf Sie aufzuhalten. Jeder ist bösartiger als der vorherige. Und jeder verwandelt Sie in eine andere Art! Zerschneide sie, verbrenne sie und blase sie die Gegner weg! Erobere das Salamanderkreuz um den Drachenfluch zu brechen.
Drop Off (USA)	Drop Off ähnelt Breakout, da der Spieler ein Paddel steuert, das sich nach links und rechts bewegen kann und einen Ball trifft, mit dem der Spieler Juwelen am oberen Ende des Spielfelds eliminiert. Das Spiel unterscheidet sich von Breakout jedoch darin, dass der Schläger auch auf und ab bewegt werden kann, die Juwelen sich nach unten zum Schläger des Spielers bewegen und es eine Grenze am unteren Rand des Spielfelds gibt, die den Ball zurückprallt. Die Handlung des Spiels beinhaltet, dass die Freundin des Antagonisten im Koma liegt. Eine Muse erscheint und erzählt dem Spieler, dass seine Freundin in einem Albtraum gefangen und von jemandem besessen ist. Die Muse wirkt dann einen Zauber, um die Spielerin in ihre Träume zu versetzen.
Dungeon Explorer (USA)	Der ehemalige König von Oddesia hat dich mit einer wichtigen und gefährlichen Aufgabe betraut. Sie müssen den heiligen ORA-Stein finden, der die Kräfte des Lebens, des Lichts und des Glücks besitzt, und ihn zurückholen, bevor es der König der außerirdischen Rasse, Natas, tut. Er hat dieses Land erobert und es in ein von Gewalt geplagtes Zeitalter des Schreckens und der Verzweiflung gestürzt. Es liegt an Ihnen, sich gegen ihn zu stellen und Ihrer Welt ihren früheren Glanz zurückzugeben.
Dungeons & Dragons - Order of the Griffon (USA)	Die Menschen in der Festung Radlebb sind besorgt: In den nahe gelegenen Wäldern wurden Untote und Werwölfe gesehen. Es geht das Gerücht um, dass sich ein Vampir in der Festung Koriszegy niedergelassen hat. Lord Korrigan stellt eine Gruppe von Abenteurern zusammen, um den Gerüchten auf den Grund zu gehen. Sie finden bald heraus, dass nicht nur die Gerüchte wahr sind, sondern dass auch andere böse Mächte in der Gegend am Werk sind. Order of the Griffon ist ein Rollenspiel, welches auf den Regeln von 1st Edition Dungeons & Dragons basiert und in der D & D-Welt von Mystara spielt. Der Kampf mit Monstern ist rundenbasiert und findet auf einem speziellen taktischen Bildschirm statt.
Energy (Japan)	Tokio wurde von Monstern zerstört! Schreckliche Kreaturen sind in die Stadt eingedrungen und haben sie verwüstend. Ein Wissenschaftler, der das geheime Wissen über psychische Kräfte besitzt, die als ESP bekannt sind, unterrichtet einen kleinen Jungen, und schickt ihn auf die Straßen und unterirdischen Höhlen von Tokio, um die wenigen verbleibenden Überlebenden zu retten und die Quelle der monströsen Invasion herauszufinden! Energy ist ein Side-Scrolling-Shooter. Der Spieler steuert den jungen Helden, der Energiebälle schießen und springen kann. Die Energieattacken verbrauchen seinen ESP-Balken, der sich nach und nach wieder auffüllt. Der Lebensbalken des Helden kann nur mit Heiltränken aufgefüllt werden, die manchmal von den Feinden fallen gelassen werden. Der Junge kann auch Gegenstände sammeln, die die Eigenschaften seiner ESP-Attacke verändern und/oder diese Attacken auf die nächste Stufe upgraden.
Eternal City - Toshi Tensou Keikaku (Japan)	Eternal City: Toshi Tenso Keikaku ist ein Videospiel, das im Prinzip Metroid auf dem Nintendo und in geringerem Maße Cyborg Hunter & Zillion auf Master System sehr ähnlich ist. Man kämpfen in einem gigantischen Labyrinth um Fähigkeiten und Zugangsrechte für die folgenden Bereiche.
F-1 Dream (Japan)	Niedliches Overhead-Rennspiel, das Sie durch die Karriere eines Möchtegern-F1-Fahrers führt.
F-1 Pilot - You're King of Kings (Japan)	Spüren Sie die Geschwindigkeit und Spannung, wenn Sie mit einem fein abgestimmten Fahrzeug durch die Kurven und Wendungen der besten Rennstrecken der Welt rasen. Tunen Sie Ihr Auto vor jedem Rennen, um Ihre Gewinnchancen zu maximieren, und fahren Sie dann auf die Rennstrecke, um gegen Gegner anzutreten, die alle um den Sieg wetteifern! Behalten Sie stets die Dinge vor und hinter Ihnen im Auge, um Ihre Gegner zu überholen und zu blockieren.
F1 Circus '91 (Japan)	F1 Circus '91 ist ein Formel-1-Simulationsrennspiel. Für die Serie gab es noch keine offizielle Lizenz, daher gibt es wie im ersten Spiel nur generische Team- und Fahrernamen. Das Spiel selbst spielt sich weitgehend gleich ab, mit der Draufsicht auf das Rennen und dem Fokus auf Auto-Tuning und Schaden. Der Weltmeisterschaftsmodus ist natürlich zurückgekehrt, obwohl der Manager-Konstrukteursmodus nicht mehr vorhanden ist. Es gibt auch einen Free Attack-Modus, in dem jeder Kurs frei geübt werden kann; einen Trainingsmodus, in dem spezielle Trainingskurse absolviert werden können, um die Besonderheiten des Spiels zu erlernen; und einen Beobachtungsmodus, in dem der Spieler eine Strecke auswählen und sich ein Demonstrationsrennen ansehen kann.
F1 Circus '92 (Japan)	F1 Circus '92 – The Speed ​​of Sound greift das Gameplay der Vorgängerspiele auf. Es handelt sich also um ein Top-Down-Autorennspiel, das den Arcade-Aspekt (Geschwindigkeit, sofortige Spielbarkeit) und Simulationselemente (Einstellungen, Schadensmanagement) kombiniert. Die Menüs sind einfach und effizient. Das Spiel mischt Englisch und Japanisch. Dieser letzte Punkt ist nicht blockierend, da er nur selten und in leicht verständlichen Phasen auftritt.
F1 Circus (Japan)	F1 Circus ist ein Formel-1-Simulationsrennspiel. Im Gegensatz zu späteren Einträgen in der Serie verfügt diese Version über keine offizielle Lizenz und enthält daher nur generische Teams und Fahrer. Die Rennen werden von oben nach unten betrachtet und es gibt verschiedene Maschineneinstellungen sowie grundlegende Fahrzeugschäden. Insgesamt werden 15 Strecken angeboten, außerdem gibt es einen Weltmeisterschaftsmodus sowie einen „Konstrukteurs“-Modus für einen oder zwei Spieler, bei dem der Spieler die Rolle des Teammanagers übernehmen kann, während der Computer die eigentlichen Rennen ausführt. Die Famicom-Version bietet außerdem einen Time-Attack-Modus zum Üben und Perfektionieren jedes Kurses.
F1 Triple Battle (Japan) (En)	F1 Triple Battle ist ein Rennspiel für die PC Engine, das auf der Formel-1-Rennklasse mit offenem Rad basiert. Der Bildschirm ist horizontal dreifach geteilt und ermöglicht das gleichzeitige Spielen von bis zu drei Spielern. Im Einzelspieler- oder Zweispielermodus wird im oberen Teil des Bildschirms eine Karte der Strecke angezeigt. Das Spiel bietet einen Einzelspieler-Weltmeisterschaftsmodus, einen Trainings-Testlaufmodus und den Mehrspieler-Kampfmodus.
Falcon (USA)	Wenn Sie in das Cockpit des F-16 Fighting Falcon steigen, machen Sie sich bereit für den &quot;Kampf Ihres Lebens&quot;, wenn der mächtige Falcon F-16 Sie mit Mach 2 über den Himmel jagt. Präzises Waffensystem, Head-up-Displays , Cockpitsteuerung und allgemeine Flugeigenschaften machen dies zur ultimativen Simulation. Die feindlichen MiGs, denen Sie begegnen, sind sehr einfallsreich und geschickt. Und wenn das nicht genug ist, fordern Sie einen anderen Piloten in der Kopf-an-Kopf-Option über eine direkte Computerverbindung heraus. Hochmoderne 3D-Grafiken von Gebäuden, Wäldern, Autobahnen und Brücken blitzen vorbei, während Sie mit Schallgeschwindigkeit nur 150 Fuß über dem Deck fliegen. Zerstöre Brücken, Kraftwerke, Panzer, Flugplätze und SAM-Standorte. Egal, ob Sie ein Anfängerpilot oder ein echter „Top Gun“ sind, FALCON ist für Sie!
Fantasy Zone (USA)	Die Fantasy Zone ist ein Sonnensystem, das aus acht farbenfrohen, fantastischen Planeten besteht. Die bösen Menonen versuchen, alle Planeten in der Fantasy Zone zu übernehmen, indem sie veruntreute Fremdwährungen verwenden, um ihre Streitkräfte aufzubauen. Es ist die Aufgabe des Spielers, alle Münzen zurückzugewinnen und das Sonnensystem zu retten! Fantasy Zone ist ein Shooter im Arcade-Stil für einen oder zwei Spieler. Das Ziel ist es, alle Kreaturen auf jedem Planeten zu zerstören und so viele der verlorenen Münzen wie möglich zu sammeln. Am Ende jedes Levels steht ein großer Feind, der besiegt werden muss, bevor es in die nächste Welt weitergeht. An verschiedenen Stellen im Spiel findet der Spieler einen Teileladen, der es ihm ermöglicht, Verbesserungen für sein Raumschiff zu kaufen, darunter bessere Waffen und schnellere Maschinen.
Fighting Run (Japan)	Fighting Run ist ein Actionspiel von Nihon Bussan, das eine ungewöhnliche Mischung aus Rennen und Kämpfen bietet. Der Spieler übernimmt die Kontrolle über einen humanoiden zweibeinigen Roboter, der in einer Reihe tödlicher Rennen gegen andere Gegner antritt. Aber diese Rennen haben eine Besonderheit: Jeder Rennfahrer kann den gegnerischen Spieler angreifen, um das Rennen zu gewinnen und Punkte zu sammeln. Im Einzelspielermodus muss der Spieler zunächst eine Strecke und einen Gegner auswählen. Dann müssen Punkte vergeben werden, um verschiedene Fähigkeiten zu verbessern, von Geschwindigkeit, Kraft bis hin zu Rüstung. Dann kann das Rennen losgehen – jeder Rennfahrer kann sich frei auf der Strecke bewegen, sich gegenseitig schlagen oder unterwegs gesammelte Spezialangriffe (wie Blitze, Granaten usw.) einsetzen. Jeder Roboter verfügt außerdem über einen Lebensbalken und das Rennen ist beendet, sobald dieser den Wert Null erreicht. Darüber hinaus bietet Fighting Run einen Versus-Modus, in dem zwei Spieler oder zwei KI-gesteuerte Gegner gegeneinander antreten können, sowie einen Turniermodus, in dem acht Roboter und ihre Piloten (jeweils zwei) um eine goldene Trophäe kämpfen.
Final Blaster (Japan) (En)	Final Blaster ist ein vertikal scrollender Shooter mit sieben Levels. Wie üblich steuert der Spieler ein Raumschiff und muss am Ende jedes Levels die gegnerische Opposition und einen mächtigen Bossgegner töten. Eine Besonderheit ist der dynamische Schwierigkeitsgrad: Wenn der Spieler in einem Level eine gute Leistung erbringt, steigt er im Rang auf, was sich auf den Schwierigkeitsgrad des nächsten Levels auswirkt. Es gibt vier dieser Ränge. Das Spiel verfügt über zwei Power-Ups, die mit unterschiedlichen Farben dargestellt werden: Waffen-Upgrades und Drohnen, die den Spieler begleiten. Diese sind jeweils zweifach aufrüstbar und untereinander kompatibel. Wenn der Spieler stirbt, werden die Extras in eine grüne Kapsel evakuiert. Es kann dann beim nächsten Leben wieder aufgenommen werden.
Final Lap Twin (USA)	Final Lap Twin ist ein Open-Wheel-Rennspiel im F1-Stil, das auf Namcos Final Lap-Arcade-Spiel basiert. Es gibt zwei Grundmodi: Grand Prix und Quest. Der Grand Prix besteht aus einer Meisterschaft mit mehreren Rennpunkten. Für diesen Modus gibt es zwei Fahrzeugtypen: F-3000 und F1. Der Grand Prix-Modus kann mit einem oder zwei Spielern gespielt werden. Der Quest-Modus hat mehr Tiefe und bildet den Kern von Final Lap Twin. Dies ist im Wesentlichen ein Renn-Rollenspiel. Sie übernehmen die Rolle eines Jungen, der Weltmeister werden möchte. Um dies zu tun, müssen Sie von Stadt zu Stadt reisen, um Herausforderungen zu finden und diese zu gewinnen, um Geld und somit besondere Gegenstände zu verdienen und Ihr Auto zu verbessern.
Final Match Tennis (Japan)	Final Match Tennis ist ein typisches Tennisspiel für die PC Engine und wurde nur in Japan veröffentlicht. Es verfügt über 16 verschiedene Spieler welche die gängigen Schläge wie Stoppbälle, Lobs, Volley durchführen können. Durch die Verwendung eines Multiplayer-Adapters können bis zu 4 Personen das Spiel in beliebiger Kombination im Einzel- und Doppel spielen. Ein Turnier- und Übungsmodus ist ebenfalls vorhanden.
Final Soldier (Japan) (En)	Im 23. Jahrhundert wird die Erde von Invasoren überfallen. In einem von den besten Wissenschaftlern der Erde gebauten Kampfjäger stellst du dich dem Feind!Sammle Power-Up-Einheiten wie „LASER“, „E-BEAM“, „FIRE“ und „MISSILE“ auf und rüste dein Schiff mit ihnen aus, um auf eine Vielzahl von Waffen zurückgreifen zu können. Jede dieser Waffen hat drei Varianten. Weiche feindlichen Angriffen aus und schalte geschickt zwischen den Waffen hin und her, um die Eindringlinge abzuwehren!Zum „NORMAL GAME“ gesellen sich noch das „2 MINUTE GAME“ und das „5 MINUTE GAME“ zum Sammeln von Zusatzpunkten.„Final Soldier“ ist die perfekte Mischung aus allen Teilen der Serie – ein Titel, den man nicht verpassen sollte!
Final Soldier - Special Version (Japan) (En)	Im 23. Jahrhundert wird die Erde von Invasoren überfallen. In einem von den besten Wissenschaftlern der Erde gebauten Kampfjäger stellst du dich dem Feind!Sammle Power-Up-Einheiten wie „LASER“, „E-BEAM“, „FIRE“ und „MISSILE“ auf und rüste dein Schiff mit ihnen aus, um auf eine Vielzahl von Waffen zurückgreifen zu können. Jede dieser Waffen hat drei Varianten. Weiche feindlichen Angriffen aus und schalte geschickt zwischen den Waffen hin und her, um die Eindringlinge abzuwehren!Zum „NORMAL GAME“ gesellen sich noch das „2 MINUTE GAME“ und das „5 MINUTE GAME“ zum Sammeln von Zusatzpunkten.„Final Soldier“ ist die perfekte Mischung aus allen Teilen der Serie – ein Titel, den man nicht verpassen sollte!
Fire Pro Wrestling - 2nd Bout (Japan)	Fire Pro Wrestling 2nd Bout ist das zweite Spiel der Fire Pro Wrestling-Reihe. Es ist dem Fire Pro WrestlingCombination Tag sehr ähnlich und bietet außer ein paar neuen Modi, darunter Excite Series, World Champion Series, Super Tournament und Elimination Match, nicht viel an neuen Inhalten.
Fire Pro Wrestling - Combination Tag (Japan)	Dieses erste Fire Pro Wrestling ist vielleicht das beste Wrestling-Spiel, das zum Zeitpunkt seiner Veröffentlichung auf einer Heimkonsole verfügbar war. Seine beeindruckende Bandbreite an Bewegungen, sein 4-Spieler-Modus und vor allem sein vorbildliches und innovatives Gameplay machen es zu einem Erlebnis der Wahl für diejenigen, die das amüsante Pro Wrestling auf Nes satt haben, das seit seiner Veröffentlichung im Jahr 1986 als das angesehen werden könnte Referenz des Genres.
Fire Pro Wrestling 3 - Legend Bout (Japan)	Fire Pro Wrestling 3: Legend Bout ist das dritte Spiel der langjährigen Fire Pro Wrestling-Reihe. Das Spiel ist den ersten beiden sehr ähnlich. Die Anzahl der Wrestler ist jedoch deutlich gestiegen und es gibt einige neue Modi, wie den Wrestler-Bearbeitungsmodus und den „Hidden-Modus“. Es gibt 28 reguläre Wrestler und 4 versteckte Wrestler. Obwohl sie wie immer fiktiv sind, basieren sie auf echten Wrestlern wie Hulk Hogan. Dies war die letzte der Serie für die PC Engine als eigenständige Konsole, eine weitere wurde für das Arcade CD-ROM²-Add-on veröffentlicht.
Formation Soccer - Human Cup '90 (Japan) (En)	Formation Soccer - Human Cup '90 ist ein Fußballspiel auf PC Engine. In diesem Spiel haben Sie die Wahl zwischen dem Exhibition-Modus (bei dem Sie ein einzelnes Spiel gegen einen Gegner spielen) und dem Human Cup-Modus (bei dem Sie gegen 16 aufeinanderfolgende Teams antreten). Dieses Spiel ist ein Vorgeschmack auf die Super-Nintendo-Version, die zwei Jahre später veröffentlicht wird.
Formation Soccer - On J.League (Japan)	Formation Soccer in der J. League ist ein Fußballspiel, das 1994 von Human Entertainment entwickelt wurde. Das Spiel orientiert sich an den Vorbildern seines Vorgängers (Formation Soccer - Human Cup '90). Die japanische Fußball Liga stehen hier im Rampenlicht.
Fushigi no Yume no Alice (Japan)	Basierend auf Lewis Carrols „Alice im Wunderland“-Romanen ist Fushigi no Yume no Alice ein niedlicher 2-D-Plattformer, der Sie in die Rolle von Alice schlüpft, einem blonden Mädchen in einem rosa Kleid. Ihre Aufgabe ist es, sich durch Wälder und Höhlen zu kämpfen und Feinde, denen Sie begegnen, zu besiegen, indem Sie entweder auf ihre Köpfe springen oder ihnen „IYA“ zurufen. Einige Feinde lassen Eier fallen, die explodieren. Sie können diese Eier treten und damit die Feinde selbst zerstören. In jedem Bereich gibt es drei Level, und jedes Level endet damit, dass Sie einen Boss besiegen.
Gai Flame (Japan)	Gaiflame (oder Gai Flame) ist ein rundenbasiertes Science-Fiction-Strategiespiel mit riesigen, schwer bewaffneten humanoiden Robotern. Der Spieler steuert eine Armee riesiger Roboter und versucht, Feinde zu vernichten. Das Spiel beginnt mit einer Ansicht der Welt auf Makroebene (der Spieler kann Einheiten von Schlachtfeld zu Schlachtfeld bewegen – jedes Schlachtfeld hat 6 Plätze für Truppen) und dem Kampfmodus – der Spieler befehligt mehrere Roboter auf einer auf „Fake-Hexen“ basierenden Karte (Quadrate mit 6 Nachbarn) und versucht, die feindliche Armee zu besiegen. Kämpfe zwischen Robotern werden auf einem speziellen, kleinen Bildschirm animiert – wie in Advance War.
Gaia no Monshou (Japan)	Alle finden auf dem Kontinent Gaia statt. Zwei Lager befinden sich im Krieg, Licht und Dunkelheit, Licht und Dunkelheit, Gut und Böse. Das Böse wird durch das Königreich Velzeria und seinen König Böser repräsentiert, das Gute durch das Königreich Elthlead und König Sieghart. Das sind Namen, die wir auch im Spiel Langrisser auf MegaDrive finden, auch wenn von Gaia keine Rede mehr ist.nnKein Wunder, der Spieler verkörpert Gutes. Da auch ein 2-Spieler-Modus enthalten ist, können wir einen bösen Freund bitten, das Böse zu verkörpern. Nach einer kurzen Präsentation, die uns einen Überblick über unsere Truppen gibt, wählen wir einen Spielmodus. Auch hier gibt es drei Spielmodi: Szenario, Aufbau und Kampagne, den Hauptmodus und theoretisch den spannendsten. Die anderen beiden können Mensch gegen Mensch und sogar Computer gegen Computer konfiguriert werden, man muss sich aber trotzdem an das Grundprinzip halten.
Galaga '90 (USA)	Galaga '90 on PC Engine ist ein Shooter game, bei der Sie ein Schiff steuern, das mit zahlreichen Feinden in Verbindung steht. Es ist möglich, dass sich Ihr Schiff in zwei oder drei Teile aufteilt, wenn es getroffen wird und sich dann selbst wieder aufbaut. Reise durch verschiedene Dimensionen und sammle Waffen und andere Boni, um lebend herauszufinden. Die Zukunft der Galaxie spielt sich in Ihrem Cockpit ab.
Ganbare! Golf Boys (Japan)	Ganbare! Golf Boys („Do Your Best! Golf Boys“) ist ein exklusives PC Engine-Golfspiel, bei dem bis zu vier Spieler über das Multi-Tap-Peripheriegerät der Konsole eine Runde Golf spielen können. Es erhielt keine US-Lokalisierung. Das Spiel verfügt über eine permanente Ansicht jedes Lochs von oben nach unten, wobei immer dann hineingezoomt wird, wenn sich der Spieler auf dem Grün befindet, und es verfügt über das Leistungsanzeigesystem „Hit the Sweet Spot“, das bei den meisten Golfsimulatoren Standard ist. Es verfügt über insgesamt zwei Plätze mit jeweils achtzehn Löchern.
Gekisha Boy (Japan)	Neuartiges Spiel, in dem Sie Punkte sammeln müssen, indem Sie beim Gehen durch die Straße Fotos von den aktuellsten Ereignissen machen. Dazu gehören umstürzende Menschen, abstürzende Flugzeuge, UFOs und viele andere bizarre Ereignisse. Sie haben nur eine begrenzte Menge an Filmmaterial und müssen vorsichtig sein, um Hindernissen wie springenden Bällen und Skateboards auszuweichen, da der Kontakt dazu führt, dass Sie etwas davon fallen lassen und wenn Sie aufgebraucht sind, ist das Level vorbei.
Genji Tsuushin Agedama (Japan)	Genji Tsuushin Agedama ist ein Action-/Plattformspiel, in dem Sie erneut alles zerstören müssen, was Ihnen in den Weg kommt. Das Spiel zwingt Ihren Charakter, sich ständig vorwärts zu bewegen. Es liegt an Ihnen, ein gutes Timing zu haben, die verschiedenen Hindernisse auf Ihrem Weg zu überwinden und gleichzeitig Ihre unerschwinglichsten Feinde auszurotten.nnFür Ihren Angriff wird eine Anzeige eingerichtet, mit der Sie auf 5 verschiedene Waffen zugreifen können, die jeweils durch eine Farbe dargestellt werden. Einige Ihrer Feinde besitzen Karten, die Ihre Anzeige mit einer dieser Farben füllen können, um an eine dieser wertvollen Waffen zu gelangen.
Genpei Toumaden (Japan)	Sie spielen einen Samurai, Taira no Kagekiyo, der in Japan historisch bekannt ist und gerade wieder auferstanden ist. Anschließend werden Sie in die Schlacht von Dan-no-ura verwickelt, eine der großen Schlachten des Genpei-Krieges im Jahr 1185. Wir werden andere bekannte Orte wie den Sanzu-Fluss überqueren, eine Art Fluss des Lebens in Final Fantasie VII oder der Styx der griechischen Mythologie, also die Vorkammer des Todes. Das Spiel basiert daher auf einer historischen Handlung, was sicherlich eine der Stärken ist und die Spieler fesselt.
Ghost Manor (USA)	Mit einer erderschütternden Explosion ergreift Horror aus einer anderen Dimension Ihre einst friedliche Stadt. Grausige Kreaturen machen Jagd auf die Unschuldigen. Die Toten erheben sich, um durch die Straßen zu streifen. Aller Widerstand fällt! Aber hey, kein Problem, du hast einen Plan! Finden Sie den Geheimgang zu ihrer Herrenhausfestung und kämpfen Sie sich an den Zombies und Ghulen vorbei. Jetzt hol deine Axt hinein, denn sie ist voller Dämonen und grässlicher Überraschungen! Reite auf dem fantastischen Skull Slammer und suche nach ihrem Anführer, dem abscheulichen Orb Gamut. Entdecke seine Schwäche und sei ein Held. Wenn du das nicht tust, wirst du Staub sein.
Gokuraku! Chuuka Taisen (Japan)	Sie spielen einen Magier auf seiner kleinen fliegenden Wolke, die sich so in einer mittelalterlichen asiatischen Atmosphäre von schönster Wirkung entwickelt, mit bemerkenswerten Unstimmigkeiten wie absenkbaren Reisschüsseln... Grafisch nähern wir uns dem, was auf dem Terminal gemacht wurde, mit eine etwas willkommenere Cartoon-Seite. Das Gameplay weist einige Besonderheiten auf: Sie haben nur einen Hauptschuss. Mit Gegenständen können Sie seine Kraft erhöhen. Bisher ist alles normal. Etwas schöner ist, dass man sich mit der anderen Taste umdrehen und in die andere Richtung schießen kann!
Gomola Speed (Japan) (En)	Gomola Speed ist ein Actionspiel mit einer Roboterschlange. Sie müssen die über jede labyrinthartige Stufe verstreuten Körperteile finden, die Ihre Größe vergrößern, und Ihre Länge nutzen, um Gegenstände, Nahrung und Feinde zu umgeben, um sie zu eliminieren. Sie können Bomben auch verwenden, um gefährlichere Feinde zu betäuben. Verschiedene Level können unterschiedliche Ziele haben – zum Beispiel müssen Sie möglicherweise einen Schlüssel finden oder Ihre Surround-Fähigkeit auf Bodenfliesen einsetzen, um Gegenstände oder Feinde aufzudecken. Nur der Kopf Ihrer Schlange ist verwundbar; Wenn ein Feind deinen Körper trifft, werden alle Teile zerstreut und du musst sie wieder einsammeln. Nachdem Sie die festgelegten Bedingungen auf jeder Stufe erfüllt haben, öffnet sich eine Tür, die zur nächsten Stufe führt. An diesem Punkt sind Sie wieder nur ein Kopf und müssen erneut nach Ihrem Körper suchen. Das Spiel hat den gleichen einzigartigen UPL-Stil, der Fans von Spielen wie Atomic Robo-Kid und Mutant Night bekannt sein wird.
Gradius (Japan) (En)	Die Menschen von Gradius sind in Schwierigkeiten. Die ameoboiden Bacterions haben einen Großangriff auf den Planeten gestartet, und es liegt an dir, in die Schlacht zu fliegen und sie zu retten. Auf dem Weg dorthin können Sie Ihr Schiff mit Hypergeschwindigkeit, Kraftfeldern, Lasern, Raketen, Doppelstrahlkanonen und vielem mehr aufrüsten, um Sie im Kampf zu unterstützen. Gradius basiert auf dem Arcade-Spiel und ist ein seitlich scrollender Shooter. Wenn Sie bestimmte Feinde abschießen, bleibt ein Power-Up-Pod zurück, den Sie einsammeln können, um Ihrem Schiff mehr Power zu verleihen. In jedem Level gibt es eine Vielzahl von Gegnern, die versuchen, Sie aufzuhalten, mit einem großen Endgegner am Ende. Gameplay ist für einen Spieler oder zwei Spieler abwechselnd.
Gunboat (USA)	Gunboat ist eine 2D-Action-Simulation. Sie übernehmen die Kontrolle über ein US-Kanonenboot in mehreren Konfliktzonen. Ihr Kanonenboot trägt eine Besatzung von vier Männern: - Ein erstklassiger Unteroffizier, der als Bootskapitän und Pilot dient - Ein Richtschützenkamerad, der die vorderen Geschütze steuert - Ein Maschinenmann, der sich um die Motoren kümmert und als Mittschiffsschütze dient - Ein Seemann, der die hinteren Geschütze steuert Alle vier Männer werden gegenseitig in den Aufgaben des anderen geschult … Entlassungen werden entscheidend, wenn ein oder zwei Besatzungsmitglieder verwundet oder tot sind. Vorsicht an den Flüssen ...! Anker lichten!
Gunhed - Special Version (Japan) (En)	Blazing Lazers (jp Gunhed) ist ein Vertikal-Shooter mit 9 Leveln, in dem du mal wieder die Welt retten musst. Dabei kämpfst du gegen 8 Super-Waffen um den Endboss ein für alle mal zu besiegen. Das Power-Up-System von Blazing Lazers besteht aus 4 Hauptwaffen, die alle mehrfach verbessert werden können um schließlich eine enorme Feuerkraft zu entfalten. Zusätzlich gibt es Sekundärwaffen, die als Schilde, Zielsuch-Raketen, Mehrfachfeuer oder Superwaffen dienen.
Hana Taaka Daka! (Japan)	Konta, der kleine Fuchs, ist in Schwierigkeiten – während eines Spaziergangs mit seiner Freundin Inari brach er „aus Versehen“ das magische Siegel, das den bösen Tanuki-Waschbären Jikanda und seine Schergen gefangen hielt. Sie haben Inari entführt und Konta ist in großer Verzweiflung. Er beschließt, die Götter um Hilfe zu bitten und sie um Hilfe zu bitten. Ein fliegender Tengu antwortet auf seine verzweifelte Bitte.
Hanii in the Sky (Japan)	Hanii In The Sky ist ein besonders verrücktes Shoot'em Up, wie es die kleine NEC-Konsole so gut zu bieten weiß. Die große Originalität des Spiels liegt in seinem anpassbaren Schießen! Mit einem Knopf wird abgefeuert, mit dem anderen wird die Waffe gedreht. Eine gute Idee, aber im Gebrauch entpuppt es sich als echter Albtraum. Ja, Ihre Waffe lässt sich nur im Uhrzeigersinn drehen, was schnell mühsam wird.
Hanii on the Road (Japan)	Hanii on the Road (auch bekannt als Hany on the Road oder Honey on the Road) ist ein Side-Scrolling-Actionspiel von Face. Nach Haniis Heldentaten in Hanii in the Sky ist die kleine Haniwa-Tonpuppe zurück auf einer neuen Mission. Dieses Mal muss unser süßer Freund die Welt von allen Dämonen und anderen bösen Kreaturen befreien, die aus dem Reich der Götter entkommen sind. Aber dieses Mal fliegt er nicht und schießt keine Energiebälle ab, sondern muss über eine Straße laufen, die in vier Spuren unterteilt ist, die sich jeweils mit unterschiedlicher Geschwindigkeit bewegen. Und die Dinge sind einfach nicht so einfach, wie es sich vielleicht anhört – Hanii muss über verschiedene Feinde springen und versuchen, nicht in tiefe Löcher zu fallen, die in den Boden gegraben wurden, ohne den gelegentlichen Wechsel der Scrollrichtung und die unzähligen anderen aufregenden und oft tödlichen Dinge zu vergessen , Auswirkungen. Ein Zeitlimit fordert ihn außerdem dazu auf, sich zu beeilen und das Ziel jeder Etappe schnell zu erreichen.
Hatris (Japan) (En)	Hatris ist ein Puzzlespiel, das weniger bekannt als Tetris ist, aber genauso süchtig macht. Sie befinden sich in einer Hutfabrik und das Ziel des Spiels besteht darin, Hüte in Fünfergruppen zu stapeln, die 2 x 2 vom oberen Bildschirmrand fallen. Sie müssen sie auf 6 statischen Schaufensterpuppenköpfen am unteren Bildschirmrand stapeln. Sobald Sie denselben Hut in 5er-Stapel gesammelt haben, verschwinden diese und geben Ihnen eine bestimmte Anzahl von Punkten. Wenn Sie eine Hutgruppe 5 Mal gestapelt haben, erhalten Sie ein Gesicht, das in einem Fenster auf der rechten Seite des Bildschirms erscheint. Der Schwierigkeitsgrad der Level nimmt mit dem Fortschreiten des Abenteuers zu.
Heavy Unit (Japan) (En)	Heavy Unit ist ein „Shoot-'em-up“-Spiel. Wir schreiben das Jahr 2014 und die menschliche Kolonie „Le Tau“ wird von seltsamen Außerirdischen angegriffen. Sie erhalten das Kommando über ein spezielles Raumschiff, das im Laufe des Spiels durch den Erwerb verschiedener Power-Ups in einen Mecha (Riesenroboter) verwandelt werden kann. Abgesehen davon ist es ein typisches Schießspiel, bei dem man durch verschiedene Side-Scrolling-Levels fliegen und alles abschießen muss, was man sieht.
Hisou Kihei X-SERD (Japan)	Hisou Kihei X-Serd („Flying Mounted Cavalry X-Serd“) ist ein Strategiespiel, bei dem die Mehrheit der Einheiten Mechas oder Roboteranzüge sind. Das Spiel war exklusiv für die PC Engine und wurde kurz nach einem weiteren Mecha-Strategiespiel von Masaya: Gaiflame veröffentlicht. In jedem Szenario werden die Serds – eine Liga spezialisierter Angriffsmechaniker – von ihrem Hauptquartierschiff Altea aus eingesetzt. Die Serds haben alle aus einem Buchstaben bestehende Codenamen und unterschiedliche Spezialisierungen: Der G-Serd schwingt beispielsweise ein Laserschwert für verheerende Nahkampfangriffe und kann sich schnell bewegen, während der B-Serd zu Mörserangriffen über große Entfernungen fähig ist, aber nur über begrenzte Fähigkeiten verfügt Bewegung. Der namensgebende X-Serd ist der Stärkste im Team.
Hit the Ice - VHL - The Official Video Hockey League (USA)	In diesem radikalen Hockeyspiel treten Sie und Ihr Team gegen einige der härtesten Skater an, die es je geschafft haben, ein Loch ins Eis zu brennen! Der Sieg geht an das Team, das seinen Gegner tritt, schlägt und mit High-Sticks in Matsch schlägt. Es gelten die Standard-Hockeyregeln, plus ein paar Überraschungen, um die Dinge aufzumischen. Also schnüren Sie Ihre Schlittschuhe an und befestigen Sie Ihre Gesichtsmaske - Hockey ist im Begriff loszubrechen!
Honoo no Toukyuuji - Dodge Danpei (Japan)	Völkerballspiel mit vielen Sequenzen im Anime-Stil und sogar einem Story-Modus im RPG-Stil. Basierend auf dem gleichnamigen Manga.
ImageFight (Japan) (En)	Eine mysteriöse außerirdische Lebensform breitet sich in der Galaxie aus und versucht, die Welt zu erobern. Sie hat die Mondbasis unter ihre Kontrolle gebracht und droht, auf die Erde zu stürzen. Die Menschen haben das fortschrittlichste Kampfflugzeug geschickt, um sich den Außerirdischen entgegenzustellen: die OF-1. Die OF-1 hat die Fähigkeit, jederzeit die Geschwindigkeit zu ändern und verschiedene Waffen und Gondeln auszurüsten. Die OF-1 ist die letzte Hoffnung der Menschheit! ImageFight ist ein vertikal scrollender Top-Down-Weltraum-Shooter. In jedem Level gibt es feindliche Raumschiffe, Geschütztürme, Roboter und andere Maschinen, die Projektile abfeuern oder versuchen, dich zu rammen.
Impossamole (USA)	Monty Mole lebt seit seinen vorherigen Abenteuern im Luxus, aber jetzt wurde er von einer außerirdischen Rasse hochgebeamt, die möchte, dass er einen Job für sie erledigt. Monty muss durch fünf Welten wandern, um die heiligen Schriftrollen der Wächter der Rasse zu finden. Wie bei Cores vorherigem Hit Rick Dangerous 2 gibt es Vielseitigkeit in der genauen Struktur des Spiels. Die ersten vier bestehen aus dem Orient, einer Klondike-Mine, einer Eiswelt und einem Amazonaswald – sobald diese fertiggestellt sind, steht Ihnen die letzte Welt offen. Das plattformbasierte Gameplay ähnelt Montys früheren Spielen, mit hauptsächlich horizontalen Fortschritten sowie Seilen und Leitern zum Navigieren. Monty hat einen nützlichen Flugkick entwickelt und eine intelligente Bombe mit dem Potenzial, zusätzliche Bomben und Waffen zu sammeln. Gefahren, Feinde und Leveldesigns sind in jedem Level thematisiert und reichen von Seilbahnen und fallenden Schneebällen bis hin zu Ninjas und Affen.
J.J. & Jeff (USA)	JJ & Jeff Detective Agency haben die Aufgabe, einen vermissten reichen Mann zu finden, und Sie können entweder J.J. oder Jeff, auf die Mission zu gehen. Deinem Partner gefällt das überhaupt nicht, also beschließt er, sich nebenbei lästig zu machen. Ähnlich wie bei Adventure Island müssen Sie sich durch mehrere Levels kämpfen und unterwegs Wildtiere zerstören, aber anstatt einen Hammer zu verwenden, haben Sie drei verschiedene Möglichkeiten, sie zu töten: auf sie springen oder sie treten oder wenn sie auf dem Boden laufen , Gas aus ihnen herausblasen.
J.League Greatest Eleven (Japan)	In der J-League Greatest Eleven sind die zehn Mannschaften der japanischen Fußballliga aus ihrer ersten Saison 1993 vertreten. Es gibt einen Spielmodus mit Unterstützung von vier Spielern, und einen Ligamodus in dem 1 oder 2 Spieler gegen den Computer spielen können.
Jack Nicklaus' Turbo Golf (USA)	Jack Nicklaus' Greatest 18 Holes of Major Championship Golf ist eine 3D-Golfsimulation mit einem 18-Loch-Platz, der von Jack Nicklaus selbst erstellt wurde. Jedes der 18 Löcher stammt von berühmten Golfplätzen auf der ganzen Welt und umfasst Nummer 8 in Pebble Beach, Nummer 18 in Muirfield, Nummer 12 in St. Andrews, Nummer 12 in Augusta, Nummer 10 in Riviera und mehr. Das Spiel ist für ein bis vier Spieler geeignet und kann entweder ein Zählspiel oder ein Skins-Spiel sein.
Jackie Chan's Action Kung Fu (USA)	Jackie Chan und seine Zwillingsschwester Josephine waren große Kung-Fu-Kämpfer in China und wurden von einem großen Meister trainiert. Eines Tages, als Jackie und Josephine spazieren gingen, erschien der große Feind des Meisters, der Zauberer. Der Zauberer war gekommen, um über China zu herrschen und wusste, dass die Zwillinge ihm im Weg stehen würden, also sprach er einen Zauber, um Josephine verschwinden zu lassen. Jetzt liegt es an Jackie Chan, dem Zauberer zu folgen und gegen seine Schergen zu kämpfen, um seine Schwester zu retten und China zu retten. Jackie Chan's Action Kung Fu ist ein seitlich scrollendes Kampfspiel. Jackies Steuerung ist eine Taste zum Springen und eine andere zum Angreifen oder in Kombination mit einer Richtung für einen Spezialangriff. Auf seiner Suche muss Jackie sich seinen Weg an Fröschen, Ninjas, Vögeln und anderen Feinden vorbei schlagen und treten. Jackie kann sich Spezialbewegungen wie den Tornado-Angriff, den 180-Grad-Drehkick, den 360-Grad-Drehkick und den Himmelsangriff aneignen. Andere Power-Ups beinhalten Energienachfüllungen und Bonuspunkte.
Jaseiken Necromancer (Japan)	Vor langer Zeit kämpften die Götter in einem kosmischen Kampf gegen die Dämonen. Um den Sieg zu sichern, mussten die Götter einen Teil ihrer göttlichen Natur opfern und eine Waffe schmieden, die sowohl Gutes als auch Böses in sich trug – den Nekromanten „Böses Heiliges Schwert“. Die Dämonen wurden gezwungen, in der Unterwelt zu wohnen, während die Götter im Himmel blieben. Zwischen diesen beiden Welten liegt die Welt der Menschen. Doch die Dämonen akzeptierten diesen Plan des Zusammenlebens nicht. Sie haben den König des menschlichen Kontinents Ishumeria ermordet, und es ist an der Zeit, dass der namenlose Held dieser Geschichte den legendären Schwert-Nekromanten aufspürt und das Gleichgewicht in der Welt wiederherstellt.
Jigoku Meguri (Japan)	Bonze Adventure, oder Jigoku Meguri („Hell Tour“), ist ein Arcade-Plattformer mit dem gleichnamigen buddhistischen Mönch Bonze, der sich seinen Weg durch das shintoistische/buddhistische Äquivalent der Hölle bahnt. Er wird von allen Seiten von Dämonen und Yokai bedrängt, kann sie jedoch mit seinen Gebetsperlen austreiben, die mit einer hüpfenden Bewegung nach außen geschleudert werden.
Jinmu Denshou (Japan)	Jinmu Denshou ist ein Actionspiel, bei dem der Spielercharakter in Richtung Horizont marschiert, während Feinde auf ihn zufliegen. Es sieht aus und spielt sich wie Segas „Space Harrier“, eine eindeutige Inspiration, obwohl der Hauptunterschied darin besteht, dass die Hauptfigur eine Samurai-ähnliche Figur ist, die sich normalerweise darauf beschränkt, ankommende Feinde mit ihrem Schwert anzugreifen. Nach einem Upgrade ist er in der Lage, Projektile abzufeuern und einen Angriff aufzuladen, der erheblichen Schaden anrichtet. Das Spiel hat auch ein paar oberflächliche Plattformelemente.
Juuouki (Japan)	Du bist ein Held, der vom Gott Zeus von den Toten auferweckt wurde, um seine Tochter Athene zu retten. In einer vom antiken Griechenland inspirierten Landschaft musst du gegen Horden von Untoten und Dämonen kämpfen. Am Ende eines jeden Level wartet ein Boss Kampf, bis du den Gott Neff triffst, der das Mädchen gefangen hält. Der Titel Altered Beast bezieht sich auf deine Gestaltwandler Fähigkeit. Du kannst Geisterbälle sammeln, indem du zweiköpfige Wölfe besiegst. So kannst du je nach Art zu verschiedenen Tieren wie Werwolf, Drache, Tiger, Bär usw. mutieren. Jede Form, die an ein Level gebunden ist, verfügt über spezielle Fähigkeiten wie Flucht und mächtige Angriffe, die die grundlegenden Schläge und Tritte in Ihrer menschlichen Form abändern. Das Spiel kann im Einzelspielermodus oder im Mehrspieler-Koop-Modus auf demselben Bildschirm gespielt werden.
Kaizou Choujin Shubibinman (Japan)	Shubibinman ist ein komplexeres Spiel, als es scheint. A priori handelt es sich um ein Spiel mit zwei Charakteren (einem Mann und einem Mädchen), die japanische Schulkinder sind. Wie jedes japanische Schulkind verfügen sie über ein paar kleine Kräfte. In diesem Fall können sie sich mit Rüstungen und Laserschwertern wie X-OR in Superkrieger verwandeln. Sie müssen gegen das böse Imperium kämpfen, das unser Land und insbesondere Japan bedroht.
Kattobi! Takuhai-kun (Japan)	Kattobi! Takuhai-kun („Fury! Delivery Boy“) ist ein Top-Down-Action-/Fahrspiel von Advance Communications Company und Tonkin House. Der Spieler ist ein Lieferjunge, der eine Reihe immer surrealer werdender Lieferungen quer durch die Stadt durchführen muss, dabei gelegentlich das Land verlässt und in Schwierigkeiten mit dem Drogenhandel gerät. Wenn der Spieler Aufgaben abschließt, kann er mit seinem Verdienst bessere zweirädrige Lieferfahrzeuge kaufen und so von einem Fahrrad über ein Moped bis hin zu einem hochmodernen Motorrad aufrüsten. Durch die Zerstörung ihres Fahrzeugs (durch den Verlust eines Lebens) fallen sie wieder auf das normale Fahrrad zurück.
Keith Courage in Alpha Zones (USA)	Als Mitglied von N.I.C.E. (Nations for International Citizens of Earth) nimmt Keith Courage den Kampf gegen die Außerirdischen von B.A.D. (Bad Alien Dudes) durch sieben Level in diesem seitlich scrollenden Action-Platformer. Während Keith Courage sich seinen Weg durch die verschiedenen Zonen bahnt, greift er verschiedene Arten von Feinden an, um Münzen zu gewinnen. Die Münzen können in den Shops für verschiedene Power-Ups, Ausrüstung und andere hilfreiche Gegenstände verwendet werden. Wenn er es in jedem Level bis zu einem bestimmten Punkt schafft, erhält Keith Courage Zugang zum Nova Suit, einem gepanzerten Anzug mit einem mächtigen Schwert, mit dem die Endbosse jedes Levels in der Unterwelt erledigt werden. Sobald Keith Courage den Boss besiegt hat, kehrt er in die Overworld ohne Rüstung zurück, um die nächsten Herausforderungen zu meistern.
KickBall (Japan)	Kickball ist ein komisches Sportspiel. Es ähnelt Baseball. Es handelt sich um sieben Charaktere, von denen jeder ein Team identischer Athleten darstellt – jeder mit seinem eigenen Spezial-Kick. Zu diesen Charakteren gehören auch die beiden Protagonisten der Kaizou Choujin Shubibinman-Reihe: Tasuke und Kyapiko (oder Arnold und Sonia, wie sie in Shockman genannt werden). Jedem Team ist außerdem ein Stadion zugeordnet, das zu seinem Thema passt: Das Robbenteam beispielsweise verfügt über ein Stadion mit Eisboden.
Kiki Kaikai (Japan) (En)	Kiki Kaikai ist vor allem für seine Super-Nintendo-Adaption namens Pocky & Rocky bekannt. Diese früher veröffentlichte PC Engine-Version ist eine Adaption der Arcade-Version, die dem Original viel näher kommt. Sie spielen einen Schamanen der Shinto-Schule, der die Dämonen besiegen muss, die in unserer Welt zu schwärmen beginnen. In der Draufsicht bewegen Sie sich in alle Richtungen. Sie können Ihre Churikens auch in alle Richtungen schießen. Mit einem Schwert kannst du einen größeren Schlag ausführen, was nützlich ist, wenn dich eine Horde Monster angreift. Jedes Level wird von einem im Allgemeinen harten Boss abgeschlossen.
King of Casino (USA)	King of Casino ist eine Casino-Simulation und bietet fünf verschiedene Spiele, mit denen Sie elektronisches Geld gewinnen/verlieren können: Poker, Spielautomat, Blackjack, Roulette und Keno. Nach Auswahl eines der drei Spielmodi (Normal, Schnell oder Party) stehen auf einem Stadtplan 15 Casinos mit leichten Unterschieden zur Auswahl. Innerhalb des Casinos werden die Spiele selbst gestartet, indem man auf einen der Spieltische klickt.
Klax (USA)	Das Prinzip von Klax ist einfach. Auf einem Teppich erscheinen farbige Kacheln, die sich auf den Spieler zubewegen. Am Ende des Kurses können Sie diese Fliesen mit einer Schaufel bergen und in einen Korb werfen (der 5 Fliesen in der Breite und 5 in der Höhe aufnehmen kann), der für diesen Boden vorgesehen ist. Die ganze Sache ist, Dinge sowieso nicht zu tun. In der Tat, wenn Sie es schaffen, 3 Plättchen der gleichen Farbe entweder nebeneinander, übereinander oder diagonal in den Korb zu legen, ertönt ein Horn! Das Ergebnis, die Kacheln, die die Klax bilden, verschwinden. So vermeiden Sie, den Korb zu schnell zu füllen, was Sie sonst direkt zum schicksalhaften Game Over führt.
Knight Rider Special (Japan)	Michael Knight ist ein Mann mit einer Mission. Sozusagen wiedergeboren, nachdem ihm ins Gesicht geschossen wurde, beschließt Knight, sein Leben dem Kampf für Gerechtigkeit zu widmen. Der Selfmade-Milliardär Wilton Knight engagiert Michael als leitenden Außendienstmitarbeiter in der öffentlichen Justizorganisation seiner Knight Foundation, zu der auch die Entwicklung von KITT (Knight Industries Two Thousand) gehört, einem übermächtigen, intelligent aufgemotzten Pontiac Trans-Am. KITT kann 300 Meilen pro Stunde fahren, ist kugelsicher, feuerfest, kann sprechen und hilft Michael, Ungerechtigkeiten in der Welt zu bekämpfen.
Kore ga Pro Yakyuu '89 (Japan)	Kore ga Pro Yakyuu '89 („This is Professional Baseball '89“) ist ein Baseballspiel für die PC Engine und das erste von zwei Spielen mit der Marke Kore ga Pro Yakyuu, gefolgt von Kore ga Pro Yakyuu '90. Es besteht aus zwölf Teams der Nippon Professional Baseball-Organisation von 1989. Das Spiel ähnelt den meisten Baseballspielen der damaligen Zeit, mit einer Perspektive hinter dem Schlagmann beim Pitchen und Schlagen und einer Ansicht von oben nach unten beim Fielding.
Kore ga Pro Yakyuu '90 (Japan)	Kore ga Pro Yakyuu '90 („Das ist Pro Baseball '90“) ist ein exklusives PC Engine-Baseballspiel und die Fortsetzung von Kore ga Pro Yakyuu '89. Es gab keine Fortsetzung. Darin sind zwölf Teams und ihre Spieler der offiziellen Nippon Professional Baseball-Organisation vertreten. Kore ga Pro Yakyuu '90 ist ein traditionelles 16-Bit-Baseballspiel. Die Kamera ist hinter dem Batter positioniert, wobei Ausschnitte andere Spieler auf den Bases zeigen. Der Pitching-Spieler kann diese Ansicht auch nutzen, um die Aufstellung seiner Feldspieler vor dem nächsten Pitch zu ändern. Sobald der Ball den Schläger berührt, wechselt die Ansicht zu einer entfernten Ansicht von oben, sodass der Spieler seine Feldspieler verwalten kann.
Kyuukyoku Tiger (Japan) (En)	Twin Cobra auf TurboGrafx ist ein vertikal scrollendes Shoot'em Up, in dem Sie einen Hubschrauber steuern und alles zerstören müssen, was Ihnen im Weg steht: Panzer, Geschütztürme, Kampfhubschrauber ... Sie haben auch die Möglichkeit, die Art des Spiels zu ändern, Waffen wann immer Sie wollen zwischen omnidirektionalem Feuer, Laser usw.
Legend of Hero Tonma (USA)	In diesem von einem komplett weiblichen Team designten und produzierten Action-Spiel übernimmt der Spieler die Kontrolle über den Zauberlehrling “Tonma”. Dessen Aufgabe ist es, in eine andere Welt zu reisen und die Prinzessin zu retten. Kämpfe dich durch sieben Level und nutze Tonmas Sprungfähigkeit und Schussfertigkeiten. Sammle Power-Ups und Barrieren, um stärker zu werden und deine Gegner zu schlagen. Bewahre dir diese Stärke bis zum Ende der Level und besiege die bedrohlichen Endbosse, die dort auf dich warten. Dieses toll detailierte Spiel, mit Optik und Spielgefühl im Comicstil, bringt die Spieler dazu, immer wieder in die rasante und aufregende Action einzutauchen.
Legendary Axe II (USA)	The Axe ist zurück ... mit der doppelten Kraft und der doppelten Wut des &quot;Videospiel des Jahres&quot; von 1989! Diesmal ist es Bruder gegen Bruder, verwickelt in einen tödlichen Kampf. Dein älterer Bruder hat unaussprechliche Mächte des Bösen herbeigerufen, um die Kontrolle über das Königreich zu übernehmen. Verrat Regeln! Deine einzige Hoffnung ist das legendäre Königsschwert! Aber wird seine Kraft ausreichen, um die Klippen des Chaos zu überwinden? Die Totenkopf-Dungeons? Und die tückischen Crypts of Slime? Nur dein Mut, dein Kampfgeschick und die Legendäre Axt können antworten! In diesem Spiel bekämpfst du Monster durch sieben Stufen mit nur einem Schwert, aber drei weitere Waffen können auf dem Weg aufgesammelt werden, darunter Äxte, Kettenspeere und intelligente Bomben. Diese Waffen können nur erhalten werden, indem man das Power-Up sammelt, das ein besiegter Feind zurücklässt. Waffen können unterwegs gewechselt werden. Am Ende jedes Levels musst du einen riesigen Boss besiegen, um zur nächsten Stufe zu gelangen.
Legendary Axe, The (USA)	Du bist der mächtige Krieger Gogan, dessen Dorf vom Jagu-Stamm jedes Jahr aufgefordert wird, ein Menschenopfer zu bringen. Flare, dein Freund aus Kindertagen, wurde als Opfer ausgewählt. Ihre Aufgabe ist es, Flare zu retten und die Jagu und ihren Anführer zu vernichten. Um Ihnen bei der Erfüllung Ihrer Mission zu helfen, erhalten Sie die legendäre Axt, die angeblich eine enorme Kraft besitzt, die nur von ihrem Träger genutzt werden kann. Es gibt sechs Zonen im Spiel und Gogan erkundet Wälder, Höhlen, Berge, Verliese und Burgen, während er mit seiner Axt Feinde besiegt, die sich ihm in den Weg stellen. Idole können zerbrochen werden, um Power-Ups freizulegen, die die Kraft der Axt erhöhen und ihren Schwung beschleunigen. Diese Power-Ups können Ihnen auch zusätzliche Leben, mehr Punkte und die Möglichkeit geben, auf geheime Bereiche zuzugreifen. Am Ende jeder Zone musst du einen Boss besiegen, um fortzufahren.
Lode Runner - Lost Labyrinth (Japan)	Lode Runner ist ein Puzzle-Plattformspiel, das für die meisten Medien der damaligen Zeit angepasst wurde. Das Ziel des Spiels ist es, alle Goldbarren im Level einzusammeln und dabei zu vermeiden, von den anwesenden Feinden getroffen zu werden. Sobald Sie alle Barren in Ihrer Tasche haben, müssen Sie zum oberen Ende des Levels zurückkehren, wo eine Leiter auf Sie wartet, mit der Sie zum nächsten Level gelangen können. Um sich zu verteidigen, gibt es nur einen Weg: den Boden um dich herum umgraben. Lode Runner ist ein klassisches Puzzle-Plattformspiel wie Donkey Kong oder Bubble Bobble.
Maerchen Maze (Japan)	Märchen Maze ist ein Plattform-/Shooter-Spiel und eine Umsetzung des gleichnamigen Arcade-Spiels von Namco aus dem Jahr 1988. Das Gameplay bleibt weitgehend gleich – der Spieler übernimmt die Kontrolle über Alice, die Blasen auf Feinde schießen muss, um sie von Plattformen zu stoßen. Im Gegensatz zum Arcade-Original mit isometrischer Perspektive ist Märchen Maze auf der PC Engine ein Overhead-Spiel. Diese Version bietet andere Level als das Arcade-Spiel und aufgrund der fehlenden Zeitbegrenzung sind viele Level viel umfangreicher. Die karierten Plattformen am Ende eines Levels sind statisch und bewegen sich nicht. Wenn Sie auf sie springen, gelangen Sie automatisch zum Boss. Außerdem wird Ihr Leben nicht an einem Kontrollpunkt beginnen, wenn Sie sterben, sondern durch Ballons dargestellt. Sollte Alice fallen, wirst du sofort wiederbelebt.
Magical Chase (USA)	Ripple ist eine Zauberschülerin und ihre Lehrerin ist eine furchteinflößende Hexe. Ripple hat im Moment besonders Angst vor ihrer Lehrerin, weil sie gerade ein Versprechen gebrochen hat, das sie der Hexe gegeben hat: Ripple hat einen Blick in das verbotene Buch Sleeping Demons geworfen! Kaum hatte sie den Deckel geöffnet, sprangen sechs Dämonen heraus, die davonrasten! Wenn sie nicht alle sechs Dämonen fangen und wieder in das Buch bringen kann, wird die Hexe Ripple in einen Frosch verwandeln, weil sie ihr Versprechen gebrochen hat! Ripple macht sich mit ihren beiden Elf-Star-Freunden Topsy und Turvy auf die Suche. Viel Glück, Ripple!
Mahjong Gakuen - Touma Soushirou Toujou (Japan)	Mahjong Gakuen Touma Soushirou Toujou ist ein Mahjong-Spiel für die PC Engine, das pixelige Nacktheit bietet. Wenn man gegen weibliche Gegner spielt, führt der Gewinn weiterer Mahjong-Hände dazu, dass diese sich ausziehen, ähnlich wie beim Strip-Poker. Das Spiel hat auch männliche Gegner, die der Spieler nach jedem erfolgreichen Spiel einfach verprügelt.
Mahjong Gakuen Mild - Touma Soushirou Toujou (Japan)	Dies ist ein einfaches Mahjong-Spiel, das sich kaum von den anderen unterscheidet. Die Grafik ist etwas langweilig und die Musik etwas kreischend. Ansonsten handelt es sich nur um ein einfaches Mahjong-Spiel mit einem schlecht gerenderten Mädchenkopf in einer Blumenwiese vor Spielbeginn.
Mahjong Gokuu Special (Japan)	Mahjong Gokuu Special ist ein Mahjong-Spiel für vier Spieler, in dem Charaktere aus dem chinesischen Roman Journey to the West vorkommen. Der Spieler kontrolliert Goku, a.k.a. Sun Wukong, den Affenkönig, und muss die verschiedenen Dämonen bekämpfen, denen seine Gruppe begegnet, indem er sie im Mahjong spielt.
Mahjong Haouden - Kaiser's Quest (Japan)	Mahjong Haouden: Kaiser's Quest („Mahjong Overlord: Kaiser's Quest“) ist ein Mahjong-Spiel, das exklusiv für die PC Engine veröffentlicht wurde. Das Spiel zeigt eine Handvoll RPG-Helden, die sich daran machen, die verschiedenen Monster und Schurken zu vertreiben, die ihr Königreich übernommen haben. Um diese Monster zu besiegen, muss der Spieler sie in Mahjong-Spielen besiegen. Der Spieler hat zunächst drei Charaktere zur Auswahl, weitere werden später verfügbar. Die Mahjong-Seite des Spiels bietet einen Standard-Eins-gegen-Eins-Modus. Der Spieler muss einige Spiele gewinnen, um 100 % der verfügbaren Punkte zu erhalten, und je nachdem, wie der Spieler gewonnen hat, können weitere Punkte gesammelt werden.
Mahjong Shikaku Retsuden - Mahjong Wars (Japan)	Mahjong Shikaku Retsuden: Mahjong Wars („Mahjong Assassin Chronicles: Mahjong Wars“) ist ein PC Engine Mahjong-Spiel von Nichibutsu/Nihon Bussan, das mit ihrem Mahjong Triple Wars-Spiel verwandt ist. Es verfügt über zwei Modi: Im einen tritt der Spieler in Eins-gegen-Eins-Spielen gegen verschiedene Gegner an, im anderen läuft der Spieler durch eine RPG-Welt mit Gruppenmitgliedern und Mahjong-Spielen als „Schlachten“.
Maison Ikkoku (Japan)	Maison Ikkoku ist ein japanisches menübasiertes grafisches Abenteuerspiel, das auf der Anime- und Manga-Serie basiert. Der Spieler steuert Yusaku Godai und muss ihm helfen, ein geheimes Foto zu finden, das vom Hausverwalter versteckt wurde. Godai muss die Bewohner bestechen, die sich ständig im Haus bewegen, um Zugang zu Kyokos Zimmer zu bekommen. Aber selbst wenn Godai es in das Zimmer des Verwalters schafft und versucht, das gerahmte Foto zu sehen, passiert immer etwas, das Godai zwingt, den Raum zu verlassen. So trifft Godai nach mehreren Versuchen die (un)logische Entscheidung, Fotos von allen Bewohnern der Pension zu sammeln, um Kyoko dazu zu bringen, ihm das Foto zu zeigen. Im Spiel bewegt sich der Spieler zwischen den Orten in der Pension und der Stadt, wobei ihm ständig das Geld ausgeht und er alle Darsteller aus dem Original-Comic trifft, einschließlich Nikaido, der im Anime nicht vorkam.
Makai Hakkenden - Shada (Japan)	Die Geschichte dieses Spiels basiert lose auf dem japanischen Roman „Nans?“ aus dem 19. Jahrhundert. Satomi Hakkenden („Die Geschichte der acht Hunde“) von Kyokutei Bakin. Im Spiel steuert der Spieler einen jungen Krieger namens Shin. Der Älteste seines Heimatdorfes erzählt ihm, dass ein magisches Artefakt namens Statue der Vier Götter gestohlen wurde. Dieses Artefakt versiegelte den Geist des bösen Tamazusa. Um Tamazusas Auferstehung zu verhindern, muss Shin sieben weitere Krieger finden. Nur wenn sie vereint sind, kann das Böse ein für alle Mal besiegt werden ... Trotz der Prämisse von acht Kriegern ist Makai Hakkenden Shada ein Action-Rollenspiel, in dem der Spieler nur Shin kontrolliert. Das Spiel ähnelt in vielerlei Hinsicht den bekannteren Ys-Spielen. Wie in Ys bekämpft der Held Feinde, indem er sie einfach „anstößt“. Besiegte Feinde produzieren Geld, das in Dörfern ausgegeben werden kann, um Waffen und verschiedene Arten von Rüstungen sowie Erfahrungspunkte zu kaufen. Sobald eine bestimmte Menge davon angesammelt ist, steigt der Held ein Level auf.
Makai Prince Dorabocchan (Japan)	Makai Prince Dorabocchan ist ein Plattformspiel, das stark an Konamis Kid Dracula angelehnt ist, angefangen bei der überraschend nahen Gestaltung des Helden. Es geht darum, sechs Level zu durchqueren, die natürlich mit dem Kampf gegen einen Boss abgeschlossen werden, und in den meisten Fällen gibt es auch einen Zwischenboss. Durch einen Wald, eine Stadt, eine Wüste oder sogar eine Höhle vernichten Sie die Feinde, die Ihnen in den Weg kommen, angefangen bei den Fledermäusen.
Maniac Pro Wres - Asu e no Tatakai (Japan)	Ein strategisches Wrestling-Spiel, bei dem der Spieler sein eigenes Moveset zusammenstellen kann, um jeden Kampf abwechslungsreicher und strategischer anzugehen.
Metal Stoker (Japan) (En)	Metal Stoker ist das, was allgemein als „multidirektionales Shoot'em Up“ bezeichnet wird. Verstehen Sie, dass es Ihr Schiff ist, das das Scrollen bestimmt, und dass Sie in die gewünschte Richtung gehen können. Es handelt sich also um eine Mischung aus Spielen wie Alien Breed oder Rambo III mit einer extrem ausgeprägten Shoot'em-Up-Seite.
Military Madness (USA)	Military Madness ist ein futuristisches rundenbasiertes Strategie-Kriegsspiel. Wir schreiben das Jahr 2089 und der Schauplatz ist der Mond der Erde, auf dem viele wichtige Ressourcen lagern. Während sich die Regierungen der Erde um ihre Ansprüche auf den Mond streiten, startet das böse Achsen-Imperium einen militärischen Feldzug und übernimmt den Mond, indem es dessen Fabriken zur Produktion fortschrittlicher Waffen nutzt, deren verheerendste die SAM (Supreme Atomic Missile) ist. Als Kommandant der alliierten Streitkräfte ist es die Aufgabe des Spielers, die verbliebenen Armeen der Alliierten in einer verzweifelten Offensive gegen das Achsenimperium auf der Mondoberfläche zu führen, bevor diese die SAM zur Zerstörung der Erde einsetzen können.
Mizubaku Daibouken (Japan)	In Mizubaku Daibouken spielen Sie Hipopo, das Nilpferd, das sich auf der Suche nach seiner vermissten Freundin durch zahlreiche Levels voller Feinde wagen und dabei auch andere flusspferdähnliche Kreaturen retten muss.
Momotarou Densetsu Gaiden - Dai-1-shuu (Japan)	Rollenspiel, bei dem Sie wählen können, welchen von den drei Charakteren aus den Peachboy-Geschichten sie spielen möchten.
Momotarou Densetsu II (Japan)	Momotarou reist mit seinen NPC-Tiergefährten um die Welt und löst die Probleme jeder neuen Stadt, die er durchquert. Nachdem die Probleme der Dämonen erfolgreich gelöst wurden, dankt ihm die Stadt mit Feierlichkeiten. Momotarou kann auf viele Verbündete treffen, die ihm auf der Weltkarte folgen. Anstatt Momotarou zu zwingen, nach jedem neuen Ort zu suchen, können sie seine tierischen Begleiter in den Explorer schicken.
Momotarou Densetsu Turbo (Japan)	Momotarou Densetsu Turbo („Peach Boy Legend Turbo“) ist das zweite Spiel in der Momotarou Densetsu-Reihe, obwohl es praktisch eine Überarbeitung des ersten für Famicom veröffentlichten Spiels ist. Das Spiel zeigt Momotarous Herkunft als Baby, das aus einem riesigen Pfirsich geboren wurde, den ein freundliches Paar einen Fluss hinuntertreibend fand, und erzählt, wie er seine tierischen Begleiter traf und auf ihrer Insel gegen die Oni kämpfte.
Momotarou Katsugeki (Japan)	Momotaro Katsugeki („Momotaro Action Movie“) ist ein Side-Scrolling-Action-Plattformer von Hudson, der ihren Momotaro-Charakter verwendet, der besser als Star der Serien Momotaro Dentetsu und Momotaro Densetsu bekannt ist. Es ist exklusiv für PC Engine erhältlich und wurde nie international veröffentlicht. Momotaro Katsugeki scheint von Westones Wonder Boy in Monster Land und den folgenden Fortsetzungen beeinflusst zu sein und spielt sich ähnlich: Das Ziel besteht darin, sich über eine Reihe von 2D-Stufen zu bewegen, und der Spieler kann mit NPCs sprechen, um Hinweise zu erhalten und mit dem Geld bessere Ausrüstung zu kaufen Sie finden. Außerdem gibt es eine Weltkarte, die die verschiedenen Etappen miteinander verbindet.
Monster Pro Wres (Japan)	Monster Pro Wrestling ist ein japanisches Spiel, in dem Sie ein Monster auswählen und in rundenbasierten Kämpfen gegen andere Monster kämpfen. Es zeichnet sich durch seine humorvoll unsinnigen Kampfanimationen aus, etwa das Erscheinen eines Dutzend Köpfe auf dem Bildschirm und Todesstöße, die Monster buchstäblich in Stücke reißen.
Morita Shougi PC (Japan)	Zwei Spieler kämpfen auf einem 9x9-Raster, Ihre Legion auf der einen Seite gegen die gegnerischen Kräfte auf der anderen Seite. Wie beim Schach stehen die Bauern vorne und die Springer und Läufer hinten. Das Ziel des Spiels ist es, den König zu schlagen. Morita Shogi ist anders, weil es eine animierte Version bietet, ähnlich wie „Battle Chess“. Sie können weiterhin im normalen Modus spielen oder über den GT-Link gegen einen anderen Spieler kämpfen.
Moto Roader (USA)	Die Action in diesem Rennspiel wird von oben betrachtet und verfügt über Rotationssteuerungen. Es gibt 6 Rennstrecken, darunter echte Rennstrecken wie Laguna Seca. Vor jedem Rennen können Sie ein komplettes Sortiment an Upgrades und Waffen kaufen, wobei jeder Bereich (Motor, Handling, Turbo usw.) mehrere Optionen mit unterschiedlichen Preisen bietet. Das Ungewöhnliche an dem Rennsystem ist, dass die Action immer dem Führenden folgt. Wenn Sie zu weit zurückrutschen, wird Ihr Auto gesprengt und weiter hinten auf die Strecke gestellt, um mitzuhalten (ähnlich wie bei Micro Machines). Dies kann nur eine begrenzte Anzahl von Malen passieren, bevor das Spiel vorbei ist.
Moto Roader II (Japan) (En)	Moto Roader II ist ein Rennspiel, das in einer Top-Down-Perspektive gezeigt wird. Fünf Fahrzeuge treten auf einer Strecke gegeneinander an, mit dem Ziel, Erster zu werden. Der Bildschirm folgt jedoch immer dem führenden Fahrzeug und wenn ein Fahrzeug zurückbleibt, wird es auf dem aktuellen Bildschirm ersetzt. Jedes Fahrzeug verfügt über einen Tankzähler, der eine Strafe erhält, wenn das Fahrzeug angefahren wird oder ersetzt werden muss. Das Erreichen von Null beendet das Rennen. Spieler können zwischen drei Fahrzeugen mit unterschiedlichem Fahrverhalten (Auto, Panzer oder Luftkissenfahrzeug) wählen und diese, wenn sie genug Preisgeld gesammelt haben, zwischen den Rennen aufrüsten (einschließlich Waffen). Im Gegensatz zum Vorgänger wirkt das Spiel futuristisch.
Mr. Heli no Daibouken (Japan)	Es ist das Jahr 2999, und Herr Muddy bedroht Ihren Planeten. Glücklicherweise haben Sie einen voll bewaffneten großen Hubschrauber, mit dem Sie seine sadistischen Schergen angreifen können. Sie springen an Bord und fliegen durch vier Seitenansichtsebenen, wobei Sie primär von links nach rechts scrollen, aber mit einigen Varianten, von denen jede mit einem Boss endet. Es gibt nicht nur Feinde, sondern auch viele Blöcke in den Levels. In diese ist das Waffenaufrüstungssystem eingebaut, das auf zwei verschiedene Arten funktioniert. Die meisten werden Kristalle fallen lassen, die, wenn sie eingesammelt werden, zu Ihrer Geldsumme hinzuaddiert werden. Die anderen offenbaren ein Bild einer Waffe mit einem Preis - nehmen Sie Kontakt mit ihr auf, während Sie genügend Credits haben, und Sie werden diese Waffe kaufen. Wenn Ihr Energieriegel zu Ende geht, verlieren Sie ein Leben; wenn dies geschieht, verlieren Sie Ihr gesamtes Geld.
Naxat Open (Japan)	Naxats erster Ausflug ins Golfspiel umfasst einen kompletten 18-Loch-Platz und viele Top-Profi-Gegner. Sie wählen Ihre Schläger aus, bevor Sie mit dem Spiel beginnen, und das Spiel wählt automatisch den Schläger aus, der Ihrer Meinung nach für jeden Schlag am besten ist. Vor jedem Schlag können Sie sich entweder einen Vorbeiflug am Golfplatz oder eine Nahaufnahme des Grüns und seiner Konturen ansehen. Die Strecken des Spiels scrollen in mehrere Richtungen und bilden eine Draufsicht und weisen Bunker, Bäume, Wasserhindernisse und alles andere auf. Für das Abspielen von Schlägen wird ein Drei-Klick-Steuerungssystem verwendet, das zu einem Zwei-Klick-Steuerungssystem wechselt, sobald Sie das Grün erreichen (da Draw und Fade irrelevant werden).
Naxat Stadium (Japan)	Baseballspiel mit sehr pummeligen Spielern.
Nazo no Mascarade (Japan)	Abenteuerspiel, das in einem Herrenhaus im Jahr 1921 spielt.
Necros no Yousai (Japan)	Necros no Yousai oder Neclos no Yousai („Festung von Neclos/Necros“) ist ein traditionelles japanisches Rollenspiel, das ausschließlich auf der PC Engine veröffentlicht wurde. Es basiert auf der gleichnamigen Spielzeugreihe, die eine von vielen Marken von „Shokugan“ oder „Lebensmittelspielzeug“ war – kleine, mit Süßigkeiten verpackte Figuren, die für Kinder gedacht waren. Die Reihe umfasste den bösen Zauberer Neclos/Necros, die acht heldenhaften Champions, die geschickt wurden, um ihn zu besiegen, und die verschiedenen Handlanger von Neclos/Necros. Das Spiel lässt sich wie ein Standard-Rollenspiel steuern und wechselt zwischen einer Top-Down-Ansicht für Gespräche mit NPCs und der Erkundung von Städten und Dungeons und einer Ego-Perspektive für rundenbasierte Kämpfe. Die verschiedenen Charaktere beginnen bei jedem Angriff mit kleinen animierten Vignetten, und jeder der Helden hat klassenspezifische Stärken und Schwächen, auf deren Grundlage der Spieler Strategien entwickeln kann.
Nekketsu Koukou Dodgeball-bu - PC Bangai Hen (Japan)	Ein „Völkerball“-Spiel, das von einer sorgfältigen Produktion profitiert hat, die Angriffe vielfältig sind und das Handling recht gut ist. Zu zweit wird Ihnen dieses Spiel lange Stunden bescheren, und alleine wird Ihnen die Maschine das Leben schwer machen.
Nekketsu Koukou Dodgeball-bu - PC Soccer Hen (Japan)	Nekketsu Koukou Dodgeball Bu Soccer PC Hen lässt sich besser als Kampfspiel beschreiben, bei dem man Tore schießen muss, als als Fußballspiel. Nekketsu Koukou Dodgeball Bu Soccer PC Hen besteht aus zwei Hauptmodi. Das erste, Tournament, schickt Sie allein oder mit einem Freund mitten in die Weltmeisterschaft, wo Sie 12 andere Teams schlagen müssen, um Meister zu werden. Im zweiten Modus, VS Match, können Sie ein 20-minütiges Match mit 2 bis 4 Spielern spielen.
Neutopia (USA)	Die Prinzessin Aurora wurde vom bösen Dirth entführt, und der König schickt einen Krieger namens Jazeta auf eine Mission, um sie zu retten. Es scheint, dass einst der Dirth Way von acht Weisen versiegelt wurde, die die Kraft von acht heiligen Medaillons nutzten. Prinzessin Aurora ist die einzige, die weiß, wie man diese Medaillons benutzt, und deshalb hat Dirth sie entführt. Der Held muss das Land erkunden, in die gefährlichen Labyrinthe hinabsteigen, die acht Medaillons zurückholen, die Prinzessin retten und Dirth besiegen. Sehr ähnlich den Zelda-Spielen erlaubt Neutopia dem Spieler, das weite Land frei zu durchstreifen und viele verschiedene Monster in Wildnisgebieten sowie in Kerkern zu bekämpfen. Dungeons erfordern auch das Lösen von Rätseln (Steine schieben, Wände mit Bomben sprengen usw.). Das Spiel hat einen leichten RPG-Geschmack, der es dem Spieler ermöglicht, sich durch das Sammeln verschiedener Gegenstände zu verbessern und verschiedene Waffen und Rüstungen auszurüsten.
Neutopia II (USA)	Einige Jahre sind vergangen, seit der tapfere Held Jazeta Dirth, den Imperator der Dunkelheit, zerstört hat. Der Frieden ist in das Land Neutopia zurückgekehrt. Aber es gibt immer noch Monster, die durch die Landschaft streifen, und einige von ihnen wurden in der Nähe des Yurius-Schreins gesichtet. Jazeta ging dorthin, um herauszufinden, was genau passiert war. Aber er ist nicht zurückgekehrt. Du bist Jazetas Sohn und musst zuerst deinen verschollenen Vater finden! Kann es sein, dass der Schatten des Imperators der Finsternis das friedliche Land erneut bedroht? Die Fortsetzung von „Neutopia“ ähnelt dem Vorgänger in jeder Hinsicht. Du steuerst deinen Helden aus der Vogelperspektive, erkundest die weite Landschaft und kämpfst in Echtzeit gegen Monster. Das Spiel ist kein echtes RPG, sondern ein Action-Adventure: Du sammelst keine Erfahrungspunkte im Kampf, sondern sammelst Geld, um Vorräte zu kaufen. In Dungeons müssen Sie Bomben an Wänden einsetzen, um Geheimgänge freizulegen, Steine zu schieben und gegen viele normale Feinde und Bosse zu kämpfen.
New Adventure Island (USA)	Auf der friedvollen Abenteuerinsel wird die Hochzeit von Meister Higgins und Miss Inselkönigin Tina gefeiert. Doch Baron Bronsky und seine Gehilfen stören die Feier und entführen Tina und die Kinder der Insel. In diesem seitwärts scrollenden Actionspiel macht Master Higgins sich auf, um die Kinder und seine geliebte Tina zu retten! Wirf mit Äxten und Bumerangs, springe auf Skateboards und bring Master Higgins sicher durch jeden Level.
NewZealand Story, The (Japan) (En)	The New Zealand Story auf PC Engine ist ein Plattformspiel. Der Spieler steuert Tiki, einen Kiwi, dessen Ziel es ist, seine von einem Seeleoparden entführten Freunde zu retten. Mit jedem abgeschlossenen Level kann er einen seiner Freunde retten. Um sich zu verteidigen, kann der Spieler Pfeile als Grundwaffe verwenden und sich dann Bomben, Laser oder sogar Feuerbälle besorgen.
NHK Taiga Drama - Taiheiki (Japan)	NHK Taiga Drama: Taiheiki ist ein exklusives Strategiespiel für die PC Engine, das von der Videospielabteilung von NHK, einem nationalen japanischen Rundfunkunternehmen veröffentlicht wurde. NHK Taiga Drama: Taiheiki basiert auf der TV Show Taiga Drama das im 14. Jahrhundert spielt zwischen 1319 und 1367 und betrifft einen Krieg zwischen dem Südgericht von Kaiser Go-Daigo in Yoshino und dem Nordgericht von Ashikaga Takauji in Kyoto da.
Night Creatures (USA)	Night Creatures für den TurboGrafx-16 ist ein Action/Adventure-Platformer mit seitlichem Scrollen. Du bist ein unglücklicher Peon, der von Hekate, einer Hexe, gebissen wird. Wenn du Hecate nicht bei Sonnenaufgang tötest, wirst du für immer dazu verdammt sein, eine Kreatur der Nacht zu sein. Die Welt von Night Creatures besteht aus mehreren verschiedenen Szenen, einer Stadt, einem Friedhof, einem Wald und so weiter. Sie können auf nichtlineare Weise von einer Szene zur nächsten reisen. Sie müssen den schnellsten Weg finden, um die Waffen und Fähigkeiten zu finden, die Sie brauchen, um Hecate zu besiegen. Es gibt auch mehrere Boss-Begegnungen. Nachdem Sie einen Boss besiegt haben, erhalten Sie die Fähigkeit, sich in ein Tier wie einen Wolf oder eine Eule zu verwandeln.
Ninja Ryuuken Den (Japan) (En,Ja,Zh)	Ninja Gaiden (Shadow Warriors auf anderen Medien) ist ein Beat'em All, der auf TurboGrafx-16 veröffentlicht wurde. Du bist Ryu, ein moderner Ninja, und du musst nach Amerika reisen, um herauszufinden, wer deinen Vater getötet hat. Ihre Forschung wird Sie in ein übernatürliches Szenario führen.
Ninja Spirit (USA)	Ein Ninja-basiertes Actionspiel, bei dem der Spieler Moonlight durch zahlreiche von Feinden durchsetzte Levels führt, um sich an dem Mörder seines Vaters zu rächen. Um diese Aufgabe zu erfüllen, ist Moonlight mit einem Katana, Shurikens, Bomben und einer Sichel- und Kettenwaffe bewaffnet. Jede Waffe bietet ihre eigenen Vorteile und muss zu bestimmten Zeiten eingesetzt werden, um bestimmte Hindernisse oder Gegner zu überwinden. Die Coin-Op-Ursprünge des Spiels zeigen sich in der Tatsache, dass die Home-Versionen keine Passwörter oder Speicherungen haben. Um dies auszugleichen, wurden jedoch einstellbare Schwierigkeitseinstellungen hinzugefügt.
Ninjawarriors, The (Japan)	„The Ninja Warriors“ ist ein Side-Scrolling-Beat-Em-Up für einen oder zwei Spieler. Der Taito-Münzautomat verfügte über drei nebeneinander liegende Monitorbildschirme, während die Amiga-Version im Letterbox-Format entwickelt wurde, um möglichst viel von der Breitbild-Hintergrundgrafik anzuzeigen.nnDie Spieler steuern Roboter-Ninjas, die sich mit Shuriken und Messern durch die Level kämpfen. Wenn die Ninjas Schaden erleiden, wird ihr klassisches Ninja-Gewand weggerissen, um die Gliedmaßen, den Rumpf oder den Kopf des Roboters freizulegen. Wenn der Schaden ein kritisches Niveau erreicht, explodiert der Ninja-Roboter und zerstreut mechanische Körperteile.nnWie beim späteren Titel SWIV von The Sales Curve nutzt The Ninja Warriors das Dynamic Loading System des Unternehmens, um Sprites, Sound und Hintergrundgrafiken im Handumdrehen von der Festplatte zu laden.
Obocchama-kun (Japan)	Aus dem gleichnamigen Manga schlüpfen Sie in die Rolle von Chama Obo, einen Jungen aus einer reichen japanischen Familie. Eines Tages erscheint ein riesiger Berg in Form einer Schildkröte. Es wird gesagt, dass dieser Berg die Heimat der Obo-Vorfahren war und dass dort ein fabelhafter Schatz versteckt ist. Der Legende nach kündigt der Ausbruch dieses Berges jedoch ein schlechtes Omen an und wurde durch eine Entweihung ausgelöst. Der junge Chama geht mit seinen Freunden in die Berge, um zu kämpfen. Leider werden seine Gefährten kurz nach Beginn ihrer Reise von dunklen Mächten gefangengenommen.
Off the Wall (USA) (Proto)	Off the Wall ist ein Mehrspieler Breakout Spiel. Dieses wurde nie offiziell für die PC Engine veröffentlicht, lediglich ein Prototyp dieses Spiel ist im Umlauf.
Okaasan to Issho - Niko Niko Pun (Japan)	Drei Tierfreunde (eine Katze, ein Koala und ein Papagei) finden sich auf einer einsamen Insel wieder. Die drei Schläger entdecken ein hungriges Drachenbaby. Deshalb machen sie sich auf den Weg, um das Kind zu retten, und begeben sich auf die Jagd nach Früchten, denn jeder weiß, dass Drachen Früchte fressen. Das Ziel ist einfach: Man bewegt sich geradeaus, sammelt drei Früchte der gleichen Sorte und gibt sie am Ende dem Drachen. Der Drache wächst und ermöglicht es Ihnen wie durch ein Wunder, die Insel zu verlassen. Also gehst du wieder weg und fällst auf eine andere Insel, wo du einen weiteren Drachen retten musst, und so weiter, bis der Tod eintritt.
Operation Wolf (Japan)	Sie wurden für die Operation Wolf rekrutiert, ein verzweifelter Versuch, Gefangene vor dem Feind zu retten. In einer Reihe von Missionen können Sie eine Vielzahl von Feinden angreifen, von Soldaten über Ninjas, Patrouillenboote bis hin zu Hubschraubern und mehr. Operation Wolf ist ein Arcade-Spiel von Taito. Es gibt verschiedene Waffen, die man sammeln kann. Setzen Sie sie mit bedacht ein! Am Ende von einigen Leveln warten Bosse!
Ordyne (USA)	Ordyne ist ein Side-Scrolling-Shoot'em-Up, welches die Spieler in die Rolle von Yûichirô Tomari, einem genialen Wissenschaftler, und Sunday Chin, seinem treuen Assistenten versetzt. Die beiden Helden müssen Tomaris Verlobte Kana Aibara vor dem bösen Dr. Kubota retten. Während des Spiels können die Spieler Kristalle sammeln, mit denen sie spezielle Waffen, zusätzliche Leben und andere Power-Ups in Geschäften in den Leveln kaufen können. Es gibt auch Bonusspiele, bei denen Spieler mehrere Kristalle oder Punkte gewinnen können, indem sie auf rotierende Ziele schießen. Ordyne kann gleichzeitig zu zweit gespielt werden.
Out Live (Japan)	Eine sehr wichtige Entdeckung wurde kürzlich auf dem alten zerstörten Planeten Laffra an einer Ausgrabungsstätte gemacht. Die gefundenen Relikte einer anderen Zivilisation mit einer Technik, die zweifellos für das große intergalaktische Reich von Vorteil seien würden. Aber eine mysteriöse Organisation namens &quot;Mars&quot; hat begonnen, den Planeten zu infiltrieren. Ihr Anführer schickt Sie und steuert einen als &quot;FW&quot; bekannten Kampfroboter tief in die Ruinen, um sich den Feinden zu stellen und wertvolles Wissen zurück zu gewinnen.
OutRun (Japan) (En)	Machen Sie sich bereit für das bisher realistischste Rennerlebnis. Sie sitzen am Steuer eines getunten Rennwagens, der nur Vollgas fahren kann. Sie manövrieren ein Auto, welches bis zu 270 km/h erreichen kann. Weil Sie die Geschwindigkeit und das Fahrverhalten Ihres Autos in einem gefährlichen Tempo kontrollieren müssen, müssen Sie Ihren Kopf und nicht nur Ihre Hände benutzen, um die Strecken zu meistern. Bereiten Sie sich also auf die Fahrt Ihres Lebens vor und bleiben Sie wachsam.
Override (Japan) (En)	„Override“ ist ein vertikal scrollender Shooter, in dem du ein Kampfschiff steuerst, um eine außerirdische Invasion der Erde abzuwehren. Die actionreichen Kämpfe finden größtenteils auf Planetenoberflächen statt, wo du dich gegen verschiedenste Gegner wie Raumschiffe, Panzer und Türme behaupten musst. Dein Schiff verfügt über begrenzte Trefferpunkte und Leben, die durch Power-Ups repariert oder erhöht werden können. Weitere Power-Ups bieten stärkere oder zusätzliche Waffen, darunter Laser, Feuerwaffen, rotierende Energiebälle und mehr, deren Effekt durch stärkesteigernde Power-Ups ausgebaut werden kann. Eine aufladbare Spezialwaffe, die allen Gegnern auf dem Bildschirm Schaden zufügt, bringt taktische Tiefe ins Spiel.
P-47 - The Freedom Fighter (Japan) (En)	Die P-47 war eines der härtesten Flugzeuge, die im Zweiten Weltkrieg eingesetzt wurden, und in diesem seitlich scrollenden Shoot'em-Up übernehmen Sie die Kontrolle darüber, während Sie gegen Horden von Nazis antreten. 16-Bit-Versionen verfügen über einen gleichzeitigen 2-Spieler-Modus sowie die Möglichkeit, das Spiel bis zu viermal mit erhöhtem Schwierigkeitsgrad zu durchlaufen. Bewaffnet ist man zunächst mit einem Maschinengewehr, kann aber durch das Aufheben des entsprechenden Buchstabens auch Bomben, Sprühraketen und Multiraketen einsammeln. Jede Waffe kann durch das Aufsammeln weiterer Token desselben Typs aufgewertet werden. Es werden auch Token angeboten, die zusätzliche Leben und Beschleunigungen bieten.
Pac-Land (USA)	Pac-Land ist ein seitlich scrollendes Spiel für 1-2 Spieler mit einem Cartoon-Feeling. Jetzt mit Armen, Gesicht und Beinen ausgestattet, muss Pac eine Fee zurück zu ihrem Zuhause im Feenland führen, aber diese Aufgabe wird nicht einfach sein, da Inky, Blinky, Pinky, Clyde und Sue Pac-Man auf seiner Reise verfolgen werden Pac-Land. Als er die Fee schließlich zu sich nach Hause bringt, bekommt Pac ein paar magische Schuhe, die ihm helfen werden, zu seinem eigenen Zuhause zu gelangen, wo er von seiner Familie begrüßt wird: Ms. Pac-Man, Baby Pac-Man, Chomp Chomp , und Sourpuss. Es sind sechzehn Runden mit jeweils vier Fahrten zu absolvieren. In jeder Runde kann er sich ein Power-Pellet schnappen, wodurch Geister blau werden und Pac-Man sie für Punkte fressen kann. Punkte werden auch durch das Sammeln von Früchten vergeben, die erscheinen, wie Kirschen und Erdbeeren. In einigen Runden muss Pac ein Sprungbrett benutzen, um über einen See zu springen. Außerdem muss er es bis zum Ende jeder Runde schaffen, bevor die Zeit abläuft, sonst wird ihn ein Geist verfolgen.
Pachio-kun - Juuban Shoubu (Japan)	Pachiokun: Juban Shobu ist ein Rollenspiel-Abenteuer, das in Form einer Reihe von Pachinko-Spielen gespielt wird.
Parasol Stars - The Story of Bubble Bobble III (USA)	Diese Fortsetzung von Rainbow Islands sieht eine Rückkehr zum Gameplay von Bubble Bobble, aber mit Bub und Bob in ihren jetzt menschlichen Formen. Die Jungs müssen eine Reihe von Bildschirmen von Bösewichten räumen – die etwas esoterischere Formen annehmen als die wütenden Raupen von Rainbow Islands – und wieder eine ganze Reihe von Power-Ups aufsammeln. Aber diesmal sind sie mit Regenschirmen bewaffnet! Oh, okay, dann Sonnenschirme...
Parodius Da! - Shinwa kara Owarai e (Japan) (En)	Parodius parodiert Gradius und alle Spiele dieser Art und ist ein Shoot'em-up auf Turbografx. Sie haben die Wahl zwischen vier fliegenden Kreaturen und Objekten und müssen aus der Seitenansicht durch die Level navigieren und auf alles schießen, was sich bewegt. Der Parodie-Aspekt ermöglicht es, die futuristischen und tragischen Universen durch fantasievolle Feinde und Welten voller Farben zu ersetzen.
Populous (Japan) (En)	Populous ist ein Strategiespiel, mit dem du dich in die Lage eines Gottes versetzen kannst. Kommandiere eine Zivilisation und besiege die Bevölkerung anderer Gottheiten. Als Gott kannst du in über 500 Welten nach Belieben Landformen ändern, Zauber wirken, Truppen befehligen und Helden erschaffen, um dein Volk zu beeinflussen.
Power Drift (Japan) (En)	Wollten Sie schon immer mit Dünenbuggys auf verschiedenen Strecken mit hoher Geschwindigkeit Rennen fahren? Power Drift ist ein Arcade-Rennspiel, das Ihnen die Möglichkeit dazu bietet. Es stehen 5 Strecken mit jeweils 5 Etappen zur Auswahl. Die Etappen reichen von Städten über Wüsten bis hin zu Strecken über Wasser. Außerdem stehen 12 Fahrer zur Auswahl, von Geschäftsleuten bis hin zu Skinheads und Mohikanern. Ihr Buggy verfügt über 2 Gänge, hoch und niedrig. Sobald die Ampel auf Grün schaltet, treten Sie einfach weiter aufs Pedal. Sie müssen den dritten oder höheren Platz belegen, um zur nächsten Stufe zu gelangen. Achten Sie darauf, nicht mit anderen Kinderwagen oder Gegenständen am Straßenrand zusammenzustoßen. Auch wenn Sie mit einem Buggy einiges aushalten können, werden Sie bei einem Unfall langsamer. Schließe alle 5 Level in einem Level ab und du erhältst ein Bonuslevel.
Power Eleven (Japan)	Power Eleven ist ein Top-Down-Fußballspiel mit drei Spielmodi: Mehrspielermodus, Elfmeterschießen (dargestellt von der Rückseite des transparenten Torwarts) und einem Turniermodus. Letzterer ist der Hauptmodus für Solospieler und umfasst zwölf Fußballnationalmannschaften.
Power Gate (Japan)	Pack-In-Video war nicht der beste Publisher für das PC Engine-System und hier sind sie zurück mit dem Horizontal-Shooter Power Gate. Der Spieler übernimmt die Kontrolle über ein High-Tech-Kampfflugzeug und fliegt durch Schluchten, feindliche Städte und riesige Schlachtkreuzer. Das Kampfflugzeug beginnt mit einer einfachen und langsamen Vulkankanone, die im Laufe des Spiels aufgerüstet werden kann, indem blinkende Feinde, oft in Form von Flugzeugen oder Raketen, zerstört werden. Es sind auch andere Power-Ups verfügbar, wie Bodenbomben oder Energiezellen, die einen der Schildbalken Ihres Flugzeugs wiederherstellen. Ihr Kampfflugzeug kann jedoch auch eine Sekundärwaffe tragen. Es gibt sechs davon, darunter Zielsuchraketen, Napalmbombe, 8-Wege-Raketen und sogar eine interessante Option, die Ihr Flugzeug widerspiegelt und seine Feuerkraft verdreifacht. Diese Sekundärwaffen werden über den anderen Aktionsknopf ausgelöst, sie können wie die anderen Gegenstände eingesammelt und aufgestockt werden.
Power Golf (USA)	Power Golf wird hauptsächlich mit einer Draufsicht auf jedes Loch und einer 3rd-Person-Perspektive zum Schlagen des Balls gespielt. Es gibt auch Zähl- und Lochspiel und einen Wettkampfmodus für bis zu drei Spieler. Das Ziel des Spiels ist einfach das des Golfs: Den Platz mit den wenigsten Schlägen und der niedrigsten Punktzahl zu absolvieren. Spielmodi: Stroke Play - Regulärer Modus, bei dem der Wettbewerb auf der Gesamtzahl der Schläge basiert, natürlich mit der niedrigsten Anzahl, gewinnt. Match Play – Dieser Modus kann gegen den Computer oder einen anderen Spieler gespielt werden. Die Spieler kämpfen um jedes Loch oder, im Club Match, um die Schläger der anderen. Competition - Dies ist der Drei-Spieler-Modus. Das Spiel funktioniert in Form eines Wettbewerbs und wird für Spieler mit unterschiedlichen Fähigkeiten empfohlen. Fahr- und Pin-Wettbewerbe sind ebenfalls in diesem Modus enthalten.
Power League '93 (Japan)	Rieche das frisch gemähte Grass, höre auf den Unparteiischen und bereite dich vor, auf Welt bekannte Baseball Action! Power League '93 ist ein großartiges Sport Adventure durch die Internationale Baseball Season von 1993! Wähle dein Team und besiege den Computer, übernehme jeden Aspekt des Wunderbaren Spiels - von der Abwehr, dem Ballwurf und befördere den Ball aus dem Feld.
Power League 4 (Japan)	Stellen Sie Ihre erstklassigen Baseballfähigkeiten auf die Probe, indem Sie gegen die besten Teams der Welt antreten! Spielen Sie in einer fiktive Liga und schlagen Sie alle Teams.
Power League 5 (Japan)	Stellen Sie sich auf den Weg, bereiten Sie sich vor und schwingen Sie den Schläger mit aller Kraft, damit die Welt erfährt, wie ein echter Profi den Ball spielt! Als wichtiger Teil der Baseball-Action übernehmen Sie die Kontrolle über Ihr Team und jeden Aspekt des großartigen Spiels – vom Feldspiel über das Pitching bis hin zum Schlagen – und schlagen dann Homeruns, damit Ihre Spieler große Punkte erzielen und die Welt des professionellen Baseballs im Sturm erobern können!
Power League II (Japan)	Nehmen Sie an der Action eines Baseball Spieles teil. Schlage alle anderen Teams und werde Baseball-Weltmeister.
Power League III (Japan)	Die fantastische Power League III ist das komplette Baseball-Erlebnis, verpackt in diesem erstaunlichen Titel. Werden Sie ein echter Baseball-Superstar, indem Sie Ihr Team auswählen und sich dann ins Oval begeben, um sich mit Schlägen, Pitches und Fields den Sieg über die besten Teams der Welt zu sichern! Tauchen Sie völlig in das Spiel ein und spüren Sie jede Bewegung des Spielers, während er den Ball aus dem Park schlägt!
Power Tennis (Japan)	Dieses Tennisspiel bietet die Modi Einzel, Doppel und World Tour. Sie haben die Wahl zwischen 26 Spielern mit der Hälfte der Spielerzahl. Jeder dieser Spieler hat seine eigenen Spezialisierungen: Aufschlag-Volley, Unterzahlspiel, Rechtsausleger. Es stehen drei Arten von Plätzen zur Verfügung: Hart-, Rasen- und Sandplätze.
Pro Yakyuu World Stadium '91 (Japan)	Dieses Spiel mit seinen extrem deformierten Charakteren hat eher Arcade-Stil als eine ernsthafte Simulation des Sports. Der Spieler kann die Mannschaften vor den Spielen jederzeit anpassen, und es können maximal vier menschliche Spieler pro Spiel sein. Der Spieler kann auch zwei CPU-Gegner beobachten, die sich gegenseitig herausfordern.
Pro Yakyuu World Stadium (Japan)	An dem Spiel sind zehn Teams beteiligt – neun basieren frei auf Proficlubs des japanischen Baseballs und das Namco-Team, dessen Liste mit Charakteren aus den älteren Namco-Spielen gefüllt ist. Weder die Teams noch die Namen sind lizenziert (was erst 1992 der Fall war), und einige der Teams sind Zusammenschlüsse echter Vereine – das „R“-Team, Abkürzung für „Railways“, besteht aus einer Mischung von Spielern der drei Clubs im Besitz von Eisenbahnunternehmen: die Kintetsu Buffaloes (2004 verschwunden), die Nankai Hawks (jetzt Fukuoka Softbank Hawks) und Hankyu Braves (jetzt Buffalo Orix). Es gibt auch einige versteckte Teams, auf die über ein Passwort zugegriffen werden kann.
Psycho Chaser (Japan) (En)	Psycho Chaser ist ein wandelnder Shooter. Wie bei Pocky & Rocky oder Rambo III siehst du deinen Charakter von oben in einer vertikalen Aufnahme. Dieses Mal spielst du als Roboter. Sie haben mehrere Schussarten, die Sie nach Belieben ändern können, indem Sie den zweiten Knopf drücken – der erste dient natürlich zum Strafen. Jede der vier Waffen, die Ihnen zur Verfügung stehen, hat ihre eigenen Fähigkeiten, vor allem den Schusswinkel. Tatsächlich kommen Wellen von Feinden von allen Seiten und der richtige Schuss ist oft die einzige Rettung, um zu entkommen. Zwischen den Levels sammelst du Erfahrungspunkte, mit denen du die Kraft deiner Waffen im RPG-Stil steigern kannst.
Psychosis (USA)	Irgendetwas stimmt nicht mit deinem Gehirn. Es wird vom Teufel Ugar höchstpersönlich übernommen! Ihre einzige Möglichkeit besteht darin, sich gegen diese feindliche Invasion zu wehren. Zum Glück hat Ihr Verstand die ultimative Waffe geschaffen: ein Schiff, mit dem Sie die fünf Ursachen (Stufen) navigieren und die bösen Diener des Teufels zurückschießen können. Es ist Ihre einzige Hoffnung, Ihre letzte Chance, Ihren Geist von diesem bösen Einfluss zu befreien. Psychosis ist ein Side-Scrolling-Shooter, bei dem jedes Level einen anderen Ort in deinem Kopf darstellen soll. Einer sieht aus wie der Himmel, ein anderer voller Wasserpflanzen, einer mit Tetris-Blöcken. In diesen Phasen müssen Sie alles in Sichtweite sprengen, während Sie Power-Ups sammeln, um Ihre Waffe und Ihren Schild zu verbessern. Sie können zwei schwimmende Kugeln erhalten, die mechanischen Augen ähneln und um 360 Grad um Ihr Schiff herum gerichtet werden können, um entweder als Schild zu fungieren oder Ihre Waffe zu lenken. Kämpfe dich durch jede Stufe und besiege den Boss am Ende und schließlich kämpfst du gegen den Teufel höchstpersönlich.
Puzzle Boy (Japan)	Du befindest dich in einem Raum und musst den Ausgang erreichen, der sich auf der anderen Seite befindet. Hier sind verschiedene Hindernisse auf deinem Weg angeordnet welche du bewegen musst um einen Durchgang zu öffnen. Je weiter du im Spiel kommst, desto komplexer werden die Rätsel und es besteht die Gefahr stecken zu bleiben. Außerdem muss man in manchen Räumen schnell überlegen, weil die Zeit knapp wird.
Puzznic (Japan) (En)	Die Herausforderung in jedem Level von Puzznic besteht darin, eine Auswahl von Blöcken an ihren Platz zu manövrieren, um sie alle zu beseitigen, indem man sie mit Blöcken desselben Designs in Kontakt bringt. Sie steuern ein Fadenkreuz, das einen Block nach links oder rechts bewegen kann, was dazu führen kann, dass er herunterfällt, wenn sich unter dem Platz, den er einnehmen würde, kein Block befindet. Es gibt viele Komplikationen beim Lösen der Level. Das Verschieben von Plattformen bedeutet, dass Sie einen Block zu einem bestimmten Zeitpunkt oder in einer bestimmten Reihenfolge verschieben müssen, um zu verhindern, dass er blockiert wird. In manchen Situationen gibt es eine ungerade Anzahl einer bestimmten Art von Blöcken – um diese zu lösen, müssen zwei der Blöcke einen Abstand voneinander entfernt positioniert werden, so dass ein Zug dazu führt, dass eine Figur mit zwei anderen in Kontakt kommt und sofort alle drei entfernt. Das wird passieren stoßen auch auf Blöcke, die auf im Raum schwebenden Plattformen positioniert sind, und auf Lücken in der Ebenenanordnung, was bedeutet, dass eine bestimmte Anzahl von Blöcken vorhanden sein muss, um eine bestimmte Bewegung zu ermöglichen (z. B. durch Bildung eines Stapels).
R-Type (USA)	R-TYPE – einer der beliebtesten Arcade-Shooter aller Zeiten in einer pixelgenauen Umsetzung! Zerstörte POW-Kapseln setzen eines von sechs verschiedenen Extra-Items zum Aufrüsten des eigenen R-9-Jägers frei. Die Force, ein hoch entwickeltes Angriffsmodul, ist ein unerlässliches Hilfsmittel im Kampf gegen die außerirdische Bedrohung: Geschickte Piloten koppeln sie von ihrem R-9 ab und schicken sie auf Gegnerjagd oder bestücken sie mit zahlreichen Extrawaffen wie Reflektor-Laser, Luft-Boden- oder Flugabwehrraketen. Ein längerer Druck auf den Feuerknopf aktiviert die Beam-Kanone: Wer es schafft, diese mächtige Wunderwaffe lange genug aufzuladen, entfesselt einen Energiestoß, in dem jeder Widerstand verglüht! Die unbestrittenen Höhepunkte dieses Meisterwerks sind die bildschirmfüllenden Endgegner und der legendäre dritte Level, in dem der Spieler allein gegen ein monströses Schlachtschiff bestehen muss.
R-Type I (Japan) (En)	R-TYPE – einer der beliebtesten Arcade-Shooter aller Zeiten in einer pixelgenauen Umsetzung! Zerstörte POW-Kapseln setzen eines von sechs verschiedenen Extra-Items zum Aufrüsten des eigenen R-9-Jägers frei. Die Force, ein hoch entwickeltes Angriffsmodul, ist ein unerlässliches Hilfsmittel im Kampf gegen die außerirdische Bedrohung: Geschickte Piloten koppeln sie von ihrem R-9 ab und schicken sie auf Gegnerjagd oder bestücken sie mit zahlreichen Extrawaffen wie Reflektor-Laser, Luft-Boden- oder Flugabwehrraketen. Ein längerer Druck auf den Feuerknopf aktiviert die Beam-Kanone: Wer es schafft, diese mächtige Wunderwaffe lange genug aufzuladen, entfesselt einen Energiestoß, in dem jeder Widerstand verglüht! Die unbestrittenen Höhepunkte dieses Meisterwerks sind die bildschirmfüllenden Endgegner und der legendäre dritte Level, in dem der Spieler allein gegen ein monströses Schlachtschiff bestehen muss.
R-Type II (Japan) (En)	Erstens sind R-Type I und II keine zwei verschiedenen Spiele. Tatsächlich vereint R-Type I die ersten vier Level des Arcade-R-Type, R-Type II vereint daher die letzten vier. Warum haben Sie dieses legendäre Shooting in zwei separate Spiele aufgeteilt? Vielleicht aus Platzmangel auf den Hucards, vielleicht aber auch aus sehr verständlichen kommerziellen Gründen. Dieses Spiel ist eine der besten existierenden Versionen dieses legendären Shoot'em Ups, es ist auf allen Ebenen sehr originalgetreu. Es gibt einige kleine Änderungen, die die technologische Leistungsfähigkeit der Konsole unter Beweis stellen sollen: Die Sprites sind größer als in der Spielhalle, ebenso das Aktionsfeld, was dazu führt, dass ein kleiner vertikaler Bildlauf vorhanden ist, der unserem Schiff folgt und im Original fehlt Ausführung; Die Aktion ist endlich noch schneller. Ansonsten gilt: Bleibt der Schwierigkeitsgrad bei R-Type I angemessen, ist er bei R-Type II deutlich höher.
Rabio Lepus Special (Japan)	Ein als Hase verkleideter Hase, der zu Hilfe eilt, um seinen König und seine Königin zu retten, ist ein weiteres völlig dummes Spiel, aber letztendlich ziemlich interessant zu spielen. Wie das „Special“ im Titelnamen andeutet, handelt es sich bei Rabio Lepus Special um eine etwas überarbeitete Version des Arcade-Originals. So kommen wir von zwölf auf sechs Stufen. Seien Sie jedoch vorsichtig, am Ende haben wir nicht die Hälfte des Spiels (wie zum Beispiel bei den NEC-Versionen von R-Type), sondern eine Mischung aus dem gesamten Originalspiel, wobei jedes Level Zutaten aus mehreren Levels des Originalspiels enthält.
Racing Damashii (Japan)	Diese App, auch Racing Spirit genannt, versetzt uns in die Lage eines Motorradrennfahrers. Im Gegensatz zu einem Titel wie Segas Hang-On ist dies ein Spiel mit Fokus auf Simulation.nnAufgrund unserer umfassenden Erfahrung mit Mopeds und Rollern ist der Spieler eingeladen, eines seiner zweirädrigen Autos zu fahren, um großartige Leistungen zu erzielen. Von Anfang an werden uns mehrere Modi angeboten. Der Japan-Grand-Prix-Modus ist, wie der Name schon sagt, eine Meisterschaft, die im Land der aufgehenden Sonne stattfindet. Dann kommt ein Ausdauermodus und der Testlaufmodus, der als Training dient.nnSie müssen Ihren Fahrer und Ihr Motorrad auswählen, was konfigurierbar ist, aber nicht wie gewünscht. Rahmen, Bremsen, Reifen, Motor können modifiziert werden.
Raiden (USA)	Im Jahr 2090 wird die Erde von Außerirdischen überfallen. Die World Alliance of Nations hat einen Überschall-Angriffsjäger, Raiden, entwickelt, um die Erde zu verteidigen. Ein Pilot muss die Kontrolle über das experimentelle Kampfflugzeug übernehmen, um die außerirdischen Kriegsschiffe zu zerstören, die zufällig wie seltsame Variationen typischer Militärpanzer und -flugzeuge mit daran angebrachten Geräten aussehen. Raiden (bei Genesis und SNES Raiden Trad genannt) ist ein vertikal scrollender Overhead-Shooter, der auf einem gleichnamigen Arcade-Spiel basiert. Es bietet zwei Arten von Waffen-Upgrades und zwei Arten von Raketen (normal oder zielsuchend). Sie beginnen das Spiel mit mehreren Bomben, mit denen Sie die meisten Feinde auf dem Bildschirm zerstören können, um sich aus einem Stau zu befreien. Jedes Level endet mit einem großen Boss oder Bossen.
Rastan Saga II (Japan) (En)	Rastan Saga II ist ein Action-/Plattformspiel auf Turbografx. Eine böse Gruppe hat ein heiliges Gebäude erobert: den Wolkenkratzer und will damit die Welt erobern. Sie spielen als wilder Krieger und müssen mehrere Level durchlaufen und darauf achten, alle Ihre Feinde zu vernichten. Endbosse hinterlassen Edelsteine, die für den Fortschritt im Spiel unerlässlich sind.
Rock-On (Japan)	Sie sind ein Buster und Ihre Mission ist es, Ihr Vermögen zu machen, indem Sie in Ihrem Fluggerät auf verschiedenen Ebenen FISA (Mysterious Fortune Hidden by the Ancient People) finden. Zu Beginn sind Sie nur mit einer kleinen Kanone bewaffnet und bewegen sich langsam, aber in jedem Level sind Symbole verstreut, die Ihre Bewaffnung und Geschwindigkeit verbessern können. Dazu gehören 2-Wege, 3-Wege, Laser und Backfire. Die ganze Welt wird im Fernsehen zusehen, ob Sie Erfolg haben. Rock-On ist ein horizontales Side-Scrolling-Shooter, der sich von links nach rechts bewegt.
Ryuukyuu (Japan)	Solitaire-Poker. Das ist sicherlich eine seltsam klingende Kombination, aber genau das ist es auch. Noch interessanter wird es, wenn du feststellst, dass es auch einen Hauch von Bingo enthält. Ihr Ziel ist es, verdeckte Karten von einem der vier verschiedenen Stapel zu ziehen und diese Karten zu fünf verschiedenen &quot;Blättern&quot; zusammenzustellen, die wie traditionelle Pokerwerte gewertet werden. Die Blätter können jedoch in jeder Kombination gewertet werden... vertikal, horizontal oder diagonal auf dem Spielbrett... (hier kommt das Bingo-Element ins Spiel).
S.C.I. - Special Criminal Investigation (Japan)	Chase-Hauptquartier II: Special Criminal Investigation auf TurboGrafx bietet die gleiche Mischung aus Action und Rennen wie der erste Teil. Sie müssen die Autos von fünf Verbrechern finden und anhalten. Das Profil der Verdächtigen wird vor jeder Mission definiert und Ihre Aufgabe besteht darin, sie im Verkehr zu finden. Um sie festzunehmen, schlagen Sie unter Einhaltung des Zeitlimits so auf ihre Fahrzeuge ein, dass sie die Kontrolle verlieren.
Sadakichi Seven - Hideyoshi no Ougon (Japan)	Adakichi Seven: Hideyoshi no Ougon ist ein Text-Abenteuerspiel über die alberne Geschichte einer Organisation namens N.A.T.T.O (Natto ist ein japanisches Gericht) und eines Spionageführers, der entschlossen ist, sie zu stoppen. Im Laufe des Spiels werden mehrere Anspielungen auf das 007-Franchise gemacht, darunter die Eröffnungsszene aus dem Lauf einer Waffe und der Held, der seinen Hut auf einen Garderobenständer wirft.
Salamander (Japan) (En)	Salamander (LifeForce auf anderen Systemen) ist ein Shooter auf der PC Engine. An Bord Ihres schwer bewaffneten Schiffes müssen Sie die Level durchfliegen und alles abschießen was sich Ihnen in den Weg stellt, bis Sie beim Endgegner ankommen. Durch die Multiplayeroption können zwei Spieler gleichzeitig spielen.
Samurai-Ghost (USA)	Im Jahr 1192 ist die Dunkelheit des Minamoto-Clans gekommen und breitet sich über Japan aus. Das Land wird verwüstet, und nur ein Mann des verlorenen Heike-Clans kann aus den Tiefen der Hölle zurückkehren, um dem Einhalt zu gebieten. Sein Name ist Taira no Kagekiyo. Die Geschichte von Genpei Touma Den dreht sich angeblich um den historischen Genpei-Krieg aus der japanischen Geschichte und beinhaltet, dass Taira no Kagekiyo gegen den bösen Minamoto no Yoritomo und den Minamoto-Clan in ganz Japan kämpft. Das Spiel bietet drei Spielmodi: &quot;Side Mode&quot;, ein kleiner Action-Plattformabschnitt; &quot;Big Mode&quot;, eine groß angelegte Kampfsektion, vergleichbar mit dem Taito-Coin-Op-Gladiator und &quot;Flat Mode&quot;, ein Abschnitt mit Draufsicht. In allen drei Abschnitten besteht das Ziel darin, Feinde zu zerstören, Gegenstände zu sammeln und das Ende zu erreichen, bevor der Lebensbalken (dargestellt durch brennende Kerzen) erschöpft ist.
Sekigahara (Japan)	Sekigahara ist eine Hex-basierte Strategie-Kriegssimulation, die von Tonkin House veröffentlicht wurde. Das Spiel ist nach der Schlacht von Sekigahara benannt und stellt diese dar, die später das Tokagawa-Shogunat gründete und die Sengoku-Ära Japans beendete. Die Spieler bewegen ihre verschiedenen Samurai-Einheiten abwechselnd, während sie ihre Armeen für einen entscheidenden Kampf aufstellen.
Sengoku Mahjong (Japan)	Sengoku Mahjong ist ein Mahjong-Spiel, das im feudalen Japan spielt. Es gibt 12 verschiedene Gegner und zwei verschiedene Spielmodi. Im normalen Modus wählt der Spieler 3 Gegner aus und spielt Mahjong gegen alle gleichzeitig. Im Kampfmodus zielt das Spiel darauf ab, die Welt zu vereinen, indem man ein Kriegsherr wird und gegen alle anderen spielt.
Shanghai (Japan)	Shanghai ist eine Videospieladaption des Spiels Mahjong. Dies ist die erste Adaption dieser Art! Dieses chinesische Puzzlespiel verwendet 144 Kacheln mit unterschiedlichen Symbolen. Das Ziel besteht darin, sie unter der Bedingung mehrerer Regeln zu entfernen: Die Kacheln werden in identischen Paaren und nur dann entfernt, wenn sie nahe genug beieinander liegen. Shanghai generiert zufällige Spielbretter, wenn Sie ein neues Spiel starten.
Shinobi (Japan)	Sie steuern einen Ninja, Shinobi, der sich auf der Suche nach Geiseln, die es zu retten gilt, durch jedes Level kämpfen muss. Du hast Shuriken, Tritte und Schläge, mit denen du dich verteidigen kannst. Sowie die mächtige Ninja-Magie, die den Bildschirm auf einmal von Feinden befreien kann. Jedes Level ist in kleinere Szenen unterteilt und Geiseln werden von großen Kerlen bewacht, die Schwerter werfen. Achten Sie auf bewaffnete feindliche Handlanger und Ninjas. Wenn Sie das Ende jedes Levels erreichen, müssen Sie gegen einen Boss antreten. Diese reichen von 8-Fuß-Riesen bis hin zu Kampfhubschraubern.
Shiryou Sensen - War of the Dead (Japan)	Das Spielprinzip ist einfach: Sie laufen über eine Karte, durchqueren verschiedene Dungeons oder Wälder und werden zufällig von Gegnern angegriffen, die den Kampfbildschirm erscheinen lassen. Wie bei Zelda 2 werden die Kämpfe von links nach rechts oder von rechts nach links ausgetragen, wobei Sie jederzeit die Möglichkeit haben, vom Ende des Bildschirms aus zu fliehen. Vom Prinzip her sind das zweite Famicom-Zelda und das Spiel auf der Nec-Konsole also sehr ähnlich. Die Unterschiede liegen vor allem in der Wahl der Waffen. So haben Sie in Shiryô Sensen die Möglichkeit, Pistolen oder andere Gewehre zu benutzen, während das Nintendo-Spiel sich auf ein Schwert beschränkt (das zudem kaum magisch ist!). Da die PC-Engine wesentlich leistungsfähiger ist als das Famicom, sind die Grafiken und der Spielfluss der beiden Spiele nicht vergleichbar, sondern auf der Nec-Konsole viel angenehmer.
Shockman (USA)	In der Fortsetzung von Kaizou Choujin Shubibinman übernimmt der Spieler erneut die Rolle von Cyborg Tasuke oder Kyapiko (für ihr US-Debüt in Arnold und Sonya umbenannt), um sich einer außerirdischen Bedrohung der Welt zu stellen. Beide Cyborgs haben ihre Energieklingen gegen Fernkampfangriffe eingetauscht, die das Tempo des Spiels ein wenig verändern, aber dennoch ein aktionsorientiertes, seitwärts scrollendes Plattformspiel bleiben, bei dem es Ihr Ziel ist, die Bühne von allen Feinden und Bossen zu säubern, während Sie welche einsammeln Power-Ups, die dir bei deiner Suche helfen können. Das Spiel macht einen linearen Fortschritt von Stufe zu Stufe, wobei die Weltkarte des Originals sowie der Kauf von Upgrades zwischen den Levels verloren gehen (da &quot;Doc&quot;, der Erfinder beider Cyborgs und Anbieter von Upgrades, von den Außerirdischen entführt wurde), obwohl neu Shooter-Phasen hinzugefügt wurden, um die Dinge aufzupeppen.
Shougi Shodan Icchokusen (Japan)	Shogi Shodan Icchokusen („Shogi First-Dan Straight Line“) ist ein Shogi-Spiel für die PC Engine, das 1990 von Home Data (das 1993 in Magical Company umbenannt wurde) veröffentlicht wurde. Das Spiel verfügt über zwei Modi: Im Standardmodus werden verschiedene NPCs gespielt beim Shogi auf verschiedenen Schwierigkeitsgraden. Im Story-Modus spielt man eine Kampagne als legendärer japanischer Volksheld Momotaro, während er beim Shogi mit Oni und anderen Feinden konkurriert. In diesem Modus wechselt der Cursor des Spielers zu Momotaros Hundebegleiter.
Shougi Shoshinsha Muyou (Japan)	Shogi-Spiel (japanisches Schach), komplett auf Japanisch.
SideArms (USA)	Side Arms hat seinen Ursprung in den Spielhallen und ist ein horizontal scrollendes Shooter-up, in dem Sie Lieutenant Henry steuern (in einigen Versionen kann ein zweiter Spieler Sergeant Sanders steuern), der mit primitiven Waffen und schützenden Overalls bewaffnet ist. Sie müssen die Erde vor den Söldnern von Bozon retten. Sie müssen zuerst die Territorien von Bozon erreichen und dann seine in Höhlen versteckten und in unterirdischen Meeren lauernden Streitkräfte auslöschen, bevor Sie das Hauptinvasionsschiff zerstören. Viele zusätzliche Waffen können abgeholt werden, oft mit ähnlichen Token wie 1943 und einigen anderen Capcom-Titeln. Die meisten Waffen können entweder nach links oder rechts geschossen werden, was Ihnen mehr Reichweite zum Starten von Angriffen gibt.
Silent Debuggers (USA)	Auf der Suche nach Schätzen treffen ein Debugger und sein Kumpel Leon an einer verlassenen Frachtstation auf Monster. Silent Debuggers ist ein Actionspiel aus der Ego-Perspektive. Das Spiel schreitet in Echtzeit voran, aber die Bewegung schreitet in festen Schritten fort, wie in vielen First-Person-Dungeon-Spielen. Feinde werden mit einem Fadenkreuz anvisiert, das über den Bildschirm bewegt werden kann. Bekämpfe Monster mit einer Vielzahl von Waffen und schütze die wertvollen Wirtschaftsräume rund um das Zentrum der Station davor, von Monstern abgeschnitten zu werden, während du durch die einzelnen Level der Station vorrückst. Von Leon bereitgestellte Tools verleihen dem Spieler besondere Fähigkeiten.
Sindibad - Chitei no Daimakyuu (Japan)	Sindibad: Chitei No Daimakyuu („Sinbad und der große unterirdische Tempel“) ist ein von IGS veröffentlichtes Rollenspiel, dessen Entwickler derzeit jedoch unbekannt ist. Der Titelbildschirm erwähnt eine unbekannte Firma namens „Game Princess“. Darin ist der mythische Held Sindbad zu sehen und die Kulisse hat ein arabisch-nordafrikanisches Thema. Das Spiel spielt sich ähnlich wie Dragon Quest und viele andere frühere JRPGs auf der Konsole, in denen der Spieler eine Gruppe von Abenteurern verwaltet und Feinde durch rundenbasierte, menübasierte Kämpfe bekämpft.
Sinistron (USA)	Sinistron ist ein Side-Scrolling-Shooter ähnlich wie R-Type, hat aber ein einzigartiges Waffensystem, in dem Sie Ihre Schilde öffnen und schließen können, um Ihre Feuerkraft zu verbessern, auf Kosten der Verwundbarkeit Ihres Schiffes. Es gibt auch verschiedene Powerups, die Sie aufheben können, wie Raketen und verschiedene Arten von Lasern. Die Handlung im Spiel ist laut Anleitungsheft nicht wirklich klar. Anscheinend ist etwas namens &quot;Sinistron&quot; in Ihren Quadranten der Galaxie eingedrungen und Sie müssen ihn sprengen, nur weil. Dieses Spiel hat große feindliche Sprites und große Boss-Charaktere. Die Level finden hauptsächlich im Weltraum und in fremden Umgebungen statt. Einige der Sprites sind Macross-ähnliche Mechs. Die japanische Version, &quot;Violent Soldier&quot;, hatte etwas andere Grafiken.
Skweek (Japan) (En)	Die Skweek lebten jahrhundertelang in Harmonie, ein von Natur aus friedliches Volk, bis Pitark kam. Er ruinierte ihr leuchtend rosafarbenes Land, indem er die Farbe entfernte, und erst nach seinem Tod hatten sie die Gelegenheit, das Land zu säubern. Ihre Aufgabe ist es, durch die Kontinente zu reisen und jeden einzelnen zu säubern. Skweek kann sich in alle vier Richtungen bewegen und ist mit einer einfachen Pistole bewaffnet, deren Schüsse abprallen, bevor sie die Feinde treffen: die Schnoreuls (mit denen ein Kontakt sofort tödlich ist). Einige Felder enthalten Pfeile, die dich in eine bestimmte Richtung zwingen, es gibt auch Blöcke, denen du ausweichen musst. Bombenblöcke lassen die umliegenden Blöcke explodieren. Abkürzungsblöcke ermöglichen es Ihnen, sich zu einem anderen teleporterähnlichen Block zu bewegen.
Soldier Blade (USA)	Ein Top-Down-Science-Fiction-Shooter, in dem Sie in einem fortschrittlichen Sternenjäger in die Lüfte mehrerer Planeten aufsteigen, um eine Alien-Invasion auszurotten. Soldier Blade gibt Ihnen die direkte Kontrolle über einen Starfighter, während Sie sich durch jede von Feinden befallene Phase kämpfen. Diesmal sind Sie jedoch nicht allein im Kampf, da ein kleiner Mecha Ihrem Kämpfer jederzeit folgt und in regelmäßigen Abständen Deckung und unterstützende Feuerkraft bietet. Das Spiel bietet auch ein einzigartiges Waffensystem mit drei anpassbaren Waffengehäusen, in denen Sie jede der verschiedenen verfügbaren Waffentypen montieren können. Zusätzlich können Sie jede Ihrer Kapseln opfern, um „optionale“ Satelliten, Bomben und andere Superbewegungen einzubauen, abhängig von der Kombination aus Kapsel und Waffe, die Sie ausgerüstet haben.
Soldier Blade - Special Version (Japan) (En)	Ein Top-Down-Science-Fiction-Shooter, in dem Sie in einem fortschrittlichen Sternenjäger in die Lüfte mehrerer Planeten aufsteigen, um eine Alien-Invasion auszurotten. Soldier Blade gibt Ihnen die direkte Kontrolle über einen Starfighter, während Sie sich durch jede von Feinden befallene Phase kämpfen. Diesmal sind Sie jedoch nicht allein im Kampf, da ein kleiner Mecha Ihrem Kämpfer jederzeit folgt und in regelmäßigen Abständen Deckung und unterstützende Feuerkraft bietet. Das Spiel bietet auch ein einzigartiges Waffensystem mit drei anpassbaren Waffengehäusen, in denen Sie jede der verschiedenen verfügbaren Waffentypen montieren können. Zusätzlich können Sie jede Ihrer Kapseln opfern, um „optionale“ Satelliten, Bomben und andere Superbewegungen einzubauen, abhängig von der Kombination aus Kapsel und Waffe, die Sie ausgerüstet haben.
Somer Assault (USA)	Somer Assault ist ein schwer zu beschreibendes Spiel. Darin steuerst du einen rosafarbenen Slinky-Charakter mit daran befestigten Waffen. Sie bewegen sich durch Labyrinthe, klettern an Wänden, an der Decke, durch Abkürzungen und versuchen, den Weg zum Ende zu finden. Auf dem Weg müssen Sie viele, viele Feinde abschießen. Und am Ende wartet eine böse Boss-Überraschung. Die Geschichte ist skurril, was zum Konzept des Spiels passt. Eine Zauberin hat Pläne, die Welt zu beherrschen. Dazu hat sie 12 Bestien beschworen, die jeweils auf einem Tierkreiszeichen basieren. Es liegt an dir, Pink Slinky, die 12 astrologischen Zeichen zu besiegen.
Son Son II (Japan)	In diesem Plattformspiel, das lose auf dem klassischen chinesischen Roman Xi You Ji basiert, übernehmen die Spieler die Kontrolle über Son Goku, der seine Freunde vor einem mysteriösen Bösewicht retten muss. In sieben Levels muss Son Goku verschiedene Sprungrätsel bestehen, Feinde mit seinem Stab bekämpfen und Geld in Form von Früchten sammeln. Unterwegs kann er verschiedene hilfreiche Gegenstände einsammeln, die entweder in Geschäften gekauft oder in den Levels versteckt gefunden werden können. Dazu gehören: Medikamente, die die Gesundheit von Son Goku wieder auffüllen, eine magische Lampe, die es ihm ermöglicht, weiterzumachen, nachdem er ein Leben verloren hat, Schlüssel, die Türen öffnen, ein Handschuh, der bestimmte Wände durchbricht, und eine Wolke, mit der Son Goku in Bosskämpfen fliegen kann. Darüber hinaus kann Son Goku längere und stärkere Stäbe kaufen, wenn er jemanden findet, der sie verkauft.
Sonic Spike - World Championship Beach Volleyball (USA)	Sonic Spike ist ein Beachvolleyballspiel. Der Spieler schlüpft in die Rolle einer Volleyballmannschaft mit zwei Athleten (die unterschiedliche Stärken und Nachteile haben) und versucht, ein Turnier zu gewinnen. Der zweite Athlet kann auch von einem zweiten menschlichen Spieler gespielt werden. Die Steuerung bietet keine Überraschungen: Die Spieler bewegen einen Athleten über das Feld und verwenden zwei Knöpfe zum Springen und Schlagen. Auch Einzelspieler müssen zwischen den beiden Athleten wechseln.
Space Harrier (USA)	Rennen? Fliegen? Weiche den Hindernissen aus, bereite dich auf die Angriffswellen der Aliens mit geballter Feuerkraft vor. Ausgerüstet mit einer verdammt großen Waffe und einem messerscharfen Verstand verteidigst du dich gegen die außerirdischen Horden bis zum ultimativen Endgegner!nnSpace Harrier stammt ursprünglich aus der Spielhallenzene und ist ein Third-Person-Shooter mit Pseudo-3D-Grafik, der in derselben Welt spielt wie Fantasy Zone. Der einsame Titelheld bekämpft Aliens mit einer Feuerball-Kanone mit jener er sich auch in eine Rakete transformieren kann. Der Protagonist ist ständig in Bewegung, aber die Geschwindigkeit seiner Bewegung kann vom Spieler jederzeit reguliert werden. Bist du bereit gegen die Aliens anzutreten?
Space Invaders - Fukkatsu no Hi (Japan)	Die Invaders sind zurück und härter als je zuvor! Space Invaders: Fukkatsu no Hi (Tag der Auferstehung) ist ein Update des legendären Spiels von Taito. Das Spiel bietet aktualisierte Grafiken und fast ein Dutzend verschiedene Waffentypen sowie eine viel größere Auswahl an feindlichen Invasoren, die abgeschossen werden können. Ebenfalls enthalten ist ein Umbau des originalen 1978er Coin-Op.
Spin Pair (Japan) (En)	Es gibt nur wenige Konsolen, deren Spielebibliotheken keinen Tetris-Klon enthalten. Und mit Spin Pair ist die PC Engine keine Ausnahme von der Regel. Wer Tetris sagt, sagt Gegenstände, die in einen Tank fallen. Bei Spin Pair handelt es sich um paarweise gruppierte geometrische Formen, ein bisschen wie Dominosteine. Jede Form hat einen schattierten Teil und einen hellen Teil. Ziel ist es, Objekte gleicher Form zusammenzubringen, deren Schattierung sich gegenseitig ergänzt. Die beiden Teile passen dann ineinander und verschwinden. Wenn Objekte fallen, können Sie die Position der Schatten ändern und die beiden Teile austauschen.
Spiral Wave (Japan)	Der Spieler steuert ein Raumschiff zu verschiedenen Planeten, unterhält sich mit den einheimischen Außerirdischen und kämpft gelegentlich gegen sie. Das Spiel hat einen Teil, der im Cockpit des Schiffs stattfindet, wo Entscheidungen getroffen werden, und einen Shoot-'em-up-Teil. Durch den Kampf gewinnt der Spieler Energie, die er für die Modernisierung seines Schiffes verwenden kann.
Splatterhouse (USA)	Splatterhouse ist das erste Spiel der Reihe, aber erst das zweite Spiel, das auf einer Heimkonsole erscheint (nach Splatterhouse: Wanpaku Graffiti auf dem NES), das später auf SEGA Genesis fortgesetzt wurde. Rick und seine Freundin Jennifer betreten das West Mansion (bekannt als Splatterhouse), um für ein Schulprojekt Dr. Wests Lehren in Parapsychologie zu studieren. Nach einem Blitz und einem Schrei ist Jennifer verschwunden und Rick trägt nur noch die Terrormaske, die dem Träger große Kraft verleiht. Rick muss sieben blutgetränkte Level voller Leichen, Dämonen und anderer verstörender Kreaturen in diesem Side-Scrolling-Arcade-Beat-Em-Up überleben. Mehrere Waffen stehen Rick im ganzen Haus zur Verfügung, darunter ein Fleischerbeil, ein Zweimalvierer und eine Schrotflinte. Wenn Rick Jennifer lebend finden will, muss er sich schnell durch die Stockwerke der Villa bewegen … denn ein glückliches Wiedersehen ist nicht immer garantiert.
Stratego (Japan)	Das Brettspiel Stratego ist eine aufwändigere Version von Capture the Flag. Jeder Spieler beginnt mit 40 Teilen; Bestehend aus der Flagge, 5 Bomben und einer Auswahl von 9 Arten von Militäreinheiten. Nachdem diese platziert wurden, ist jeder Spieler an der Reihe.
Street Fighter II' - Champion Edition (Japan)	„Street Fighter II“: Special Champion Edition auf Turbografx entführt Sie in die Arena dieser neuen Version der Capcom-Saga. In diesem Kampfspiel finden Sie acht legendäre Kämpfer sowie die vier Bosse, die zu Beginn des Spiels freigeschaltet werden (Balrog, Sagat, Vega und M. Bison). Meistern Sie jede der charakterspezifischen Techniken in diesem Titel mit nervösem Gameplay und verheerenden Bewegungen.
Super Metal Crusher (Japan) (En)	Strategiespiel, bei dem Sie einen Roboter entwerfen, indem Sie verschiedenen Statistiken Punkte zuweisen, und ihn dann mit einem Gegner ausfechten lassen, während Sie zuschauen.
Super Momotarou Dentetsu (Japan)	Brettspiel basierend auf dem gleichnamigen japanischen Folklorehelden. Es ist das zweite Spiel der Momotarou Dentetsu-Reihe und das erste, das auf einer 16-Bit-Konsole – der PC Engine – veröffentlicht wird – daher das „Super“ im Titel. Mehrere Jahre nach der Veröffentlichung auf der PC Engine wurde Super Momotarou Detetsu auch auf dem Nintendo Famicom und dem Game Boy veröffentlicht. Es erhielt eine Fortsetzung in Super Momotarou Dentetsu II und eine große Anzahl von Nachfolgern. Das Spiel konzentriert sich auf das aufstrebende Immobilienunternehmen jedes Spielers und ermöglicht es den Spielern, abwechselnd ihre Züge über das Spielbrett zu bewegen, um Grundstücke, Unternehmen und Ressourcen zu kaufen. Genauso wie Monopoly oder Itadaki.
Super Momotarou Dentetsu II (Japan)	Super Momotarou Dentetsu II ist das zweite „Super“-Spiel in der langjährigen Momotarou Dentetsu-Reihe und das dritte insgesamt. Es war das erste Spiel der Serie, das auf dem Super Famicom veröffentlicht wurde: Sowohl Momotarou Dentetsu als auch Super Momotarou Dentetsu waren Famicom-Spiele (letzteres wurde jedoch wie Dentetsu II auch auf der PC Engine und dem Game Boy veröffentlicht). Die Spiele konzentrieren sich auf das aufstrebende Immobilienunternehmen jedes Spielers und ermöglichen es den Spielern, abwechselnd ihre Züge auf dem Spielfeld zu bewegen, um Immobilien zu kaufen und mit Ressourcen zu handeln. Es spielt sich ähnlich wie das Brettspiel Monopoly von Parker Brothers oder die Itadaki Street-Spiele.
Super Star Soldier (USA)	Super Star Soldier spielt in der fernen Zukunft, wo Sie die letzte Hoffnung für den Planeten Erde sind, der von einer außerirdischen Rasse angegriffen wird. Das Spiel bietet eine Top-Down-Ansicht mit vertikal scrollenden Ebenen, ähnlich wie sein Vorgänger Star Soldier. Das Spiel bietet die folgenden Spielmodi: normales Spiel, Punktespiel, 2-Minuten-Spiel und 5-Minuten-Spiel. Jedes Level hat am Ende seinen eigenen harten Boss.
Super Volleyball (USA)	Super Volleyball ist ein Indoor-Volleyballspiel für einen oder zwei Spieler. Der Einzelspielermodus bietet zwei Spieloptionen: normales Spiel und Weltliga. Wenn Sie sich für ein normales Spiel entscheiden, tritt der Spieler in einem einzigen Spiel gegen den Computer an. Wenn Sie sich für die Weltliga entscheiden, tritt der Spieler gegen alle anderen verfügbaren Teams an. In diesem Modus ist eine Passwortspeicherung verfügbar. Das Spiel besteht aus acht Nationalmannschaften (USA, UdSSR, Brasilien, Holland, Frankreich, Italien, Japan und China) mit fiktiven Spielernamen. Spieler können während des Spiels gewechselt werden, indem Sie C drücken. Es gibt auch eine Option zum Erstellen neuer Teams, indem Sie den Namen, die Farbe, die Position und die Namen des Spielers auswählen. Das Gameplay wird aus einer seitlich scrollenden Perspektive betrachtet, wobei die Kamera auf dem Ball fixiert ist. Ein kleines Radar oben auf dem Bildschirm zeigt die Positionen der Spieler beider Mannschaften an. Die Spieler können stoßen, setzen, stacheln, abladen, blockieren und graben. Eine Sammlung von Aufschlägen ist ebenfalls verfügbar: Unterhand-, Überhand- und Sprungaufschlag. Es gibt auch Optionen für drei Ballgeschwindigkeiten, Startpunkte (von 0 bis 10, von 15) und Handicap.
Susanoou Densetsu (Japan)	Das Spiel basiert auf der Manga-Geschichte, die eigentlich nie fertiggestellt wurde. Der Spieler steuert Susano-o in seiner erwachten Form und reist in eine postapokalyptische Welt, um die Dämonen zu jagen und zu besiegen, die das Ende der Welt verursacht haben. In Städten kann der Spieler mit NPCs sprechen, Quests annehmen, in Gasthäusern ausruhen und Gegenstände und Materialien von Händlern kaufen. Auf der Weltkarte kann der Spieler umherstreifende Monster sehen und greift in den Kampf ein, wenn sie ihm zu nahe kommen. Diese Kämpfe sind ausschließlich taktisch und erfordern, dass sich der Spieler durch ein unsichtbares Gitter bewegt und den Kampfbefehl gegen Feinde ausführt.
Takeda Shingen (Japan)	Takeda Shingen ist ein 2D-Beat 'em Up, das im feudalen Japan spielt. Die Handlung spielt in der Sengoku-Zeit. Der Spieler übernimmt die Rolle des Daimy? Takeda Shingen, der seinen Gegner Uesugi Kenshin besiegen muss. Das Gameplay ist typisch für das Genre, ähnlich wie bei King of Dragons oder Knights of the Round. Takeda trägt ein japanisches Schwert (Katana) und trägt eine rote Rüstung. Er muss von links nach rechts vorgehen und alle Feinde und Bosse eliminieren. Manchmal, das Daimy? Sie können einige Geschäfte besuchen, um verschiedene Artikel zu kaufen.
Takin' It to the Hoop (USA)	Takin' it to the Hoop ist ein Basketballspiel mit Comic-Grafik. Der Spieler nimmt entweder an einer Liga, Playoffs oder einem Einzelspiel teil und wählt eines von acht amerikanischen Teams mit zwölf Athleten aus. Die Leistung der Mannschaft während eines Spiels hängt nicht nur von der Fähigkeit des Spielers ab, sondern auch von den Statistiken des Athleten (z. B. Beweglichkeit oder Dribbling) und seiner Energie. Energie nimmt im Laufe eines Matches ab und beschreibt, wie viel Kraft einem Athleten noch bleibt. Es gibt auch drei verschiedene Verteidigungstaktiken (Eins-gegen-Eins-Verteidigung, Zonenverteidigung oder eine Mischung aus beidem), die vor dem Spiel oder während des Abfangens festgelegt werden können.
TaleSpin (USA)	Heb mit den hochfliegenden Disney-Helden Captain Baloo und Kit Cloudkicker im actiongeladenen Abenteuer TaleSpin ab. Stell dir vor, du bist hinter dem verlorenen Schatz von Ionia her und der Hexendoktor von Watusi ist hinter dir her! Kannst du ihn besiegen, um weiterzumachen und dem gefürchteten Eisengeier die Stirn zu bieten und es zu den Eishöhlen von Thembria zu schaffen? Bist du mutig genug, Shere Khan um den Schatz herauszufordern? Finden Sie es heraus, indem Sie TaleSpin mit sieben spannenden Levels und 150 Bildschirmen voller Gefahren spielen!
Tatsujin (Japan) (En)	Truxton auf TurboGrafx ist ein Shoot'em Up im Weltraum. An Bord seines Schiffes muss der Spieler zahlreiche Feinde besiegen, die zum Kampf gekommen sind. Kapseln können gesammelt werden, um Ihre Maschine zu verbessern, was bei den Konfrontationen mit den Bossen am Ende jedes Levels kein Luxus sein wird.
Tatsunoko Fighter (Japan)	Tonkin House präsentiert ein weiteres ziemlich süßes Plattformspiel. Bewaffnet mit einem Schlapphut und einem langen Stock müssen Sie rennen, springen und kämpfen, vermutlich im Namen der Ehre und Gerechtigkeit, durch verschiedene Level voller Spinnen, Feuerbälle und Schläger.
Tenseiryuu - Saint Dragon (Japan) (En)	Saint Dragon ist ein Shoot'em Up auf PC Engine. Du steuerst eine Art schwebenden Drachen und musst dafür sorgen, dass die Armeen der Cyborg-Monster ins Gras beißen. Letztere beabsichtigen, alle Rassen der Galaxis in die Sklaverei zu zwingen. Um diesen dunklen Plänen entgegenzuwirken, kannst du Feuer und Laser auf deine Feinde spucken, aber auch allerlei Boni einsammeln, die dein Inventar füllen.
Terra Cresta II - Mandoler no Gyakushuu (Japan) (En)	Terra Cresta 2 ist eine exklusive Episode für die PC Engine. Es greift einige Grundlagen der ersten Episode auf, die bereits 1985 von Nichibutsu entwickelt wurde. Das Spiel ist kein Remake, bietet aber einiges in Form einer Hommage an die erste Episode (insbesondere an einen der letzten Level, der den ersten der Arcade-Version wiederholt). Wir finden das ursprüngliche Gameplay, nämlich dass die Power-Ups durch neue Schiffe erfolgen, bis zu fünf. Zu Beginn des Spiels können Sie jedes Layout basierend auf der Anzahl der Schiffe auswählen. Während des Spiels haben Sie die Wahl, sie in Schwadronen zu platzieren oder sie alle auf einer einzigen Maschine zu konzentrieren, wodurch sich ihre Offensivfähigkeiten verzehnfachen. Wenn Sie getroffen werden, verlieren Sie eines Ihrer Schiffe. Wenn Sie nur noch eines haben, verlieren Sie ein Leben.
Thunder Blade (Japan) (En)	Machen Sie sich bereit, mit THUNDER BLADE an der größten Hubschrauberschlacht des Jahrhunderts teilzunehmen! Du bist der Gunship Gladiator. Du fliegst den Thunder Blade-Helikopter. Manche sagen, du bist nicht aufzuhalten. Diese Mission wird Sie auf die Probe stellen! Der Feind ist in Ihr Land eingedrungen. Das macht dich wütend. Du wirst sie also aufhalten ... ganz allein! In Städten ... über Wüsten und Ozeanen ... in Höhlen und durch Raffinerien ... jagen Sie mit Ihren Kanonen los und werfen Luft-Boden-Raketen von Ihren Kufen ab. Sie haben Panzer, Luftwaffe und unglaubliche Superfestungen. Aber du hast Mut, eine Vorliebe für Ruhm ... und den gemeinsten Kampfhubschrauber am Himmel!
Tiger Road (USA)	Diese Arcade-Konversion ist ein Beat 'em up, bei dem Sie (als Lee Wong) die Dorfkinder vor dem bösen Ryo Ken Oh retten müssen. Viele Ebenen scrollen horizontal, obwohl es hohe Vorsprünge gibt, auf die man springen und denen man einen etwas anderen Pfad folgen kann. Zauberurnen mit verbesserten Waffen tauchen häufig auf. Die meisten Feinde sind leicht anzugreifen und brauchen nur einen Treffer, um sie zu töten, obwohl sie in großen Horden auf dich zukommen. Sobald Sie die Indoor-Bereiche erreicht haben, finden Sie große Feinde mit der Fähigkeit, Sie mit einem Schlag zu töten, in Bereichen, die sich auf mehreren Ebenen befinden, komplett mit Treppen.
Time Cruise (USA)	Time Cruise ist ein Flipperspiel mit einer Geschichte. Die Geschichte handelt von einem Wissenschaftler namens Eric, der eines Tages eine Stimme hört, die behauptet, ein Außerirdischer zu sein, und durch diese Stimme das Geheimnis der Zeitreise erfährt. Nachdem er mehrere Jahre an seiner Kreation gearbeitet hat, ist er endlich fertig und kriecht in seine runde Zeitmaschine aus Metall und macht sich auf die Suche, um durch die Zeit zu reisen und seinen außerirdischen Freund zu treffen. Das Ziel des Spiels, ähnlich wie bei vielen anderen in diesem Genre, ist es, eine bestimmte Anzahl von Punkten in einem von mehreren verschiedenen Flippertischen zu erreichen, die in verschiedenen Zeiträumen, einschließlich prähistorischer Zeiten und bis in die Zukunft, reichen.
Timeball (USA)	Das Konzept hinter Timeball ist sehr einfach: 1-Sie haben einen Bildschirm aus Rohrleitungen. 2-Eine Kugel bewegt sich durch das Rohr. 3-Falls der Ball in eine Lücke im Rohr fällt, musst du von vorne beginnen. Das ist es. Das alles läuft also darauf hinaus, dass Sie die Kacheln hektisch im Block-Puzzle-Stil verschieben, um das verfluchte Kugellager auf Kurs zu halten. Gott bewahre, dass Sie denken, dass sich der Ball zu langsam bewegt, Sie können sogar einen Knopf drücken, um das verdammte Ding zu beschleunigen, aber Sie müssen sich fragen, warum Sie das jemals tun möchten.
Titan (Japan) (En)	Titan on Turbografx ist ein knallhartes Spiel, bei dem der Spieler in einem Erlebnis feststeckt. Um zu entkommen, muss er aus jedem Level einen Ball herausholen oder alle vorhandenen Blöcke zerstören. Der Spieler steuert nicht direkt die Kugel, sondern ein kleines Modul, um den Ball wie gewünscht abprallen zu lassen.
Toilet Kids (Japan)	Als der Protagonist eines Nachts auf die Toilette geht, wird er plötzlich in die Toilette gespült und in ein geheimnisvolles Reich voller seltsamer Monster versetzt. Der Protagonist steuert ein fliegendes Fahrzeug und hat die Aufgabe, die Bewohner der mysteriösen Welt zu besiegen und einen Weg zu finden, nach Hause zurückzukehren. Toilet Kids ist ein exklusiver japanischer PC Engine-Shooter mit vertikalem Bildlauf, der im Gameplay Xevious sehr ähnelt. Das Spiel hat nur vier Abschnitte und macht viel Gebrauch von Toilettenhumor und skatologischen Anspielungen.
Tower of Druaga, The (Japan)	Dies ist ein Remake des Originalspiels. Die Geschichte ist immer noch dieselbe: Ishtar schickt Gilgamesch die 60 Labyrinthebenen des Druaga-Turms hinauf, um Ki zu retten und den Blauen Kristallstab zu holen. Er muss den Schlüssel jedes Levels finden, um mit dem nächsten fortzufahren. Neben der aktualisierten Grafik bietet dieses Remake eine 3/4-Ansicht anstelle der ursprünglichen Ansicht von oben. Es enthält auch einige RPG-Elemente, da Gilgamesch Erfahrungspunkte für das Töten von Feinden sammelt, die am Ende jedes Levels ausgegeben werden, um seine Statistiken (wie Geschwindigkeit, Gesundheit usw.) zu verbessern. Außerdem findet er Ausrüstung wie Schwerter, Helme, Rüstungen, Schilde, Panzerhandschuhe und Stiefel, die geändert werden können, um seine Werte zu verbessern, und findet außerdem besondere Gegenstände in versteckten Truhen. Der Weg, diese Truhen zu finden, ist je nach Etage unterschiedlich. Es gibt neue Schätze und neue Feinde. Das Spiel verfügt außerdem über vier verschiedene Schwierigkeitsgrade (einfach, normal, schwer und professionell) sowie eine Passwortfunktion.
Toy Shop Boys (Japan) (En)	In Toy Shop Boys hat eine schreckliche Person all deine Spielsachen gestohlen und das macht dich wirklich wütend: Du beschließt mit drei deiner Freunde, deine Sachen zurückzuholen. Sie werden verstanden haben, dass die größte Originalität dieses Drehs das Universum ist, in dem er stattfinden wird: In eher ländlichen Umgebungen, die hier und da mit Legosteinen und anderen elektrischen Eisenbahnschienen übersät sind, kämpfen Sie gegen Gummienten, ferngesteuerte Flugzeuge und Spielzeugsoldaten und so weiter. Die Bosse selbst sind große Spielzeuge, Teddybären oder Roboter. Sie stehen an der Spitze einer Staffel aus drei Kindern, die nacheinander per Knopfdruck gesteuert werden können; Jeder hat eine bestimmte Waffe.
Tricky Kick (USA)	Tricky Kick ist ein Schiebeblock-Puzzlespiel für den TurboGrafix-16. Sie müssen zwei gleiche Gegenstände zusammen treten, und sie verschwinden, bis Sie das Brett von Stücken geräumt haben. Du kannst einen Gegenstand mit einem anderen stoßen, es sei denn, der Weg ist blockiert. Es gibt auch Feinde, die Sie in Stoßstangen treten müssen, um sie zu zerstören. Das Spiel hat einen regulären Modus und einen Spezialmodus mit jeweils 60 Rätseln. Viele der Rätsel sind selbst im regulären Modus ziemlich schwierig.
Tsuppari Oozumou - Heisei Ban (Japan)	Tsuppari Oozumau bedeutet im Wesentlichen „Sumo-Bewegung“. Tsuppari ist eine Bewegung, die Sumoringer ausführen, um ihren Gegner aus dem Ring zu stoßen. Das Spiel funktioniert wie jeder andere turnierbasierte Kämpfer: Der Spielercharakter muss gegen eine Reihe immer schwieriger werdender Gegner kämpfen, bis er die Spitze erreicht und zum Yokozuna erklärt wird: dem höchsten Rang des Sumo.
Tsuru Teruhito no Jissen Kabushiki Bai Bai Game (Japan)	Tsuru Teruhito no Jissen Kabushiki Bi-Game (oder Buy Game oder Bai Game) ist ein PC Engine-Aktienhandelssimulationsspiel von TOSE und Intec. Der Spieler betrachtet und handelt mit Aktien und behält dabei die Schwankungen und Marktpreise im Auge. Beim Kauf und Verkauf weisen sie ihre Sekretärin (die je nach Vermögen des Spielers wechselt) an, einen Anruf zu tätigen und die ausgewählte Aktie zu kaufen/verkaufen. Wie bei vielen Spielen dieser Art gab es keine englische Lokalisierung und die große Menge an japanischen Texten macht es für Nicht-Sprecher schwer zu verstehen.
Turrican (USA)	Ziel des Spiels ist es, durch eine Welt namens Alterra hindurchzugehen und den Endgegner Morgul zu finden und zu vernichten. Alterra wird beschrieben als eine von Menschen durch Bioengineering geschaffene Lebenswelt in einer nahen Galaxie, wo ein intelligentes künstliches Ökosystem erschaffen wurde (Morgul = Multiple Organism Unit Link) um die Planeten bewohnbar zu machen. Dieses System ist jedoch außer Kontrolle geraten, es wurde durch ein Erdbeben beschädigt und seine Funktionen haben sich daraufhin verselbstständigt. Der Spieler schlüpft in die Rolle des Helden (Turrican) und wird nach Alterra geschickt, um die Kolonie wieder für die Menschheit zurückzugewinnen.
TV Sports Basketball (USA)	Basketball war die zweite Sportart, auf die Cinemaware seine Philosophie der aufwändigen Produktion und fortschrittlicher Zwischensequenzen anwandte. Es werden Ausstellungs- und Ligaspiele angeboten, mit der Möglichkeit, eine komplette Ligasaison nachzubilden, wobei jedem der 28 Vereine 1 Spieler zugewiesen wird. Das Spiel verwendet unterschiedliche Kamerapositionen, mit Draufsichten, wenn sich der Ball in der Nähe eines der Reifen befindet, und einer Seitenansicht, wenn sich der Ball in der Mitte des Spielfelds befindet – die Steuerung bleibt für diese unverändert, sodass der Wechsel keine plötzliche Änderung verursacht bei Spielerbewegungen. Sie spielen nicht nur die Spiele, sondern haben auch die volle Coaching-Kontrolle. Dabei kann es sich um Auswechslungen handeln, aber auch um die Vergabe von Deckungs- und Spielstrategien.
TV Sports Football (USA)	Bevor Electronic Arts versuchte, mit seinen EA Sports-Titeln die Fernsehberichterstattung über Sport nachzuahmen, hatte Cinemaware die gleiche Idee und wandte sie zunächst auf (American) Football an. Zwischensequenzen folgen dramatischen Momenten im Spiel, und jedem Spiel geht eine Einführung im TV-Stil voraus. Das Spiel ist hauptsächlich aktionsbasiert, obwohl Sie Ihre Spielzüge auch auswählen, bevor Sie sie ausführen. Auf dem Spielfeld erweckst du dann die Pässe und Läufe zum Leben. Sie können einzelne Spiele oder ganze Ligen mit jedem der NFL-Teams der damaligen Zeit spielen.
TV Sports Hockey (USA)	Die TV-Sportserie von Cinemaware hat mit diesem Hockeyspiel einen exklusiven Eintrag auf dem TurboGrafx-16 erhalten. Das Spiel bietet Ausstellungsspiele und einen Turniermodus, acht internationale Teams (jedes mit einzigartigen Spielerstatistiken) und Unterstützung für bis zu zwei fünf Spieler über TurboTap. Nach einer dramatischen Nahaufnahme des Anspiels wird das eigentliche Spiel aus einer Top-Down-Perspektive mit einem vertikal scrollenden Feld gesehen. Jeder Spieler (auch der Torwart) kann kontrolliert werden. In der Offensive sind schnelle Schüsse, Schlagschüsse und sogar vorgetäuschte Schlagschüsse möglich. In der Verteidigung kann das Bodychecken eines gegnerischen Spielers zu einer besonderen Kampfsequenz führen.
Valkyrie no Densetsu (Japan)	„Legend of Valkyrie“ versetzt Sie in die Lage einer jungen Walküre aus der nordischen Mythologie, die sich auf den Weg macht, den sagenumwobenen goldenen Samen zurückzugewinnen, der von einem bösen Gott gestohlen wurde.nnDas Spiel spielt sich als Top-Down-Action-/Adventure-Titel mit einigen RPG- und Platformer-Elementen ab. Sie müssen durch die vielen Level navigieren, aus denen Walhalla besteht, und alle Feinde auf Ihrem Weg besiegen, während Sie Abgründe und andere Hindernisse im Platformer-Stil überwinden.nnIn jeder Phase finden Sie außerdem mehrere NPCs, die Spielhinweise, Hinweise und Gegenstände anbieten, die Sie mit dem von gefallenen Feinden gestohlenen Gold kaufen können. Sie können Gesundheits-Power-Ups, verbesserte Waffen und sogar Zaubersprüche für zusätzliche Feuerkraft kaufen.
Veigues - Tactical Gladiator (USA)	Seit drei Jahren zertrümmern außerirdische Eindringlinge die Erde in eine schwelende Ruine. Es gibt keinen lebenden Mann, der sie aufhalten kann. Aber jetzt gibt es Veigues, eine verheerende Kampfmaschine! Gebaut mit erbeuteter feindlicher Technologie, ist er unsere letzte verzweifelte Überlebenshoffnung ... und du hast die Kontrolle! Vernichte die Eindringlinge mit der Plasma-Kanone! Halten Sie einfach Ihre Feuerkraft heiß und kämpfen Sie, als gäbe es kein Morgen. Zerstöre die Aliens oder es wird keine geben!
Victory Run (USA)	Victory Run ist ein Arcade-Rennspiel, das auf der Rallye Paris-Dakar basiert. Das Gameplay ähnelt OutRun, wobei Ihr Auto am unteren Rand des Bildschirms erscheint und ein Kurs aus skalierenden Sprites vor Ihnen liegt. Zu Beginn des Rennens wählst du aus, wie viele Ersatzmotoren, Reifen, Bremsen usw. du auf die Rallye mitnehmen möchtest. Wenn Sie jedes Segment beenden, müssen Sie sich entscheiden, diese Teile zu verwenden, damit Sie Ihr Auto reparieren können, damit Sie das Rennen beenden können.
Vigilante (USA)	Begib dich in diesem seitlich scrollenden Beat-'em-up auf die Straßen von New York City.Gangster haben deine Freundin Madonna entführt und es liegt an dir, das Gesetz in die eigene Hand zu nehmen. Kämpfe dich durch gegnerisches Territorium, um sie zu retten, und stelle dich deinen Gegner, die dich mit Eisenrohren, Ketten, Gewehren und sogar auf Motorrädern angreifen.Wehre dich mit Schlägen, Tritten und dem Nunchaku, das du unterwegs finden kannst.Nutze diese Angriffe effektiv, um die Gegner zu schlagen, und besiege den Boss am Levelende, um einen Level abzuschließen. Deine Suche führt dich durch fünf spannende Level, darunter die Straßen New Yorks, ein Schrottplatz und sogar die Brooklyn Bridge.
Volfied (Japan) (En)	Im Puzzlespiel Volfied (auch Ultimate Qix genannt) auf PC Engine müssen Sie einen Marker führen, um den Bildschirm nach und nach aufzufressen. Wenn sich der Marker in die Mitte des Bildschirms bewegt, hinterlässt er eine Linie dahinter. Anschließend wird jeder von Ihnen gezeichnete geschlossene Bereich validiert. Ihr Ziel ist es, einen bestimmten Prozentsatz des Bildschirms freizumachen. Aber Vorsicht, es lauern Feinde! Achten Sie also darauf, dass sie Ihren Marker oder Ihre Linie nicht berühren, um kein Leben zu verlieren.
W Ring - The Double Rings (Japan) (En)	W Ring: The Double Rings ist ein Shoot'em Up, das von Naxat Soft für die PC Engine-Plattform entwickelt und veröffentlicht wurde. Der Spieler bahnt sich seinen Weg durch horizontale Level und sammelt Power-Ups von gefallenen Feinden.nnDas Spiel verfügt über drei Schwierigkeitsstufen, die die Anzahl der Feinde und deren Gesundheit bestimmen: Anfänger, Normal und Experte.nnJedes Power-Up stellt dem Spieler je nach Farbe eine andere Waffe zur Verfügung, und das Sammeln nachfolgender Power-Ups erhöht die Kraft dieser Waffe. Wenn der Spieler farbige Power-Ups wechselt, erhält er die stärkeren Versionen dieser Power-Ups. Wenn der Spieler getroffen wird, verliert er seine aktuellen Power-Ups; Wenn sie kein Power-Up haben, verlieren sie ein Leben.
Wai Wai Mahjong - Yukai na Janyuu-tachi (Japan)	Wai Wai Mahjong („wai wai“ ist eine japanische Lautmalerei für den Klang eines lauten/geschäftigen Ortes) ist ein Mahjong-Spiel, bei dem der Spieler gegen verschiedene Comic-Gegner spielt, darunter einen Rennfahrer und eine Nonne. Das Spiel ist ein Eins-gegen-Eins-Spiel – im Gegensatz zu echtem Mahjong, das im Allgemeinen mit vier Spielern gespielt wird – aufgrund der Einschränkungen der Mahjong-Simulatoren in der 8-Bit/16-Bit-Ära. Wai Wai Mahjong ist das zweite Mahjong-Spiel für die PC Engine (nach Sengoku Mahjong) und wurde nur in Japan veröffentlicht.
Wallaby!! (Japan)	Wallaby!! ist ein Rennsimulationsspiel von Tenky und Masaya. Es spielt sich ähnlich wie eine Reihe von Pferderennsimulatoren für japanische Systeme, tauscht jedoch die Pferde gegen Kängurus und Wallabys und menschliche Reiter gegen Kaninchen aus. Der Spieler wählt ein Kaninchen als seinen Protagonisten und kann entweder Beuteltiere für Rennen züchten oder einfach auf die Beuteltiere anderer Kaninchen wetten. Wie bei den meisten japanischen Pferderennspielen gab es keine internationale Veröffentlichung.
Winning Shot (Japan)	Winning Shot ist ein Golfspiel für die PC Engine/Turbogfrafx-16 und war das erste auf dem Spiel basierende Spiel, das für das System veröffentlicht wurde. Es können bis zu vier menschliche Spieler spielen. Aufgrund der Natur des Golfsports ist es jedoch so, dass jeder Spieler abwechselnd an der Reihe ist, je nachdem, wie weit er vom Loch entfernt ist. Das Spiel verfügt über viele ähnliche Funktionen wie Golfspiele dieser Ära: Der Spieler kann auswählen, welchen Schläger er verwenden möchte, ob er den Ball in einem leichten Winkel schlagen möchte, um seine Flugbahn anzupassen, und in welche Richtung er den Ball schlagen möchte, bevor er das erforderliche Ziel trifft Bringen Sie die Kraftanzeige an der richtigen Stelle an, um den Ball so nah wie möglich an das Loch fliegen zu lassen.
Wonder Momo (Japan)	In Wonder Momo auf PC Engine spielen Sie Momo, eine Heldin aus einer Kinderserie, und müssen gegen verschiedene Außerirdische und Kriminelle kämpfen. Die Aktion findet auf einer Theaterbühne statt und Sie müssen das Publikum mit Ihren Heldentaten beeindrucken. Mithilfe bestimmter Upgrades kannst du dich in Wonder Momo verwandeln und mit einem Hula-Hoop-Reifen deine Feinde besiegen.
World Class Baseball (USA)	World Class Baseball ist ein Baseballspiel. Der Spieler kontrolliert den Pitcher und die Feldspieler (durch ein automatisches System, das ihm nach der Tradition der Baseballspiele die Kontrolle über denjenigen der Spieler gibt, der dem Ball am nächsten ist); nicht der Batter. Ein oder zwei kleine Fenster zeigen den Status des Runners während des Anspiels zwischen Batter und Pitcher an; Sobald der Ball getroffen wird, ändert sich die Ansicht in eine Vogelperspektive, die einen großen Teil des Spielfelds zeigt, auf dem die Aktion stattfindet, zusammen mit einem permanenten kleinen Feldbild am rechten unteren Bildschirmrand, das die Position jedes Spielers anzeigt das ganze Feld.
World Court Tennis (USA)	World Court Tennis ist ein Tennisspiel mit einem Twist. Die Action selbst hält keine großen Überraschungen bereit: Die Spieler steuern ihre Figuren über das scrollende Tennisfeld und versuchen, Bälle ihrer Gegner zu kontern. Es können typische Tennisaktionen wie Cross, Smash oder Lob ausgeführt werden und die Trefferleistung hängt vom Timing ab.
World Jockey (Japan)	World Jockey ist ein Pferderennspiel. Wir haben insbesondere einen „Familienspiel“-Modus, der selbst ein Untermodus des „Jockey Play“-Modus ist, in dem Sie die Anzahl der Rennen auswählen, an denen Sie teilnehmen möchten (vier, acht, zwölf oder mehr). sechzehn). Der Wahnsinn der Rennstrecke wird Sie vom Wettbildschirm aus erfassen, wo Sie auswählen, auf welche Pferde Sie wetten möchten! Uneingeweihte sollten wissen, dass sie auf das Paar wetten, von dem sie glauben, dass es der Gewinner sein wird (es sei denn, Sie sind ehrlich gesagt dumm ...) und dass es möglich ist, Ihre Gewinnchancen zu erhöhen, indem Sie auf drei verschiedene Paare wetten. Jedes Pferd hat seine Bewertung, die ihm auf der Grundlage seiner Einstellung zum Gelände, auf dem es antreten wird, und seiner bisherigen Leistungen zugewiesen wird. Ohne Sie mit mathematischen Formeln langweilen zu wollen, sollten Sie auch wissen, dass im Falle eines Sieges Ihr Gewinn umgekehrt proportional zur Quote des Siegerpaares ist... Logisch.
World Sports Competition (USA)	World Sports Competition ist ein Titel der Olympischen Sommerspiele, der ursprünglich auf der PC-Engine (TurboGrafx-16) veröffentlicht wurde. Zu den Veranstaltungen gehören: Bogenschießen Feld - Weitsprung, Dreisprung, Hochsprung, Diskuswurf, Hammerwurf und Speerwurf Rudern Schießen - Tontauben- und Pistolenscheibenschießen. Schwimmen - Rückenschwimmen, Brustschwimmen, Schmetterling, Freier Stil & Individuelle Lagenschwimmen. Strecke – 100-Meter-Lauf, 110-Meter-Hürdenlauf und 400-Meter-Lauf.
Xevious - Fardraut Densetsu (Japan)	Xevious ist ein Shooter mit zwei Versionen: die Arcade-Version, die völlig identisch mit dem Original ist, und eine spezielle Version für die Nec-Konsole namens Fardraut.In dieser Version wurde der Schwierigkeitsgras deutlich nach oben angepasst. Der Spieler kontrolliert das Raumschiff Solvalou und muss die Xevious-Streitkräfte auslöschen, bevor sie die gesamte Menschheit zerstören.
Yo' Bro (USA)	Die Stadt Los Angeles wird überfallen und nur Lil Bro' kann sie retten. Die böse Ratz-Bande entfesselt eine Flut von mörderischen Kreaturen und Geräten. Finde unglaublich coole Waffen, um gegen die Bande zu kämpfen. Zerstöre ihre Erdbebenmaschinen und ihre bösen menschenfressenden Pflanzen mit Raketen und Granaten.
You-You Jinsei (Japan)	Yuu Yuu Jinsei, oder Victory Life, ist eine Brettspielsimulation, die sehr viel ähnlichkeit mit dem Brettspiel „Das Spiel des Lebens“ aufweist, darunter nicht zuletzt die automobilen Spielfiguren und die Reise des Spielers durch verschiedene Lebensabschnitte. Das Spiel ist tatsächlich an Takara lizenziert, den japanischen Herausgeber des Brettspiels (der auch einige eigene Game of Life-Videospiele entwickelt hat). Ziel ist es, mit dem größten Vermögen in den Ruhestand zu kommen. Der Spieler kann heiraten, Kinder haben und verschiedene andere wichtige Veränderungen im Leben erfahren, aber das Hauptziel ist das Ansparen von Geldern.
Youkai Douchuuki (Japan)	Youkai Dochuuki ist ein seitlich scrollendes 2D Spiel mit mehreren verzweigten Pfaden. Jede Stufe ist voll von Boni, Geheimnissen und alternativen Ausgängen. Der Spieler muss sparsam mit seinen Ersparnissen umgehen, um Gegenstände zu kaufen die ihm dabei helfen zu bestehen. Obwohl Tarosuke nur ein Leben hat, hat er einen Gesundheitsbalken mit sechzehn Segmenten, um mehrere feindliche Angriffe auszuhalten. Der Spieler kann etwas oder die gesamte verlorene Gesundheit von Tarosuke mit Heilgegenständen wiederherstellen.
Zero4 Champ (Japan)	Ein Autorennspiel in First-Person Perspektive. Spielbar zu zweit oder gegen die Computer KI.
Zipang (Japan) (En)	Zipang ist ein Puzzlespiel, das 1990 exklusiv für die PC Engine veröffentlicht wurde. Es basiert auf dem gleichnamigen Film (der wiederum ein antiquiertes Wort für die Nation Japan ist): einem Comedy-Actionfilm von Regisseur Kaizo Hayashi. Der gleiche Film war auch die Inspiration für das NES-Spiel Kabuki Quantum Fighter, das in Japan Jigoku Gokurakumaru hieß. Der Spielercharakter kann Blöcke zerstören und platzieren um sie als Plattform zu verwenden. Der Spieler muss Feinde auf seinem Weg entfernen und die notwendigen Gegenstände auf dem Weg zum Ausgang sammeln. Nach jeder Phase wird eine Präfektur Japans auf einer Karte Japans angezeigt: Nach Abschluss aller Phasen ist das Spiel beendet.
