#key	synopsis
1943 Kai (Japan)	Questa è una versione migliorata di 1942: The Pacific Air War, con la maggior parte della grafica e dei suoni rielaborati. Ci sono anche modifiche alle armi e l'inclusione di oggetti anacronistici come gli aerei della Seconda Guerra Mondiale che lanciano laser e navi che navigano a terra. Il giocatore controlla un biplano Boeing Stearman E75 N68828 invece del P-38 L'adattamento PC Engine aggiunge alcuni livelli originali alla versione arcade, oltre a interruzioni animate.
21 Emon - Mezase! Hotel Ou (Japan)	Naturalmente un tie-in manga/anime TV, 21 Emon è uno di quei giochi da tavolo in stile giapponese che non hanno mai avuto un grande impatto in occidente. Quattro giocatori (qualsiasi combinazione di umano e computer) si alternano per tirare i dadi e spostarsi sul tabellone isometrico, atterrando su vari quadrati dell'evento. L'obiettivo finale è costruire il maggior numero possibile di hotel e guadagnare più bottino dei tuoi avversari.
Aero Blasters (USA)	Air Buster è un veloce sparatutto a scorrimento laterale. Il giocatore controlla una piccola imbarcazione attraverso diversi livelli con molti nemici. Ogni livello termina con un boss e alcune sezioni velocizzano il gioco, offrendo veloci percorsi ad ostacoli a scorrimento sia in orizzontale che in verticale. I baccelli arancioni volanti rilasciano molti potenziamenti contemporaneamente, potenziando le navi con laser, uomini alari e scudi nuovi o più potenti. Il giocatore può anche tenere premuto il tasto di fuoco per caricare un'esplosione che rimuove tutti i proiettili nemici dallo schermo e infligge danni a tutti i nemici. Con una difficoltà spietata, ogni colpo è fatale, ma il gioco può essere continuato da qualsiasi momento purché ci siano vite e crediti rimasti. Il gioco può essere giocato con due giocatori in modo cooperativo.
After Burner II (Japan) (En)	Simile al suo predecessore, la premessa di After Burner II è salire sull'F-14 Tomcat e volare missione dopo missione sparando aerei dal cielo. A tua disposizione c'è un cannone vulcanico (fondamentalmente una mitragliatrice) e un numero limitato di missili. In alcune versioni del gioco le pistole sparano sempre automaticamente. A volte ti imbatti in un aereo di rifornimento amico e se attracchi con esso puoi rifornire i tuoi missili. Il gioco è visto da dietro l'aereo con te che combatti ondate su ondate di combattenti nemici. Ma in fondo offre la solita meccanica sparatutto, il che significa che trascorri la maggior parte del tuo tempo schivando e sparando. Puoi anche accelerare e rallentare per affrontare i nemici che appaiono dietro di te.
Air Zonk (USA)	Air Zonk su TurboGrafx è uno sparatutto in cui devi eliminare i tuoi avversari con i tuoi colpi e un'armata di bombe. Sconfiggi ogni boss di fine livello per liberare uno degli amici di Air Zonk che, una volta con te, può lanciare super attacchi, soprattutto se combinati. Taglia i fiori di un certo colore per raccogliere bonus che ti renderanno più potente e quindi guadagnerai più punti.
Alien Crush (USA)	Alien Crush è un videogioco di flipper a tema alieno. La grafica presenta forti somiglianze con l'arte dei film di Alien e tutto ha un aspetto oscuro e sinistro. Il tavolo principale ha numerosi bersagli mobili e blocchi di palla ed è alto due schermi. Ci sono almeno tre giochi bonus accessibili dallo schermo superiore. I giochi bonus consistono nell'eliminare bersagli mobili su un tavolo bonus separato a schermo singolo.
All Star Power League (Japan)	World Class Baseball è un gioco di baseball. Il giocatore controlla lanciatore e difensori (attraverso un sistema automatico che, seguendo la tradizione delle partite di baseball, gli dà il controllo su quello dei giocatori più vicini alla palla); non la pastella. Una o due finestrelle mostrano lo stato del corridore durante l'ingaggio tra battitore e lanciatore; una volta che la palla viene colpita, la visuale cambia in una visuale a volo d'uccello, mostrando una buona porzione del campo di gioco in cui si svolge l'azione, insieme a un'immagine permanente di un piccolo campo nella parte inferiore destra dello schermo che mostra la posizione di ogni giocatore su l'intero campo.
Andre Panza Kick Boxing (USA)	Approvato da André Panza, questo adattamento videoludico della kick boxing thailandese presenta oltre 35 mosse. Usa la palestra di allenamento per sviluppare le abilità del tuo personaggio finché non ti senti pronto ad affrontare un avversario. Hai anche la possibilità di personalizzare i tuoi attacchi. Quando sei pronto, vai sul ring per affrontare vari avversari mentre cerchi di diventare il miglior kick boxer del gioco.
Aoi Blink (Japan)	Hai tre personaggi e puoi scegliere tra loro, alcuni hanno la capacità di saltare molto in alto, mentre altri hanno un tiro migliore... Il gioco è diviso in diverse aree che raggiungi attraverso la mappa principale. Aoi Blink (o &quot;Blue Blink&quot;) è un simpatico platform game che riesce a trovare il suo posto tra la moltitudine di Beat em all su PCE, molto carino visivamente e piacevole da giocare. Sembra anche un famoso Manga nella terra del sol levante.
Appare! Gateball (Japan)	Apparire! Gateball è un gioco sportivo con il gateball, uno sport asiatico simile al croquet. Il gioco è composto da due squadre di cinque giocatori ciascuna. Una squadra gioca con una palla bianca e una squadra gioca con una palla rossa. Parte prima la squadra rossa. L'obiettivo è passare la palla attraverso tre porte e colpire il piolo. Le opzioni incluse sono giocare su un campo in erba o in sabbia e scegliere tra 12 giocatori, ognuno con le proprie statistiche.
Armed F (Japan) (En)	Formation Armed F, o semplicemente Armed F, è uno sparatutto a scorrimento verticale originariamente sviluppato da Manjyudo e pubblicato da Nichibutsu per Arcade nel 1988. Successivamente è stato portato su PC Engine da Pack-In-Video nel 1990. Il Vowger RC30, il caccia stellare più all'avanguardia della flotta della Via Lattea, viene inviato per indagare su un fenomeno insolito che ha inghiottito un certo numero di stazioni spaziali ai margini della galassia. Il Vowger è in grado di adattarsi tramite numerosi potenziamenti, che spesso richiedono che il giocatore cambi le proprie formazioni di armi per prendere di mira meglio i nemici che devono affrontare.
Artist Tool (Japan)	Artist Tool è un programma di creazione d'arte di base per PC Engine sviluppato da Hudson. È gestito da una periferica per tavoletta grafica denominata &quot;Illust Booster&quot;, che permetteva agli utenti di disegnare direttamente sullo schermo con uno stilo simile alle tavolette artistiche di oggi, e un'altra periferica, la &quot;Print Booster&quot;, che permetteva agli utenti di stampare i propri creazioni su schermo su carta anche il &quot;Photo Reader&quot; che funzionava come scanner di immagini. Oltre a un set di base di strumenti di disegno, il lettore poteva passare da tre tracce musicali da ascoltare mentre funzionavano. Il gioco è una HuCard particolarmente rara e quindi preziosa per i collezionisti, a causa del numero di periferiche altrettanto rare e costose vendute insieme ad esso. Sia il gioco che le periferiche richiedono prezzi elevati sui siti di aste.
Atomic Robo-Kid Special (Japan) (En)	Atomic Robokid Special su Nec offre una versione rivista che viene corretta da questa versione originale imperfetta. Se l'hit point è ancora enorme, questa volta gli sviluppatori hanno integrato una barra della vita, che ti permette di essere colpito molte volte prima di perdere una vita. E proprio questo, questo cambia tutto! Anche i livelli sono cambiati un po', ora sono più tagliati. Ce ne sono una ventina. L'obiettivo si alterna tra trovare la porta di uscita (senza necessariamente battere tutti i nemici, peccato!), o affrontare un buon grosso boss che occupa molto spazio sullo schermo.
Ballistix (USA)	Psygnosis' Ballistix è un gioco arcade in cui devi manipolare una palla per segnare un gol con il tuo avversario. Per fare ciò, controllerai una freccia che definisce una direzione e premendo il tasto di fuoco lancerà una palla da questa freccia nella direzione in cui punta la freccia; lanciando le palle ad angoli corretti, manipolerai la palla principale e controllerai il modo in cui si muove. Ballistix mantiene anche alcune leggi della fisica (vale a dire gravità e attrito) e ti presenterà ostacoli variabili in modalità a uno o due giocatori.
Bari Bari Densetsu (Japan)	Bari Bari Densetsu è un gioco di corse basato sull'omonimo anime. Il giocatore veste i panni di un giovane atleta che partecipa al Gran Premio del mondo motociclistico. Ogni gara è composta da una qualifica e dalla gara stessa, l'obiettivo ovviamente è quello di raccogliere una buona posizione alla fine. Il gioco include anche alcune personalizzazioni di base della bici in cui il giocatore può cambiare le gomme, i freni, il motore, le sospensioni o la missione prima di una gara. Il tempo influenza le prestazioni e la maneggevolezza della bici, a seconda delle parti della bici e del percorso. Inoltre c'è una modalità di viaggio in cui i 16 corsi possono essere scelti liberamente.
Barunba (Japan)	Barunba è uno sparatutto in stile fumetto. I livelli scorrono e si spostano automaticamente in tutte le direzioni. Controlli un veicolo spaziale che ha un anello di armi intorno e quindi può sparare in varie direzioni. Le armi possono essere potenziate sparando ai nemici e raccogliendo le capsule in cui potrebbero cambiare. Ogni livello ha il suo tema ed è piuttosto lungo e ha dei boss: un boss di medio livello e un boss finale. Entrambi i boss devono essere sconfitti prima di poter continuare a finire il livello o passare al successivo. Una barra di stato nella parte inferiore dello schermo mostra la barra dell'energia della tua nave ed è Game Over quando quella barra si è esaurita.
Batman (Japan) (En)	Batman on Turbografx è un gioco d'azione/piattaforma ispirato al film Batman uscito nel 1989. Sono disponibili sei livelli (di cui due con fasi di ripresa), tra cui Gotham City, il Museo Flugelheim e la Cattedrale. Combatti e usa i tanti gadget di Batman per avvicinarti al Joker e fargli mordere la polvere.
Battle Lode Runner (Japan) (En)	Il titolo di azione/riflessione Battle Lode Runner su Turbografx-16 utilizza lo stesso principio del primo gioco aggiungendo un'opzione multiplayer in modo che 5 giocatori possano divertirsi contemporaneamente. Tutti cercano quindi di recuperare quanto più oro possibile evitando i nemici in agguato.
Battle Royale (USA)	Battle Royale è un gioco di wrestling che presenta battaglie da ultimo uomo in piedi tra due fino a cinque lottatori. Il gioco presenta tre livelli di difficoltà, cinque lottatori tra cui scegliere e due modalità di gioco. Solo per giocatori singoli è disponibile la modalità torneo, con 15 possibili battaglie consecutive, che iniziano con uno contro uno e continuano fino a una partita completa a cinque. Nella seconda modalità, il numero dei concorrenti può essere impostato liberamente per una singola partita. Tuttavia, c'è un problema nel modo in cui un giocatore sceglie il proprio lottatore: prima della partita, i manager dei combattenti si sfidano mentre si recano a selezionare il loro combattente preferito e lo incoraggiano ad eliminare temporaneamente gli avversari.
Benkei Gaiden (Japan)	Benkei Gaiden è un tradizionale gioco di ruolo in stile giapponese, ambientato in un ambiente che ricorda il Giappone feudale, con elementi soprannaturali come mostri, ecc. Il giocatore naviga Oniwaka sulla mappa dall'alto verso il basso, visitando le città, acquistando equipaggiamento (armi e armature). ) e combatti i nemici che appaiono casualmente in combattimenti a turni visti dalla prospettiva in prima persona. Il gioco è stato ovviamente fortemente influenzato dai precedenti giochi di Dragon Quest; il menu di interazione è pressoché identico (il giocatore deve aprire un menu e scegliere comandi verbali come &quot;Parla&quot; o &quot;Cerca&quot;, invece di compiere azioni diverse semplicemente premendo un pulsante), e il gameplay generale non si discosta dalla formula classica .
Bikkuriman World (Japan)	Bikkuriman World su PC Engine è un gioco d'azione/piattaforma in cui giochi nei panni di Wonder Boy il cui compito principale è eliminare il drago Meka che terrorizza gli abitanti di Monster Land. Questo gioco introduce il concetto di monete d'oro che possono essere raccolte dai mostri. Questi ti permetteranno di acquistare equipaggiamento dai mercanti, rendendo il tuo personaggio più efficiente.
Blazing Lazers (USA)	Blazing Lazers è uno sparatutto dall'alto con 9 livelli di azione varia e frenetica. La storia qui è la solita varietà salva-il-mondo. Devi pilotare la tua nave contro 8 super-armi e infine distruggere la minaccia una volta per tutte. Il sistema di potenziamento in Blazing Lazers merita una menzione speciale. Esistono quattro tipi principali di armi e ogni tipo di arma può essere aggiornato più volte per produrre un'incredibile quantità di potenza di fuoco. Inoltre, ci sono sistemi d'arma secondari che ti forniscono scudi, missili a ricerca, unità multi-fuoco o potenziamenti di armi.
Bloody Wolf (USA)	Bloody Wolf è un gioco d'azione militare. Giochi nei panni di un membro di un commando per trovare il presidente il cui aereo si è schiantato nel mezzo della giungla. Puoi scegliere tra due personaggi ma sfortunatamente non puoi giocare in due come nella versione arcade. Buona guerra!!
Bomberman '93 (USA)	Bomberman '93 su Pc Engine è un gioco di azione/riflessione in cui usi bombe per far esplodere i tuoi avversari su tabelloni punteggiati di bonus e trappole. Fai esplodere i tuoi petardi a distanza o dai un bel calcio per mandarli all'altra estremità della mappa, tutti i mezzi sono buoni!
Bomberman '93 - Special Version (Japan)	Bomberman '93 su Pc Engine è un gioco di azione/riflessione in cui usi bombe per far esplodere i tuoi avversari su tabelloni punteggiati di bonus e trappole. Fai esplodere i tuoi petardi a distanza o dai un bel calcio per mandarli all'altra estremità della mappa, tutti i mezzi sono buoni!
Bomberman '94 (Japan)	Mai uno che lascia qualcosa di buono da dimenticare, Hudson è tornato con il terzo capitolo della sempre presente serie Bomber Man, e con questo arrivano alcuni cambiamenti. A parte il nostro piccolo eroe tozzo che ha perso un po' di peso dal '93, anche il gameplay è stato modificato in modo significativo. Pur mantenendo l'azione di base del bombardamento, il completamento di un livello ora non richiede più la distruzione di tutti i nemici sullo schermo. Invece, devi trovare e distruggere una serie di pilastri su ogni livello e questi sbloccheranno un pezzo di amuleto rotto dalla sua cupola protetta. Raccogli il pezzo e tutti i blocchi distruttibili rimanenti si trasformano in monete e hai circa 15 secondi per raccoglierne il maggior numero possibile. Un'altra importante aggiunta sono gli animali di tipo canguro su cui puoi saltare e cavalcare. Questi hanno abilità speciali, come saltare e simili, e contano anche come un colpo extra nel caso in cui ti imbatti in un nemico o ti fai esplodere stupidamente.
Bomberman (USA)	Il primo Bomberman del PC Engine, è uno dei primi disponibili su console casalinga. Il principio del gioco è semplice, controlli un piccolo personaggio che deve, usando delle bombe, sbarazzarsi dei nemici presenti nei livelli. Una volta che i nemici sono stati distrutti, appare un piccolo quadrato blu e devi solo calpestarlo per essere teletrasportato al livello successivo. Con una modalità in solitario, sicuramente interessante, è proprio la modalità multiplayer a decretare il successo della serie. In questa versione per PC Engine puoi giocarne fino a cinque contemporaneamente, e lì i giochi diventano estremamente divertenti, pura felicità. Ovviamente i bonus sono già in gioco.
Bomberman - Users Battle (Japan)	Il primo Bomberman del PC Engine, è uno dei primi disponibili su console casalinga. Il principio del gioco è semplice, controlli un piccolo personaggio che deve, usando delle bombe, sbarazzarsi dei nemici presenti nei livelli. Una volta che i nemici sono stati distrutti, appare un piccolo quadrato blu e devi solo calpestarlo per essere teletrasportato al livello successivo. Con una modalità in solitario, sicuramente interessante, è proprio la modalità multiplayer a decretare il successo della serie. In questa versione per PC Engine puoi giocarne fino a cinque contemporaneamente, e lì i giochi diventano estremamente divertenti, pura felicità. Ovviamente i bonus sono già in gioco.
Bonk 3 - Bonk's Big Adventure (USA)	Bonk's Big Adventure è il terzo capitolo della serie platform a scorrimento laterale. Come nei giochi precedenti, il giocatore assume il ruolo di un uomo delle caverne di nome Bonk che si fa strada attraverso vari nemici per sconfiggere King Drool. Le mosse familiari includono oscillare sugli alberi, rimbalzare sui muri, rompere blocchi e arrampicarsi sui muri con i denti. Rispetto alle partite precedenti, cammina e si muove un po' più velocemente.
Bonk's Adventure (USA)	Bonk's Adventure è un gioco platform preistorico in cui hai il controllo di un grande uomo delle caverne calvo, guidandolo attraverso i livelli eliminando ogni sorta di strane creature preistoriche che si mettono sulla tua strada, inclusi gli scagnozzi di King Drools, il tutto nel tentativo di liberare i catturati/ residenti controllati di Moonland (boss) - inclusa la principessa Za di King Drool ha tentato di impossessarsi.
Bonk's Revenge (USA)	Bonk's Revenge, noto anche come Pc Kid 2, è logicamente il sequel di Pc Kid. Il personaggio principale è stato felicemente ridisegnato. L'animazione è ancora più fluida rispetto al primo volume e ci sono più colori. Le piccole creature che abitano il mondo di Pc Kid sono assolutamente fantastiche e vanno da pattinatori psicopatici a fiori di campo saltellanti e dinosauri in stile Tex Avery. La tua arma? Il cranio muscoloso di Pc Kid e le sue tonanti testate. Ci divertiremo a guardare il nostro eroe trasformarsi in una ragazza o in un degenerato sopraffatto per il bene del piccolo popolo preistorico. Viva PC Kid!!!
Bouken Danshaku Don - The Lost Sunheart (Japan)	Dai, sali subito sul tuo aereo, devi salvare il mondo ancora una volta! The Lost Sunheart - passiamo il nome giapponese impossibile da ricordare per noi europei - è un film molto ben scritto. Le scene di intermezzo sono graficamente piuttosto scadenti, ma hanno il merito di essere presenti e di spiegare molte cose... solo in giapponese. Questa volta, è una macchina pazza che dovrà fermarsi. La gestione è come molte versioni del PC Engine: perfetta. Tutto è molto classico. Alcuni potenziamenti ti consentono di cambiare tiro. Non esiste una bomba intelligente. È anche possibile regolarne la velocità premendo Select.
Boxyboy (USA)	Crea la tua strada verso la vetta, poiché il tuo primo lavoro si trasforma in un gioco di strategia da capogiro! Dimostra loro che hai cervello e muscoli e ti manderanno in giro per il mondo ad affrontare 100 livelli di enigmi sconvolgenti. Sii calmo e scoprirai livelli segreti che trasformano i cervelli in pretzel! Presto potrai iniziare a chiamare i colpi con le tue creazioni di puzzle! Una cosa è certa. Una volta che sei in questo rompicapo, sarai troppo accanito per fermarti!
Bravoman (USA)	Il malvagio Dr. Bomb ha preso il controllo del villaggio di Nitta e solo tu, un normale salariato, puoi fermare i suoi piani malvagi trasformandoti nel favoloso supereroe Bravoman!nnnnIl gioco è un platform d'azione a scorrimento laterale. Come Bravoman, hai il potere di allungare i tuoi membri a seconda di quanto a lungo premi ciascun pulsante permettendoti di saltare più in alto o prendere a pugni i nemici sull'altro lato dello schermo. nnDispone di 22 livelli pieni di ambientazioni bizzarre e nemici, tutti renderizzati utilizzando una grafica 2D colorata.
Break In (Japan) (En)	Scegliete tra sei giochi di biliardo come Palla 9, Rotazione o Carambola (un gioco che può essere giocato senza tasche!) La modalità Simulazione vi permette di calcolare il colpo perfetto o selezionate la modalità Azione per scoprire cosa è andato storto nei vostri colpi mancati. Break In offre a tutti i giocatori, dai principianti agli esperti, l'opportunità di divertirsi con il biliardo, fornendo tutto ciò di cui hanno bisogno per divertirsi! E non è tutto: si può optare per la modalità Tecnica per esercitarsi in inquadrature angolari o scatti speciali! Il computer vi aiuterà a perfezionare le vostre abilità. Con Break In, diventerete professionisti in pochissimo tempo!
Bubblegum Crash! (Japan)	Questo è un gioco di avventura basato sul sequel del magnifico classico anime cyberpunk Bubblegum Crisis. Ti mette nei panni di Nené of the Knight Sabres, un gruppo di donne al potere che prendono il comando per risolvere problemi che la polizia AD non può gestire. Tieni presente che, a meno che tu non sappia leggere il giapponese, potrebbe esserci una certa quantità di tentativi ed errori prima di arrivare da qualche parte.
Bull Fight - Ring no Hasha (Japan)	Bullfight: Ring no Hasha è un gioco di boxe in cui il giocatore prende parte a una competizione con otto pugili. Il torneo consiste in quattro combattimenti e un finale e ogni pugile può essere controllato da un giocatore umano. I pugili hanno diverse statistiche (forza, agilità e resistenza) che possono essere migliorate tra un combattimento e l'altro con un combattimento di allenamento. Ogni pugile ha quattro mosse (oscillazione sinistra, oscillazione destra, uppercut e schivata) e un colpo esaurisce la barra dell'energia dell'avversario e dà punti. Simile alla vera boxe, quei punti vengono utilizzati per determinare il vincitore se nessun pugile viene eliminato durante i round regolari. Quando l'energia si esaurisce, si verifica un knockout, ma quando il giocatore preme un pulsante abbastanza velocemente quando al pugile viene dato un conteggio, si rialza con una barra dell'energia parzialmente reintegrata. Inoltre è incluso anche un gioco di combattimento a scorrimento laterale. Qui il giocatore cammina da sinistra a destra e combatte i nemici nel combattimento corpo a corpo di arti marziali.
Burning Angels (Japan)	Le Burning Angels sono due donne poco vestite che combattono con le navi spaziali. Il loro obiettivo attuale è salvare il capo di un progetto scientifico che è stato rapito dagli alieni. Ora si dirigono verso le loro navi, volano attraverso i livelli a scorrimento verticale e uccidono tutto ciò che vedono, inclusi diversi boss nemici. I nemici uccisi lasciano dietro di sé potenziamenti che premiano cinque armi extra, ad es. missili o droni, che possono essere utilizzati contemporaneamente o un equivalente di una bomba intelligente. Il giocatore ha una barra della salute che diminuisce quando la nave viene colpita dai nemici e quando è completamente vuota, il gioco finisce perché non ci sono continue o vite extra. Allo stesso modo, la morte di un giocatore termina il gioco quando si utilizza la modalità multiplayer cooperativa.
Cadash (USA)	Ci sono guai nel regno di Dilsarl: la giovane e bella principessa Salasa è stata rapita dal malvagio arcimago Balrog. Il re chiede aiuto ai quattro migliori guerrieri del paese. Il compito è chiaro, ma non così semplice: trovare Balrog, distruggere i suoi servitori malvagi e altri mostri che vagano per la terra e salvare la principessa. nnCadash è un gioco di ruolo d'azione su piattaforma. Il giocatore sceglie una delle quattro classi di personaggi all'inizio del gioco: combattente, sacerdotessa, mago o ninja (la versione Genesis ha solo due personaggi: combattente e mago). Il protagonista si fa strada attraverso i dungeon, attaccando fisicamente o lanciando incantesimi (come sacerdotessa o mago). Come nei normali giochi di piattaforma, ci sono luoghi in cui il personaggio del giocatore deve saltare, abbassarsi o arrampicarsi. Il protagonista acquisisce esperienza per aver sconfitto i mostri e il loro livello sale in un vero gioco di ruolo.
Champion Wrestler (Japan) (En)	Champion Wrestler ha guadagnato popolarità nelle sale giochi e ora è rinato su PC Engine! Possono giocare fino a 2 persone contemporaneamente e puoi anche divertirti con un gran numero di lottatori e tag team. Per prendere la cintura del campionato TWF, il gioco ti sfiderà con formidabili abilità nemiche.
Champions Forever Boxing (USA)	Sono Ali, Foreman, Frazier, Holmes e Norton, cinque dei più grandi campioni di boxe dei pesi massimi del mondo! Sii loro o combattili. Ognuno ha i suoi tratti fisici reali e il suo stile di boxe. Muoviti e colpisci, o vai in punta di piedi e scatena una raffica di ganci e montanti punitivi e colpi al corpo. Proteggiti bloccando pugni o clinciando. Provoca gli avversari con mosse spettacolari, se hai il coraggio. Combatti partite di esibizione o un'intera carriera di 15 anni. Tra i primi piani rotondi mostra il danno facciale di ogni pugile. Sconfiggi queste 5 leggende e diventa un campione per sempre.
Chase H.Q. (USA)	Giochi come membro del Dipartimento di investigazione speciale Chase e hai il compito di dare la caccia all'automobile controllata dall'Intelligenza Artificiale prima di eliminarla definitivamente. La versione arcade del gioco include 5 livelli. Il punto di Vista è simile a OutRun e c'è una quantità di tempo (60 secondi) per raggiungere il veicolo in fuga. Questo è spesso reso più difficile dal traffico su strada e fornendo anche al giocatore la scelta di prendere due strade; una di esse è più lenta e il rischio è rimanere indietro rispetto alla macchina nemica. Una volta che l'auto nemica viene catturata il giocatore riceve 60 secondi bonus extra entro il quale deve scontrarsi contro l'auto una certa quantità di volte. Il gioco ha 5 diversi criminali, uno per ogni livello.
Chew-Man-Fu (USA)	Chew Man Fu in Turbografx è un puzzle game in cui l'obiettivo è posizionare le sfere nei recipienti previsti a tale scopo prendendole a calci. Ci sono 4 sfere colorate con proprietà diverse. La sfera rossa è la più potente, mentre quella nera distrugge i muri più velocemente. La sfera blu ha una migliore elasticità e rimbalza più a lungo. La sfera verde ha caratteristiche medie in attacco, distruzione del muro e forza di rimbalzo.
Chibi Maruko-chan - Quiz de Piihyara (Japan)	Il popolare personaggio per bambini Chibi Maruko-chan si fa strada sul PC Engine con questo gioco d'azione/quiz abilmente presentato. Scegli la tua difficoltà e parti per la strada... ma fai attenzione perché ci sono uccelli, gatti e robot cattivi intenti a farti saltare in aria. Hai come difesa l'elmo dell'esploratore e le stelle magiche sparano fuori da esso per eliminare i cattivi (se necessario, è anche possibile saltare sulla loro testa per una rapida fuga). Mentre tutto questo sta succedendo, ti viene presentata una serie di domande nella parte superiore dello schermo. Hai una scelta di risposte da A-D e per effettuare una selezione devi raccogliere la lettera corrispondente da un nemico sconfitto. Sbagli tre e sei fuori.
Chikudenya Toubei - Kubikiri Yakata Yori (Japan)	Chikudenya Toubei (in alternativa Toubee, Tobe) è un gioco di avventura originariamente pubblicato su MSX2 nel 1989 e portato su PC Engine l'anno successivo. Il giocatore utilizza un menu di comandi per spostarsi, raccogliere oggetti, parlare con gli NPC e altri passaggi necessari. nnDefinito un &quot;fumetto digitale&quot;, il gioco ha una serie di filmati che si svolgono durante le parti più drammatiche del gioco. Il gioco include anche enigmi, inclusa una sequenza in cui il giocatore ricrea il volto di una vittima a memoria usando una serie di caratteristiche facciali come cicatrici e sopracciglia.
China Warrior (USA)	China Warrior è un gioco nello spirito di Kung-Fu Master. La storia è di un guerriero Kung-Fu di nome Wang che si propone di distruggere l'Imperatore Oscuro e liberare la Cina. Il gameplay è a scorrimento laterale e l'obiettivo del gioco è quello di arrivare alla fine del livello e combattere il suo boss, colpendo i cattivi lungo la strada. Ci sono solo tre tipi di attacco; pugno, calcio e calcio saltato e ci sono quattro fasi in tutto.
Circus Lido (Japan) (En)	Giochi nei panni di un piccolo camaleonte che deve ripulire una quarantina di livelli. Per muoverti, non puoi saltare. Devi usare la tua lingua per raggiungere i tuoi obiettivi. Il primo pulsante ti permette di ingoiare mostri e sputarli fuori, come in Bubble Bobble. Tranne che questa volta devi inviarli alle piante carnivore per sradicarli per sempre. nnIn Circus Lido impossibile saltare, devi usare l'altro pulsante per tirare fuori la lingua ancora una volta per tirarti su con le corde. Ne consegue un trattamento piuttosto originale, ma che non riesce a discostarsi dall'ombra del colpo di Taito. È un peccato, perché attraverso i livelli ci piace trovare soluzioni. In effetti, il gioco è più un puzzle game che un gioco d'azione. Meglio pensare prima di giocare, altrimenti ti blocchi.
City Hunter (Japan)	City Hunter è basato sul manga di Tsukasa Hojo. La storia è incentrata su Ryo Saeba, un giovane dal passato misterioso, che fonda l'agenzia investigativa privata City Hunter a Shinjuku, Tokyo. nnIl gameplay è un semplice sparatutto a scorrimento laterale con alcuni elementi di avventura. Il gioco manca di potenziamenti o varietà di armi e può essere trasportato solo un oggetto alla volta. I livelli sono generalmente progettati come vaste aree interne, con molte stanze in cui Ryo può entrare risolvendo 3 casi.
Columns (Japan)	Colonne è vagamente derivato da Tetris, poiché comporta la disposizione dei blocchi che cadono in modo tale da liberarli. Tuttavia, nelle colonne sono gruppi di 3 blocchi della stessa dimensione ma di colore diverso, che devono essere disposti in sequenze di 3 o più, orizzontalmente, verticalmente o diagonalmente. Le sequenze di 4 o 5 contano per doppi o tripli punti e le sequenze diagonali ottengono il punteggio più alto. Il vero trucco è impostare &quot;combo&quot;, in cui una riga fa cadere altri blocchi in modo da creare altre righe. nnOltre alla normale modalità di gioco, esiste anche una modalità 'flash', in cui lo scopo è semplicemente quello di rimuovere un particolare blocco dalla base della pila di mattoni preformata. La difficoltà di questo può essere determinata aumentando il numero di righe complete già in atto.
Coryoon (Japan)	Shoot 'em up orizzontale che ti lancia nei panni di un cucciolo di drago per liberare una principessa dalle grinfie di un male... beh, hai capito. Il gameplay è tradizionale, con armi potenziate che includono tiro a più vie e modalità &quot;miniatura&quot; e una sorta di raggio R-Type inverso in cui non si spara per potenziarlo. Contiene anche modalità di attacco a tempo di 2 minuti e 5 minuti.
Cratermaze (USA)	Basato sull'anime Kids su un gatto robot del futuro, Doraemon è una specie di uomo Bomber al contrario. Invece di piazzare bombe, scavi buche nel terreno per intrappolare i nemici, quindi riempili per finirli. Il gioco ha un paio di impostazioni di difficoltà, quella più difficile fornisce più nemici in movimento da evitare o intrappolare. C'è una selezione di diversi livelli che si alternano per varietà (ci sono 60 livelli in totale) e il boss occasionale lanciato per buona misura.
Cross Wiber - Cyber Combat Police (Japan) (En)	Cross Wiber: Cyber-Combat-Police è un sequel di Cyber Cross e segue le avventure di Cross Wiber, un ispettore speciale della polizia informatica. Diversi anni dopo gli avvenimenti di Cyber Cross, una nuova minaccia minaccia la Terra: Duma e le sue forze aliene. Wiber ora inizia il suo contrattacco su Duma.
Cyber Cross (Japan)	In Cyber ​​​​Cross guidi un giovane eroe in questo SENTAI THEM ALL la cui missione è salvare il mondo dai cattivi... Come un Rinnegato e altri Kung fu, dovrai affrontare durante questo viaggio una moltitudine di cattivi e non belli sotto forma di insetti mutanti prima di affrontare, ad ogni estremità dei livelli, l'End Boss e di smantellare la sua faccia a regola d'arte^ ^nnPer questo, inizi il gioco come un semplice giovane con un pugno e un calcio. Grazie al bonus che raccoglierai durante la tua epopea, ti trasformerai in un X-OR come dei tempi moderni, in un super eroe in collant dai colori sgargianti (blu, rosso, verde) come un JO FRAZIER delle grandi serate.. . Sta a te poi, a seconda del colore della tua armatura, boomerang gialli, spade Jedi e altre pistole laser... (sappi che hai anche la possibilità di eseguire mosse speciali)
Cyber Dodge (Japan) (En)	Gioco futuristico di dodgeball con una scelta di squadre fantastiche (alcune sospettosamente come certi film famosi) e una variegata collezione di campi a tema.
Cyber Knight (Japan)	Nel XXIV secolo, l'umanità è andata nello spazio. L'equipaggio dell'astronave Swordfish è coinvolto in uno scontro con i pirati spaziali quando la battaglia prende una piega negativa. Disperato, l'equipaggio attiva il loro jump drive senza una destinazione... e finiscono per essere scagliati attraverso la galassia fino al nucleo galattico. La Swordfish però è gravemente danneggiata con molte vittime, incluso il capitano. Solo 26 membri dell'equipaggio sopravvivono, e di loro solo 6 sono idonei al combattimento: il comandante, due soldati, un meccanico e un medico e sei gigantesche tute meccanizzate &quot;Moduli&quot; disponibili per loro. Questi sopravvissuti localizzano il pianeta Farworld, apparentemente colonizzato dagli umani. Lì scoprono che la colonia è sotto attacco da parte di alieni meccanici implacabili soprannominati &quot;Berserkers&quot;. L'equipaggio dello swordfish deve combattere contro i Berserker ed esplorare la galassia alla ricerca di qualche mezzo per tornare a casa.
Cyber-Core (USA)	Cyber-Core è uno sparatutto a scorrimento verticale in cui il giocatore combatte gli insetti. L'idea di base è tradizionale: sparare a tutto prima che possa sparare/toccare il giocatore: dopo tre colpi l'armatura di chitina si rompe e si perde una vita. Oltre ai nemici volanti che vengono eliminati con la pistola standard, il giocatore deve anche affrontare i nemici a terra che devono essere colpiti con una delle bombe illimitate.
Daichi-kun Crisis - Do Natural (Japan)	Daichikun Crisis: Do Natural è un gioco PC Engine del 1989 che segue una famiglia di mucche antropomorfe mentre coltivano la loro casa su Moo Cow Island. Utilizza un formato strategico in tempo reale in cui i giocatori esplorano l'isola e piantano vari raccolti. Devono anche combattere l'attacco occasionale di mostri dai vulcani vicini e rimuovere la cenere tossica risultante.
Daisenpuu (Japan) (En)	Sparatutto a scorrimento verticale, che ricorda graficamente Raiden, con un'ambientazione della Seconda Guerra Mondiale. Parti per vari paesaggi nemici distruggendo aerei, carri armati e barche. I potenziamenti ti danno un aumento del danno dell'arma e hai anche un'arma speciale sotto forma di uno squadrone di combattenti che viene in tuo aiuto.
Darius Alpha (Japan) (En) (SG Enhanced)	Uno dei giochi più rari per PC Engine, Darius Alpha è stato offerto solo a coloro che hanno acquistato sia la versione CD che quella HuCard di Darius Plus (il che non ha molto senso, considerando quanto siano simili le due versioni). Le persone che non ne avevano mai abbastanza di Darius ora potevano suonare un'altra variazione sullo stesso tema. Darius Alpha è costruito sulla stessa base di codice di Darius Plus, ma è stato rimodellato in un cosiddetto gioco di &quot;combattimento contro i boss&quot;, ad es. un gioco in cui combatti solo contro i boss di un gioco o di una serie di giochi. Inizi con una nave non equipaggiata e devi abbattere il boss del primo livello, King Fossil. Dopo aver sconfitto King Fossil, ti vengono concessi alcuni lievi miglioramenti e procedi direttamente al boss del livello successivo. E così via.
Darius Plus (Japan) (En) (SG Enhanced)	Darius Plus è uno sparatutto orizzontale. L'originalità principale di Darius nella sala giochi era nel suo gigantesco schermo (che era circa tre volte più grande di uno schermo normale!); qui, ovviamente, non è più così. Quindi, Darius Plus può essere distinto solo dalla sua durata, poiché l'avventura si sviluppa su ventisei livelli. Tuttavia, facciamo ancora un piccolo avvertimento: non dovrai passare attraverso tutte queste fasi per vedere la fine del gioco. In verità, ad ogni estremità del livello, puoi decidere di volare su o giù, questo che portarti su due livelli distinti. In concreto, i corsi hanno una lettera dalla A alla Z. Una volta terminato il livello A, puoi andare in zona B se prendi la direzione alta, o in C se prendi la bassa. E così via fino alla morte. E la morte, credimi, può accadere alla minima svolta.
Darkwing Duck (USA)	Darkwing Duck era un popolare programma televisivo animato che andava in onda nei pomeriggi dei giorni feriali all'inizio degli anni '90. Darkwing era un'anatra che combatteva il crimine che teneva la città al sicuro da un gruppo di criminali non così intelligenti. Il gioco TurboGrafx-16 basato sul cartone animato è molto diverso dai giochi per NES e Game Boy Darkwing. Sebbene sia un platform a scorrimento laterale, il gameplay e la struttura dei livelli sono molto diversi. Questo gioco ha 4 aree a scorrimento laterale, 1 delle quali è il livello finale del boss. Gli altri 3 livelli possono essere affrontati in qualsiasi ordine e in essi devi raccogliere diversi pezzi del puzzle.
Davis Cup Tennis (USA)	Sfida 32 migliori professionisti internazionali in un'azione esplosiva sul campo o sfida i tuoi amici con tantissime opzioni di gioco reali e una visuale da vero giocatore! Comanda un arsenale di servizi puntuali e potenti tiri di passaggio dalla linea di fondo. Attacca la rete con raffiche di topspin o dropshot. Quindi distruggi il pallonetto e il morale del tuo avversario con il tuo colpo di testa. Gioca in singolo e in doppio su erba, terra battuta, indoor o sul cemento in tornei di esibizione e in tutto il mondo. Esercitati contro la macchina delle palle per perfezionare le tue abilità per la missione finale, l'ambita Coppa David!
Dead Moon (USA)	Circa 200 anni nel futuro, una cometa viene rilevata ai margini del sistema solare. Gli astronomi determinano che passerà vicino alla terra e invieranno sonde per esaminarlo. Quando le sonde si avvicinano alla cometa, questa cambia bruscamente direzione e si dirige verso la terra. All'ultimo momento, il popolo della terra è in grado di lanciare missili superficie-cometa e deviare il suo impatto sulla luna. Al centro del cratere d'impatto si stanno radunando macchine da guerra aliene! L'ONU invia un'astronave solitaria sulla luna per distruggere la minaccia aliena. Dead Moon è uno sparatutto a scorrimento laterale con 6 livelli che si svolgono sulla terra, nello spazio e sulla luna. È dotato di 4 diversi tipi di armi primarie e diversi tipi di armi secondarie. Ogni livello presenta mini-boss e boss di fine livello.
Deep Blue (USA)	Gli alieni stanno invadendo l'oceano e hanno mutato i pesci e altri esseri acquatici! Ma un A.N.G.E.L. Fish Attack Sub sta per attraversare quattro scene di terrore che nuotano e impedire agli alieni di conquistare il mare. Fortunatamente, l'A.N.G.E.L. è aiutato nel suo percorso da una serie di potenziamenti: ad esempio, Healing Power ripara completamente il sottomarino e Speed Power lo accelera. È possibile utilizzare fino a tre modalità di attacco per combattere il pesce mutante: il Pulse Shot iniziale, il distruttivo Swirl Cutter e il Bubble Beam. Ma l'A.N.G.E.L. non è indistruttibile. Quattro colori sull'occhio dell'A.N.G.E.L. indicano la quantità di danni subiti dal sottomarino, e quando ne ha abbastanza ed esplode, questa è la fine dell'A.N.G.E.L. e la fine del gioco.
Detana!! TwinBee (Japan)	Un altro sparatutto top-down della serie TwinBee di &quot;cute'em up&quot;. Detana!! Presenta per la prima volta i personaggi dietro i combattenti TwinBee e WinBee, Pastel e Light, e racconta il loro viaggio per salvare la principessa Melora da una forza malvagia che minaccia il mondo. Tuttavia, si tratta ancora di sparare a nemici surreali e carini attraverso 6 fasi di azione a scorrimento verticale. Potenziamenti e potenziamenti possono essere ottenuti sparando alle campane colorate che alcuni nemici lasciano dietro di sé finché non rimangono del colore desiderato, con molte combinazioni possibili. Una nuova funzione di colpo di carica è stata aggiunta al tuo arsenale di base e il gioco offre un gameplay cooperativo per uno e due giocatori.
Devil's Crush (USA)	Immagina un gioco di avventura nel formato di flipper e ottieni Dragon's Fury. Il tuo eroe è una pallina d'argento e il tuo campo di battaglia è un flipper a tre livelli. Usando la tua palla, puoi sconfiggere mostri, accumulare punti ed entrare in fasi bonus. Se giochi con abbastanza abilità, puoi attivare tutti i tipi di bonus che accumulano punti. Se ottieni un miliardo di punti, puoi combattere il boss finale e vedere il finale del gioco.
Die Hard (Japan)	I terroristi tengono in ostaggio le persone a Nakatomi Plaza nel tentativo di rubare 600 milioni di dollari. John McClain decide di visitare sua moglie Holly, che sembra essere una degli ostaggi, e viene coinvolto nella situazione. A differenza di altre versioni di Die Hard presenti nel database di MobyGames, la versione TurboGrafx-16 viene riprodotta da una prospettiva dall'alto verso il basso e consiste in dieci fasi in cui combatti i cattivi delle foreste, fino all'edificio Nakatomi e finalmente sul tetto dove si svolge lo scontro finale. Le armi possono essere raccolte abbattendo i nemici e includono mitragliatrici, colpi laser e lanciafiamme. Se guardi abbastanza bene, potresti persino ottenere un giubbotto antiproiettile, che potrebbe proteggerti dai colpi, ma può anche ridurne la vita.
Digital Champ - Battle Boxing (Japan)	Ambientato nel prossimo futuro, DIGITAL CHAMP è un titolo di boxe in prima persona che immerge i giocatori nella cruda intensità del ring! Determinato a contrastare il complotto di Mother Computer per conquistare l'umanità, ti infiltri nel dominio nemico, usando le tue abilità di boxe per sconfiggere i tuoi nemici. Ogni round dura tre minuti, con un totale di dodici round per partita. Avanza alla gara successiva attraverso un KO o appiattendo un avversario tre volte in un round per un TKO. Utilizza un arsenale di jab sinistro e destro, ganci, cross carichi di potenza e tre diversi tipi di pugni Devastator. Blocca abilmente e fai scivolare gli attacchi dei tuoi avversari e cerca la tua occasione per schierarli. Padroneggia queste tecniche e abbatti il più grande avversario di tutti, CAMPIONE DIGITALE!
Don Doko Don! (Japan)	Don Doko Don è un platform d'azione giapponese sviluppato e pubblicato per la prima volta per le sale giochi da Taito nel 1989. Uno o due giocatori controllano i nani barbuti mentre si fanno strada attraverso cinquanta livelli platform e simili a puzzle nel tentativo di salvare la loro ragazza rapita.
Doraemon - Nobita no Dorabian Night (Japan)	Basato sul popolare franchise di Doraemon, Nobita no Dorabian Night segue le avventure del gatto robotico titolare, mentre cerca di salvare i suoi amici da diversi periodi di tempo. Come è successo? Naturalmente, grazie a Nobita, la migliore amica di Doraemon e straordinaria sfigata. Qualcosa è andato storto quando Nobita stava mostrando ai suoi amici una macchina del tempo, così sono finiti bloccati in mondi ostili, e ora tocca a Doraemon salvarli!
Double Dungeons (USA)	Double Dungeons è un dungeon crawler in solitaria in senso stretto. Uno o due giocatori possono esplorare dungeon pseudo-3D simili a labirinti (senza la funzione di mappatura automatica, ma con istruzioni sullo schermo) e combattere i mostri che li popolano. I giocatori possono scegliere di avventurarsi in uno qualsiasi dei 20 dungeon disponibili. I dungeon hanno le stesse trame, ma il loro design varia; più alto è il numero del dungeon scelto, più pericolosi sono i suoi nemici. La modalità a due giocatori presenta uno schermo diviso; I due giocatori iniziano ad esplorare il dungeon da punti diversi.
Down Load (Japan)	Download è uno sparatutto orizzontale ambientato in un futuro cyberpunk distopico in cui il personaggio principale, Syd, è perseguitato dai ricordi del suo amico Ohala che cade in una minaccia cibernetica. Nel frattempo, riceve una chiamata dal suo contatto/partner Deva e deve correre in suo soccorso quando viene rapita dalle forze di polizia di Kabukicho. La storia del gioco è rappresentata in una serie di vignette animate prima di ogni fase, simili a Ninja Gaiden. A partire dalle strade cattive di Kabukicho, Syd alla fine si connetterà a Internet e combatterà in modo simile attraverso il cyberspazio.
Dragon Egg! (Japan)	Uovo di drago! è un gioco d'azione/piattaforma in cui giochi come una ragazza. Inizialmente dovrai muoverti da solo e colpire con ciò che ti viene a portata di mano. Ma quando recuperi le sfere blu, un drago ti aiuterà. Inizialmente molto piccolo, si nasconde nella sua borsa e gli permette di scagliare delle fiamme, che porta ancora un po' oltre il suo bastone. Quindi il drago diventerà abbastanza grande da permetterti di cavalcarlo sulla schiena e saltare ulteriormente. Infine, da grande drago, puoi anche librarti per qualche istante, per non parlare dei suoi colpi molto più potenti. I sei livelli che compongono il gioco sono divisi in due o tre tabelloni, più un boss.
Dragon Saber (Japan) (En)	Mentre Dragon Spirit era una conversione multiformato, solo gli utenti di Turbo-Grafx / PC Engine inizialmente potevano giocare a casa al sequel meno noto. Per quanto riguarda il gameplay, poco è cambiato rispetto all'originale, poiché entrambi i giochi sono sparatutto a scorrimento verticale che ti danno il controllo di un drago. Stai volando su un terreno edificato, completo di fiumi e delle loro sponde. I nemici e le onde possono essere colpiti o evitati: sparare loro rivela punti extra e occasionali potenziamenti. Le unità di terra ti stanno sparando ma non possono essere respinte, quindi fai attenzione a quali parti dello schermo occupi in quali orari.
Dragon Spirit (USA)	Amur, lo spirito del drago, vive dentro di te. Nei panni della creatura alata che sputa mega tonnellate di fuoco, la tua missione viene rivelata. Salva la principessa Alicia da Zowel, Demon of Darkness. Quindi prendi il volo e distruggi le creature nemiche con fiato e palle di fuoco. Aggiungi teste di drago e incredibili potenziamenti. Affronta Zowel in una Super Battaglia delle Bestie. (Attenzione a non respirare su Alicia).
Dragon's Curse (USA)	Povero Hu-Man! semplicemente non è più lui. Cercando di scappare dal malvagio drago Mecha, si è trasformato nell'orribile Uomo Lucertola! Preparati a prendere a calci una seria coda di drago, perché altri 5 stanno aspettando per fermarti. Ognuno è più vizioso dell'ultimo. E ognuno trasforma Hu-Man in un diverso tipo di totale disgusto! Tagliali, bruciali e spazzali via! Quindi cattura la Croce di Salamandra per spezzare la MALEDIZIONE DEL DRAGO. il gioco è la versione Pc engine di Wonderboy III the dragon's trap.
Drop Off (USA)	Drop Off è simile a Breakout, in quanto il giocatore controlla una paletta che può spostarsi a sinistra ea destra, colpendo una palla che il giocatore sta usando per eliminare i gioielli all'estremità superiore del campo di gioco. Il gioco è diverso da Breakout, tuttavia, in quanto la paletta può anche essere spostata su e giù, i gioielli si stanno spostando verso il basso verso la paletta del giocatore e c'è un bordo nella parte inferiore del campo di gioco che fa rimbalzare la palla. La trama del gioco prevede che la ragazza del personaggio antagonista sia in coma. Appare una musa che dice al giocatore che la sua ragazza è intrappolata in un incubo ed è posseduta da qualcuno. La musa quindi lancia un incantesimo per mettere il giocatore nei suoi sogni.
Dungeon Explorer (USA)	L'ex re di Oddesia ti ha affidato un compito importante e pericoloso. Devi trovare la sacra pietra ORA, che possiede i poteri della vita, della luce e della felicità, e recuperarla prima che lo faccia il re della razza aliena, Natas. Ha conquistato questa terra e l'ha sprofondata in un'era di terrore e disperazione, tormentata dalla violenza. Sta a te opporti a lui e riportare il tuo mondo al suo antico splendore. Dungeon Explorer gioca come Gauntlet: scegli uno dei diversi personaggi con cui giocare (Fighter, Thief, Warlock, Witch, Bard, Bishop, Elf e Knome) e parti per la tua avventura da solo o con un massimo di altri quattro giocatori. Le battaglie sono in tempo reale e del tipo sparatutto, cioè, invece di brandire una spada, spari coltelli (o incantesimi a seconda della tua classe).
Dungeons & Dragons - Order of the Griffon (USA)	La gente di Radlebb Keep è preoccupata: non morti e lupi mannari sono stati visti nelle foreste vicine e si dice che un vampiro si sia stabilito a Koriszegy Keep. Lord Korrigan assume un gruppo di avventurieri per dissipare le voci. Presto scoprono che non solo le voci sono vere, ma che ci sono anche altre forze del male all'opera nella zona. nnOrder of the Griffon è un gioco di ruolo basato sulle regole di Dungeons & Dragons della prima edizione (sono presenti molti mostri famosi, oggetti magici e incantesimi) e ambientato nel mondo D&D di Mystara. Utilizza convenzioni di gioco in qualche modo simili a quelle dei titoli Gold Box di Strategic Simulations, Inc: quando la festa è in città e sotterranei, viene utilizzata una visuale in prima persona, mentre i viaggi via terra avvengono su una grande mappa dell'area. Il combattimento con i mostri è a turni e si svolge su uno speciale schermo tattico.
Energy (Japan)	La storia di questo gioco è piuttosto semplice: Tokyo è stata distrutta dai mostri! Creature terrificanti hanno invaso la città e l'hanno rovinata. Uno scienziato che possiede la conoscenza segreta dei poteri psichici conosciuti come ESP, ne impregna un ragazzino e lo manda per le strade e le caverne sotterranee di Tokyo, per salvare i pochi sopravvissuti rimasti e scoprire la fonte della mostruosa invasione! Energy è uno sparatutto a scorrimento laterale. Il giocatore manipola il giovane eroe, che può sparare palle di energia e saltare. Gli attacchi energetici esauriscono la sua barra ESP, che si ricarica gradualmente in seguito. La barra della vita dell'eroe può essere riempita solo con pozioni curative che a volte vengono rilasciate dai nemici. Il ragazzo può anche raccogliere oggetti che cambiano le proprietà o il suo attacco ESP e/o potenziare questi attacchi al livello successivo.
Eternal City - Toshi Tensou Keikaku (Japan)	Eternal City: Toshi Tenso Keikaku è un videogioco abbastanza simile in linea di principio a Metroid su Nintendo e, in misura minore, a Cyborg Hunter & Zillion su Master System. Combatti in un labirinto gigantesco per acquisire abilità e diritti di passaggio. per accedere alle seguenti aree.
F-1 Dream (Japan)	Simpatico gioco di corse a tema che ti accompagna nella carriera di un aspirante pilota di F1.
F-1 Pilot - You're King of Kings (Japan)	Prova la velocità e l'eccitazione di guidare un veicolo finemente messo a punto attraverso i colpi di scena dei migliori circuiti di tutto il mondo. Metti a punto la tua auto prima di ogni gara per massimizzare le tue possibilità di vincere ogni gara, quindi scendi in pista per gareggiare contro avversari che sono tutti in lizza per vincere! Tieni sempre d'occhio le cose davanti e dietro per sorpassare e bloccare i tuoi avversari.
F1 Circus '91 (Japan)	F1 Circus '91 è un gioco di corse di simulazione di Formula 1. La serie non disponeva ancora di una licenza ufficiale, quindi, proprio come il primo gioco, presenta solo nomi generici di squadre e piloti. Il gioco stesso funziona più o meno allo stesso modo, con la vista della gara dall'alto e si concentra sulla messa a punto dell'auto e sui danni. La modalità Campionato del Mondo è ovviamente tornata, anche se la modalità Costruttori manageriali non è più presente. C'è anche una modalità Free Attack, dove qualsiasi corso può essere praticato liberamente; una modalità Allenamento, in cui è possibile partecipare a corsi di allenamento speciali per apprendere i dettagli del gioco; e una modalità Guarda, in cui il giocatore può scegliere un percorso e assistere a una gara dimostrativa.
F1 Circus '92 (Japan)	F1 Circus '92 - The Speed of Sound riprende il gameplay dei giochi precedenti. Si tratta quindi di un gioco di corse automobilistiche top-down che mescola l'aspetto arcade (velocità, giocabilità immediata), ed elementi di simulazione (ambientazione, gestione dei danni). I menu sono sobri ed efficienti. Il gioco mescola inglese e giapponese. Quest'ultimo punto non è bloccante perché si verifica solo raramente, durante fasi facilmente comprensibili.
F1 Circus (Japan)	F1 Circus è un gioco di corse di simulazione di Formula 1. A differenza delle voci successive della serie, questa versione non dispone di una licenza ufficiale, quindi presenta solo squadre e piloti generici. Le gare sono viste da una prospettiva dall'alto verso il basso e ci sono una varietà di impostazioni della macchina e danni di base al veicolo. nnSono disponibili un totale di 15 percorsi e c'è una modalità Campionato del mondo, oltre a una modalità &quot;Costruttori&quot; per uno o due giocatori in cui il giocatore può assumere il ruolo di team manager mentre il computer esegue le corse vere e proprie. La versione Famicom aggiunge anche una modalità Time Attack per esercitarsi e perfezionare ogni corso.
F1 Triple Battle (Japan) (En)	F1 Triple Battle è un gioco di corse per PC Engine basato sulla classe di corse di Formula 1 a ruote scoperte. Lo schermo è diviso tre volte orizzontalmente e consente a un massimo di tre giocatori di giocare contemporaneamente. In modalità giocatore singolo o due giocatori, la parte superiore dello schermo mostra una mappa del percorso. Il gioco presenta una modalità Campionato del mondo per giocatore singolo, una modalità Test Run di allenamento e la modalità Battaglia multiplayer.
Falcon (USA)	Quando sali nella cabina di pilotaggio dell'F-16 Fighting Falcon, preparati per la &quot;lotta della tua vita&quot; mentre il potente Falcon F-16 ti porta a sfrecciare nel cielo a mach 2. Sistema d'arma accurato, display head-up , i controlli della cabina di pilotaggio e le caratteristiche generali di volo lo rendono il massimo nelle simulazioni. I MiG nemici che incontri sono molto pieni di risorse e abili. E se ciò non bastasse, sfida un altro pilota nell'opzione testa a testa tramite collegamento diretto al computer. Immagini grafiche 3D all'avanguardia di edifici, foreste, autostrade e ponti sfrecciano mentre voli alla velocità del suono a soli 150 piedi sopra il ponte. Elimina ponti, centrali elettriche, carri armati, aeroporti e siti SAM. Che tu sia un pilota alle prime armi o un vero &quot;top gun&quot;, FALCON fa per te!
Fantasy Zone (USA)	La Fantasy Zone è un sistema solare composto da otto fantastici pianeti dai colori vivaci. I malvagi Menon stanno cercando di conquistare tutti i pianeti della Fantasy Zone usando valuta straniera sottratta indebitamente per costruire le loro forze. È compito del giocatore recuperare tutte le monete e salvare il sistema solare!nnFantasy Zone è uno sparatutto in stile arcade per uno o due giocatori. L'obiettivo è distruggere tutte le creature su ogni pianeta e raccogliere quante più monete perse possibile. Alla fine di ogni livello c'è un grande nemico che dovrà essere sconfitto prima di passare al mondo successivo. In vari punti del gioco, il giocatore potrà trovare un negozio di ricambi, che consente di acquistare miglioramenti per la sua astronave, comprese armi migliori e motori più veloci.
Fighting Run (Japan)	Fighting Run è un gioco d'azione di Nihon Bussan che presenta un insolito mix di corse e combattimenti. Il giocatore prende il controllo di un robot umanoide bipede impegnato in una serie di gare mortali contro altri avversari. Ma queste gare hanno una svolta: ogni pilota può attaccare il giocatore avversario per vincere la gara e segnare punti. Nella modalità giocatore singolo, il giocatore deve prima scegliere una pista e un avversario. Quindi i punti devono essere assegnati per aumentare le varie abilità, da Velocità, Potenza a Armatura. Quindi la gara è pronta: ogni pilota può muoversi liberamente sulla pista, colpirsi a vicenda o utilizzare attacchi speciali raccolti lungo il percorso (come fulmini, granate e così via).
Final Blaster (Japan) (En)	Final Blaster è uno sparatutto a scorrimento verticale con sette livelli. Come al solito, il giocatore guida un'astronave, deve uccidere l'opposizione nemica e un potente boss nemico alla fine di ogni livello. Una specialità è la difficoltà dinamica: se il giocatore offre una buona prestazione in un livello, viene classificato in alto, il che influisce sulla difficoltà del successivo. Ci sono quattro di quei ranghi. nnIl gioco presenta due potenziamenti rappresentati con colori diversi: potenziamenti per le armi e droni che accompagnano il giocatore. Questi possono essere aggiornati due volte ciascuno e sono compatibili tra loro. Se il giocatore muore, gli extra vengono evacuati in una capsula verde. Può essere quindi raccolto quando si utilizza la vita successiva.
Final Lap Twin (USA)	Final Lap Twin (Fainaru Rappu Tsuin) è un videogioco di corse RPG prodotto da Namco ed è stato rilasciato per PC Engine il 7 luglio 1989 in Giappone e nel 1990 in Nord America. È il gioco spin-off della serie di videogiochi di corse Final Lap di Namco.
Final Match Tennis (Japan)	Final Match Tennis è un tipico gioco di tennis per PC Engine ed è stato rilasciato solo in Giappone. Presenta 16 diversi giocatori (tutti maschi) e tutti i colpi normali come smash, stop ball, lob, volée e simili. Attraverso l'uso di un adattatore multiplayer fino a 4 persone possono giocare in qualsiasi combinazione in singolo e doppio. È presente anche una modalità torneo e pratica.
Final Soldier (Japan) (En)	Uno sparatutto di fantascienza top-down, sequel dei giochi Star Soldier. Ancora una volta è tuo compito proteggere l'Impero Galattico da un'invasione aliena usando nient'altro che il tuo fidato caccia stellare. nnIl gioco è diviso in più fasi in cui i nemici ti attaccano in più ondate finché non raggiungi il boss della fase e procedi a quella successiva. Final Soldier incorpora quattro diversi pod di pistola mappati su ciascun pulsante, che possono essere sparati indipendentemente o insieme. Ciò che equipaggiare in ogni pod dipende da te, tuttavia, non solo puoi selezionare i caricamenti delle armi tra i livelli, ma anche sparare cicli di potenziamenti ai tipi di armi disponibili che puoi incorporare a metà partita.
Final Soldier - Special Version (Japan) (En)	Uno sparatutto di fantascienza top-down, sequel dei giochi Star Soldier. Ancora una volta è tuo compito proteggere l'Impero Galattico da un'invasione aliena usando nient'altro che il tuo fidato caccia stellare. nnIl gioco è diviso in più fasi in cui i nemici ti attaccano in più ondate finché non raggiungi il boss della fase e procedi a quella successiva. Final Soldier incorpora quattro diversi pod di pistola mappati su ciascun pulsante, che possono essere sparati indipendentemente o insieme. Ciò che equipaggiare in ogni pod dipende da te, tuttavia, non solo puoi selezionare i caricamenti delle armi tra i livelli, ma anche sparare cicli di potenziamenti ai tipi di armi disponibili che puoi incorporare a metà partita.
Fire Pro Wrestling - 2nd Bout (Japan)	Fire Pro Wrestling 2nd Bout è il secondo gioco della serie Fire Pro Wrestling. È molto simile a Fire Pro Wrestling Combination Tag e non offre molto in termini di nuovi contenuti, a parte alcune nuove modalità, tra cui Excite Series, World Champion Series, Super Tournament e Elimination Match.
Fire Pro Wrestling - Combination Tag (Japan)	Il primo dell'acclamata serie Fire Pro Wrestling, che consente una rapida azione di wrestling con un numero di mosse senza precedenti e un ampio elenco ispirato alle leggende del wrestling di tutto il mondo.
Fire Pro Wrestling 3 - Legend Bout (Japan)	Fire Pro Wrestling 3: Legend Bout è il terzo gioco della lunga serie Fire Pro Wrestling. Il gioco è molto simile ai primi due. C'è un aumento significativo della quantità di lottatori, tuttavia, e ci sono alcune nuove modalità, come la modalità di modifica del lottatore e la &quot;modalità nascosta&quot;. Ci sono 28 lottatori regolari e 4 lottatori nascosti. Come al solito, sebbene fittizi, sono basati su veri lottatori, come Hulk Hogan. Questa è stata l'ultima della serie per PC Engine come console autonoma, con un'altra rilasciata per il suo componente aggiuntivo Arcade CD-ROM².
Formation Soccer - Human Cup '90 (Japan) (En)	Training Soccer - Human Cup '90 è un gioco di calcio per PC Engine. In questo gioco puoi scegliere tra la modalità Esibizione (che consiste nel giocare una singola partita contro un avversario) e la modalità Coppa Umana (che ti mette contro 16 squadre consecutive). Questo gioco prefigura la versione Super Nintendo che verrà rilasciata 2 anni dopo.
Formation Soccer - On J.League (Japan)	Formation Soccer su J. League è un gioco di calcio sviluppato da Human Entertainment nel 1994. Il gioco riprende le linee principali del suo predecessore (Formation Soccer - Human Cup '90). Le squadre della J. League sono sotto i riflettori qui. Una J. League appena creata.
Fushigi no Yume no Alice (Japan)	Basato sui romanzi di Alice nel Paese delle Meraviglie di Lewis Carrol, Fushigi no Yume no Alice è un simpatico platform 2-D che ti interpreta nei panni di Alice, una ragazza dai capelli biondi che indossa un vestito rosa. Il tuo compito è farti strada attraverso foreste e caverne, sconfiggendo i nemici che incontri saltando sulla loro testa o gridando loro &quot;IYA&quot;. Alcuni nemici faranno cadere delle uova che esploderanno. Puoi prendere a calci queste uova e usarle per distruggere i nemici stessi. Ci sono tre livelli in ogni area e ogni livello termina con la sconfitta di un boss.
Gai Flame (Japan)	Gaiflame (o Gai Flame) è una strategia fantascientifica a turni, con robot umanoidi giganti e armati. Il giocatore controlla un esercito di robot giganti e cerca di distruggere i nemici. Il gioco inizia con una vista del mondo a livello macro (il giocatore può spostare le unità da un campo di battaglia all'altro - ogni campo di battaglia ha 6 slot per le truppe) e la modalità battaglia - il giocatore comanda diversi robot su una mappa basata su &quot;falsi esagoni&quot; (quadrati con 6 vicini) e cerca di sconfiggere l'esercito nemico. I combattimenti tra robot sono animati su un piccolo schermo speciale, come in Advance War.
Gaia no Monshou (Japan)	Gaia no Monsh? (noto anche come &quot;Crest of Gaia&quot;) è un gioco di strategia fantasy basato su round di NCS e conversione di un gioco originariamente pubblicato per NEC PC-8801 nel 1987. Le forze della Luce e dell'Oscurità sono impegnate in una feroce guerra e Böser , leader dell'Armata Oscura, è ora pronto a catturare la Rall Tower, fonte di energia del mondo. Sieghart, capo dell'esercito della Luce, è l'unico che si frappone tra il malvagio Böser e la completa decimazione del regno. Gaia no Monsh? è un gioco di strategia a turni nel cuore: il giocatore sposta le truppe su un campo di battaglia e attacca le unità nemiche vicine. È disponibile anche una modalità Battaglia automatica che offre la possibilità di far capire all'IA la prossima mossa del giocatore. Il gioco offre diverse modalità di gioco: la prima (Modalità Scenario) offre al giocatore la possibilità di lanciarsi direttamente in battaglia usando truppe predefinite. La seconda (Modalità Costruzione) gli permette di costruire il proprio esercito usando i punti unità.
Galaga '90 (USA)	Galaga '90 su PC Engine è uno sparatutto in cui controlli una nave impegnata con molti nemici. È possibile che la tua nave si divida in due o tre se colpita e successivamente si ricostituisca. Viaggia attraverso varie dimensioni e raccogli armi e altri bonus per avere la possibilità di uscirne vivo. Il futuro della galassia si gioca nella tua cabina di pilotaggio.
Ganbare! Golf Boys (Japan)	Ganbare! Golf Boys (&quot;Fai del tuo meglio! Golf Boys&quot;) è un gioco di golf esclusivo per PC Engine che consente a un massimo di quattro giocatori di competere in una partita di golf tramite la periferica multi-tap della console. Non ha ricevuto una localizzazione negli Stati Uniti. Il gioco ha una vista permanente dall'alto verso il basso di ogni buca, ingrandendo ogni volta che il giocatore è sul green, e ha il sistema di indicatore di potenza &quot;hit the sweet spot&quot; standard per la maggior parte dei simulatori di golf. È dotato di un totale di due corsi, con diciotto buche ciascuno.
Gekisha Boy (Japan)	Romanzo gioco in cui devi guadagnare punti fotografando gli avvenimenti più interessanti mentre cammini per strada. Questi coinvolgono persone che cadono, aerei che si schiantano, UFO e molti altri eventi bizzarri. Hai una quantità limitata di pellicola e devi stare attento a schivare ostacoli come palline che rimbalzano e skateboard, poiché il contatto significa che ne cadi un po' e quando esaurisci il livello è finito.
Genji Tsuushin Agedama (Japan)	Agedama Genji è un bambino di 4a elementare alle elementari e un eroe dell'allenamento di &quot;Hero Planet&quot;. Sebbene il ragazzo allegro non abbia un aspetto speciale, può trasformarsi in un supereroe chiamato &quot;Agedaman&quot; combinandosi con il suo amico di computer chiamato Wapuro. Crede nel potere Kiai e cerca di gestire tutti i problemi che incontra con quello, quindi suo padre ha deciso di lasciarlo andare ad allenarsi sulla terra accompagnato dal solo Wapuro durante le vacanze estive. Dopo il suo arrivo nella città di Morisoba, dove un clan enormemente ricco governa arbitrariamente, si iscrisse alla scuola elementare di Morisoba orientale, poi incontrò una ragazza diva del clan di nome Rei Kuki che ha l'ambizione di conquistare il mondo e, come primo passo, attacca la città con una varietà di mostri chimere che lei e suo nonno creano con il Monster-Cooker, inventato dal vecchio ricco.
Genpei Toumaden (Japan)	Nell'anno 1192, l'oscurità del clan Minamoto è arrivata e si sta diffondendo in tutto il Giappone. Il paese è devastato e solo un uomo del clan perduto degli Heike può tornare dalle profondità dell'inferno per metterlo fine. Il suo nome è Taira no Kagekiyo. nnLa storia di Genpei Tōma Den ruota apparentemente attorno alla storica guerra Genpei della storia giapponese e coinvolge Taira no Kagekiyo che combatte il malvagio Minamoto no Yoritomo e il clan Minamoto in tutto il Giappone. nnIl gioco presenta tre modalità di gioco: &quot;modalità laterale&quot;, una sezione platform d'azione su piccola scala; &quot;big mode&quot;, una sezione di combattimento su larga scala paragonabile al Taito coin-op Gladiator; e &quot;modalità piatta&quot;, una sezione con vista dall'alto. In tutte e tre le sezioni l'obiettivo è distruggere i nemici, raccogliere oggetti e raggiungere la fine prima che la barra della vita (rappresentata da candele accese) si esaurisca.
Ghost Manor (USA)	Con un'esplosione sconvolgente, l'orrore di un'altra dimensione attanaglia la tua città un tempo pacifica. Le creature macabre predano gli innocenti. I morti si alzano per vagare per le strade. Ogni resistenza cade! Ma ehi, nessun problema, hai un piano! Trova il passaggio segreto per la loro roccaforte del palazzo e combatti oltre gli zombi e i ghoul. Ora metti dentro la tua ascia, perché è piena di demoni e orribili sorprese! Cavalca il fantastico Skull Slammer e cerca il loro leader, l'orribile gamma Orb. Scopri la sua debolezza e diventa un eroe. Se non lo fai, sarai polvere.
Gokuraku! Chuuka Taisen (Japan)	Cloud Master, o Chuuka Taisen come è noto in Giappone, è uno sparatutto orizzontale con protagonista il personaggio letterario Sun Wukong, meglio conosciuto come il Re Scimmia e deuteragonista del romanzo cinese Viaggio in Occidente. Nella localizzazione inglese del gioco, il nome del personaggio principale viene cambiato in Mike Chen.
Gomola Speed (Japan) (En)	Gomola Speed è un gioco d'azione con un serpente robot. Devi trovare i pezzi del tuo corpo sparsi su ogni livello labirintico, che aumentano le tue dimensioni, e usare la tua lunghezza per circondare oggetti, cibo e nemici per eliminarli. Puoi anche usare le bombe per stordire i nemici più pericolosi. nnFasi diverse possono avere obiettivi diversi: ad esempio, potresti dover trovare una chiave o usare la tua abilità di circondamento sulle piastrelle del pavimento per rivelare oggetti o nemici. Solo la tua testa di serpente è vulnerabile; se un nemico colpisce il tuo corpo, disperderà tutti i pezzi e dovrai raccoglierli di nuovo. Dopo aver completato le condizioni prestabilite in ogni fase, si aprirà una porta che conduce alla fase successiva, a quel punto sarai di nuovo solo una testa e dovrai cacciare ancora una volta il tuo corpo. nnIl gioco ha lo stesso stile UPL unico che sarà familiare ai fan di giochi come Atomic Robo-Kid e Mutant Night.
Gradius (Japan) (En)	Il popolo di Gradius è nei guai. Gli ameoboid Bacterions hanno lanciato un attacco a tutto campo contro il pianeta e sta a te volare in battaglia e salvarli. Lungo la strada sarai in grado di potenziare la tua nave con ipervelocità, campi di forza, laser, missili, cannoni a doppio raggio e altro per aiutarti a combattere. Basato sul gioco arcade, Gradius è uno sparatutto a scorrimento laterale. Sparare a determinati nemici lascerà una capsula di potenziamento dietro la quale può essere raccolta per aggiungere più potenza alla tua nave. Ogni livello presenta un'ampia varietà di nemici che cercano di fermarti, con un grande boss alla fine. Il gioco è per uno o due giocatori in alternanza.
Gunboat (USA)	Gunboat è una simulazione d'azione 2D. Prendi il controllo di una cannoniera americana in diverse zone di conflitto. nnLa tua cannoniera trasporta un equipaggio di quattro uomini:nnnn- Un sottufficiale di prima classe che funge da capitano e pilota di barcann- Un compagno di artigliere, che controlla i cannoni in avantinn- Un addetto ai motori, che si occupa dei motori e funge da artigliere a centro navenn- Un marinaio che controlla i cannoni di poppannnnTutti e quattro gli uomini sono addestrati reciprocamente nei compiti dell'altro... la ridondanza diventa cruciale se uno o due membri dell'equipaggio sono feriti o morti. nnAttenzione ai fiumi...!nnnnLe ancore pesano!
Gunhed - Special Version (Japan) (En)	Blazing Lazers è uno sparatutto dall'alto con 9 livelli di azione varia e frenetica. La storia qui è la solita varietà salva-il-mondo. Devi pilotare la tua nave contro 8 super-armi e infine distruggere la minaccia una volta per tutte. Il sistema di potenziamento in Blazing Lazers merita una menzione speciale. Esistono quattro tipi principali di armi e ogni tipo di arma può essere aggiornato più volte per produrre un'incredibile quantità di potenza di fuoco. Inoltre, ci sono sistemi d'arma secondari che ti forniscono scudi, missili a ricerca, unità multi-fuoco o potenziamenti di armi.
Hana Taaka Daka! (Japan)	Hana Taaka Daka! si presenta sotto forma di uno sparatutto orizzontale molto originale... e soprattutto assolutamente pazzesco. Già, bisogna ammettere che l'eroe cambia rispetto all'ordinario: il giocatore dirige infatti il ​​tengu, con il suo lungo naso così caratteristico. Questo ci cambia rispetto alle navi e ad altri robot da combattimento. La maggior parte dei nemici sono tratti anche dai classici della cultura asiatica, con i tanuki, gli uomini tartaruga, ecc...
Hanii in the Sky (Japan)	Hanii In The Sky è uno sparatutto particolarmente folle, poiché la piccola console NEC sa benissimo come darci. La grande originalità del gioco deriva dal suo tiro regolabile! Spari con un pulsante, mentre l'altro serve per ruotare l'arma. Una buona idea, ma che si rivela un vero incubo durante il suo utilizzo. Sì, la tua arma può girare solo in senso orario, il che diventa rapidamente laborioso.
Hanii on the Road (Japan)	Hanii on the Road (aka Hany on the Road o Honey on the Road) è un gioco d'azione a scorrimento laterale di Face. Dopo le gesta di Hanii in Hanii in the Sky, la piccola bambola di argilla Haniwa è tornata per una nuova missione. Questa volta, il nostro simpatico amico deve liberare il mondo da tutti i demoni e le altre creature malvagie fuggite dal regno degli dei. Ma questa volta non sta volando o sparando palle di energia, ma deve correre lungo una carreggiata divisa in quattro corsie, ciascuna a velocità diverse. E le cose non sono così facili come potrebbe sembrare: Hanii deve saltare sopra vari nemici e cercare di non cadere in buche profonde scavate nel terreno, senza dimenticare l'occasionale cambiamento nella direzione di scorrimento e la miriade di altri eccitanti e spesso letali , effetti. Un limite di tempo lo spinge anche ad affrettarsi ea raggiungere velocemente la fine di ogni tappa.
Hatris (Japan) (En)	In Hatris, i blocchi che cadono di Tetris sono sostituiti da cappelli che cadono che sono cappelli a cilindro, cappelli da cowboy, berretti da baseball, derby, cappelli da festa e corone. L'ambientazione è una fabbrica di cappelli, dove i cappelli vengono fatti cadere da un nastro trasportatore due alla volta e devono essere impilati su una delle sei teste di manichino. Una volta che cinque cappelli dello stesso tipo sono stati impilati uno sopra l'altro, cadono su un altro nastro trasportatore sottostante e vengono spediti fuori dalla fabbrica, premiando il giocatore con un bonus in denaro (il gioco tiene traccia del punteggio come denaro, non semplicemente punti). Una volta che hai spedito abbastanza cappelli fuori dal negozio, sali di livello al negozio successivo. Più alto è il numero del negozio che raggiungi, più tipi di cappelli iniziano ad apparire, rendendo più difficile per te portare a termine il tuo compito. Il gioco termina quando una delle tue pile di cappelli raggiunge la parte superiore dello schermo.
Heavy Unit (Japan) (En)	Heavy Unit è un gioco &quot;sparatutto&quot;. È l'anno 2014 e la colonia umana &quot;Le Tau&quot; è attaccata da strani alieni. Ti viene dato il comando di una nave stellare speciale che può essere trasformata in mecha (robot gigante) attraverso il gioco ottenendo vari potenziamenti. Oltre a questo è un tipico gioco sparatutto in cui devi volare attraverso vari livelli a scorrimento laterale e sparare a tutto ciò che vedi.
Hisou Kihei X-SERD (Japan)	Hisou Kihei X-Serd (&quot;Flying Mounted Cavalry X-Serd&quot;) è un gioco di strategia in cui la maggior parte delle unità sono mecha, o tute robot. Il gioco era esclusivo per PC Engine ed è stato rilasciato subito dopo un altro gioco di strategia mecha di Masaya: Gaiflame. In ogni scenario, i Serd - una lega di mecha d'attacco specializzati - vengono schierati dalla loro nave HQ Altea. I Serd hanno tutti nomi in codice di una sola lettera e specializzazioni diverse: ad esempio, il G-Serd brandisce una spada laser per devastanti attacchi in mischia e può muoversi rapidamente, mentre il B-Serd è capace di attacchi con il mortaio a lungo raggio ma ha un numero limitato di movimento. L'omonimo X-Serd è il più potente della squadra.
Hit the Ice - VHL - The Official Video Hockey League (USA)	Questo gioco di hockey radicale mette te e la tua squadra contro alcuni dei pattinatori più duri che abbiano mai fatto un buco nel ghiaccio! La vittoria va alla squadra che calcia, prende a pugni e manda in tilt il suo avversario. Si applicano le regole standard dell'hockey, oltre ad alcune sorprese per agitare le cose. Quindi allacciati i pattini e allaccia la maschera: l'hockey sta per scatenarsi!
Honoo no Toukyuuji - Dodge Danpei (Japan)	Gioco di Dodgeball con un sacco di sequenze in stile anime e persino una modalità storia in stile RPG. Basato sull'omonimo manga.
ImageFight (Japan) (En)	Una misteriosa forma di vita aliena si sta diffondendo nella galassia, cercando di conquistare il mondo. Ha preso il controllo della base lunare e sta minacciando di scendere sulla Terra. Gli umani hanno inviato il jet da combattimento più avanzato per opporsi agli alieni: l'OF-1. L'OF-1 ha la capacità di cambiare velocità in qualsiasi momento ed equipaggiare diverse armi e pod. OF-1 è l'ultima speranza dell'umanità! Image Fight è uno sparatutto spaziale a scorrimento verticale dall'alto verso il basso. In ogni livello ci saranno navi nemiche, torrette, robot e altre macchine che sparano proiettili o cercheranno di speronarti. Ma ci sono anche potenziamenti sparsi in piccoli contenitori verdi. Devi distruggere questi contenitori prima di poter ottenere il potenziamento. Questi potenziamenti includono pod che aggiungono potenza o velocità di attacco extra, nuovi tipi di armi, la capacità di sparare in diverse direzioni, ecc.
Impossamole (USA)	Monty Mole ha vissuto nel lusso sin dalle sue precedenti avventure, ma ora è stato accolto da una razza aliena che vuole che faccia un lavoro per loro. Monty deve attraversare cinque mondi per recuperare le sacre pergamene dei Guardiani della razza. Come per il precedente successo di Core, Rick Dangerous 2, c'è versatilità nell'esatta struttura del gioco. I primi quattro sono costituiti dall'Oriente, una miniera del Klondike, un mondo di ghiaccio e una foresta amazzonica: una volta completati, il mondo finale è aperto a te. Il gameplay basato sulla piattaforma è simile ai precedenti giochi di Monty, con progressi principalmente orizzontali, nonché corde e scale per navigare. Monty ha sviluppato un utile calcio volante e ha ricevuto una bomba intelligente, con il potenziale per raccogliere bombe e pistole extra. Pericoli, nemici e design dei livelli sono a tema in ogni livello e vanno da funivie e palle di neve che cadono a Ninja e scimmie.
J.J. & Jeff (USA)	All'agenzia investigativa Kato e Ken viene assegnato il compito di localizzare un ricco scomparso e puoi scegliere Kato o Ken per andare in missione. Al tuo partner non piace per niente, quindi decide di darsi fastidio lungo la strada. Simile a Adventure Island, devi farti strada attraverso diversi livelli, distruggendo la fauna selvatica lungo il percorso, ma invece di usare un martello, hai tre modi diversi per ucciderli: saltarli o calciarli, o quando stanno camminando per terra , soffiare fuori il gas. Mentre scorri il livello, la tua vitalità diminuirà, ma può essere ripristinata raccogliendo frutta e cibo spazzatura. Durante i tuoi viaggi, incontrerai anche il tuo partner che fa cose che non dovrebbero essere fatte in pubblico, ma a volte ti lancerà cose per farti perdere un po' della tua vitalità. L'unico modo per affrontarlo è prenderlo a calci dove fa male.
J.League Greatest Eleven (Japan)	J-League Greatest Eleven presenta le dieci squadre della Japanese Soccer League dalla sua stagione inaugurale 1993. C'è una modalità esibizione con il supporto di quattro giocatori e una modalità campionato in cui 1 o 2 giocatori possono giocare contro il computer.
Jack Nicklaus' Turbo Golf (USA)	Le migliori 18 buche del Major Championship Golf di Jack Nicklaus è una simulazione di golf 3D con un percorso a 18 buche creato dallo stesso Jack Nicklaus. Ognuna delle 18 buche proviene da campi famosi in tutto il mondo e include la numero 8 di Pebble Beach, la numero 18 di Muirfield, la numero 12 di St. Andrews, la numero 12 di Augusta, la numero 10 di Riviera e altro ancora. Il gameplay è da uno a quattro giocatori e può essere un gioco a colpi o un gioco di skin.
Jackie Chan's Action Kung Fu (USA)	Jackie Chan e sua sorella gemella Josephine erano grandi combattenti di kung fu in Cina e si sono allenati sotto un grande maestro. Un giorno, mentre Jackie e Josephine stavano passeggiando, apparve il grande nemico del Maestro, lo Stregone. Lo Stregone era arrivato a governare la Cina e sapeva che i gemelli gli avrebbero ostacolato, quindi lanciò un incantesimo per far scomparire Josephine. Ora tocca a Jackie Chan seguire lo Stregone e combattere i suoi servi per salvare sua sorella e salvare la Cina. nnAction Kung Fu di Jackie Chan è un gioco di combattimento a scorrimento laterale. I controlli di Jackie sono un pulsante per saltare e un altro per attaccare o essere usato in combinazione con una direzione per un attacco speciale. Nella sua missione, Jackie deve farsi strada a pugni e calci tra rane, ninja, uccelli e altri nemici. Jackie può acquisire mosse speciali come l'attacco Tornado, lo spin kick a 180 gradi, lo spin kick a 360 gradi e lo Sky Attack. Altri potenziamenti includono ricariche di energia e punti bonus.
Jaseiken Necromancer (Japan)	Molto tempo fa, gli Dei hanno combattuto i Demoni in una battaglia cosmica. Per assicurarsi la vittoria, gli Dei dovettero sacrificare parte della loro natura divina e forgiare un'arma che conteneva sia il bene che il male: il Negromante della &quot;Spada Sacra Malvagia&quot;. I demoni furono costretti ad abitare nel mondo inferiore, mentre gli dei rimasero in cielo. Tra questi due mondi si trova il mondo degli umani. Ma i demoni non accettarono questo piano di convivenza. Hanno assassinato il re del continente umano Ishumeria, ed è tempo che l'eroe senza nome di questa storia cerchi la leggendaria spada Negromante e ristabilisca l'equilibrio nel mondo.
Jigoku Meguri (Japan)	Bonze Adventure, o Jigoku Meguri (&quot;Hell Tour&quot;), è un platform arcade con l'omonimo monaco buddista Bonze che si fa strada attraverso l'equivalente shintoista/buddista dell'inferno. È assalito da demoni e yokai da ogni parte, ma è in grado di esorcizzarli con i suoi rosari, che vengono lanciati verso l'esterno con un movimento rimbalzante.
Jinmu Denshou (Japan)	Jinmu Denshou è un gioco d'azione in cui il personaggio del giocatore marcia verso l'orizzonte mentre i nemici volano verso di lui. Sembra e suona come Space Harrier di Sega, la sua chiara ispirazione, anche se una grande differenza è che il personaggio principale è una figura simile a un samurai che di solito si limita ad attaccare i nemici in arrivo con la sua spada. Dopo un aggiornamento, è in grado di sparare proiettili e può anche caricare un attacco e scatenarlo per causare una quantità significativa di danni. Il gioco ha anche alcuni elementi platform superficiali.
Juuouki (Japan)	Sei un eroe resuscitato dai morti dal dio Zeus per salvare sua figlia Atena. Con uno scenario ispirato all'antica Grecia, devi combattere orde di non morti e demoni, con un boss alla fine di ogni livello finché non incontri il dio Neff, che tiene prigioniera la ragazza. Il titolo di Altered Beast si riferisce alle tue abilità di mutaforma. In questo platform, puoi raccogliere sfere spirituali sconfiggendo i lupi a due teste, permettendoti di trasformarti in diverse bestie come un lupo mannaro, un drago, una tigre, un orso e altri a seconda della versione. Ogni forma, legata a un livello, è dotata di abilità speciali come il volo e potenti attacchi, che sostituiscono facilmente il set di base di pugni e calci nella tua forma umana. Il gioco può essere giocato in modalità giocatore singolo o in modalità cooperativa multiplayer sullo stesso schermo.
Kaizou Choujin Shubibinman (Japan)	Il malvagio robot Dark Skull è sfuggito al controllo di Doc e ora minaccia di distruggere la città con il suo esercito di robot malvagi, ora solo le ultime creazioni di Doc: i cyborg Tasuke e Kyapiko possono porre fine ai suoi piani. Shubibinman è un platform d'azione 2D a scorrimento laterale, in cui giochi nei panni di uno degli Shubibinmen (o entrambi nella modalità cooperativa a 2 giocatori) e provi a sconfiggere le forze di Dark Skull usando la tua lama e i tuoi poteri cyborg. Il gioco inizia in una mappa della città da cui selezioni la fase successiva da affrontare, ogni fase presenta un ostaggio e un boss cyborg che devono essere sconfitti. Il completamento con successo di questi obiettivi ti premia con denaro che puoi riportare a &quot;Doc&quot; per potenziamenti che aumentano i tuoi poteri esistenti o ne aggiungono di nuovi, di cui avrai sicuramente bisogno per la battaglia finale.
Kattobi! Takuhai-kun (Japan)	Kattobi! Takuhai-kun (&quot;Fury! Delivery Boy&quot;) è un gioco d'azione/guida dall'alto di Advance Communications Company e Tonkin House. Il giocatore è un fattorino che deve effettuare una serie di consegne sempre più surreali in tutta la città, lasciando occasionalmente il paese e mettendosi nei guai con il traffico di droga. Man mano che il giocatore completa i lavori, può utilizzare i propri guadagni per acquistare veicoli per le consegne a due ruote migliori, passando da una bicicletta a pedali a un ciclomotore a una motocicletta all'avanguardia. Distruggere il loro veicolo (perdendo una vita) li riporta alla normale bicicletta a pedali.
Keith Courage in Alpha Zones (USA)	Come membro del N.I.C.E. (Nations for International Citizens of Earth), Keith Courage intraprende la lotta contro gli alieni di B.A.D. (Bad Alien Dudes) attraverso sette livelli in questo platform d'azione a scorrimento laterale. Mentre Keith Courage si fa strada attraverso le varie zone, attacca varie forme di nemici per guadagnare monete. Le monete possono essere utilizzate nei negozi per vari potenziamenti, equipaggiamento e altri oggetti utili. Quando arriva a un certo punto in ogni livello, Keith Courage ha accesso alla Nova Suit, un'armatura con una potente spada che viene utilizzata per eliminare i boss finali di ogni livello negli Inferi. Una volta che Keith Courage sconfigge il boss, torna nell'Overworld senza armatura per completare la prossima serie di sfide.
KickBall (Japan)	Kickball è un gioco di sport umoristico, sviluppato da Dual e pubblicato da Masaya esclusivamente per il motore giapponese PC. Assomiglia al baseball, completo di un diamante di basi intorno, ma il giocatore &quot;in battuta&quot; sta effettivamente calciando la palla. Il resto del gioco si svolge come un normale giro di baseball. Presenta sette personaggi, ognuno dei quali rappresenta una squadra di atleti identici, ognuno con la propria mossa speciale di lancio/calcio. Questi personaggi includono anche i due protagonisti della serie Kaizou Choujin Shubibinman: Tasuke e Kyapiko (o Arnold e Sonia, come sono conosciuti in Shockman). Ogni squadra ha anche uno stadio assegnato che si adatta al proprio tema: la squadra di foche, ad esempio, ha uno stadio con un pavimento simile al ghiaccio.
Kiki Kaikai (Japan) (En)	Sayo-chan/Pocky si fa strada attraverso vari livelli, cambiando direzione occasionalmente e usando una bacchetta o pergamene per esorcizzare gli spiriti ribelli che incontra. Può essere colpita solo una volta prima di morire, anche se alcuni nemici la afferreranno invece per rallentarla.
King of Casino (USA)	King of Casino è una simulazione di casinò e offre cinque diversi giochi con cui vincere/perdere denaro elettronico: poker, slot machine, blackjack, roulette e Keno. Dopo aver selezionato una delle tre modalità di gioco (normale, veloce o party), ci sono 15 casinò con lievi differenze tra cui scegliere su una mappa della città. All'interno del casinò i giochi stessi vengono avviati cliccando su uno dei tavoli da gioco.
Klax (USA)	Un gioco d'azione/puzzle, l'obiettivo è catturare tessere che cadono di colori assortiti e creare righe, colonne o diagonali di un unico colore. Ogni livello richiede uno schema diverso da realizzare e le tessere cadono più velocemente, più alla volta e in un numero crescente di colori man mano che il gioco procede.
Knight Rider Special (Japan)	Michael Knight è un uomo in missione. Rinato, per così dire, dopo essere stato colpito in faccia, Knight decide di dedicare la sua vita alla lotta per la giustizia. Il miliardario autodidatta Wilton Knight assume Michael come principale agente sul campo nell'organizzazione di giustizia pubblica della sua Knight Foundation, parte della quale include lo sviluppo di KITT (Knight Industries Two Thousand), una Pontiac Trans-Am superpotente e intelligente. KITT può guidare a 300 miglia all'ora, è a prova di proiettile, ignifugo, può parlare e aiuta Michael a combattere le ingiustizie nel mondo.
Kore ga Pro Yakyuu '89 (Japan)	Kore ga Pro Yakyuu '89 (&quot;This is Professional Baseball '89&quot;) è un gioco di baseball per PC Engine e il primo di due giochi con il marchio Kore ga Pro Yakyuu, seguito da Kore ga Pro Yakyuu '90. Presenta dodici squadre dell'organizzazione Nippon Professional Baseball come lo era nel 1989. Il gioco ricorda la maggior parte delle partite di baseball dell'epoca, con una prospettiva dietro il battitore durante il lancio e la battuta e una vista dall'alto verso il basso quando si schiera.
Kore ga Pro Yakyuu '90 (Japan)	Kore ga Pro Yakyuu '90 (&quot;This is Pro Baseball '90&quot;) è un gioco di baseball esclusivo per PC Engine e il sequel di Kore ga Pro Yakyuu '89. Non ha visto un seguito. Presenta dodici squadre e i loro giocatori dell'organizzazione ufficiale Nippon Professional Baseball. Kore ga Pro Yakyuu '90 è un tradizionale gioco di baseball a 16 bit. La telecamera è posizionata dietro il battitore, con spaccature che mostrano altri giocatori sulle basi. Il lanciatore può anche utilizzare questa visualizzazione per cambiare la formazione dei propri difensori prima del lancio successivo. Una volta che la palla si collega alla mazza, la vista passa a una vista dall'alto in lontananza in modo che il giocatore possa gestire i propri difensori.
Kyuukyoku Tiger (Japan) (En)	Twin Cobra è uno sparatutto a scorrimento verticale. Piloti l'elicottero d'assalto TC-17 Twin Cobra per combattere le forze del comandante Anziga, il miope leader della nazione di Kaban. Il tuo compito è volare a Kaban e prendere
Legend of Hero Tonma (USA)	Un piccolo eroe incappucciato chiamato Tommy deve farsi strada verso il castello del boss attraverso un mondo carino per salvare una principessa, ma a fermarlo dalla sua missione di salvataggio saranno diversi nemici, che dovrà affrontare lanciando loro piccole palle di fuoco. Tommy potrebbe anche saltare loro di testa per stordirli per un momento. nnOttenere potenziamenti farà presto aumentare la palla di fuoco fino a diventare una palla di fuoco rimbalzante, che infliggerà più danni ai nemici. Gli scrigni del tesoro possono essere aperti, consentendo a Tommy di raccogliere monete. Il viaggio di Tommy lo porterà ad esplorare rovine, scogliere, statue, dungeon e infine il castello. Alla fine di ogni livello, c'è un boss che deve essere sconfitto per passare alla fase successiva.
Legendary Axe II (USA)	L'Ascia è tornata... con il doppio della forza e il doppio della furia del &quot;Videogioco dell'anno&quot; del 1989! Questa volta è fratello contro fratello bloccato in un combattimento mortale. Tuo fratello maggiore ha evocato indicibili forze del male per prendere il controllo del regno. Regole del tradimento! La tua unica speranza è la leggendaria spada reale! Ma basterà la sua potenza a superare le Scogliere del Caos? I sotterranei del teschio? E le infide cripte della melma? Solo il tuo coraggio, la tua abilità di combattimento e l'ascia leggendaria possono rispondere!
Legendary Axe, The (USA)	Tu sei il potente guerriero Gogan, il cui villaggio è stato obbligato dalla tribù Jagu a fare un sacrificio umano ogni anno. Flare, il tuo amico d'infanzia, è stato scelto come sacrificio. Il tuo compito è salvare Flare e distruggere gli Jagu e il loro leader. Per aiutarti a completare la tua missione, ti viene data l'ascia leggendaria, che si dice possieda un potere tremendo utilizzabile solo da chi la impugna. nnCi sono sei zone nel gioco e Gogan esplora foreste, grotte, montagne, dungeon e castelli, mentre sconfigge i nemici che si mettono sulla sua strada con la sua ascia. Gli idoli possono essere rotti per rivelare potenziamenti che aumenteranno la potenza dell'ascia e ne accelereranno l'oscillazione. Questi potenziamenti possono anche assegnarti vite extra, più punti e la possibilità di accedere ad aree segrete. Alla fine di ogni zona, devi sconfiggere un boss per procedere.
Lode Runner - Lost Labyrinth (Japan)	Lode Runner: Lost Labyrinth è una conversione esatta del Lode Runner originale. Tuttavia, questa versione presenta cento livelli che per lo più differiscono da quelli originali. Un'altra differenza è che i livelli scorrono. Questo è un platform in cui il protagonista deve raccogliere tutto l'oro distribuito nei livelli. Sfortunatamente ci sono molti nemici in giro che dovrebbero essere evitati. Il protagonista non sa saltare e quindi ha bisogno di ricorrere a scalette e corde orizzontali per schivare. L'unico modo per sbarazzarsi temporaneamente di una guardia è fare un buco nel terreno dove non possono uscire quando cadono dentro. Dopo un certo periodo di tempo, un buco viene riempito e una guardia intrappolata si rigenera.
Maerchen Maze (Japan)	Märchen Maze è un gioco platform/sparatutto e la conversione dell'omonimo gioco arcade di Namco del 1988. Il gameplay rimane sostanzialmente lo stesso: il giocatore prende il controllo di Alice che deve sparare bolle ai nemici per farli cadere dalle piattaforme. A differenza dell'originale arcade che era in prospettiva isometrica, Märchen Maze su PC Engine è un gioco dall'alto. Questa versione presenta fasi diverse rispetto al gioco arcade e, a causa della mancanza di un limite di tempo, molte delle fasi sono molto più estese. Le piattaforme a scacchi alla fine di un livello sono statiche anziché in movimento, saltarci sopra ti porta automaticamente dal boss. Inoltre, invece di partire da un checkpoint quando muori, le tue vite sono rappresentate da palloncini. Se Alice dovesse cadere, verrai rigenerato sul posto.
Magical Chase (USA)	Ripple è una studentessa di magia e il suo insegnante è una strega terrificante. In questo momento Ripple ha particolarmente paura del suo insegnante, perché ha appena infranto una promessa che ha fatto alla strega: Ripple ha dato un'occhiata al libro proibito Demoni dormienti! Non appena ha aperto il coperchio, sono saltati fuori sei demoni, che sono scappati via! A meno che non riesca a catturare tutti e sei i demoni e riportarli all'interno del libro, la strega trasformerà Ripple in una rana per aver infranto la sua promessa! Ripple parte per la sua ricerca con i suoi due amici Elf-Star, Topsy e Turvy. Buona fortuna, Ripple!!
Mahjong Gakuen - Touma Soushirou Toujou (Japan)	Mahjong Gakuen Touma Soushirou Toujou è un gioco di mahjong per PC Engine che presenta nudità pixellata. Quando si giocano avversarie donne, vincere le successive mani di mahjong le fa spogliare, in modo simile allo strip poker. Il gioco ha anche avversari maschi che il giocatore batte semplicemente dopo ogni partita di successo.
Mahjong Gakuen Mild - Touma Soushirou Toujou (Japan)	Questo è un semplice gioco di Mahjong con non molto per distinguerlo dagli altri. La grafica è un po' blanda e la musica è un po' stridula. A parte questo, è solo un semplice gioco Mahjong con la testa di una ragazza mal resa in un campo di fiori prima dell'inizio del gioco.
Mahjong Gokuu Special (Japan)	Mahjong Gokuu Special è un gioco di mahjong per quattro giocatori che presenta personaggi del romanzo cinese Journey to the West. Il giocatore controlla Goku, alias Sun Wukong il Re Scimmia, e deve combattere i vari demoni che il suo gruppo incontra giocando a mahjong.
Mahjong Haouden - Kaiser's Quest (Japan)	Mahjong Haouden: Kaiser's Quest (&quot;Mahjong Overlord: Kaiser's Quest&quot;) è un gioco di mahjong rilasciato esclusivamente per PC Engine. Il gioco presenta una manciata di eroi dei giochi di ruolo mentre si prefiggono di rimuovere i vari mostri e cattivi che hanno preso il controllo del loro regno. Per sconfiggere questi mostri, il giocatore deve batterli nei giochi di mahjong. Il giocatore ha tre personaggi tra cui scegliere inizialmente e altri diventano disponibili in seguito. nnIl lato mahjong del gioco offre una modalità standard uno contro uno. Il giocatore deve vincere alcune partite per ottenere il 100% dei punti disponibili e più punti possono essere guadagnati a seconda di come il giocatore ha vinto.
Mahjong Shikaku Retsuden - Mahjong Wars (Japan)	Mahjong Shikaku Retsuden: Mahjong Wars (&quot;Mahjong Assassin Chronicles: Mahjong Wars&quot;) è un gioco Mahjong per PC Engine di Nichibutsu/Nihon Bussan, correlato al loro gioco Mahjong Triple Wars. Presenta due modalità: in una, il giocatore affronta diversi avversari in partite uno contro uno, mentre nell'altra il giocatore sta camminando in un mondo di giochi di ruolo con membri del gruppo e giochi di mahjong come &quot;battaglie&quot;.
Maison Ikkoku (Japan)	Maison Ikkoku è un gioco di avventura grafica basato su un menu giapponese basato su serie di anime e manga. I giocatori controllano Yusaku Godai e dovranno aiutarlo a trovare una foto segreta che è stata nascosta dal manager. Godai dovrà corrompere gli inquilini, che si muovono continuamente per la casa per avere accesso alla stanza di Kyoko. Ma anche se Godai arriva nella stanza del direttore e cerca di guardare la foto incorniciata, succede sempre qualcosa che costringe Godai a lasciare la stanza. Così, dopo vari tentativi, Godai prende la logica decisione (o meno) di raccogliere le foto di tutti i residenti della pensione per far sì che Kyoko gli mostri la foto. Il gioco permette al giocatore di spostarsi tra le diverse location della pensione e della città, rimanendo costantemente a corto di denaro e incontrando tutti gli attori del fumetto originale, compreso Nikaido che non è apparso nell'anime.
Makai Hakkenden - Shada (Japan)	La storia di questo gioco è vagamente basata sul romanzo epico giapponese del 19° secolo Nans? Satomi Hakkenden (&quot;Il racconto di otto cani&quot;) di Kyokutei Bakin. Nel gioco, il giocatore controlla un giovane guerriero di nome Shin. L'anziano del suo villaggio natale gli dice che un artefatto magico noto come la Statua dei Quattro Dei è stato rubato. Questo manufatto stava sigillando lo spirito del malvagio Tamazusa. Per impedire la resurrezione di Tamazusa, Shin deve trovare altri sette guerrieri. Solo quando sono uniti il ​​male può essere sconfitto una volta per tutte... nnNonostante la premessa di otto guerrieri, Makai Hakkenden Shada è un gioco di ruolo d'azione in cui il giocatore controlla solo Shin. Il gioco è simile ai più noti giochi Ys in molti modi. Come in Ys, l'eroe combatte i nemici semplicemente &quot;urtandoli&quot; contro. I nemici sconfitti producono denaro, che può essere speso nei villaggi per acquistare armi e vari tipi di armature, e punti esperienza. Una volta accumulato un determinato importo, l'eroe guadagna un livello.
Makai Prince Dorabocchan (Japan)	Makai Prince Dorabocchan (&quot;Demon Prince Dorabo&quot;) è un platform 2D per PC Engine. Il giocatore controlla il personaggio titolare che è alla ricerca di salvare il suo padrone e sconfiggere i demoni malvagi che hanno invaso il regno. nnOltre ai suoi poteri magici, può essere potenziato trovando armature che potenziano le sue abilità e potenziamenti temporanei che forniscono il doppio salto, un'arma a siringa che stordisce i nemici e bitte che gli consentono di saltare sui nemici per sconfiggerli. Se trova un pipistrello con una campana, può evocare i suoi robusti guardiani Moai che usano i loro corpi di pietra per creare ponti che consentono a Dorabo di andare avanti o trovare aree segrete.
Maniac Pro Wres - Asu e no Tatakai (Japan)	Un gioco di wrestling strategico che consente al giocatore di impostare il proprio set di mosse per diversificare e avvicinarsi strategicamente a ogni partita.
Metal Stoker (Japan) (En)	Metal Stoker è uno sparatutto 2D top-down multidirezionale. Il giocatore controlla una donna pilota (presentata solo in diverse scene d'intermezzo) che controlla un prototipo di carro armato CS-05. Il carro armato può essere spostato liberamente sullo schermo in qualsiasi direzione e il gioco scorre fino a raggiungere il limite dell'area. Il carro armato deve distruggere i nemici e individuare l'uscita. Ci sono diverse armi come laser, missili a ricerca, mine, un campo di forza ecc. La torretta del carro armato può essere bloccata in una posizione per sparare, quindi è possibile mitragliare. A volte il giocatore deve distruggere tutti i nemici o un boss per progredire. Il gioco ha sette livelli in totale e molte parti dei livelli sono labirinti.
Military Madness (USA)	Military Madness è un futuristico gioco di strategia di guerra a turni. L'anno è il 2089 e l'ambientazione è la luna terrestre, che produce molte risorse importanti. Mentre i governi della Terra litigano sulle loro rivendicazioni sulla luna, il malvagio Impero dell'Asse lancia una campagna militare lunare e conquista la luna, usando le sue fabbriche per produrre armi avanzate, la più devastante delle quali è il SAM (Supreme Atomic Missile) . In qualità di comandante delle forze alleate, è responsabilità del giocatore guidare ciò che resta degli eserciti alleati in un'offensiva disperata contro l'Impero dell'Asse sulla superficie lunare prima che possano usare il SAM per distruggere la Terra.
Mizubaku Daibouken (Japan)	In Mizubaku Daibouken, interpreti Hipopo l'ippopotamo che deve avventurarsi attraverso un gran numero di livelli pieni di nemici alla ricerca della sua ragazza scomparsa, oltre a salvare altre creature simili a ippopotami lungo la strada.
Momotarou Densetsu Gaiden - Dai-1-shuu (Japan)	Gioco di ruolo in cui puoi scegliere di interpretare uno dei tre personaggi delle storie di Momotarou, il leggendario bambino nato da una pesca.
Momotarou Densetsu II (Japan)	Momotarou viaggia per il mondo con i suoi compagni animali, risolvendo i problemi di ogni nuova città o paese che attraversa. Dopo aver risolto con successo i problemi dei demoni, la città lo ringrazia con i festeggiamenti. Momotarou può incontrare molti alleati, che lo seguono sulla mappa del mondo. Invece di costringere Momotarou a cercare ogni nuova posizione, possono inviare i loro compagni animali in esplorazione.
Momotarou Densetsu Turbo (Japan)	Momotarou Densetsu Turbo (&quot;Peach Boy Legend Turbo&quot;) è il secondo gioco della serie Momotarou Densetsu, sebbene sia effettivamente un rinnovamento del primo gioco rilasciato per Famicom. Il gioco mostra le origini di Momotarou come un bambino nato da una pesca gigante che una coppia gentile ha trovato galleggiare lungo un fiume, e racconta come ha incontrato i suoi compagni animali e ha combattuto gli Oni sulla loro isola.
Momotarou Katsugeki (Japan)	Momotaro Katsugeki (&quot;Momotaro Action Movie&quot;) è un platform d'azione a scorrimento laterale di Hudson che utilizza il loro personaggio Momotaro, meglio conosciuto come il protagonista delle serie Momotaro Dentetsu e Momotaro Densetsu. È un'esclusiva per PC Engine e non ha mai visto versioni internazionali. nnMomotaro Katsugeki sembra influenzato e gioca in modo simile a Wonder Boy di Westone in Monster Land e i sequel che ne sono seguiti: l'obiettivo è spostarsi attraverso una serie di livelli 2D e il giocatore può parlare con gli NPC per ottenere suggerimenti e acquistare equipaggiamento migliore con i soldi loro trovano. C'è anche una mappa del mondo che collega tra loro le varie fasi.
Monster Pro Wres (Japan)	Monster Pro Wrestling è un gioco giapponese in cui scegli un mostro e combatti contro altri mostri in battaglie a turni. È degno di nota per le sue animazioni di battaglia umoristiche senza senso, come l'apparizione di una dozzina di teste sullo schermo e colpi mortali che fanno letteralmente a pezzi i mostri.
Morita Shougi PC (Japan)	Morita Shōgi PC è un adattamento di Shogi, una versione scacchistica giapponese. Il gioco è molto simile nel concetto a Battle Chess II: Chinese Chess (Shogi è la controparte giapponese del cinese XiangQi) o Battle Chess. Il giocatore può giocare in una modalità grafica speciale in cui tutte le figure sono animate con vari mostri come melme, rane, scheletri o minotauri. Durante gli incontri vengono mostrate animazioni di combattimento. Il gameplay è generalmente identico ad altri giochi di Shogi. Il giocatore controlla varie figure su una tavola 9x9 e cerca di sconfiggere un avversario. Ogni miniatura ha le sue regole per il movimento e l'attacco.
Moto Roader (USA)	L'azione in questo gioco di corse è vista dall'alto e presenta controlli di rotazione. Ci sono 6 circuiti in primo piano, inclusi quelli del mondo reale come Laguna Seca. Prima di ogni gara puoi acquistare una serie completa di potenziamenti e armi, con ogni area (motore, manovrabilità, turbo e così via) con diverse opzioni a prezzo variabile. La cosa insolita del sistema di corse è che l'azione segue sempre il leader. Se scivoli troppo indietro, la tua auto viene fatta saltare in aria e rimessa in pista più avanti per tenere il passo (simile alle Micro Machines). Questo può accadere solo un numero limitato di volte prima che il gioco finisca.
Moto Roader II (Japan) (En)	Moto Roader II è un gioco di corse mostrato in una prospettiva dall'alto verso il basso. Cinque veicoli competono su un percorso con l'obiettivo di arrivare primi. Tuttavia, lo schermo segue sempre il veicolo in testa e se un veicolo viene lasciato indietro, viene sostituito sullo schermo corrente. Ogni veicolo ha un contatore del carburante che ottiene una penalità se il veicolo viene colpito o deve essere sostituito. Raggiungere lo zero chiude la gara. I giocatori possono scegliere tra tre veicoli che guidano in modo diverso (auto, carro armato o hovercraft) e, se hanno raccolto abbastanza premi in denaro, possono aggiornarlo tra le gare (comprese le armi). A differenza del predecessore, il gioco ha un aspetto futuristico.
Mr. Heli no Daibouken (Japan)	È il 2999 e il signor Muddy minaccia il vostro pianeta. Fortunatamente hai un grande elicottero completamente armato con cui attaccare i suoi sadici tirapiedi. Salti a bordo e voli attraverso quattro livelli con vista laterale, scorrendo inizialmente da sinistra a destra ma con alcune varianti, ognuna delle quali termina con un boss. nnOltre ai nemici, ci sono molti blocchi nei livelli. Il sistema di aggiornamento delle armi è integrato in questi, che funzionano in due modi diversi. La maggior parte rilascia cristalli, che se raccolti vengono aggiunti al totale in contanti. Gli altri rivelano l'immagine di un'arma con un prezzo: entra in contatto con essa mentre porti abbastanza crediti e acquisterai quest'arma. Quando la tua barra di energia si esaurisce perdi una vita; quando questo accade perdi tutti i tuoi soldi.
Naxat Open (Japan)	La prima incursione di Naxat nei giochi di golf include un percorso completo a 18 buche e molti dei migliori avversari professionisti. Scegli le mazze prima di iniziare a giocare e il gioco sceglie automaticamente quella che ritiene essere la migliore mazza per ogni tiro. Prima di ogni scatto è possibile visualizzare un sorvolo del percorso o un primo piano del green e dei suoi contorni. I percorsi del gioco scorrono in più direzioni formando una vista dall'alto e presentano bunker, alberi, ostacoli d'acqua e tutto il resto. Un sistema di controllo a tre pressioni viene utilizzato per riprodurre i colpi, passando a due clic una volta raggiunto il green (poiché il disegno e la dissolvenza diventano irrilevanti).
Naxat Stadium (Japan)	Partita di baseball con giocatori super deformed nel tipico stile della Naxat.
Nazo no Mascarade (Japan)	Gioco di avventura ambientato in una villa nel 1921.
Necros no Yousai (Japan)	Necros no Yousai, o Neclos no Yousai, (&quot;Fortezza di Neclos/Necros&quot;) è un tradizionale gioco di ruolo giapponese che è stato rilasciato esclusivamente su PC Engine. Si basa sulla linea di giocattoli con lo stesso nome, che era una delle tante marche di &quot;shokugan&quot; o &quot;giocattoli alimentari&quot; - piccole figurine confezionate con caramelle destinate ai bambini. La linea di giocattoli comprendeva il malvagio stregone Neclos/Necros, gli otto eroici campioni inviati per sconfiggerlo e i vari scagnozzi di Neclos/Necros. nnIl gioco controlla come un gioco di ruolo standard e alterna una visuale dall'alto per parlare con gli NPC ed esplorare città e dungeon e una visuale in prima persona per il suo combattimento a turni. I vari personaggi si lanciano in piccole vignette animate ogni volta che attaccano e ciascuno degli eroi ha punti di forza e di debolezza specifici della sua classe su cui il giocatore può costruire strategie.
Nekketsu Koukou Dodgeball-bu - PC Bangai Hen (Japan)	Il Team USA è sulla buona strada per una storia di successo di Cenerentola nei Campionati Mondiali di Super Dodgy Ball. Dal nulla, questo gruppetto di esordienti sta avanzando al round finale della competizione. Sette potenti squadre si frappongono ancora tra il Team USA e la loro sfida finale; il tanto atteso rancore con l'imbattuto campione del mondo in carica, il Team USSR. Solo tu puoi guidare gli Stati Uniti alla vittoria sulla concorrenza molto favorita e dare loro la possibilità di schiacciare i potenti sovietici. nn-1 o 2 giocatorinn-Grafica multidimensionale ad alta risoluzionenn-3 livelli crescenti di sfidannnnThrash, Bash e Distruggi la concorrenza
Nekketsu Koukou Dodgeball-bu - PC Soccer Hen (Japan)	Mentre Kunio e Shinichi si stavano esercitando a schivare la palla, l'allenatore di calcio Misako si è avvicinato ai due in campo. &quot;Per favore! Invece di dodgeball, unisciti a me e gioca a calcio alla convention nazionale!&quot;nnnnIl Nekketsu High Soccer Club è stato colpito da un'intossicazione alimentare e Kunio deve guidare la sua squadra di dodgeball nella competizione di calcio e raggiungere l'obiettivo! Solo vincendo il campionato Kunio può convincere tutta la sua squadra ad unirsi a lui. nnIl classico gioco di calcio è ora presentato con una grafica ad alta risoluzione e suoni incantevoli!
Neutopia (USA)	La principessa Aurora è stata rapita dal malvagio Dirth e il re ha inviato una guerriera di nome Jazeta in missione per salvarla. Sembra che una volta Dirth fosse sigillata da otto saggi che usarono il potere di otto sacri medaglioni. La principessa Aurora è l'unica che sa usare quei medaglioni, ed è per questo che Dirth l'ha rapita. L'eroe deve esplorare la terra, scendere nei pericolosi labirinti, recuperare gli otto medaglioni, salvare la principessa e sconfiggere Dirth. nnMolto simile ai giochi di Zelda, Neutopia consente al giocatore di vagare liberamente per la vasta terra, combattendo molti mostri diversi nelle aree selvagge e nei sotterranei. I dungeon richiedono anche un po' di risoluzione di enigmi (spingere pietre, far esplodere muri con bombe, ecc.). Il gioco ha un leggero sapore di gioco di ruolo, consentendo al giocatore di potenziarsi raccogliendo vari oggetti ed equipaggiare diverse armi e armature.
Neutopia II (USA)	Sono passati alcuni anni da quando il coraggioso eroe Jazeta ha distrutto Dirth, l'Imperatore delle Tenebre. La pace è tornata nella terra di Neutopia. Ma ci sono ancora mostri che vagano per la campagna e alcuni di loro sono stati avvistati vicino al Santuario di Yurius. Jazeta è andata lì per scoprire cosa fosse successo esattamente. Ma non è tornato... Tu sei il figlio di Jazeta, e devi prima di tutto ritrovare tuo padre scomparso! Può essere che l'ombra dell'Imperatore delle Tenebre minacci di nuovo la pacifica terra?... nnIl seguito di &quot;Neutopia&quot; è simile al predecessore in tutto e per tutto. Navigando con il tuo eroe da una visuale dall'alto, esplori la vasta campagna, combattendo mostri in combattimenti in tempo reale. Il gioco non è un vero gioco di ruolo, ma un'avventura d'azione: non guadagni punti esperienza dal combattimento, raccogli solo denaro per acquistare rifornimenti. Nei dungeon, devi usare le bombe sui muri per rivelare passaggi segreti, spingere pietre e combattere molti nemici e boss regolari.
New Adventure Island (USA)	New Adventure Island su Turbografx è un gioco di avventura in cui giochi nei panni di un giovane bruto che galoppa da sinistra a destra evitando vari ostacoli. Oltre ai nemici, devi nutrirti costantemente perché il tuo personaggio perde vite mentre si muove. Sta a te assicurarti di non morire di fame.
NewZealand Story, The (Japan) (En)	The New Zealand Story su PC Engine è un gioco platform. Il giocatore controlla Tiki, un kiwi il cui obiettivo è salvare i suoi amici rapiti da una foca leopardo. Ogni livello completato può salvarne uno tuo. Per difendersi, il giocatore può usare le frecce come arma di base e quindi acquisire bombe, laser o palle di fuoco.
NHK Taiga Drama - Taiheiki (Japan)	gioco di strategia basato su uno dei programmi storici della NHK noti collettivamente come Taiga Drama, in particolare l'episodio del 1991 basato su Taiheiki, un romanzo del 14° secolo ambientato tra il 1319 e il 1367 e su una guerra tra la corte meridionale dell'imperatore Go-Daigo a Yoshino e nella corte settentrionale di Ashikaga Takauji a Kyoto. Lo scopo del gioco è sconfiggere gli avversari schierando e organizzando le forze armate drd per combattere meglio l'attacco nemico. Quando due unità si incontrano, ci sono scene animate simili a quelle della serie Advance Wars.
Night Creatures (USA)	Night Creatures per TurboGrafx-16 è un platform di azione/avventura a scorrimento laterale. Sei uno sfortunato peone che viene morso da Ecate, una strega. A meno che tu non uccida Ecate all'alba, sarai condannato per sempre a essere una creatura della notte. nnIl mondo di Night Creatures è composto da diverse scene, una città, un cimitero, una foresta e così via. Puoi viaggiare da una scena all'altra in modo non lineare. Devi determinare il modo più veloce per trovare le armi e le abilità necessarie per battere Hecate. Ci sono anche diversi incontri con i boss. Dopo aver sconfitto un boss, ottieni la capacità di trasformarti in un animale, come un lupo o un gufo.
Ninja Ryuuken Den (Japan) (En,Ja,Zh)	Ninja Gaiden inizia con un'animazione cinematografica in cui due ninja duellano all'ultimo sangue e uno muore. Viene quindi rivelato che il ninja condannato è il padre di Ryu Hayabusa. Quando Ryu viene a sapere di questo, si imbarca in una ricerca per scoprire chi ha ucciso suo padre e perché. Questa ricerca lo porta in America per trovare un archeologo con cui lavorava suo padre. Da lì, Ryu viene coinvolto in una cospirazione malvagia e soprannaturale che coinvolge un cattivo di nome Jaquio che ha in programma di usare un antico castello e alcune reliquie per scatenare un terribile male sul mondo. nnNinja Gaiden è un gioco a scorrimento laterale in cui Ryu il ninja può correre, saltare e colpire con la sua spada ninja. Può anche attaccarsi a qualsiasi superficie verticale. I potenziamenti che consentono a Ryu di lanciare palle di fuoco e stelle ninja e di eseguire altre imprese sono sparsi per il paesaggio.
Ninja Spirit (USA)	Un gioco d'azione basato su ninja in cui il giocatore guida Moonlight attraverso numerosi livelli crivellati di nemici alla ricerca di vendetta contro l'assassino di suo padre. Per portare a termine questo compito Moonlight è armato con una katana, shuriken, bombe e un'arma a catena e falce. Ogni arma offre i suoi vantaggi e deve essere utilizzata in determinati momenti per superare specifici ostacoli o avversari. nnLe origini coin-op del gioco sono evidenti nel fatto che le versioni home non hanno password o salvataggi. Per compensare ciò, tuttavia, sono state aggiunte impostazioni di difficoltà regolabili.
Ninjawarriors, The (Japan)	The Ninja Warriors è un picchiaduro a scorrimento laterale per uno o due giocatori. Il coin-op Taito prevedeva tre monitor affiancati, mentre la versione Amiga è stata sviluppata in formato letterbox per mostrare quanto più possibile la grafica di sfondo dell'ampio schermo. nnI giocatori controllano i robot Ninja, che si fanno strada attraverso i livelli usando Shuriken e coltelli. Mentre i Ninja subiscono danni, il loro classico abito da Ninja viene strappato via per rivelare arti, busto o testa robotici. Quando il danno raggiunge un livello critico, il Ninja Robot esplode disperdendo parti meccaniche del corpo. nnCome per il successivo titolo SWIV di The Sales Curve, The Ninja Warriors utilizza il sistema di caricamento dinamico dell'azienda per caricare sprite, suoni e grafica di sfondo dal disco al volo.
Obocchama-kun (Japan)	Dal manga omonimo, interpreterai Chama Obo, un ragazzo di una ricca famiglia giapponese. Un giorno appare un'enorme montagna a forma di tartaruga. Si dice che questa montagna fosse la dimora degli antenati Obo e che vi si sarebbe trovato un favoloso tesoro. Secondo la leggenda, l'eruzione di questo monte annuncia però un cattivo presagio e sarebbe iniziata da una profanazione. Il giovane Chama non sostiene questa idea e promette al padre, pronto a chiamare l'esercito, che prenderà a calci in culo gli intrusi. Con i suoi amici va in montagna, ha fretta di combattere. Purtroppo, subito dopo l'inizio del loro viaggio, i suoi compagni vengono allontanati dalle forze oscure... e questo non era previsto nel programma!
Off the Wall (USA) (Proto)	Off the Wall è un titolo homebrew per PC Engine distribuito come software Public Domain. Si tratta di un semplice esperimento di programmazione ispirato ai classici giochi 'brick breaker', con meccaniche essenziali e struttura minimale. Non pubblicato commercialmente, circola esclusivamente come progetto amatoriale.
Okaasan to Issho - Niko Niko Pun (Japan)	Tre amici animali (un gatto, un koala e un pappagallo) si ritrovano persi su un'isola deserta. I tre ragazzi scoprono un cucciolo di drago affamato. Iniziano a salvare il bambino e vanno a cercare la frutta, perché tutti sanno che i draghi sono frugivori. L'obiettivo è semplice: vai in linea retta, prendi tre frutti della stessa varietà e alla fine li dai al drago. Il drago cresce e ti permette, per miracolo, di lasciare l'isola. Quindi vai e cadi su un'altra isola, dove sarà necessario salvare un altro drago, e così via fino alla morte.
Operation Wolf (Japan)	Siete stati reclutati per l'Operation Wolf, un tentativo disperato di salvare i prigionieri dal nemico. Nel corso di una serie di missioni, dovrete affrontare una varietà di nemici, dai soldati ai ninja, dalle auto di pattuglia agli elicotteri e altro ancora. Operation Wolf è una conversione del gioco arcade di Taito. Si tratta essenzialmente di uno sparatutto su rotaia, in cui si spara a quasi tutto ciò che si muove. Si spara a munizioni, granate e oggetti curativi per &quot;raccoglierli&quot;. Il cannone principale può distruggere tutto (a volte con una lunga spinta), ma si possono usare anche le granate per i bersagli più difficili, come elicotteri o veicoli corazzati. Come bonus aggiuntivo, a volte è possibile raccogliere una mitragliatrice troppo potente che consente di sparare più velocemente per alcuni secondi.
Ordyne (USA)	Ordyne è uno sparatutto a scorrimento laterale orizzontale (considerato anche un &quot;carino&quot; per via del suo tono più chiaro) che mette i giocatori nel ruolo di Yûichiro Tomari, uno scienziato geniale, e Sunday Chin, il suo fedele assistente. I due eroi devono salvare la fidanzata di Tomari, Kana Aibara, dal malvagio Dr. Kubota. nnDurante il gioco, i giocatori possono ottenere cristalli che possono essere utilizzati per acquistare armi speciali, vite extra e altri potenziamenti nei negozi situati nei livelli. Ci sono anche giochi bonus che consentono ai giocatori di vincere più cristalli o punti sparando a bersagli rotanti. nnOrdyne è due giocatori simultanei.
Out Live (Japan)	Una scoperta molto importante è stata recentemente fatta sul pianeta Laffra in antiche rovine in un sito di scavo contenente reliquie di un'altra civiltà, con una tecnica che sicuramente gioverebbe al grande impero intergalattico. Ma una misteriosa organizzazione che si fa chiamare &quot;Marte&quot; ha iniziato a suscitare scalpore sul pianeta. Il tuo leader ti manda, pilotando un robot da combattimento noto come &quot;FW&quot;, nelle profondità delle rovine per affrontare i nemici e recuperare preziose conoscenze.
OutRun (Japan) (En)	Preparati per l'esperienza di corsa più realistica mai vista. E per giocare, devi avere quello che serve: NERVO, ABILITÀ e CERVELLO. NERVO - sei al volante di un'auto da corsa super sintonizzata con una sola velocità: veloce. ABILITÀ - stai manovrando un'auto che può raggiungere quasi i 270 KMH simulati. CERVELLI - poiché hai il controllo della velocità e della manovrabilità della tua auto a un ritmo pericoloso, devi usare la testa e non solo le mani per sopravvivere. Quindi preparati per la corsa della tua vita e stai all'erta. La pista può sembrare fantastica, ma a queste velocità qualsiasi cosa può trasformarsi in una zona pericolosa.
Override (Japan) (En)	Tra la pletora di sparatutto a scorrimento verticale disponibili su PC Engine, Override gioca la carta del gameplay veloce. In effetti, si secca come una roccia, i nemici arrivano da tutte le parti e si precipitano letteralmente verso di te, i colpi si fondono e ci vuole una buona dose di riflesso per sopravvivere in questa battaglia che si estende su sei livelli. Per questo avete a disposizione un arsenale molto attraente anche se classico; l'ottenimento di armi avviene raccogliendo bonus di diversi colori che aggiungono due moduli alla tua nave il cui comportamento differisce in base al colore. È anche possibile potenziare il colpo principale e abbiamo un super colpo che carichiamo interrompendo il fuoco.
P-47 - The Freedom Fighter (Japan) (En)	Il P-47 era uno degli aerei più resistenti in uso nella seconda guerra mondiale e questo sparatutto a scorrimento laterale ti mette al controllo di uno mentre affronti orde di nazisti. Le versioni a 16 bit hanno una modalità a 2 giocatori simultanea, oltre alla possibilità di avvolgere il gioco con una difficoltà maggiore fino a 4 volte. nnInizialmente sei armato con una mitragliatrice, ma puoi anche raccogliere bombe, missili spray e multi missili raccogliendo la lettera appropriata. Ogni arma può essere potenziata raccogliendo ulteriori gettoni dello stesso tipo. Sono disponibili anche gettoni che offrono vite extra e accelerazioni.
Pac-Land (USA)	Pac-Land è un gioco a scorrimento laterale per 1-2 giocatori con un'atmosfera da cartone animato. Ora dotato di braccia, viso e gambe, Pac deve guidare una fata a casa sua nel Paese delle Fate, ma questo compito non sarà facile perché Inky, Blinky, Pinky, Clyde e Sue inseguiranno Pac-Man mentre viaggia attraverso Pac-Land. Quando finalmente riporta la fata a casa sua, Pac riceve delle scarpe magiche, che lo aiuteranno ad arrivare a casa sua, dove sarà accolto dalla sua famiglia: la signora Pac-Man, Baby Pac-Man, Chomp Chomp , e Sourpuss. nnCi sono sedici round da completare, con quattro viaggi ciascuno. Durante ogni round, può prendere un power pellet, che fa diventare blu i fantasmi, permettendo a Pac-Man di mangiarli per punti. I punti vengono assegnati anche raccogliendo la frutta che appare, come ciliegie e fragole. In alcuni round, Pac deve usare un trampolino di lancio per saltare sopra un lago. Deve anche arrivare alla fine di ogni round prima che scada il tempo, altrimenti un fantasma lo inseguirà.
Pachio-kun - Juuban Shoubu (Japan)	Ci si trova di fronte a una sorta di flipper verticale. Usando una maniglia alla tua destra, spingi dozzine e continuamente piccole sfere d'acciaio che hai acquistato in precedenza. Da lì, non puoi più influenzare il corso delle biglie. Questi completano un percorso lungo il flipper e terminano il loro percorso in varie bocce che riportano... palline... che all'improvviso tornano nel flipper... e così via.
Parasol Stars - The Story of Bubble Bobble III (USA)	Questo sequel di Rainbow Islands vede un ritorno al gameplay di Bubble Bobble, ma con Bub e Bob nelle loro forme ormai umane. nnI ragazzi devono ripulire una serie di schermi di cattivi - che assumono forme leggermente più esoteriche rispetto ai bruchi arrabbiati delle Isole Arcobaleno - e di nuovo raccogliere un sacco di potenziamenti. nnMa questa volta sono armati di ombrelli! Oh, ok allora, ombrelloni...
Parodius Da! - Shinwa kara Owarai e (Japan) (En)	Un giorno, il nostro amico polpo litiga all'ultimo sangue con il suo vecchio rivale, l'insetto. Il nostro polpo vince e la gente inizia a chiamarlo Mr. Parodius. Nelle sue ferie pagate va in campagna per godersi un po' di agricoltura. Tornando alla nostra pentola di polpo già pronta, legge il giornale &quot;People of the Universe&quot; e per poco non cade dal tagliere per la sorpresa. Ora c'è un'immagine del misterioso Grande Octopus con la Terra tra le sue braccia. &quot;F... padre?&quot; balbetta. Era suo padre, scomparso appena due anni prima, per non tornare mai più a casa. Così Octopus si mette alla ricerca della verità e con i suoi compagni inizia a viaggiare per il mondo!
Populous (Japan) (En)	Populous su Turbografx è un gioco di strategia che ti mette nei panni del Creatore. Comanda una civiltà e sconfiggi le popolazioni sotto la giostra di divinità opposte. Come Dio, puoi modellare le morfologie a tuo agio, lanciare incantesimi, comandare le tue truppe e creare eroi per influenzare le masse in oltre 500 mondi.
Power Drift (Japan) (En)	Hai mai desiderato correre con dune buggy ad alta velocità su una varietà di piste? Power Drift è un gioco di corse arcade che ti dà la possibilità di fare proprio questo. nnCi sono 5 tracce tra cui scegliere, ognuna con 5 fasi. Le tappe spaziano dalle città, ai deserti alle piste sull'acqua. Ci sono anche 12 piloti tra cui scegliere, da uomini d'affari a skinhead e mohicani. nnIl tuo passeggino ha 2 marce, alta e bassa. Una volta che la luce diventa verde, mantieni il pedale sul metallo. Dovrai piazzarti terzo o più in alto per passare alla fase successiva. Fare attenzione a non urtare altri passeggini o oggetti vicino alla strada. Mentre sei buggy può prendere un martellante, schiantarsi ti rallenterà. nnCompleta tutte e 5 le fasi di un livello e ti verrà presentato un livello bonus.
Power Eleven (Japan)	Power Eleven è un gioco di calcio dall'alto verso il basso con tre modalità di gioco: multiplayer, calci di rigore (mostrati dalla parte posteriore del portiere trasparente) e una modalità torneo. Quest'ultima è la modalità principale per i giocatori solitari e comprende dodici squadre nazionali di calcio.
Power Gate (Japan)	Pack-In-Video non è stato l'editore più sorprendente per il sistema PC Engine ed eccolo qui con lo sparatutto orizzontale Power Gate. Il giocatore prende il controllo di un aereo da combattimento high-tech e vola attraverso canyon, città nemiche e giganteschi incrociatori da battaglia. L'aereo da combattimento inizia con una semplice e lenta pistola vulcan che può essere potenziata durante il gioco distruggendo i nemici lampeggianti, spesso sotto forma di aerei o missili. Sono disponibili anche altri potenziamenti, come bombe a terra o celle di energia che ripristinano una barra dello scudo del tuo aereo. Tuttavia, il tuo aereo da combattimento può anche trasportare un'arma secondaria. Ce ne sono sei tra cui missili a ricerca, bomba al napalm, 8 vie e persino un'opzione interessante che rispecchierà il tuo aereo e triplicherà la sua potenza di fuoco. Queste armi secondarie vengono attivate utilizzando l'altro pulsante di azione, possono essere raccolte allo stesso modo degli altri oggetti e possono essere rifornite.
Power Golf (USA)	Il Power Golf si gioca principalmente con una vista dall'alto verso il basso di ogni buca e una prospettiva in terza persona per colpire la palla. Il giocatore ha la modalità Stroke e la modalità Match Play e persino la modalità Competizione per un massimo di tre giocatori. Lo scopo del gioco è semplicemente lo stesso del golf: completare la mappa con il minor numero di colpi e il punteggio più basso.
Power League '93 (Japan)	Annusa l'erba appena tagliata, ascolta i richiami dell'arbitro e preparati per un'azione di baseball famosa in tutto il mondo! Power League '93 è un'incredibile avventura sportiva attraverso la stagione internazionale di baseball del 1993! Seleziona la tua squadra e poi gioca al computer, affrontando ogni aspetto del meraviglioso gioco: dal campo, al lancio e alla fine a battere le palle fuori dal parco!
Power League 4 (Japan)	Metti alla prova le tue abilità di baseball di livello mondiale giocando con le migliori squadre del mondo! Mettiti in gioco nel baseball nella fantastica Power League IV schierandoti, lanciando e battendoti in un campionato immaginario di grandi squadre di tutti i tempi! Coinvolgi te stesso in ogni aspetto del fantastico gioco in questo fantastico titolo che ti permette di sentirti parte dell'azione con folle esultanti e giocatori fantastici.
Power League 5 (Japan)	Sali sul piatto preparati e poi fai oscillare la mazza con tutte le tue forze in modo che il mondo sappia come gioca a palla un vero professionista! Come parte fondamentale dell'azione di baseball, prendi il controllo della tua squadra e di ogni aspetto del grande gioco - dal fielding al lancio e alla battuta definitiva - quindi fai homerun in modo che i tuoi giocatori possano segnare alla grande e prendere d'assalto il mondo del baseball professionistico!
Power League II (Japan)	Entra a far parte dell'azione del baseball, senti la brezza, senti il campo e poi lancia quella palla fuori dal parco nella tosta Power League II! Usa le tue abilità a tutto tondo per schierare, lanciare e battere come un vero professionista per battere tutte le altre squadre ed emergere come il vero campione di baseball del mondo! Tieni d'occhio la palla per diventare un campione assoluto del gioco!
Power League III (Japan)	La fantastica Power League III è l'esperienza di baseball completa racchiusa in questo fantastico titolo. Diventa una vera superstar del baseball selezionando la tua squadra e poi portati sull'ovale per battere, lanciare e schierare la tua strada verso la vittoria sulle migliori squadre del mondo! Immergiti totalmente nel gioco e senti ogni mossa del giocatore mentre lancia quella palla fuori dal parco!
Power Tennis (Japan)	Questo gioco di tennis offre le modalità Singles, Doubles e World Tour. Puoi scegliere tra 26 giocatori con metà dei giocatori. Ognuno di questi giocatori ha le proprie specializzazioni: service-volley, short-handed game, mancino. Sono disponibili tre tipi di campi: cemento, erba e terra battuta.
Pro Yakyuu World Stadium '91 (Japan)	Questo gioco con i suoi personaggi super deformi ha più uno stile Arcade piuttosto che una seria simulazione dello sport. Il giocatore può sempre personalizzare le squadre prima delle partite e possono esserci un massimo di quattro giocatori umani per partita. Il giocatore può anche scegliere di guardare due avversari CPU sfidarsi.
Pro Yakyuu World Stadium (Japan)	Il gioco coinvolge dieci squadre, nove basate liberamente su club professionistici di baseball giapponesi e la squadra Namco la cui lista è piena di personaggi dei vecchi giochi Namco. Né le squadre né i nomi sono concessi in licenza (cosa che è accaduta solo nel 1992), e alcune squadre sono amalgame di club reali: la squadra &quot;R&quot;, abbreviazione di &quot;Ferrovie&quot;, è formata da un mix di giocatori dei tre club di proprietà di compagnie ferroviarie: Kintetsu Buffaloes (scomparso nel 2004), Nankai Hawks (ora Fukuoka Softbank Hawks) e Hankyu Braves (ora Buffalo Orix). Ci sono anche alcuni team nascosti accessibili tramite password.
Psycho Chaser (Japan) (En)	Anno spaziale X2981Y. La Terra ha sviluppato androidi da battaglia per combattere guerre senza sangue. Un nuovo androide da battaglia chiamato &quot;Aura&quot; è stato sviluppato e inviato in battaglia e sembrava condurre il suo paese alla vittoria. Tuttavia, Aura si liberò dal controllo umano e si ribellò contro la Terra, prendendo il controllo degli altri androidi e iniziando una guerra contro l'umanità. In un ultimo sforzo disperato, l'umanità ha sviluppato un altro androide, più forte di qualsiasi altro e intriso dei desideri dell'umanità, soprannominato &quot;Psycho Chaser&quot;. Sta facendo il suo assalto alla roccaforte di Aura per porre fine alla guerra. nnPsycho Chaser è uno sparatutto fantascientifico a scorrimento verticale. Il giocatore prende il controllo dell'androide da battaglia titolare. Ci sono più armi che possono essere raccolte e scambiate liberamente, e anche potenziamenti che consentono potenziamenti di armi ed energia tra le fasi.
Psychosis (USA)	C'è qualcosa che non va nel tuo cervello. È stato rilevato dallo stesso Devil Ugar! La tua unica risorsa è combattere contro questa invasione ostile. Per fortuna la tua mente ha creato l'arma definitiva: una nave con la quale puoi affrontare le cinque cause (fasi) e respingere i malvagi servitori del Diavolo. È la tua unica speranza, la tua ultima possibilità di liberare la tua mente da questa influenza malvagia. nnPsychosis è uno sparatutto a scorrimento laterale in cui ogni livello ha lo scopo di rappresentare un luogo diverso all'interno della tua mente. Uno sembra il cielo, un altro pieno di piante acquatiche, uno con quelli che assomigliano a blocchi di tetris. È all'interno di queste fasi che devi far esplodere tutto ciò che è in vista mentre raccogli potenziamenti per potenziare la tua arma e scudo.
Puzzle Boy (Japan)	Puzzle Boy è un porting del titolo per Game Boy Kwirk, ma presenta livelli più numerosi e diversi insieme a una grafica modificata. A differenza della versione originale, la prospettiva è dall'alto verso il basso e non c'è alcuna funzione di annullamento. nnTuttavia, per quanto riguarda il gameplay, questa è ancora una variante Soko-Ban. Il giocatore si ritrova in un labirinto e ha bisogno di trovare la strada per l'uscita. Gli ostacoli sul percorso sono scatole che possono essere spinte ma non tirate, fori e porte girevoli. Il gioco presenta tre modalità di gioco, in particolare la modalità livello con 100 livelli. Sono divisi in quattro serie da 20 ciascuna. Questi set hanno un livello di difficoltà ad essi associato e ciascuno premia lo stesso finale una volta risolto. Le altre due modalità sono la modalità sfida (che risolve dieci livelli in un periodo di tempo limitato) e una modalità multiplayer a schermo diviso.
Puzznic (Japan) (En)	La sfida in ogni livello di Puzznic è manovrare una selezione di blocchi in posizione in modo da eliminarli tutti, facendoli entrare in contatto con blocchi dello stesso design. Controlli un mirino, che può spostare un blocco a sinistra oa destra, il che può farlo cadere se non ci sono blocchi sotto lo spazio che occuperebbe. nnCi sono molte complicazioni in termini di risoluzione dei livelli. Piattaforme mobili significa che è necessario spostare un blocco in un momento particolare, o in un ordine particolare, per evitare che vengano bloccati. In alcune situazioni c'è un numero dispari di un certo tipo di blocco: per risolverli è necessario posizionare due blocchi a uno spazio di distanza l'uno dall'altro, in modo tale che una mossa risulterà in un pezzo che entrerà in contatto con altri 2 e rimuoverà immediatamente tutti e 3.
R-Type (USA)	Uno dei giochi che ha davvero venduto persone su PC Engine, R-Type I contiene i primi quattro livelli dello sparatutto seminale di Irem. Pilota il tuo caccia R-9 per porre fine all'Impero Bydo. Hai una varietà di armi disponibili, principalmente &quot;The Force&quot;, una sfera che puoi posizionare davanti o dietro la tua nave per protezione, o rilasciare per darti potenza di fuoco extra. Altre armi includono laser a fuoco diagonale, laser che viaggiano verticalmente e si muovono lungo il terreno o un potente laser rosso circolare. In combinazione con missili a ricerca e sfere scudo, hai un enorme arsenale a tua disposizione.
R-Type I (Japan) (En)	Uno dei giochi che ha davvero venduto persone su PC Engine, R-Type I contiene i primi quattro livelli dello sparatutto seminale di Irem. Pilota il tuo caccia R-9 per porre fine all'Impero Bydo. Hai una varietà di armi disponibili, principalmente &quot;The Force&quot;, una sfera che puoi posizionare davanti o dietro la tua nave per protezione, o rilasciare per darti potenza di fuoco extra. Altre armi includono laser a fuoco diagonale, laser che viaggiano verticalmente e si muovono lungo il terreno o un potente laser rosso circolare. In combinazione con missili a ricerca e sfere scudo, hai un enorme arsenale a tua disposizione.
R-Type II (Japan) (En)	Prima di tutto, R-Type I e II non sono due giochi diversi. Infatti R-Type I riunisce i primi quattro livelli dell'arcade R-Type, R-Type II riunisce quindi gli ultimi quattro. Perché hai diviso questo mitico servizio fotografico in 2 giochi separati? Forse per mancanza di spazio sulle Hucard, o forse per comprensibili ragioni commerciali. Questo gioco è una delle migliori versioni esistenti di questo leggendario sparatutto, è di grande fedeltà a tutti i livelli. Esistono alcune piccole modifiche quasi a voler dimostrare la potenza tecnologica della console: gli sprite sono più grandi che nell'arcade, anche i campi d'azione, il che si traduce nella presenza di un piccolo scorrimento verticale che segue la nostra nave, assente nella versione originale ; l'azione, infine, è ancora più veloce. Altrimenti, se la difficoltà rimane ragionevole in R-Type I, è molto più alta in R-Type II.
Rabio Lepus Special (Japan)	In un regno lontano, il re e le sue due figlie sono felici e c'è pace e armonia nel paese. Questo fino a quando un fatidico giorno in cui un'astronave sconosciuta appare come un fulmine a ciel sereno e rapisce il re e le due ragazze, tutte vestite con i loro costumi da coniglio. Il giocatore assume il controllo di Usagi, un coniglio robotico volante e la sua missione è salvare i prigionieri ed eliminare i loro rapitori sconosciuti.
Racing Damashii (Japan)	Chiamato anche Racing Spirit, questo gioco ci mette nei panni di un pilota di moto da corsa. A differenza di un titolo come Hang-On di Sega, questo è un gioco che punta sulla simulazione. Con la nostra vasta esperienza in ciclomotori e scooter, il giocatore è invitato a guidare una delle sue auto a 2 ruote per ottenere grandi prestazioni. Fin dall'inizio, ci vengono offerte diverse modalità sin dall'inizio. La modalità Japan Grand Prix è, come suggerisce il nome, un campionato che si svolge nella terra del sol levante. Poi arriva una modalità Endurance e la modalità Test Run che funge da allenamento. Dovrai scegliere il tuo pilota e la tua moto, che è configurabile, ma non a piacimento. Telaio, freni, pneumatici, motore possono essere modificati.
Raiden (USA)	Nell'anno 2090, la Terra è invasa da extraterrestri. L'Alleanza Mondiale delle Nazioni ha sviluppato un caccia d'attacco supersonico, Raiden, per difendere la Terra. Un pilota deve assumere il controllo del caccia sperimentale per distruggere le navi da guerra aliene che sembrano strane variazioni dei tipici carri armati e aerei militari con gadget attaccati. Raiden (chiamato Raiden Trad su Genesis e SNES) è uno sparatutto a scorrimento verticale dall'alto, basato su un gioco arcade con lo stesso titolo. Presenta due forme di potenziamento delle armi e due tipi di missili (normali o homing). Inizi il gioco con diverse bombe che puoi usare per distruggere la maggior parte dei nemici sullo schermo per uscire da un ingorgo. Ogni livello termina con uno o più boss grandi.
Rastan Saga II (Japan) (En)	La &quot;Rastania&quot; era un luogo sacro, in cui il tempio sacro, &quot;Grattacielo&quot;, svettava nel cielo. Si dice che chi conquisterà il &quot;Grattacielo&quot; avrebbe governato i &quot;Rastania&quot;. Un gruppo malvagio ha invaso il &quot;Grattacielo&quot; e ha cercato di farlo proprio. Se la situazione viene lasciata così com'è, il posto sarebbe alla fine controllato dal gruppo malvagio. Rastan Saga II è il sequel di Rastan, contenente lo stesso gameplay hack-em'/slash-'em dell'originale. Sei un guerriero che deve superare un certo numero di livelli e cercare di raccogliere gemme che possono essere ottenute solo sconfiggendo i boss di fine livello. Raccogliere potenziamenti lungo il percorso ti premia con punti vita extra o armi migliori.
Rock-On (Japan)	Sei un Buster e la tua missione è fare fortuna trovando FISA (Mysterious Fortune Hidden by the Ancient People) nel tuo velivolo in vari livelli. All'inizio sei solo armato con un piccolo cannone e ti muovi lentamente ma sparse per ogni livello ci sono icone che possono migliorare le tue armi e la tua velocità. Questi includono 2 vie, 3 vie, laser e back-fire. Il mondo intero guarderà in TV per vedere se puoi avere successo. Rock-On è uno sparatutto a scorrimento laterale orizzontale che si sposta da sinistra a destra.
Ryuukyuu (Japan)	Solitario / Poker è certamente una strana combinazione, ma è esattamente ciò che questo gioco è. La cosa si fa ancora più interessante quando ci si rende conto che in questo gioco c'è anche un tocco di bingo. L'obiettivo è quello di pescare carte nascoste da uno dei quattro diversi mucchi e dividerle in cinque diverse &quot;mani&quot; che vengono contate secondo i valori tradizionali del poker. Tuttavia, le mani possono essere segnate in qualsiasi combinazione... verticale, orizzontale o diagonale sul tabellone... (è qui che entra in gioco l'elemento bingo).
S.C.I. - Special Criminal Investigation (Japan)	Tre ragazze sono state dichiarate scomparse, inclusa la figlia del sindaco, e Chase Special Investigations ti ha chiesto di rintracciare cinque veicoli, menzionati nel briefing della missione, che si ritiene siano coinvolti nel rapimento. Usando una macchina dal design pesante con un motore V6 DOHC 3000CC Twin Turbo, cinque serie di boost di nitro e una pistola attaccata al volante (che puoi usare per danneggiare il veicolo bersaglio), la tua missione è pattugliare le strade e trova questi veicoli. Il gameplay è simile a Chase HQ, ma ci sono alcune differenze. Ad esempio, le auto viaggiano in entrambe le direzioni invece che in una, e alcune di loro raggiungeranno la tua auto e ti spareranno. Almeno una volta in ogni fase un elicottero vola e ti lancia alcune granate che puoi usare per danneggiare ulteriormente il veicolo bersaglio. Un ragazzo su una moto ti raggiungerà e lancerà granate contro la tua auto.
Sadakichi Seven - Hideyoshi no Ougon (Japan)	Sadakichi Seven: Hideyoshi no Ougon è un gioco di avventura basato su menu che si concentra su una sciocca storia in stile James Bond di un'organizzazione malvagia nota come N.A.T.T.O. (il natto è un piatto regionale giapponese) e una spia da chef determinata a fermarli. Durante il gioco vengono fatte diverse allusioni al franchise di 007, incluso un filmato di apertura visto dalla canna di una pistola e l'eroe che lancia casualmente il suo cappello su una cappelliera all'inizio del gioco. Oltre agli strani elementi narrativi, funziona in modo molto simile a qualsiasi gioco di avventura derivato da Portopia: il giocatore può interagire con il proprio ambiente attraverso un elenco di comandi sul lato destro dello schermo e l'obiettivo è parlare con gli NPC, esplorare i dintorni e scoprire indizi per risolvere un mistero.
Salamander (Japan) (En)	Salamander (o LifeForce su altri media) è uno sparatutto su PC Engine. A bordo della tua nave pesantemente armata, devi avanzare attraverso i livelli sparando a tutto ciò che si avvicina al boss finale. Un'opzione multiplayer ti consente di giocarne due contemporaneamente.
Samurai-Ghost (USA)	Nell'anno 1192, l'oscurità del clan Minamoto è arrivata e si sta diffondendo in tutto il Giappone. Il paese è devastato e solo un uomo del clan perduto degli Heike può tornare dalle profondità dell'inferno per metterlo fine. Il suo nome è Taira no Kagekiyo. La storia di Genpei Tōma Den ruota apparentemente attorno alla storica guerra Genpei della storia giapponese e coinvolge Taira no Kagekiyo che combatte il malvagio Minamoto no Yoritomo e il clan Minamoto in tutto il Giappone. Il gioco presenta tre modalità di gioco: &quot;modalità laterale&quot;, una sezione platform d'azione su piccola scala; &quot;big mode&quot;, una sezione di combattimento su larga scala paragonabile al Taito coin-op Gladiator; e &quot;modalità piatta&quot;, una sezione con vista dall'alto. In tutte e tre le sezioni l'obiettivo è distruggere i nemici, raccogliere oggetti e raggiungere la fine prima che la barra della vita (rappresentata da candele accese) si esaurisca.
Sekigahara (Japan)	Sekigahara è un simulatore di guerra strategico basato su esagoni pubblicato da Tonkin House. Il gioco prende il nome e raffigura la battaglia di Sekigahara, che in seguito avrebbe fondato lo shogunato Tokagawa e posto fine all'era Sengoku del Giappone. I giocatori muovono le loro varie unità di samurai a turni alternati mentre preparano i loro eserciti per una battaglia culminante.
Sengoku Mahjong (Japan)	Sengoku Mahjong è un gioco di mahjong ambientato nel Giappone feudale. Ci sono 12 diversi avversari e due diverse modalità di gioco. In modalità normale, il giocatore sceglie 3 avversari e gioca a mahjong contro tutti loro in una volta. In modalità battaglia, il gioco mira a unificare il mondo diventando un signore della guerra e giocando contro tutti gli altri.
Shanghai (Japan)	Shanghai è uno dei primi adattamenti di videogiochi del gioco basato su tessere giocato con le pietre del mahjong cinese, essenzialmente un puzzle game che ha poco a che fare con le vere regole del mahjong. Il gameplay prevede 144 tessere, ciascuna raffigurante immagini diverse, che devono essere rimosse abbinandole a coppie. Le piastrelle sono disposte secondo uno schema a griglia, che è più alto vicino al centro. Una tessera può essere rimossa solo se non ha nessuna tessera accanto su almeno un lato. Questa implementazione del computer può generare un layout di tabellone casuale da affrontare e presenta cinque sfide preimpostate, alcune delle quali hanno limiti di tempo di cinque o dieci minuti, oltre a una modalità multiplayer.
Shinobi (Japan)	Controlli un ninja, Shinobi, che deve farsi strada attraverso ogni livello alla ricerca di ostaggi che devono essere salvati. Hai shuriken, calci e pugni con cui difenderti. Così come la potente magia ninja che può ripulire lo schermo dai nemici in una volta sola. Ogni livello è suddiviso in scene più piccole e gli ostaggi sono sorvegliati da grossi tizi che lanciano spade. Fai attenzione agli scagnozzi e ai ninja nemici armati di pistola. Raggiungere la fine di ogni livello ti troverà a combattere con un boss. Questi vanno dai giganti di 8 piedi agli elicotteri da combattimento.
Shiryou Sensen - War of the Dead (Japan)	Questa versione di Shiry Sensen: War of the Dead può essere descritta come un incrocio tra le versioni MSX e PC-88. Analogamente alla versione originale di MSX, le pistole richiedono munizioni, le battaglie hanno sfondi, diversi nemici possono attaccare contemporaneamente ed è possibile lasciare l'area di battaglia a scorrimento laterale (che è diventata più grande in questa versione) camminando fino al bordo. Tuttavia, il layout e le posizioni della mappa sono quasi identici a quelli della versione PC-88, quindi sono completamente diversi da quelli della versione MSX. La modifica più significativa, unica in questa versione, è l'aggiunta di un sistema di gioco di ruolo. Mentre nelle altre due versioni le battaglie non servivano a nessun altro scopo se non sfidare il giocatore e ostacolare il progresso della storia, nella versione PC Engine (TurboGrafx-16) sono essenziali per la crescita del personaggio di Laila.
Shockman (USA)	Nel sequel di Kaizou Choujin Shubibinman, ancora una volta il giocatore interpreta il ruolo del cyborg Tasuke o Kyapiko (ribattezzato Arnold e Sonya per il loro debutto negli Stati Uniti) per affrontare una minaccia aliena per il mondo. Entrambi i cyborg hanno scambiato le loro lame energetiche con attacchi a distanza, che cambiano un po' il ritmo del gioco ma rimangono comunque un platform a scorrimento laterale orientato all'azione in cui il tuo obiettivo è ripulire il livello da tutti i nemici e dai boss, mentre raccogli tutti i potenziamenti che possono aiutarti nella tua ricerca. Il gioco fa una progressione lineare da un livello all'altro, perdendo la mappa del mondo dall'originale così come l'acquisto di aggiornamenti tra i livelli (dal momento che &quot;Doc&quot;, l'inventore di entrambi i cyborg e fornitore di aggiornamenti, è stato rapito dagli alieni), sebbene nuovo le fasi sparatutto sono state incluse per ravvivare le cose.
Shougi Shodan Icchokusen (Japan)	Shogi Shodan Icchokusen (&quot;Shogi First-Dan Straight Line&quot;) è un gioco Shogi per PC Engine pubblicato da Home Data (ribattezzata Magical Company nel 1993) nel 1990. Il gioco presenta due modalità: La modalità standard prevede la riproduzione di vari NPC allo shogi a vari livelli di difficoltà. La modalità storia prevede di giocare attraverso una campagna nei panni del leggendario eroe popolare giapponese Momotaro, mentre gareggia con oni e altri nemici allo shogi. In questa modalità il cursore del giocatore passa al compagno cane di Momotaro.
Shougi Shoshinsha Muyou (Japan)	Gioco Shogi (scacchi giapponesi) interamente in giapponese.
SideArms (USA)	Originario delle sale giochi, Side Arms è uno sparatutto a scorrimento orizzontale in cui controlli il tenente Henry (un secondo giocatore può controllare il sergente Sanders in alcune versioni), armato con armi rozze e tute protettive. Devono salvare la terra dagli invasori mercenari di Bozon. Devi prima raggiungere i territori di Bozon, quindi spazzare via le sue forze nascoste nelle caverne e in agguato nei mari sotterranei, prima di distruggere la principale nave d'invasione. È possibile raccogliere molte armi extra, spesso con gettoni simili a quelli del 1943 e di altri titoli Capcom. La maggior parte delle armi può essere sparata a sinistra o a destra, offrendoti più raggio per lanciare attacchi.
Silent Debuggers (USA)	Arrivando in una desolata stazione di carico alla ricerca di un tesoro, un debugger e il suo amico Leon incontrano invece dei mostri. Silent Debuggers è un gioco d'azione con una prospettiva in prima persona. Il gioco avanza in tempo reale ma il movimento procede a passi fissi come in molti giochi di dungeon in prima persona. I nemici vengono presi di mira con un mirino che può essere spostato sullo schermo. Combatti i mostri con una varietà di armi e proteggi i preziosi locali di servizio intorno al centro della stazione dall'essere tagliati dai mostri mentre avanzi attraverso ogni livello della stazione. Gli strumenti forniti da Leon conferiscono al giocatore abilità speciali.
Sindibad - Chitei no Daimakyuu (Japan)	L'ambientazione e la storia di Sindibad: Chitei no Daimaky si ispira alle storie popolari delle 1001 notti, anche se non ne segue nessuna in modo specifico, ma utilizza piuttosto nomi popolari e riunisce vari eroi che non hanno nulla a che fare tra loro nelle storie originali. Il personaggio titolare (più comunemente Sinbad in inglese) è un ragazzo che vive insieme a suo padre Alibaba e sogna di sposare la figlia del re Scheherazade. Una notte scoprono che la principessa è stata rapita; chi la salva riceve un grosso premio e Sheherazade stessa come moglie! Senza ulteriori indugi, Sindibad e Alibaba iniziano il pericoloso viaggio... Il gioco è un tradizionale gioco di ruolo in stile giapponese con tutti gli ingredienti comuni del genere.
Sinistron (USA)	Sinitron è uno sparatutto a scorrimento laterale simile a R-Type, ma ha un sistema di armi unico in cui puoi aprire e chiudere i tuoi scudi per migliorare la tua potenza di fuoco a scapito di rendere vulnerabile la tua nave. Ci sono anche diversi potenziamenti che puoi raccogliere come missili e diversi tipi di laser. La trama del gioco non è molto chiara secondo il libretto di istruzioni. A quanto pare qualcosa chiamato &quot;Sinistron&quot; ha invaso il tuo quadrante della galassia e devi farlo esplodere, solo perché. Questo gioco ha grandi sprite nemici e grandi boss. I livelli si svolgono principalmente nello spazio e in ambienti alieni. Alcuni degli sprite sono mech simili a Macross. La versione giapponese, &quot;Violent Soldier&quot;, aveva una grafica leggermente diversa.
Skweek (Japan) (En)	Gli Skweek vissero in armonia per secoli, essendo un popolo naturalmente pacifico, fino all'arrivo di Pitark. Ha rovinato la loro terra rosa brillante rimuovendo il colore, e solo dopo la sua morte hanno avuto l'opportunità di ripulire la terra. Il tuo compito è viaggiare attraverso i 99 continenti e pulirli in sequenza. Skweek può muoversi in ciascuna delle quattro direzioni della bussola ed è armato con un'arma semplice, i cui colpi rimbalzano prima di colpire uno dei servitori di Pitark, gli Schnoreul, il cui contatto è immediatamente fatale. Alcuni quadrati contengono frecce che ti costringono in una direzione particolare, mentre ci sono anche blocchi da evitare. I quadrati delle bombe fanno esplodere i quadrati circostanti ma ti danno il tempo di allontanarti da loro mentre lo fanno, mentre i quadrati delle scorciatoie ti consentono di spostarti in un altro quadrato di tipo teletrasporto spingendo il joystick nella sua direzione.
Soldier Blade (USA)	Uno sparatutto di fantascienza dall'alto verso il basso in cui prendi i cieli di diversi pianeti in un avanzato caccia stellare per sradicare un'invasione aliena. Soldier Blade ti mette al controllo diretto di un caccia stellare mentre ti fai strada attraverso ogni livello infestato dai nemici. Tuttavia, questa volta non sei solo nella lotta, poiché un piccolo mecha segue il tuo combattente in ogni momento e fornisce copertura e potenza di fuoco di supporto a intervalli regolari. Il gioco presenta anche un sistema d'arma unico con tre capsule di armi personalizzabili, in cui puoi montare uno qualsiasi dei diversi tipi di armi disponibili. Inoltre puoi sacrificare ciascuno dei tuoi pod per incorporare satelliti &quot;opzionali&quot;, bombe e altre super mosse a seconda della combinazione pod/arma che hai equipaggiato.
Soldier Blade - Special Version (Japan) (En)	Uno sparatutto di fantascienza dall'alto verso il basso in cui prendi i cieli di diversi pianeti in un avanzato caccia stellare per sradicare un'invasione aliena. Soldier Blade ti mette al controllo diretto di un caccia stellare mentre ti fai strada attraverso ogni livello infestato dai nemici. Tuttavia, questa volta non sei solo nella lotta, poiché un piccolo mecha segue il tuo combattente in ogni momento e fornisce copertura e potenza di fuoco di supporto a intervalli regolari. Il gioco presenta anche un sistema d'arma unico con tre capsule di armi personalizzabili, in cui puoi montare uno qualsiasi dei diversi tipi di armi disponibili. Inoltre puoi sacrificare ciascuno dei tuoi pod per incorporare satelliti &quot;opzionali&quot;, bombe e altre super mosse a seconda della combinazione pod/arma che hai equipaggiato.
Somer Assault (USA)	Somer Assault è un gioco difficile da descrivere. In esso controlli un personaggio furtivo rosa con delle pistole attaccate. Ti muovi nei labirinti, arrampicandoti sui muri, sul soffitto, attraverso scorciatoie e cerchi di trovare la strada fino alla fine. Lungo la strada, devi sparare molti, molti nemici. E alla fine, troverai una brutta sorpresa del capo. La storia è bizzarra, che si adatta al concetto del gioco. Una maga ha in programma di governare il mondo. Per fare ciò, ha evocato 12 bestie, ciascuna basata su un segno zodiacale. Sta a te, slinky rosa, sconfiggere i 12 segni astrologici.
Son Son II (Japan)	In questo platform, liberamente ispirato al classico romanzo cinese Xi You Ji, i giocatori prendono il controllo di Son Goku che deve salvare i suoi amici da un misterioso cattivo. In sette livelli, Son Goku deve sopravvivere a vari enigmi saltatori, combattere i nemici con il suo bastone e raccogliere denaro sotto forma di frutta. Lungo la strada, può raccogliere vari oggetti utili che possono essere acquistati nei negozi o trovati nascosti all'interno dei livelli. Includono: una medicina che riempie la salute di Son Goku, una lampada magica che gli permette di continuare dopo aver perso una vita, chiavi che aprono le porte, un guanto che rompe certi muri e una nuvola che Son Goku può usare per volare durante le battaglie contro i boss. Inoltre, Son Goku può acquistare bastoni più lunghi e più potenti se trova qualcuno che li vende.
Sonic Spike - World Championship Beach Volleyball (USA)	Sonic Spike è un gioco di beach volley. Il giocatore veste i panni di una squadra di pallavolo con due atleti (che hanno punti di forza e svantaggi diversi) e cerca di vincere un torneo. Il secondo atleta può essere giocato anche da un secondo giocatore umano. I controlli non offrono sorprese: i giocatori spostano un atleta sul campo e usano due pulsanti per saltare e colpire. Anche i giocatori singoli devono passare da un atleta all'altro.
Space Harrier (USA)	Correre? volare? schivare quegli ostacoli, ma rispondere al fuoco ondata dopo ondata di alieni attaccanti. Armato di una pistola davvero grande, devi difenderti dalle orde di alieni usando il tuo ingegno per navigare sullo schermo. Ma fai attenzione a quei boss di fine livello! Originario delle sale giochi, Space Harrier è uno sparatutto in terza persona con grafica pseudo-3D, ambientato nello stesso mondo di Fantasy Zone. L'unico eroe titolare combatte gli alieni con un cannone lanciapalle di fuoco, che può anche essere usato per trasformare l'eroe in un razzo volante. Il protagonista è costantemente in movimento, ma la velocità del suo movimento può essere regolata dal giocatore.
Space Invaders - Fukkatsu no Hi (Japan)	Gli Invasori sono tornati e più forti che mai! Space Invaders: Fukkatsu no Hi (Day of Resurrection) è un aggiornamento dell'iconico gioco di Taito. Il gioco presenta una grafica aggiornata e quasi una dozzina di diversi tipi di armi, oltre a una varietà molto più ampia di invasori nemici da abbattere. È inclusa anche una conversione dell'originale coin-op del 1978.
Spin Pair (Japan) (En)	Potrebbe sembrare un tipico gioco di puzzle drop-the-block, ma c'è una svolta (o una rotazione). Invece di abbinare semplicemente i colori dei blocchi, devi anche riempire i blocchi ruotando la loro metà &quot;piena&quot; in modo che corrisponda alla metà &quot;vuota&quot; della forma sottostante. Man mano che i livelli avanzano, i blocchi rappresentano cose diverse come piante, animali ecc. per dare una certa varietà. Ci sono diverse modalità di gioco, tra cui una modalità storia e collegamento.
Spiral Wave (Japan)	Il giocatore guida un'astronave su diversi pianeti, chiacchierando con gli alieni nativi e occasionalmente combattendoli. Il gioco consiste nel festeggiare nella cabina della nave, dove vengono prese le decisioni, e sparargli. Grazie ai combattimenti, il giocatore guadagna energia che può essere spesa per modernizzare la sua nave.
Splatterhouse (USA)	Splatterhouse è il primo gioco della serie, ma solo il secondo gioco ad apparire su una console domestica (dopo Splatterhouse: Wanpaku Graffiti su NES), che è stato poi continuato su SEGA Genesis. Rick e la sua ragazza Jennifer entrano nella West Mansion (conosciuta come Splatterhouse) per studiare gli insegnamenti di parapsicologia del dottor West per un progetto scolastico. Dopo un lampo e un urlo, Jennifer se ne va e Rick indossa la maschera del terrore, che conferisce a chi lo indossa una grande forza. Rick deve sopravvivere a sette livelli intrisi di sangue pieni di cadaveri, demoni e altre creature inquietanti in questo picchiaduro arcade a scorrimento laterale. Diverse armi sono a disposizione di Rick in tutta la casa, come una mannaia, una due per quattro e un fucile. Se Rick vuole trovare Jennifer viva, deve muoversi rapidamente attraverso i piani della villa... poiché una felice riunione non è sempre garantita.
Stratego (Japan)	Il gioco da tavolo Stratego è una versione più elaborata di Cattura bandiera. Ogni giocatore inizia con 40 pezzi; Composto dalla bandiera, 5 bombe e una varietà di 9 tipi di unità militari. Dopo che sono stati piazzati, ogni giocatore svolge un turno.
Street Fighter II' - Champion Edition (Japan)	Street Fighter II': Special Champion Edition su Turbografx ti catapulta nell'arena di questa nuova versione della saga Capcom. In questo gioco di combattimento troverai otto combattenti leggendari e quattro boss sbloccati dall'inizio del gioco (Balrog, Sagat, Vega e M. Bison). Padroneggia ciascuna delle mosse specifiche del personaggio in questo titolo frenetico e incisivo.
Super Metal Crusher (Japan) (En)	Gioco di strategia in cui progetti un robot assegnando punti a varie statistiche, quindi lo lasci eliminare con un avversario mentre guardi.
Super Momotarou Dentetsu (Japan)	Super Momotarou Dentetsu è un gioco da tavolo basato su treni e trasporti con elementi finanziari che presenta il personaggio Momotarou di Hudson, basato sull'omonimo eroe del folklore giapponese. È il secondo gioco della serie Momotarou Dentetsu e il primo ad essere rilasciato su una console a 16 bit - il PC Engine - da cui il &quot;Super&quot; nel titolo. Diversi anni dopo il suo rilascio su PC Engine, Super Momotarou Detetsu è stato rilasciato anche su Nintendo Famicom e Game Boy. Ha ricevuto un seguito in Super Momotarou Dentetsu II e un gran numero di successori. L'obiettivo del gioco è viaggiare sulla mappa e acquisire territorio attraverso accordi commerciali, simili a Monopoly o Itadaki Street. I giocatori devono lottare tra loro per risorse limitate, oltre a minacce alla CPU come il Dio della Povertà.
Super Momotarou Dentetsu II (Japan)	Super Momotarou Dentetsu II è il secondo gioco &quot;Super&quot; della lunga serie Momotarou Dentetsu e il terzo in assoluto. È stato il primo gioco della serie ad essere rilasciato su Super Famicom: sia Momotarou Dentetsu che Super Momotarou Dentetsu erano giochi Famicom (sebbene quest'ultimo sia stato rilasciato anche su PC Engine e Game Boy, come Dentetsu II). I giochi si concentrano sulla fiorente società immobiliare di ogni giocatore, consentendo ai giocatori di fare a turno e spostare i loro treni sul tabellone per acquistare proprietà e scambiare risorse. Si gioca in modo simile al gioco da tavolo dei Parker Brothers Monopoly o ai giochi di Itadaki Street.
Super Star Soldier (USA)	Super Star Soldier si svolge in un lontano futuro, dove sei l'ultima speranza per il pianeta Terra, che viene attaccato da una razza aliena. Il gioco offre una vista dall'alto verso il basso con livelli a scorrimento verticale, simili al suo predecessore Star Soldier. Il gioco presenta le seguenti modalità di gioco: gioco normale, gioco punteggio, 2 minuti di gioco e 5 minuti di gioco. Ogni livello ha il suo boss difficile alla fine.
Super Volleyball (USA)	Super Volleyball è un gioco di pallavolo indoor per uno o due giocatori. La modalità per giocatore singolo offre due opzioni di gioco: gioco normale e World League. La scelta di un gioco normale mette il giocatore contro il computer in una singola partita. La scelta della World League mette il giocatore contro tutte le altre squadre disponibili. In questa modalità è disponibile una password salvata Nnnn Il gioco include otto squadre nazionali (USA, URSS, Brasile, Olanda, Francia, Italia, Giappone e Cina), con giocatori con nomi fittizi. I giocatori possono essere cambiati durante il gioco premendo C. C'è anche un'opzione per creare nuove squadre, scegliendo il nome della squadra, il colore, la posizione del giocatore e i nomi. Nnnn Il gioco è visto da una prospettiva a scorrimento laterale, con la telecamera fissata sulla palla. Un piccolo radar nella parte superiore dello schermo mostra le posizioni dei giocatori di entrambe le squadre. I giocatori possono colpire, piazzare, inchiodare, ribaltarsi, bloccare e scavare. È inoltre disponibile una raccolta di servizi: servizio sottomarino, aereo e di salto.
Susanoou Densetsu (Japan)	Il gioco è basato sull'omonimo manga (a volte traslitterato come Susa no Oh) di Go Nagai. Il protagonista è un'adolescente apparentemente normale di nome Susa, che scopre di contenere dentro di sé un altro personaggio, il distruttivo dio giapponese Susanoo. La storia del gioco inizia proprio dove il manga è finito (con un cliffhanger): Susa affronta il suo rivale Uryu, che gli fa scatenare il potere di Susanoo, devastando il mondo e liberando gli spiriti maligni che se ne impossessano. Dopo essere tornata al suo io normale, Susa deve trovare la sua amata Yukishiro e altri amici e trovare un modo per riparare il danno che ha inflitto al mondo. Susano? Densetsu è noto per aver implementato un'ambientazione e temi di gioco insoliti per i giochi di ruolo giapponesi dell'epoca. Tra questi c'è un ciclo giorno/notte, che influenza l'aspetto dei mostri sulla mappa del mondo così come gli orari dei personaggi nelle città (ad esempio, i negozi sono chiusi di notte). È anche uno dei primi giochi di ruolo giapponesi in cui i nemici vagano visibilmente sulla mappa del mondo, a volte circondando il giocatore, in stile Ultima, e possono essere evitati.
Takeda Shingen (Japan)	Takeda Shingen è un picchiaduro in 2D ambientato nel Giappone feudale. L'azione si svolge nel periodo Sengoku. Il giocatore assume il ruolo del daimy? Takeda Shingen, che deve sconfiggere il suo avversario Uesugi Kenshin. Il gameplay è tipico del genere, simile a King of Dragons o Knights of the Round. Takeda brandisce una spada giapponese (katana) e indossa un'armatura rossa. Deve procedere da sinistra a destra ed eliminare tutti i nemici e i boss. A volte, il daimy? può visitare alcuni negozi per acquistare vari oggetti.
Takin' It to the Hoop (USA)	Take it to the Hoop è un gioco di basket con grafica comica. Il giocatore partecipa a un campionato, agli spareggi o a una singola partita e sceglie una delle otto squadre americane con dodici atleti. La prestazione della squadra durante una partita non dipende solo dall'abilità del giocatore, ma anche dalle statistiche dell'atleta (es. agilità o dribbling) e dalla sua energia. L'energia diminuisce nel corso di una partita e descrive quanta potenza è rimasta a un atleta. Ci sono anche tre diverse tattiche di difesa (difesa uno contro uno, difesa a zona o un mix tra le due) che possono essere impostate prima della partita o durante le intercettazioni.
TaleSpin (USA)	Decolla con quegli altissimi eroi Disney, Capitan Baloo e Kit Cloudkicker nell'avventura ricca di azione TaleSpin. Immagina, stai cercando il tesoro perduto di Ionia e il Watusi Witch Doctor sta cercando di te! Riuscirai a sconfiggerlo per andare avanti e sfidare il temuto avvoltoio di ferro e arrivare alle grotte di ghiaccio di Thembria? Sei abbastanza coraggioso da sfidare Shere Khan per il tesoro? Scoprilo giocando a TaleSpin, con sette livelli da brivido e 150 schermate piene di pericoli!
Tatsujin (Japan) (En)	Accensione! Tutti i sistemi vanno! Decollare! Incontra l'attacco alieno frontalmente nel tuo Super Fighter! Prima che i Gidan invadano il tuo pianeta, distruggili in una corsa esplosiva nello spazio. Sei l'unico pilota vivo con il coraggio di farlo! I Gidan hanno fatto saltare in aria la chiatta mercantile del tuo pianeta e si stanno dirigendo verso Borogo con uno sciame di fortezze volanti: asteroidi carichi di carri armati, pistole ed esplosivi per conquistare tutti i punti! Attaccali faccia a faccia nel tuo Super Fighter, la nave d'assalto più potente dell'universo. Distruggili nel regno vieni con Power Shots. Aziona l'incredibile Truxton Beam per disintegrare il loro assalto veloce. E quando non c'è via di fuga attraverso i loro campi di forza, sorprendili con il devastante Rainbow Circle Shot! PUOI salvare il pianeta!
Tatsunoko Fighter (Japan)	Tonkin House presenta un altro simpatico platform per l'Engine. Armato solo di un cappello floscio e di un lungo bastone, devi correre, saltare e farti strada attraverso vari livelli pieni di ragni, palle di fuoco volanti e tipi delinquenti, senza dubbio tutto in nome dell'onore e della giustizia.
Tenseiryuu - Saint Dragon (Japan) (En)	Saint Dragon è uno sparatutto per PC Engine. Controlli una specie di drago levitante e devi far mordere la polvere agli eserciti di mostri cyborg. Questi ultimi intendono ridurre in schiavitù tutte le razze della galassia. Per contrastare questi piani oscuri, puoi sputare fuoco e laser sui tuoi nemici, ma anche raccogliere tutti i tipi di bonus che riempiono il tuo inventario.
Terra Cresta II - Mandoler no Gyakushuu (Japan) (En)	Terra Cresta 2 è un gioco esclusivo per PC Engine. Prende molte basi dal primo episodio, già sviluppato da Nichibutsu, nel 1985. nnIl gioco non è un remake, ma offre molte cose in omaggio al primo episodio (compreso uno degli ultimi livelli che occupa il primo della versione arcade). nnTroviamo il gameplay originale, ovvero che il potenziamento avviene attraverso nuove barche, fino a cinque. All'inizio del gioco, puoi scegliere ogni layout in base al numero di navi. Durante il gioco, hai la possibilità di avere una squadra, o tutta concentrata sulla stessa squadra, il che fa aumentare di dieci volte le loro capacità offensive. Quando vieni colpito, perdi una delle tue navi. Se ne hai solo uno, perdi una vita.
Thunder Blade (Japan) (En)	Preparati a prendere parte alla più grande battaglia in elicottero del secolo con THUNDER BLADE! Tu sei il Gladiatore Gunship. Piloti l'elicottero Thunder Blade. Alcuni dicono che sei inarrestabile. Questa missione ti metterà alla prova! Il nemico ha invaso il tuo paese. Questo ti fa impazzire. Quindi li fermerai... tutto da solo! Nelle città... sopra i deserti e gli oceani... nelle caverne e nelle raffinerie... ti stai liberando con i tuoi cannoni e lanciando missili aria-superficie dai tuoi pattini. Hanno carri armati, potenza aerea e incredibili superfortezze. Ma tu hai fegato, un gusto per la gloria... e il più meschino elicottero da combattimento del cielo!
Tiger Road (USA)	Questa conversione arcade è un picchiaduro in cui tu (come Lee Wong) devi salvare i bambini del villaggio dal malvagio Ryo Ken Oh. Molti livelli sono a scorrimento orizzontale, anche se con alte sporgenze su cui saltare e seguire un percorso leggermente diverso. Le urne magiche contenenti armi migliorate appaiono frequentemente. La maggior parte dei nemici è facile da attaccare e ha bisogno di un solo colpo per ucciderla, anche se vengono verso di te in grandi orde. Una volta arrivati alle sezioni interne troverete grossi nemici con la possibilità di uccidervi con un colpo solo, in sezioni disposte su più livelli complete di scale.
Time Cruise (USA)	Time Cruise è un gioco di flipper con una storia. La storia ha uno scienziato di nome Eric che un giorno sente una voce che afferma di essere un extraterrestre e attraverso questa voce apprende il segreto del viaggio nel tempo. Dopo diversi anni di costruzione della sua creazione, ha finalmente finito e si insinua nella sua macchina del tempo rotonda di metallo e parte alla ricerca di un viaggio nel tempo e incontra il suo amico extraterrestre. nnL'obiettivo del gioco, proprio come molti altri nel genere, è quello di raggiungere una certa quantità di punti in uno dei diversi flipper che spaziano in periodi di tempo diversi, inclusi la preistoria e fino al futuro.
Timeball (USA)	Il concetto alla base di Blodia è molto semplice: 1-Hai uno schermo di tubazioni. 2-C'è una palla che viaggia lungo il tubo. 3-Se la palla cade da un varco nel tubo, devi ricominciare. Questo è tutto. Quindi, tutto ciò significa che fai scorrere freneticamente le tessere intorno allo stile di un puzzle a blocchi per mantenere quel dannato cuscinetto a sfere in pista. Dio non voglia che pensi che la palla si muova troppo lentamente, puoi persino premere un pulsante per accelerare quella dannata cosa, ma devi chiederti perché mai vorresti farlo.
Titan (Japan) (En)	Titan per Turbografx è un gioco di rottura di mattoni in cui il giocatore rimane bloccato in un'esperienza. Per uscirne, deve prendere una palla da ogni livello, o distruggere tutti i blocchi presenti. Il giocatore non controlla direttamente la sfera, ma un piccolo modulo per far rimbalzare la palla a piacimento.
Toilet Kids (Japan)	Una notte, mentre visita il bagno, il protagonista si ritrova improvvisamente buttato nel water e trasportato in un regno misterioso pieno di strani mostri. Pilotando un veicolo volante, il protagonista ha il compito di sconfiggere gli abitanti del mondo misterioso e trovare un modo per tornare a casa. Toilet Kids è uno sparatutto a scorrimento verticale esclusivo giapponese per PC Engine molto simile nel gameplay a Xevious. Il gioco ha solo quattro fasi e fa un uso massiccio dell'umorismo da toilette e dei riferimenti escatologici.
Tower of Druaga, The (Japan)	Questo è un remake del gioco originale. La storia è sempre la stessa: Ishtar manda Gilgamesh su per i 60 livelli del labirinto della torre dei Druaga per salvare Ki e recuperare la Blue Crystal Rod. Deve trovare la chiave di ogni livello per passare a quello successivo. nnOltre alla grafica aggiornata, questo remake presenta una vista a 3/4 invece di quella originale dall'alto verso il basso. Presenta anche alcuni elementi di gioco di ruolo, poiché Gilgamesh raccoglie punti esperienza per uccidere i nemici, che vengono spesi alla fine di ogni livello, per migliorare le sue statistiche (come velocità, salute, ecc.). Troverà anche equipaggiamento come spade, elmi, armature, scudi, guanti e stivali, che possono essere modificati per migliorare le sue statistiche, e troverà anche oggetti speciali nei forzieri nascosti. Il modo per trovare queste casse è diverso per ogni piano. Ci sono nuovi tesori e nuovi nemici.
Toy Shop Boys (Japan) (En)	Toy Shop Boys è uno sparatutto verticale esclusivo per PC Engine. Presenta tre bambini - i titolari Toy Shop Boys - che combattono per recuperare i loro giocattoli da un cattivo di nome Gamma. Il giocatore può passare da uno all'altro in qualsiasi momento: il ragazzo con il berretto rosso spara un colpo diretto che si dirama in uno spreadshot quando viene aggiornato; il ragazzo con il berretto giallo spara boomerang che puntano sui nemici sullo schermo, con potenziamenti che aumentano il numero di spari in una volta; il bambino con il berretto blu oscilla attorno a una spada laser che cattura i proiettili e funziona come un'arma a corto raggio. La maggior parte dei nemici del gioco sono basati su giocattoli: una scimmia gigante, per esempio, o un paio di macchinine giocattolo di Formula 1.
Tricky Kick (USA)	Tricky Kick è un gioco di puzzle a blocchi scorrevoli per TurboGrafix-16. Devi calciare due oggetti dello stesso oggetto insieme, e scompaiono, finché non elimini il tabellone dai pezzi. Puoi urtare un oggetto con un altro a meno che la strada non sia bloccata. Ci sono anche nemici che devi prendere a calci nei paraurti per distruggerli. Il gioco ha una modalità normale e una modalità speciale con 60 puzzle ciascuno. Molti dei puzzle sono piuttosto difficili anche in modalità normale.
Tsuppari Oozumou - Heisei Ban (Japan)	Tsuppari Oozumau significa essenzialmente &quot;Sposta Sumo&quot;, Tsuppari è una mossa eseguita dai lottatori di sumo per spingere il loro avversario fuori dal ring. Il gioco funziona come qualsiasi altro combattente basato su tornei: il personaggio del giocatore deve combattere una serie di avversari sempre più difficili fino a raggiungere la vetta e viene dichiarato Yokozuna: il grado più alto di Sumo.
Tsuru Teruhito no Jissen Kabushiki Bai Bai Game (Japan)	Tsuru Teruhito no Jissen Kabushiki Bi-Game (o Buy Game, o Bai Game) è un gioco di simulazione di trading azionario per PC Engine di TOSE e Intec. Il giocatore visualizza e scambia azioni tenendo d'occhio le fluttuazioni e i prezzi di mercato. Al momento dell'acquisto e della vendita, istruiscono la loro segretaria (che cambierà a seconda della fortuna del giocatore) di effettuare una chiamata e acquistare/vendere il titolo scelto. nnCome con molti giochi del suo tipo, non vedeva una localizzazione in inglese e la sua grande quantità di testo giapponese rende difficile la comprensione per i non parlanti.
Turrican (USA)	Il demone a tre teste Morgul ha influenzato i sogni delle persone creando incubi, ma più recentemente questi incubi sono diventati reali. Solo Turrican può salvarli in questo frenetico sparatutto a scorrimento laterale. È dotato di 5 mondi e 13 livelli di gioco impegnativo. nnIl gameplay è concettualmente semplice: salta, spara ed esplora. Tuttavia, questo gioco pone molta enfasi sulla ricerca e l'utilizzo delle 10 diverse armi che Turrican può collezionare.
TV Sports Basketball (USA)	Il basket è stato il secondo sport a cui Cinemaware ha applicato la propria filosofia di produzione sontuosa e filmati avanzati. Sono previste esibizioni e partite di campionato, con l'opportunità di ricreare un'intera stagione di campionato con 1 giocatore assegnato a ciascuno dei 28 club. Il gioco utilizza diverse posizioni della telecamera, con viste dall'alto quando la palla è vicino a uno dei due canestri e una vista laterale quando la palla è a metà campo: i controlli rimangono invariati per questi, quindi il cambio non provoca un cambiamento improvviso nel movimento del giocatore. nnOltre a giocare le partite, hai il pieno controllo dell'allenatore. Ciò può comportare l'esecuzione di sostituzioni, ma anche l'assegnazione di marcature e strategie di gioco.
TV Sports Football (USA)	Prima che Electronic Arts cercasse di imitare la copertura televisiva degli sport con i suoi titoli EA Sports, Cinemaware aveva la stessa idea, applicandola inizialmente al football (americano). I filmati seguono momenti drammatici della partita e ogni partita è preceduta da un'introduzione in stile TV. Il gioco è principalmente basato sull'azione, sebbene tu scelga anche le tue giocate prima di eseguirle. Quindi dai vita ai passaggi e alle corse sul campo stesso. Puoi giocare partite singole o interi campionati, con una qualsiasi delle squadre NFL dell'epoca.
TV Sports Hockey (USA)	La serie TV Sports di Cinemaware ha ottenuto un ingresso esclusivo su TurboGrafx-16 con questo gioco di hockey. nnIl gioco offre partite di esibizione e una modalità torneo, otto squadre internazionali (ognuna con statistiche giocatore uniche) e supporto per un massimo di due cinque giocatori tramite TurboTap. nnDopo un drammatico primo piano dell'ingaggio, il gioco reale è visto da una prospettiva dall'alto verso il basso con un campo a scorrimento verticale. Ogni giocatore (compreso il portiere) può essere controllato. In attacco, sono possibili tiri veloci, schiaffi e persino falsi schiaffi. In difesa, il body check di un giocatore avversario può portare a una sequenza di combattimento speciale. nnLe partite di esibizione possono essere giocate con regole complete o facili: la modalità facile ha meno penalità e infrazioni come il fuorigioco. Nei tornei, tutte le partite programmate possono essere giocate o simulati i risultati. I progressi del torneo vengono salvati tramite una password.
Valkyrie no Densetsu (Japan)	Legend of Valkyrie ti mette nei panni di una giovane valchiria della mitologia norrena mentre si propone di reclamare il leggendario seme d'oro, che è stato rubato da un dio malvagio. Il gioco si svolge come un titolo di azione/avventura dall'alto verso il basso con alcuni elementi di gioco di ruolo e platform. Devi navigare nei molti livelli che compongono il Valhalla e sconfiggere tutti i nemici sul tuo cammino mentre risolvi voragini e altri ostacoli in stile platform. Puoi anche trovare diversi NPC in ogni fase, che offrono suggerimenti di gioco, indizi e oggetti da acquistare con l'oro rubato ai nemici caduti. Puoi acquistare potenziamenti per la salute, armi migliorate e persino incantesimi per una maggiore potenza di fuoco.
Veigues - Tactical Gladiator (USA)	Per 3 anni, gli invasori alieni hanno ridotto la terra in una rovina fumante. Non c'è un uomo vivo che possa fermarli. Ma ora c'è Veigues, una macchina da combattimento devastante! Costruito con la tecnologia nemica catturata, è la nostra ultima disperata speranza di sopravvivenza... e tu hai il controllo! Distruggi gli invasori con il Plazma Cannon! Tieni calda la tua potenza di fuoco e combatti come se non ci fosse un domani. Distruggi gli alieni o non ci saranno!
Victory Run (USA)	Victory Run è un gioco di corse arcade basato sul rally Parigi-Dakar. Il gameplay è simile a OutRun, con la tua auto che appare nella parte inferiore dello schermo e un percorso fatto di sprite in scala disposto più avanti. All'inizio della gara, scegli quanti motori, pneumatici, freni e così via di scorta portare con te nel rally. Quando finisci ogni segmento, devi decidere di utilizzare quelle parti in modo da poter riparare la tua auto in modo da poter completare la gara.
Vigilante (USA)	Vigilante è un picchiaduro a scorrimento laterale, basato sul popolare coin-up. Presenta un duro eroe anonimo che vaga per le strade per picchiare la banda dei Rogues che ha rapito la sua ragazza Maria. Il gioco offre cinque luoghi distinti, come strade cittadine e una discarica, con molti teppisti diversi con diversi punti di forza. Combatti con i pugni, i piedi e una catena. Ogni livello presenta un boss finale che richiede una tattica speciale per progredire.
Volfied (Japan) (En)	Volfied è una conversione domestica di un coin-op arcade sviluppato da Taito alla fine degli anni '80. Il gioco è molto simile a Qix: il giocatore prende il controllo di un oggetto il cui scopo è vagare per lo schermo, formare forme e rimuoverle dal campo di gioco. A titolo di ricompensa, un'immagine viene gradualmente rivelata nelle aree rimosse dello schermo. I confini dell'area che il giocatore non ha ripulito diventano il confine dell'area lungo la quale il puntatore del giocatore può spostarsi. L'oggetto del giocatore deve evitare il contatto con i nemici che fluttuano sullo schermo, poiché questo lo indebolirà e alla fine lo distruggerà. Le barriere limitano le parti delle scatole di confine che possono essere formate. L'obiettivo è liberare l'80% o più dello schermo e ogni percentuale aggiuntiva aggiunge punti bonus. Come conversione arcade, questo gioco consente giochi a uno o due giocatori in tre livelli di difficoltà, ma non offre password o giochi salvati nei suoi numerosi livelli.
W Ring - The Double Rings (Japan) (En)	W Ring: The Double Rings è uno sparatutto sviluppato e pubblicato da Naxat Soft per la piattaforma PC Engine. Il giocatore si fa strada attraverso livelli orizzontali raccogliendo potenziamenti dai nemici caduti. Il gioco ha tre modalità di difficoltà che determinano la quantità di nemici e la loro salute: Principiante, Normale ed Esperto. Ogni potenziamento fornisce un'arma diversa al giocatore a seconda del colore e la raccolta di potenziamenti successivi aumenta la potenza di quell'arma. Se il giocatore cambia potenziamenti colorati, acquisirà le versioni più potenti di quei potenziamenti. Se il giocatore viene colpito, perderà gli attuali power-up che ha; se non hanno un potenziamento, perderanno una vita.
Wai Wai Mahjong - Yukai na Janyuu-tachi (Japan)	Wai Wai Mahjong (&quot;wai wai&quot; è l'onomatopea giapponese per il suono di un luogo rumoroso/occupato) è un gioco Mahjong in cui il giocatore gioca contro vari avversari da cartone animato, tra cui un pilota di auto da corsa e una suora. Il gioco è uno contro uno, a differenza del vero Mahjong che viene generalmente giocato con quattro giocatori, a causa delle limitazioni dei simulatori Mahjong nell'era a 8 bit/16 bit. Wai Wai Mahjong è il secondo gioco Mahjong per PC Engine (dopo Sengoku Mahjong) ed è stato rilasciato solo in Giappone.
Wallaby!! (Japan)	Canguro!! è un gioco di simulazione di corse di Tenky e Masaya. Funziona in modo simile a un certo numero di simulatori di corse di cavalli per i sistemi giapponesi, ma scambia i cavalli con canguri e wallaby e cavalieri umani con conigli. Il giocatore seleziona un coniglio come protagonista e può allevare marsupiali per le corse o semplicemente scommettere su quelli appartenenti ad altri conigli. Come nel caso della maggior parte dei giochi di corse di cavalli giapponesi, non ha visto un'uscita internazionale.
Winning Shot (Japan)	Winning Shot è un gioco di golf per PC Engine/Turbogfrafx-16 ed è stato il primo gioco basato sullo sport ad essere rilasciato per il sistema. Possono giocare fino a quattro giocatori umani, anche se, a causa della natura del golf, ogni giocatore fa turni alternati a seconda della sua distanza dalla buca. Il gioco ha molte caratteristiche simili ai giochi di golf di quest'epoca: il giocatore può selezionare quale mazza usare, se colpire o meno la palla con una leggera angolazione per regolarne la traiettoria e in quale direzione colpire la palla, prima di colpire il requisito indicatore di potenza al punto giusto per far volare la palla il più vicino possibile alla buca.
Wonder Momo (Japan)	In Wonder Momo interpreti Momo, un'attrice che interpreta il ruolo principale in uno spettacolo per bambini su un'eroina che combatte il crimine che ferisce diversi mostri alieni e criminali assortiti. Ambientato nel palcoscenico del &quot;Namco Theatre&quot;, il gioco si svolge come un'azione a scorrimento laterale in cui avanzi in ogni livello scacciando via il moccio da tutti i nemici che incontri. Raccogliendo il giusto potenziamento puoi trasformarti in Wonder Momo per un tempo limitato, che può eseguire attacchi a distanza con un hoola-hoop ed è più potente del normale Momo. Non solo devi eliminare i nemici di ogni fase, ma anche accontentare la folla con le tue esibizioni, diffidando dei pervertiti che tentano di scattare foto della tua biancheria intima ogni volta che attacchi (Momo mostra un bel po' di gambe ogni volta che &quot;calcia in alto&quot;) il che si traduce in lampi accecanti che stordiscono Momo e la lasciano aperta ad un attacco.
World Circuit (Japan)	Gioco di Formula 1 con visuale dall'alto.
World Class Baseball (USA)	World Class Baseball è un gioco di baseball. Il giocatore controlla lanciatore e difensori (attraverso un sistema automatico che, seguendo la tradizione delle partite di baseball, gli dà il controllo su quello dei giocatori più vicini alla palla); non la pastella. Una o due finestrelle mostrano lo stato del corridore durante l'ingaggio tra battitore e lanciatore; una volta che la palla viene colpita, la visuale cambia in una visuale a volo d'uccello, mostrando una buona porzione del campo di gioco in cui si svolge l'azione, insieme a un'immagine permanente di un piccolo campo nella parte inferiore destra dello schermo che mostra la posizione di ogni giocatore su l'intero campo.
World Court Tennis (USA)	World Court Tennis è un gioco di tennis con una svolta. L'azione in sé non presenta grandi sorprese: i giocatori controllano i loro personaggi sul campo da tennis a scorrimento e cercano di contrastare le palle dei loro avversari. È possibile eseguire azioni tipiche del tennis come cross, smash o lob e le prestazioni del colpo dipendono dal tempismo.
World Jockey (Japan)	World Jockey è un gioco di corse di cavalli, abbiamo in particolare una modalità &quot;Family Game&quot; che a sua volta è una modalità secondaria della modalità &quot;Jockey Play&quot;, in cui scegli il numero di gare che vuoi fare (quattro, otto, dodici o sedici). La follia dell'ippodromo inizierà a prenderti, dalla schermata delle scommesse, dove scegliamo su quali cavalli vogliamo scommettere! Per chi non lo sapesse, sappiate che mettiamo addosso la coppia che pensiamo sarà la vincitrice (a meno che non siate proprio stupidi...) ed è possibile moltiplicare le sue possibilità di vincita, scommettere su tre coppie diverse. Ogni cavallo ha la sua collina, che gli viene attribuita in base ai suoi atteggiamenti nei confronti del terreno su cui correrà e alle sue precedenti esibizioni. Senza voler annoiarvi con formule matematiche, sappiate anche che in caso di vittoria il vostro guadagno sarà inversamente proporzionale al vantaggio della coppia vincente... Logica.
World Sports Competition (USA)	Lanciata durante il periodo dei Giochi Olimpici di Barcellona, ​​questa produzione Hudson riprende il principio dell'antenato Track And Field e altre Dailey Thomson Olympic Challenge, ovvero la simulazione di più eventi. Questi sono classificati in sei categorie e, in totale, ci sono non meno di diciotto eventi (100 metri, tiro con l'arco, lancio del peso, nuoto, canottaggio...).
Xevious - Fardraut Densetsu (Japan)	Xevious: Fardraut Densetsu, nonostante condivida il suo nome con Xevious: Fardraut Saga (Fardraut Densetsu in giapponese), può essere considerato un sequel di quel gioco. La battaglia degli umani contro il biocomputer GAMP continua, con nuovi piloti che affrontano la sfida e fanno del loro meglio per proteggere la Terra. Il gioco è composto da due modalità, intitolate Arcade e Fardraut. La modalità Arcade è la stessa della modalità Ricognizione in Xevious: Fardraut Saga, essendo un port dell'originale arcade Xevious. La modalità Fardraut è composta da quattro fasi, con sfondi familiari sudamericani. A differenza della maggior parte dei giochi Xevious, il giocatore prende il controllo dell'aereo Solvalou solo nella terza fase; le prime due sono giocate a controllare due diverse navi più piccole, ciascuna dotata di proprietà simili al Solvalou: fuoco rapido contro i nemici aerei e bombe sganciate su strutture a terra.
Yo' Bro (USA)	Attacco di Ratz! Attacco di Ratz! La città di Los Angeles è stata invasa! Solo Lil Bro', il fanatico skater di Camp California, può salvarlo. La malvagia banda di Ratz sta scatenando una raffica di creature e dispositivi assassini. Trova armi incredibilmente fantastiche per contrattaccare. Spazza via le loro macchine antisismiche e le orribili piante mangiauomini con razzi e granate. Combatti i malvagi alieni spaziali e lancia i tuoi attacchi bonus. Ci vorrà tutto quello che ti serve per spedire il Ratz a fare i bagagli!
You-You Jinsei (Japan)	Yuu Yuu Jinsei, o Victory Life, è una simulazione di gioco da tavolo che condivide più di alcune somiglianze con The Game of Life di Milton Bradley, non ultimo il quale include i pezzi del giocatore dell'automobile e il viaggio del giocatore attraverso varie fasi della vita attraverso una serie di eventi casuali. Il gioco è in realtà concesso in licenza a Takara, l'editore giapponese del gioco da tavolo (che creerebbe anche alcuni videogiochi Game of Life). L'obiettivo è arrivare alla pensione con il maggior numero di risorse. Il giocatore può anche sposarsi, avere figli e sperimentare vari altri importanti cambiamenti nella vita, ma l'obiettivo principale è l'acquisizione di fondi. Il giocatore è anche in grado di investire fondi e giocare d'azzardo, il cui risultato dipende dalla pura fortuna.
Youkai Douchuuki (Japan)	Youkai Dochuuki è un platform 2D a scorrimento laterale con più percorsi di diramazione. Ogni fase è piena di bonus, segreti e uscite alternative e il giocatore deve essere parsimonioso con i propri risparmi per acquistare oggetti che lo aiuteranno a progredire. Sebbene Tarosuke abbia solo una vita, ha una barra della salute con sedici segmenti che consentono più attacchi nemici. Il giocatore può recuperare parte o tutta la salute persa di Tarosuke con oggetti curativi.
Zero4 Champ (Japan)	Qui abbiamo a che fare con uno di quei giochi prettamente giapponesi, che mescolano più o meno abilmente il fumetto digitale e il gioco di corse. Il corso dell'avventura (sì, c'è una storia!) non è proprio complicato, e si articola in due fasi distinte: nella prima parte, sei tranquillamente a casa, comodo, per chiamare i tuoi amici, leggere le notizie, fai i tuoi acquisti meccanici, ripara l'attrezzatura della tua concorrenza, ecc. tutto questo, solo attraverso i tanti menu che rendono Digital Comics quello che sono.
Zipang (Japan) (En)	Zipang è un puzzle game rilasciato esclusivamente per PC Engine nel 1990. È basato sull'omonimo film (che a sua volta è una parola antiquata per la nazione del Giappone): una commedia d'azione del regista Kaizo Hayashi che era vagamente basato sulla mitologia giapponese ed è uscito anche nel 1990. Lo stesso film sarebbe stato anche l'ispirazione per il gioco per NES Kabuki Quantum Fighter, che in Giappone si chiamava Jigoku Gokurakumaru: il nome del protagonista del film. Zipang suona in modo simile a Solomon's Key/Solomon no Kagi di Tecmo. Il personaggio del giocatore può distruggere e posizionare blocchi, usandoli come piattaforme per salire più in alto nel livello. Il giocatore deve rimuovere i nemici sulla sua strada e raccogliere gli oggetti necessari lungo la strada verso l'uscita. Dopo ogni fase, una prefettura del Giappone viene posizionata su una mappa del Giappone: dopo averle completate tutte, il gioco termina.
