#key	synopsis
1552 Tenka Tairan (Japan)	1552 Tenka Tairan is a war strategy game set during the Sengoku period of the Japanese history (1552-1600) when ambitious daimyo (feudal lords) began to overthrow their superiors, resulting in a global war for dominance in Japan. The player controls a warlord, choosing one of the available historical figures or creating their own character. Character creation is Ultima-style where are a series of questions generates the player-controlled general with relevant statistics. The gameplay involves managing the army, advancing the troops, conquering neighboring provinces, defending castles with a wealth of tactical possibilities. Though the game pauses when the player makes a decision, the time advances regardless of the player's actions, effectively making Tenka Tairan a real-time strategy game.
3x3 Eyes - Sanjiyan Henjou (Japan)	Sanjiyan Henj? is based on the manga and anime series 3x3 Eyes. Pai, a young girl from the immortal tribe of sanzhiyan, three-eyed demons of Chinese origin, wants to become a human again. She meets a Japanese teenager named Yakumo Fujii, whom she accidentally turns into a &quot;wu&quot;, an immortal obedient servant of a three-eyed demon. Together, Pai and Yakumo try to regain their lost humanity. This game can be considered a side-story to the series. The player does not control Yakumo, but an ordinary high-school student named Kenichi Yamamoto. Accidentally, Kenichi comes into contact with the world of demons, and now he needs the help of Pai and Yakumo to be freed. The gameplay is standard Japanese-style adventure. The player interacts with the game world by selecting menu commands &quot;Look&quot;, &quot;Talk&quot;, and &quot;Move&quot;. The game features animated cutscenes and (in its console incarnation) voice-overs.
A.III. - A Ressha de Ikou III (Japan)	AKA Take the A-Train III Play as the head of a railway company, with the aim of creating a railroad empire, providing a successful mass transit system that will be an inspiration to the rest of the world. As your network develops the city around it grows and prospers. Manage freight and passenger lines to move people and resources across your domain.
Addams Family, The (USA)	Based on the Addams Family movie, this game is quite different from the other Addams Family variants. The player is cast in the role of Tully Alford, the crooked lawyer of the Addams family. He finds out that somewhere in the family mansion, a great treasure is stored in a vault. He decides to venture into the mansion and retrieve the treasure. Naturally, this is going to be anything but easy, as the insane Addams family members and a legion of ghosts and monsters are there to make sure the lawyer fails... Like most other Addams Family incarnations, this is a side-scrolling action game. Tully Alford's only weapon is an umbrella that fires energy shots at enemies. Tully can also jump and duck to avoid enemy blows. The game world consists of a &quot;hub&quot; area, the hall of Addams Family mansion, and many rooms, most of which are locked in the beginning of the game. The gameplay consists mainly of exploring the accessible rooms and collecting keys that are needed to open other doors in the process. Some of the rooms contain treasure and power-ups, while others are infested by monsters or require the player to defeat a boss enemy in order to advance.
Advanced V.G. (Japan)	Advanced Variable Geo is a fighting game featuring only female fighters! You'll have a choice of nine girls: Yuka Takeuchi, a waitress and the game's heroine; Chiho Masuda, a ninja girl; Manami Kusunoki, a quirky and cute girl with cat gloves; Jun Kubota; Satomi Yajima; Ayako Yuki; Elirin; Kaori Yanase; and Reimi Jahana. Three game modes are available: Normal Mode, VS Mode, and Story Mode. The game's story is quite unusual: waitresses from different restaurants compete in grand tournaments using powerful super attacks and special fighting techniques. Note that only Yuka is playable in Story Mode!
Adventure Quiz - Capcom World + Hatena no Daibouken (Japan)	Adventure Quiz is a compilation of two games previously released on the arcades, Capcom World and Hatena? no Daiboken. Both games play very similarly: the player has to roll dice in order to navigate his/her alter ego on a board with medieval/fantasy backgrounds. Depending on the result, the character advances a certain amount of squares, which lead to various quiz challenges. The player has to answer a series of questions within a time limit, choosing the right answer among the several (usually four) available ones. The themes of the questions are varied, ranging from history and geography to Japanese popular culture and very specific themes (such as bicycles). Two-player gameplay is also possible.
Ai Chou Aniki (Japan) (SADS, SAES)	The sequel to the first Cho Aniki (Super Big Brother) game, this is very Japanese in its bizarreness. It's a shoot ?em up, with the player taking the role of an almost nude muscle-man (Adon) or his brother (Samson) in a 2 player game. Their main weapon is a ball of energy that grows over a hole in their heads and shoots out towards any advancing enemies. Other, more powerful shots are achieved by a combination of back-forward-fire, down-up-fire etc on the pad. Through the levels you will encounter all manner of nasties out to get you, but you are aided by a woman in blue that flies around and drops power-ups conveniently for you. Also, levels vary from the standard left-to-right to vertically scrolling.
Akiyama Jin no Suugaku Mystery - Hihou India no Honoo o Shishu Seyo! (Japan)	Akiyama Jin no Suugaku Mystery: Hihou &quot;Indo no Honoo&quot; wo Shishu Seyo! (Akiyama Jin's Mathematical Mystery: Protect the Indian Flame!) follows mathematician Jin Akiyama as he solves mathematical riddles to protect an ancient treasure known as the &quot;Indian Flame.&quot; The game combines logical puzzles and story-driven gameplay.
Akumajou Dracula X - Chi no Rondo (Japan)	In the days of old, the people thrived on peace and prosperity. Indeed, fears of unrest were not among their thoughts... But, ever-present, beneath the veneer of tranquility, evil lurks. Evil, which spurns prosperity and disdains peace. Gather they did, those who wished to summon the powers of darkness and cleanse the decadence of the world. And, with smiling countenance, they anxiously awaited the coming of their era. A hundred years had past, and he was resurrected. Able to become bat, wolf, or mist at will, he lived in the night. He drank the blood of young maidens and lived an eternal life. The lord of Castlevania, the god of evil, Count Dracula was reborn.
Alnam no Kiba - Juuzoku Juuni Shinto Densetsu (Japan) (FAAT)	Kenbu is a young warrior who trains in the art of shape-shifting - his people possess the ability to turn into beasts. One day, his home village is attacked by a hideous spider-like monster. Kenbu's best friend and mentor dies protecting him. The young hero kills the monster, but soon thereafter has to leave the village and find out who or what was behind that attack. Kenbu encounters other heroes, and together they must stop the evil that is threatening the entire world. Alnam no Kiba (&quot;Fang of Alnam&quot;) is a traditional Japanese RPG. Kenbu and his party roam the top-down world, walking on the world map, visiting towns and dungeons, and fighting random enemies in turn-based combat. The battles are viewed from the same top-down perspective as the navigation (like in Alshark). Every action in battle depletes a certain amount of spirit points. The heroes can use regular attacks, magic, and unite attacks, that do high damage to all enemies, but consume a lot of spirit points.
Alshark (Japan)	A young man named Sion Asmarn lives in the town of Cosma on the planet Homu with his father, a famous explorer. One day, an enormous meteorite falls on the planet. Sion's father sets off to investigate with the physicist Mamon Penrose. Sion and his girlfriend Shoko, Mamon's daughter, venture into the canyon where the meteorite fell, only to see Mamon, apparently possessed by a mysterious force, kill Sion's father and flee. Determined to get to the bottom of this terrible affair, the two young people embark on a journey that will take them to different corners of the universe.
Ane-san (Japan)	The two sisters, Ai and Yuuko, have taken different paths in life. Yuuko has been taken away by a mysterious gang. Ai is determined to save her from the clutches of crime. In a seemingly all-female city overrun by insane workers, biker gangs, and assorted criminals, Ai and her friends Chika and Makoto decide to work together in order to restore the world to normality again. Ane-san is what is commonly called beat-'em-up, i.e. a fighting game that allows limited movement through side-scrolling environment. The player can choose to control a variety of female fighters. In the beginning, only Ai, Chika, and Makoto are selectable. Ai is the all-around balanced character, Chika is fast and fragile, while Makoto is very strong, but slow. Later in the game, other playable characters become available. Each fighter has a health points bar, which can be restored by healing items scattered through the levels. Once a character is dead, the player can continue playing with another one. The player typically advances through side-scrolling stages, clearing each screen of enemies before being able to continue walking to the right. Each girl has the standard kicks, punches, and jumps at her disposal, as well as special moves, one per each girl. Stages culminate by boss battles (usually two per stage). Between the stages, the player can go shopping. A large variety of items is available, some enhancing the performance of the girls, but most purely for visual effect - the room the player views between the stages changes its appearance depending on the items the player has bought. Also available between the stages (and as a separate gameplay mode, &quot;vs.&quot;) is a mini-game, in which the player(s) have to rapidly press buttons in order to make the controllable girl execute a hideous grimace, that will surpass that of the opponent in ugliness and speed of execution.
Aoki Ookami to Shiroki Mejika - Genchou Hishi (Japan)	Strategy game with a Mongol flavour. You have to trample your foes in battle and balance your economy by drafting and training soldiers, arranging your government and so on until you've taken over everything in your sight.
Asuka 120% Maxima - Burning Fest. Maxima (Japan)	Welcome to the &quot;Ryouran Private School for Women&quot; which educates the daughters of the upper echelons of society. Here, the high class clubs annually hold a martial arts tournament: the &quot;Club Rivalry Budget Contest Mega Fight.&quot; Each character employs a different fighting style; techniques are unique to each club.
Atlas, The - Renaissance Voyager (Japan)	Extremely Japanese-heavy historical adventure game where you move around a map of the world looking at various creatures and artefects.
Aurora Quest - Otaku no Seiza in Another World (Japan)	Foregoing the generic fantasy setting of most RPGs, Aurora Quest casts you as Otaku-chan, a man in a land controlled by a group of five women called Aurora (who would pass quite easily for a Japanese girlie band). Together with your fellow travellers, Jonjon and Nekketsu, you work your way through a humorous sci-fi story. The gameplay is very standard RPG stuff with towns containing shops, hotels and so on, and the world map throwing up random encounters every few steps. These battles are turn based with the usual mechanics of selecting your attacks and watching them play out - although you have to choose carefully, as you don't default to the next available target when one is destroyed, which will often have you shooting into thin air.
Avenger (Japan)	A devastating atomic war wiped out the biggest cities on the Earth and most of its population. Anarchy reigned, different military organizations fighting each other in a new war for dominance. One of such organizations eventually seized control of the planet, establishing itself as a tyrannic government and using advanced technology for military purposes. Only a lone pilot can save humanity from their clutches... Avenger is a vertically-scrolling shooter, in which the player navigates a plane through levels populated by hostile planes, tanks, cannons, ships, stationary devices, and massive boss enemies. Before each mission, the player can choose among different weapons in three categories: main, sub, and special. Main and sub weapons are fired simultaneously and have unlimited ammunition, while the powerful special attacks are accessed by pressing a different button and are limited.
Babel (Japan)	In the distant future, human beings invented space warps, which allowed space travel to long distances. On board the space ship Agamemnon, they started an intergalactic journey. But an accident happened, and the humans were thrown into a parallel universe. Years have passed until they have adapted themselves to the different civilization. This parallel world, composed of three huge continents, is called Babel. Zell is a teenage boy, an orphan who lives in a post-apocalyptic world riding his bike, together with his friend Alice, who is like a big sister to him. One day they meet a mysterious girl named Sefia who seems to be on an important mission. Their struggle against evil begins at that moment... Babel is a Japanese-style RPG set in a futuristic world. Zell and his party travel around the world, visiting large cities and encountering many randomly appearing enemies. During the turn-based battles, each character can use a variety of attacks with different weapons, as well as special techniques. The combat window shows animated moves of the party members. Unlike in most role-playing games, characters do not receive experience points from defeating enemies; only money is gained. The characters level up according to the player's progress in the narrative.
Baby Jo - The Super Hero (Japan)	Baby Jo in: &quot;Going Home&quot; or Super Hero' is a side-scrolling platform game. Jo can pick up rattles which can be tossed at enemies (such as bees, lawnmowers or spiders). Apart from watching out for the baby's dropping health (represented as an increasingly tearful face), the baby's diaper gets wetter over time and the thirst increases, too. If the diaper becomes too wet or the baby becomes too thirsty, the player immediately loses a life, so collecting fresh bottles and diapers is important.
Bakuden - Unbalance Zone (Japan)	Bakuden: Unbalance Zone is a humorous game in which the player controls a nerdy, video game-playing boy who is one day visited by four strange men who tell him he must venture into a different reality. The unlikely hero is transported to the prehistoric era, where he must set things right with the local tribe and dangerous wildlife. The game consists of non-interactive comic book-style scenes with voice-overs, as well as short, very simple adventure-like segments. During these segments the player has five icons at his disposal, each corresponding to a context-specific action. Only one of these actions can solve the problem at hand, but others trigger humorous animations and allow the player to proceed even if the result was fatal
Bakushou Yoshimoto Shinkigeki (Japan) (FABT)	The game is based on the comedy TV show Yoshimoto no Shinkigeki, which in its turn is based on a theatrical comedy show popular in Osaka and its surroundings. The game stars characters that either look like the actors from the TV show and/or resemble characters played by them. The show consists of short episodes which are depictions of comical situations, and are not related to each other story-wise. Same can be applied to the game: there is no real story, just a stretch of hilarious and intentionally impossible situations the protagonists find themselves in.
Basted (Japan)	Two young and lovely bounty huntresses, Ryeza and Anita, live in a village that is continuously attacked by monsters. One day, solving a little monster problem in the nearby forest, they encounter a mysterious masked man, who tells Ryeza she wields the power of the sacred jewel Basted. Soon the two girls join forces with a princess in exile, and work together to restore the throne to its rightful owners, persecuted by the ruthless Empire and its allies. Though Basted may look like an RPG at first sight (medieval setting, top-down world, game progression that alternates between towns and dungeons, etc.), it is in fact primarily an action game. Controlling Ryeza and Anita, the player explores the surroundings, talks to people and participates in battles to advance the story. There are no levels, items, equipment, money system, or other required RPG elements. Most battles occur as dictated by the plot, though some are optional. The battles take place on a separate screen. For most battles, the player is able to choose either Ryeza or Anita. Ryeza can jump, and Anita has a long-ranged fire attack. Regular attacks can be powered-up if executed when the attack power meter is at maximum. Both girls can also charge power to execute devastating special attacks (two unique attacks per girl). They are also able to dash and attack while dashing, inflicting more damage. The game features a large amount of fully voiced anime-style cutscenes to advance the story.
Battle Shanghai - Dragon's Eye (Japan)	Dragon's Eye is a conversion of the famous Chinese tile-matching board game known internationally as Shanghai, and is very similar to Shanghai II: Dragon's Eye. The game features versions of both Shanghai and Dragon's Eye for either one or two players, a dozen tile layouts with four sets of tiles (a traditional mahjong set, a medieval fantasy set, traffic signs, and national flags; the Genesis version only has the first two), and several other play options including hints.
Bazar de Gozarre no Game de Gozarre (Japan)	Bazaru de Gozaru no Game de Gozaru is a puzzle game starring a monkey protagonist named Bazaru. The concept of the game is remotely similar to that of Lemmings: the player's task is to &quot;program&quot; the actions of the hero in order to safely traverse a stage full of traps and hazards. Unlike Lemmings, there is only one primate to control in this game; also, the player's &quot;programming&quot; must be performed before letting the monkey loose, unlike the real-time player input in Lemmings. The player basically orders the monkey what to do at specific spots (which are highlighted by exclamation marks on the level map). In the beginning the levels are short and simple, and the monkey can perform only one action. As the game advances, the puzzles become more and more complex, and so is the amount of actions the monkey must perform to reach safety.
Beyond Shadowgate (USA)	This is a sequel to the adventure game Shadowgate. You control Prince Eric, the descendant of the hero of the first game. You return to your home country, only to discover that your father was murdered. You should become the new king, but the minister of the late king has other plans, frames you for killing your own father, and throws you into jail, where your adventure begins. Unlike the first Shadowgate, this is a platform game - not an action game, but a classical point-and-click adventure viewed from a platform perspective. You can move your hero around, examine, manipulate, and take objects. You can also duck and have a &quot;punch&quot; command. Find the correct solutions to the game's puzzles, otherwise a gruesome death awaits you!
Bikkuriman Daijikai (Japan)	One of the first games that used the CD-ROM format (and also one of the first ones that featured voice acting), Bikkuriman Daijikai is a quiz game dedicated entirely to the popular Bikkuriman franchise, which originated with stickers on chocolate bars, and later evolved into collectible card game, manga and anime series. The game's structure mimics collection of Bikkuriman stickers. The original stickers had different values; the bizarre Bikkuriman characters were divided into three classes (Angels, Protectors, and Demons), and the highest-rated (and rarest) stickers were the so-called &quot;Heads&quot;, mostly bearing names from various mythologies and religions (&quot;Super Zeus&quot;, &quot;Maria&quot;, etc.). In the game, the player can view a number of the more &quot;ordinary&quot; stickers; the &quot;head&quot; is available only after having answered a trivia question correctly. Each &quot;head&quot; unlocks a map part of the Bikkuriman world; each part, in its turn, unlocks a series of short non-interactive scenes from the anime, accompanied by narration.
Bishoujo Senshi Sailor Moon (Japan)	Sailor Moon was the title of a video game released in Japan in 1994 for the PC-Engine console. The game was an interactive story, including characters and voice actors from the anime as well as some original characters. The songs &quot;Koisuru Otome wa Makenai&quot; and &quot;Onaji Hoshi ni Umareta Futari Dakara&quot; were written specifically for this game. A shortened version of each song appeared in the game, while full versions were available on the single &quot;Sailor Moon: PC Engine Theme Songs&quot;.
Bishoujo Senshi Sailor Moon Collection (Japan)	Bish?jo Senshi Sailor Moon Collection is a collection of mini-games presented by the lovely heroines of the Sailor Moon anime. The mini-games include: rock-paper-scissors competitions between the main heroines of the anime; clothes-matching: the player must quickly assemble an outfit to match the one displayed on a picture; a simple game, in which the player has to press the correct buttons in time to match the movements of a girl on the screen; a quiz game; the player has to choose the correct answers to various Sailor Moon-related questions within a time limit; a butt-pushing game (for lack of a better term), in which the player, controlling one of the heroines, has to push another one off a narrow stage with the aforementioned body part of the player character.
Black Hole Assault (Japan)	Set in the 22nd century; earth technology has advanced to the point where exploration of the immediate solar system is not only possible, but necessary due to resource constraints. Humans are attempting to harvest the resources of the entire solar system but have met with trouble from alien invaders. It is up to a small force of humans who recognize and understand the threat to confront the aliens head on. Players use large robotic Cybernetic Anthropomorphized Machines (C.A.M) to fights 1-on-1 against alien robots across various planets and moons around the solar system. The game has 4 different modes; story, exhibition, tournament and league battles.
Blood Gear (Japan)	The Deguna Empire is terrorizing the planets and their inhabitants, using their unbeaten military force consisting of &quot;Powered Gears&quot;, giant combat robots piloted by human fighters from the inside. Blood Gear is a role-playing game with action-based combat. The general gameplay system is somewhat similar to that of the Exile series: town exploration is performed from the standard &quot;RPG-like&quot; top-down view, while all hostile areas are presented as side-scrolling levels, sometimes with elaborate platform structures. Both melee and ranged weapons (pistols, assault rifles, laser guns, etc.) can be purchased in stores and/or found while exploring hostile areas. Health is restored with repair kits of various efficiency, which can also be purchased, found, or randomly dropped by enemies.
Bomberman '94 (Japan) (Demo)	Bomberman '94 (??????'94 Bonb?man Nint? F??) is a video game from the Bomberman series which was developed and published by Hudson Soft for the PC Engine and released on December 10, 1993 in Japan. It was later re-developed by Westone and re-published by Sega as Mega Bomberman on the Sega Mega Drive/Genesis in 1994 in other areas. The PC Engine Bomberman '94 was later released outside Japan through the Wii's Virtual Console and the PlayStation 3's PlayStation Network.
Bomberman - Panic Bomber (Japan) (FAAT)	Panic Bomber is a falling block puzzle game, somewhat reminiscent of Puyo Puyo games: instead of Tetris-like abstract blocks, little colored heads are falling down and must be arranged in rows of three (vertically or horizontally), by rotating them and matching them with other heads of the same color. In this case, the heads clearly belong to the titular character of the Bomberman series.
Bonanza Bros. (Japan)	Mobo and Robo Bonanza are enjoying their favorite television show when the picture crackles and a shadowy figure of a mysterious stranger appears on screen. This figure asks them to collect certain items that he has placed inside various buildings to test his security force. If they return the items successfully, Mobo and Robo will be rewarded. The two of them state that they will get the job done in just three minutes. However, little do they know that each building is packed with security guards who will raise the alarm if they are caught red-handed. Fortunately both Mobo and Robo are equipped with bullets that can knock the guards unconscious for a few seconds. An $100 reward will be given out if Mobo and Robo are apprehended. As either Mobo or Robo, you must collect all the treasures before leaving the ten buildings and shoot any security guards that get in your way. Remember that you are under a time limit. An in-game map will help you locate the treasures. There is a bonus stage after three buildings, where the object is to collect the gold bars in a limited amount of time without one of the three spotlights shining on you. If it is possible, hide behind open doors. If you manage to get all the gold bars, 10,000 points is added to your score. There are three of these bonus stages, but each of them varies.
Bonk III - Bonk's Big Adventure (USA)	Bonk is back! And he's bigger and better than ever! Use your head (literally) to traverse 6 wild locations- including a forest grove, an antartic ice prison and more! Chomp on blue miracle candy to grow to gigantic proportions and break right through large obstacles. Chomp red candy to shrink to microscopic size and slip right under narrow cracks to discover secret items! Catch the magic flower in each stage to be transported to a bonus round- where you can score more points and earn bonus men! On your way, you will defeat menacing bosses that include acrobatic dinosaur, a sneaky squid and other! Are you ready to save the world, little cave dude!?
Brandish (Japan)	Once there was a prosperous kingdom, which was protected by a tower, where a mighty dragon was living. The people of the kingdom were secure with such a guardian. But one man wanted the dragon's power for something else, and this man was the king. He went to the tower and tried to kill the dragon, in order to rob his power. But the dragon's fury turned the king into a horrible creature, a demon, and his evil essence made his entire kingdom sink deep under the earth. Many years have passed, and now you take control of a traveler named Varik (Ares in the Japanese version). A young woman accuses him of killing her teacher, and in a desperate fight they both fall underground, to where the lost kingdom was buried. You must guide Varik through underground mazes and help him to escape the wrath of his adversary and the demonic inhabitants of the lost kingdom. The game is an action RPG, a dungeon crawler with plenty of creatures to defeat and many weapons, armor, and other treasure to collect. You can also use magic spells. The camera rotates automatically according to your movements. You also have the ability to jump forwards.
Browning (Japan)	A mysterious organization has constructed an artificial island in the Atlantic ocean, naming it &quot;Sea Square&quot;. Afterwards, they began producing giant combat robots, evidently prepared to build an entire army and become the most dominant military power on the Earth. It's time to stop them! The young hero, piloting a giant combat robot of his own, is sent to Sea Square precisely for that reason... Browning is a side-scrolling shooter. The player controls the giant robot, equipped with a single gun (with unlimited ammunition), and must fight waves of enemies (mostly of a robotic kind), and eventually the stage boss. Short cut scenes appear between the stages. The player-controlled robot has the ability to hover in the air (the player has to repeatedly press a button to make the robot keep the height). The hit points of the robot depend on the condition of its shield. When the robot stands still, shield energy recharges slowly. Complete loss of shield energy makes the robot so vulnerable that the next hit destroys it. The player is given unlimited continues, but must return to the beginning of the stage each time the robot is destroyed.
BuilderLand - The Story of Melba (Japan)	Another western game converted to the PC Engine by Micro World, Builderland has a concept similar to the infamous Lemmings, and requires equally sharp forethought and reactions. The aim is to escort your little buddy across the vast playing area without him getting stuck, burned up, eaten by sheep etc. To do this, you can pick up and move various items that are scattered around the landscape, such as blocks to fill in gaps or create handy slopes, bombs to destroy areas of the map and so on. All this time your red headed friend is moving forward with alarming rapidity towards his doom. Thankfully, you can freeze the action to give yourself some breathing space to juggle things around, but this is limited to a timer which counts down slowly at the top of the screen.
Burai - Yatsudama no Yuushi Densetsu (Japan)	Before the eight heroes unite for their ultimate journey, you play their introductory stories. You travel on the world map, visiting towns and dungeons on your way. The combat is turn-based, viewed from first person perspective. Enemies appear randomly. Each hero has his/her own unique techniques to use in battles. The story and general gameplay of Burai: Hachigyoku no Y?shi Densetsu is similar to those of the original Burai: J?kan for computers; however, the console versions were developed from scratch and therefore differ greatly from the computer ones, having new cutscenes, dialogues, battle interface, etc. Perhaps the most important difference gameplay-wise is the linear nature of chapters. In the computer versions, the player can choose to start as any of the eight selectable heroes; in the console versions, the player has to start with Gonza and Maimai.
Burai II - Yami Koutei no Gyakushuu (Japan)	In this direct sequel to Burai, you control once again the eight heroes - all coming from a different race, culture, and place. Among them is a fearless fighter of the reptile nation, a human sorceress, brother and sister from a tribe of intelligent dog-like creatures, a silver dragon god, and others. You play the personal stories of the heroes as well as their unified struggle. You move the characters on the top-down world map, visiting towns and dungeons, and fighting randomly appearing enemies in turn-based combat viewed from first person perspective.
Buster Bros. (USA)	Your goal is to destroy the balloons which bounce around the playfield. To accomplish this, you can shoot hooks which travel upwards, and blow up any balloon they touch. Depending on their size, they either split on two smaller ones, or evaporate if they're at their minimum size. Apart from balloons, some levels also have barriers that have to be destroyed with your hooks, since they often block your access to balloons. There are also some barriers which cannot ever be destroyed. Your character has the ability to climb ladders, but cannot jump.
CAL II (Japan)	You are Wataru Ishibashi, a high-school student in modern Japan. Up until recently you led a normal life, enjoying the relationship with your lovely girlfriend Mika. But short before the graduation ceremony, you had a strange vision that you first believe to be a dream. But when you are contacted by Venus, the goddess of love, you realise Mika was abducted by Aeon, the goddess of time, and transferred into the Realm of Time. You must now travel to the legendary dream world of beautiful goddesses and bring Mika back. Cal II plays like a Japanese-style adventure game with visual novel elements. You read the text and sometimes are able to choose between various actions. In addition, there is a &quot;world map&quot; on which you navigate your character from a top-down view, visiting different locations in an order you prefer. The game features voice-overs for the dialogues.
CAL III - Kanketsu-hen (Japan)	Two years have passed since Wataru Ishibashi, an ordinary high-school student in modern-day Japan, visited the magic world of beautiful goddesses and rescued his girlfriend Mika. It seems he can now finally enjoy a peaceful time with his beloved girl. But one day, his old friend Ches, a cute cat-like fairy girl, appears in his room and summons him to the world of gods. It appears that Venus, the goddess of love, is in trouble due to the unforeseen events that have led to the outbreak of the Trojan war. Wataru is about to begin another adventure in the world of gods and ancient cultures. Cal III is a Japanese-style adventure with visual novel characteristics. The player interacts with characters and is given several dialogue options or actions to choose from. There is no other interaction with the environment, and the progress is strictly linear. Most choices are optional, and only a few lead to Game Over. The computer versions of the game contain a few scenes with nudity, but overall the sexual content is by far milder than in the predecessors.
Camp California (USA)	Camp California is the second and last game based on the short-lived multimedia property of the same name, featuring a group of anthropomorphic animals who are the official mascots of surf rock group The Beach Boys. In the game, the gnarly surfer dudes of the Camp California crew find that their favorite beach has been sold to a villain called the Big Cheese who plans to build a nuclear power plant in the area. The gang's plan: hold a benefit concert to raise enough money to buy back the beach. Unfortunately, the Big Cheese gets wind of the plan and sends his henchmen, the Ratz, to kidnap the crew, steal their instruments and take the tires off Woody, the gang's trusty vehicle. Luckily, Byron the bear was out surfing while this happened, and it now falls to him to rescue his friends and get back the tires and the instruments. The game is a side-scrolling platformer consisting of nine levels, with such areas as a beach, a junkyard, an amusement park, an army base and a mall. The levels are reached via an overview map of California that players drive along in Woody. To start the car, the tires must be found in the first level. All other levels then contain instruments or members of the crew to rescue. At the start, players can only control Byron, but once a new friend has been rescued, they can be selected to be played at the beginning of a level. All characters differ in abilities. Byron punches and kicks to defeat enemies while Lil' Bro (the star of the previous game) uses his skateboard to skid or jump on top of the bad guys. Shred can turn into a tornado, Pouch headbutts and is also the only one who can swim underwater, and Scream'r uses a boomerang and is the only one who can fly. Besides many enemies (mostly the Ratz gang, but also robotic dogs and other critters) the levels include recyclables to pick up, like soda cans and banana peels. When a level is completed, the trash is converted into fuel for Woody. If the fuel runs out on the overview map, the car can only be restarted at the loss of a life. The game features voiced cutscenes and CD-quality background music, including three Beach Boys tracks: Fun, Fun, Fun, I Get Around and Good Vibrations.
Cardangels (Japan)	The Asano family possessed a heirloom known as the Sorcerer's Trump. In the year 1984, however, it was stolen under mysterious circumstances. Seventeen years later, Sayaka, the young heiress of the Asano family, forms a group together with her friends Miki and Kyoko, and the three begin looking for the lost treasure. Heist after heist goes by unsuccessfully. Eventually, the girls organize a TV show, challenging dubious personalities to card games, hoping to find the Sorcerer's Trump in process. Cardangels is a card game in which the player takes the roles of the three friends, playing cards against young, attractive female opponents. Four types of card games are available: poker, blackjack, speed, and babanuki (a variant of old maid). A slot machine-like introduction determines which games are played against which opponents. The player can select the amount of rounds (minimum ten) needed to win a game and advance to the next opponent. The &quot;free play&quot; mode allows the player to choose the type of game actively, but the amount of available opponents is lower. There is no gambling in any of the games; points are awarded for combinations in poker and blackjack. The opponents undress after losing a game; however, they retain their underwear - there is no explicit nudity in the game.
CD Battle - Hikari no Yuushatachi (Japan)	CD Battle is a game for two players that prompts each of them to insert an audio CD into the console in order to generate a party of three characters for each player, which then engage in a turn-based battle. The characters belong to different classes (warrior, mage, ninja, etc.) and have different parameters and special attacks. Despite the game's visual similarity to contemporary Final Fantasy games, it has no true role-playing elements and consists entirely of battles.
CD Denjin - Rockabilly Tengoku (Japan)	After the success of PC Denjin, our hero leaps onto CD with a whole new game and a whole new soundtrack. Flying over the various landscapes (you get to choose which order to play the first four levels in), you come up against tidal waves, giant robots and a general array of nasty but cute bad guys as you would expect. The plants from the original PC Kid games are still here to provide such joys as extra firepower, fountains of smiley faces or the tiny-denjin which makes dodging bullets that little bit easier. Another handy little trick is that your boots also pack a punch, so backing into an enemy is more likely to dispose of them than do you any permanent damage. Part way along each of the levels you get the chance to rescue a friend who then joins with you, giving you a specific extra ability. These friends are pre-set one per level and cannot be chosen, and they allow things like rapid-sushi-fire and handy rear shots.
Chiki Chiki Boys (Japan)	This platform-based action game is set in the land of Alurea. The idyllic life of the Alurean people was shattered when the King is killed by a dragon, and a range of nasties inhabit the lands. Fortunately his twin sons have come to the rescue, and you must take control of one or the other to put the world right. The boys have differing skills - one is more skilled in sword-fighting (which you are always armed with), the other in magic (available in limited amounts on each level). You collect coins as the game goes on, and spend these in the shop on extra magic, extra lives and enhanced swords. There are 3 levels on offer - Earth, The Heavens and The Sea, and these can be tackled in any order. The first is straight platform action, the second involves jumping across clouds, and the third sees your characters swim. After those are completed, you must venture into the Monster Castle and finally slay the dragon.
Chou Aniki (Japan) (FAAT, FACT)	The odd world in this shooter made for quite the conversation piece in its day. Players control either Idaten or Benten, celestial warriors out to bring an end to the tyrannical rule of the emperor of Planet Builder, who holds muscular prowess to be the supreme virtue of the universe. Aided by able-bodied muscle-head options Adon and Samson, they must battle to defeat the emperors army across five stages. Use the buttons to fire away and lay into the Builder forces! Power up your character and options with protein from defeated enemies to have them &quot;bulk up&quot; with a yell, and take their macho battle to the next level!
Chou Eiyuu Densetsu - Dynastic Hero (Japan)	The Dynastic Hero is a slightly re-branded version of Wonder Boy in Monster World for the Turbo Duo. The game features palette-swapped visuals, new insect-themed graphics for main characters (and insects' natural predators as bosses), a Red Book audio soundtrack which is completely different from the Wonder Boy original, and anime-style cutscenes at the intro and ending. Shion was renamed Dyna and was modeled after a Hercules Beetle, and the final boss was changed to a giant lizard king. An English-language version was also produced, but both were built off of the Japanese version of Wonder Boy in Monster World. They feature the same difficulty and mechanics as the Japanese original.
Chou Jikuu Yousai Macross - Eien no Love Song (Japan)	A fairly straightforward strategy game that was similar to the Nectaris games on the platform. The story was based after the events in &quot;Macross: Do You Remember Love&quot;, featuring original characters. The appeal of the game was largely the cinematics and the Macross license, since there were no shortage of generic turn based strategy games at the time.
Chou Jikuu Yousai Macross 2036 (Japan)	Macross 2036 is a horizontally scrolling shooter set in the universe of the Macross anime series. The player takes control of one of the series' minor characters, the female pilot Mylene Jenius, who navigates the space fighter Veritech, fighting against ships and robotic soldiers of the alien Zentradi race. The player-controlled space ship is equipped with a vulcan gun (which can be upgraded with power-ups) and bombs, which are released simultaneously. Another button controls a special weapon, which the player can purchase for points (awarded for defeating enemies) between stages.
Color Wars (Japan)	Color Wars is a puzzle game in which up to four players try to win by putting colored balls on poles, converting adjacent balls to their color. Each stage consists of a rotatable 3D screen containing a number of poles of the same height. Players take turns in placing balls onto these poles. Adjacent balls (horizontally, vertically, or diagonally) can be &quot;captured&quot; and hence change their color. Points are awarded per ball of each color. The round ends when there is no more place on the poles to put balls onto, and the player with the most points wins. The story mode begins with an introduction depicting a powerful demon that can only be vanquished by traveling to the Color World; a young pilot ventures there and must defeat opponents in the Color Wars game at each stage. This mode puts one player against three AI-controlled opponents; the free mode also allows four human players to compete against each other. Two-player mode can be played by either two human players or one player against computer AI.
Cosmic Fantasy - Bouken Shounen Yuu (Japan)	Cosmic Fantasy: Bouken Shounen Yuu is a Role-Playing game, published by Nippon Telenet, which was released in Japan in 1990.
Cosmic Fantasy 2 (USA)	Van is a young boy who lives on the planet Idea, a place where technology has not yet reached a high level. One day his sweetheart Laura gets kidnapped by an unknown villain. Van soon discovers that Laura possesses mysterious powers that may grant immortality to the one who marries her. That is exactly what the evil wizard Galam has in mind. Van sets off to rescue Laura, on a quest that involves intergalactic journeys and travel through time. Cosmic Fantasy 2 is a sequel to Cosmic Fantasy: B?ken Sh?nen Yuu, and the only installment in the series to have been released in the West. Though initially not directly related to its predecessor story-wise, the game features several common characters and themes. Like the previous game, it is a Japanese-style RPG set in a mixed sci-fi and medieval world. The game has random enemy encounters and simple turn-based combat mechanics. Player-controlled characters can learn and use various offensive and healing spells; however, enemies are restricted to physical attacks. Characters join and leave the party frequently, as dictated by the plot; the party may contain up to four active combatants. Story progression and overworld exploration is linear; dungeons are usually fairly complex and maze-like. Full-screen anime-style cutscenes with voice-overs advance the story of the game.
Cosmic Fantasy 2 - Bouken Shounen Ban (Japan)	Van is a young boy who lives on the planet Idea, a place where technology has not yet reached a high level. One day his sweetheart Laura gets kidnapped by an unknown villain. Van soon discovers that Laura possesses mysterious powers that may grant immortality to the one who marries her. That is exactly what the evil wizard Galam has in mind. Van sets off to rescue Laura, on a quest that involves intergalactic journeys and travel through time. Cosmic Fantasy 2 is a sequel to Cosmic Fantasy: B?ken Sh?nen Yuu, and the only installment in the series to have been released in the West. Though initially not directly related to its predecessor story-wise, the game features several common characters and themes. Like the previous game, it is a Japanese-style RPG set in a mixed sci-fi and medieval world. The game has random enemy encounters and simple turn-based combat mechanics. Player-controlled characters can learn and use various offensive and healing spells; however, enemies are restricted to physical attacks. Characters join and leave the party frequently, as dictated by the plot; the party may contain up to four active combatants. Story progression and overworld exploration is linear; dungeons are usually fairly complex and maze-like. Full-screen anime-style cutscenes with voice-overs advance the story of the game.
Cosmic Fantasy 3 - Bouken Shounen Rei (Japan)	Cosmic Fantasy 3: Bouken Shounen Rei is the third installment of the Cosmic Fantasy sci-fi anime role-playing series. It is a traditional Japanese-style RPG with turn-based, first-person perspective combat. Enemies appear randomly. Rei and other party members can execute various types of physical attacks and techniques in battles, each with its own strengths and weaknesses. The game features anime-style cutscenes with voice-overs. Instead of separate locations tied by a traditional &quot;world map&quot;, the game has a continuous world, in which locations are seamlessly connected to each other.
Cosmic Fantasy 4 - Ginga Shounen Densetsu - Gekitou-hen (Japan)	After the first chapter of Cosmic Fantasy 4 described the brave deeds of Y? and his team on the planet Kazarin, it is now the turn of Van, the other great Cosmic Fantasy hero and the protagonist of Cosmic Fantasy 2, to fight the evil forces who threaten the peace of the galaxy. Van awakens after having a nightmare that has been pursuing him after he has left his home planet Idea and joined Cadette Babette (Rim in the Japanese version) as an intergalactic cosmic hunter. However, a meeting with a friend in trouble from convinces him that his quest is just about to begin. Van and his Little Fox Team must return to Idea, and face the shadows of Van's tragic past.
Cosmic Fantasy 4 - Ginga Shounen Densetsu - Totsunyuu-hen (Japan)	The fourth installment of the sci-fi RPG series comes in two parts, this game being the first. In it, the player once again takes control of the original hero of the series, the cosmic hunter Yu, his lovely female comrade Saya, and their friends. Something is wrong on the planet Kazarin: the princess Saria was kidnapped, and Yu arrives on the planet to look closer into that matter, while Saya agrees to impersonate the princess for a while to ensure a calm investigation. However, their quest goes far beyond the kidnapping investigation: soon they will have to face the four heavenly kings, demons who control the elements from which the universe is built.
Cyber City Oedo 808 - Kemono no Alignment (Japan)	Kemono no Zokusei is an adventure game based on the anime series Cyber City Oedo 808 by Yoshiaki Kawajiri. The events of the anime and the game are set in 2808. Computerized crime has become rampant, and police has restored an ancient Japanese feudal habit of hiring particularly dangerous convicts to hunt down criminals. The player takes control of one of such convicts, Shunsuke Sengoku, the main protagonist of the anime. He must find his companions, the blind ex-boxer and hacker Gogol, and the effeminate Benten, in order to complete an assignment given to him by the police and eventually lower his sentence in prison.
Daisenpuu Custom (Japan)	Twin Hawk is a typical vertical scrolling shooter with a top-down view. Your goal is easy, shoot all the enemies along the way. You only get a standard gun on your plane, and no bombs. Instead of bombs you can call helper planes. These planes make a formation around you and help to shoot all enemies. Along the way you get the chance to collect power-ups by shooting transport trucks. When these are destroyed they release a power-up. There are three types. First is the weapon upgrade, with this you get a wider and more powerful shot. Second, you get more calls for helper planes. And third are extra lives.
Daisenryaku II - Campaign Version (Japan)	Daisenryaku II: Campaign Version is a turn-based war strategy game that relies on the gameplay template introduced in Daisenryaku II: up to four players engage in battles against each other or computer AI, represented by differently colored armies (blue, red, green, and yellow); the belligerents produce units and vehicles and navigate them on a hex-based grid, trying to occupy the enemy's major cities and harbors. The game includes a main campaign with introduction and background information about the fictional countries involved in the conflict. In addition, at least a dozen playable maps are included, some representing real geographical areas. The MSX and PC Engine (TurboGrafx) CD versions feature enhanced graphics, full-screen battle sequences with backgrounds, and many additional maps.
Davis Cup Tennis, The (Japan)	Tennis Cup is a split-screen tennis game with the camera closely positioned at the athlete's back. The available playing modes are exhibition match (either single or double), training, the Davis Cup or the four Grand Slam tournaments. The player either controls one of the 32 available tennis athletes or creates a new one. Then there are 30 points to divide between abilities (e.g. forehand or volleys). This athlete can be saved to disk and further improved during the course of time. For exhibition matches, the opponent can be built the same way. The game includes various hit types, depending on the player's position and timing. The direction of the ball can also be influenced when performing a shot. There are four different surfaces, influencing the gameplay, and three difficulty levels.
De-Ja (Japan)	DE-JA is a remake of the computer game of the same name, a Japanese style detective/mystery adventure with adult scenes. The remake features higher-quality graphics; some locations/characters were re-drawn from scratch, sometimes to the point of looking differently from the original design. Voice acting was added to the dialogues. Some cutscenes were added, or altered by including animated sequences. Text and gameplay remain largely the same. The verb commands are now represented by graphical icons, but object sub-menus look exactly the same as in the original version, and generally the gameplay progression hasn't been changed.
Dead of the Brain 1&2 (Japan)	The last commercial release for PC-Engine (TurboGrafx) CD, Dead of the Brain 1 & 2 is - as the name strongly implies - a compilation of the two titles, previously released for several other systems: Nightmare Collection: Dead of the Brain - Shiry? no Sakebi Nightmare Collection: Dead of the Brain 2The gameplay has remained unchanged; the graphics are also nearly identical to those of the original releases. New to this compilation are voice-overs for dialogues and redbook (CD audio) music tracks instead of the MIDI music of the computer versions.
Death Bringer - The Knight of Darkness (Japan)	A powerful wizard, yearning for even more power, has found a sacred book that granted him command over armies of demons and men. Possessed by the desire to conquer and to destroy, he orders his armies to set cities on fire, massacring the citizens. But one nameless hero, the protagonist of this game, has to stand up against the evil. Leaving Soron, his home village, the hero embarks on a journey to find companions and to face together the forces of darkness. Despite being a Japanese game, Death Bringer is more similar to Western RPGs of the time than to their Japanese counterparts, even though it has anime-style character graphics. It is less event-oriented than Japanese games and focuses on exploration. The gameplay is somewhat similar to Pandora's RPG of the same name, even though the two games are unrelated. Both friendly and hostile areas are pseudo-3D, maze-like environments, like in Bard's Tale games
Dekoboko Densetsu - Hashiru Wagamanmaa (Japan)	Dekoboko Densetsu is a humorous game that combines elements of arcade action and racing. Up to five players can compete in the races. All the stages are vertically-scrolling (top-down), with the cars represented as small sprites of different colors. The player's goal is not only to beat the other cars, but also reach the finish line safely: each car has limited hit points, and continuously receives damage during the race. Damage can be sustained by driving over environmental hazards (pits, traps, bombs, etc.), failing to move the car forward in time (if the screen scrolls while the player-controlled car is at the bottom, it takes damage), being hit by the many enemies encountered in the game (which include a wide variety of wild animals, humans, fantasy creatures, monsters, etc.), or being hit by a competing car. Cars have the ability to jump over obstacles or enemy fire, avoiding damage. Over the course of the races, cars accumulate points depending on their results. These points can be invested in purchasing a limited amount of destructive weaponry (missiles, bombs, &quot;boxing glove&quot; that hits enemies from the side, oil to drop behind the car, etc.) or protective measures.
Dennou Tenshi - Digital Ange (Japan)	Four beautiful sisters - Foltjunia, Eindebelle, Leamuroda, and Crealidelle - fight an evil alien race known as Bestia in deep space, transforming into powerful robotic machines. One day, Foltjunia is attacked and ends up unconscious on the pavement in one of the cities in Japan, planet Earth. There, she is found by a regular high-school student named Takaya. It appears that Foltjunia has lost her transformation abilities. Her sisters decide to stay with Takaya for a while, masquerading as high-school girls, which greatly complicates the young man's social and romantic life. Having the same characters and initial plot as Hatsukoi Monogatari, Denn? Tenshi: Digital Ange is a Japanese-style adventure game with very limited interaction and strictly linear progression. Most screens allow the player to choose verb commands such as &quot;Look&quot;, &quot;Talk&quot;, &quot;Watch&quot;, &quot;Go&quot;, etc. from a menu, usually combining them with character and object names in a sub-menu. Typically, going through most or all options triggers the next event.
Doraemon - Nobita no Dorabian Night (Japan)	Based on the popular Doraemon franchise, Nobita no Dorabian Night follows the adventures of the titular robotic cat, as he tries to rescue his friends from different time periods. How did this happen? Naturally, because of Nobita, Doraemon's best friend and geek extraordinaire. Something went wrong when Nobita was showing his friends a time machine, so they ended up stranded in hostile worlds, and now it's Doraemon's job to save them! The game is a traditional platformer; Doraemon's main activities are jumping his way through the levels and eliminating enemies who try to stop him. Doraemon starts with an ordinary gun, but later is able to find other weapons, including a homing bowling ball launcher and a stun gun. He can also collect various power-ups, such as limited invincibility, high speed, an item that freezes all the enemies on the level for a short time, etc. It is possible to switch weapons and power-ups at any time.
Double Dragon II - The Revenge (Japan)	The arcade version of Double Dragon II: The Revenge begins with Marian, the damsel in distress from the original Double Dragon, being shot to death by the leader of the Black Warriors. Once again, the players assume the role of brothers Billy and Jimmy Lee, who are now tasked with the duty of avenging Marian's death. The arcade version of the game is essentially an improved version of the original title. The biggest change in the game's controls are in the replacement of the original's punch and kick buttons with two directional-based attack buttons (Left Attack and Right Attack) similar to Renegade. Pressing the attack button of the player's current direction will do a standard series of punches, while pressing the opposite attack button will perform a back kick. A few new moves are added as well, including a Hurricane Kick.
Doukyuusei (Japan) (Rev 3)	In Doukyuusei, the player takes on the role of a schoolboy in a Japanese town. His parents have just moved into a large mansion in a good neighbourhood. The boy has to go to his new school, but his mind is preoccupied with just one subject: pretty girls. Instead of studying seriously, Takurou decides to explore the town and learn more about its female inhabitants. Doukyuusei is more interactive than most other Japanese adventure games, using the point-and-click interface (with contextual icons for talking, touching, etc.) and offering free navigation up and down through the city and the school building. The hero can enter restaurants, shops, cafés and more. You can also take a train to another part of the city to explore.
Down Load 2 (Japan)	Download 2 is an horizontal shooter. This sequel follows the same formula as the first game - jack-in and dive into computerized cyber-space worlds - but also features one of most electrifying storyline ever written. The brain of Adolf Hitler has been digitized inside a computer mainframe by terrorists and Syd, an elite cyber-diver, embarks on a perilous journey to stop and destroy the incoming threat. On board his ship and helped by the cute Deva, Syd flies through nine enemy infested areas and dives into abstract and challenging cyber worlds. Four different weapons are available - multiway Vulcan-gun, wide laser-beams, spread homing-lasers and a short-range lightning gun. Each weapon can be powered-up a grand total of three times by collecting &quot;P&quot; pods that appear on the screen whereas &quot;S&quot; pods increase the overall speed of the ship.
Downtown Nekketsu Koushinkyoku - Soreyuke Daiundoukai (Japan)	Another day at Nekketsu High, another gang tournament... but this time its different! A wealthy school principal has placed a challenge for all the school gangs to compete in a special obstacle course composed of 4 different challenges that you and your team must overcome. First in line is a race across the city streets (and rooftops), next is an obstacle course filled with dangerous hazards, then a jumping challenge in which you have to break a series of metal balls, and finally an all-out fighting tournament. The game uses the same engine and basic gameplay mechanics featured in other Nekketsu High games, with the only change being the goals you must complete to clear each stage. Seeing as how the characters are gang members, fighting and beating your opponents can be a viable way of winning the challenges, so several weapons and power-ups can also be found in the courses
Downtown Nekketsu Monogatari (Japan)	Brothers Ryuichi and Ryuji arrive at the Reihou Academy, located near Nekketsu High. After a short amount of time, nearby schools have begun fallen under the control of Ryuichi and Ryuji, who rumor has it have dubbed themselves the Double Dragons. Riki Samejima of Hanazono High has never seen eye to eye with Kunio, and in fact, they seem to always compete to be the best. But one day, Mami Shimada, Riki's girlfriend, is kidnapped and held at Reihou Academy. The issue is challenged to Riki, come save your girlfriend! Riki's heart is burning with fury, and he flies out of the gates and seeks out his rival Kunio to help take on all opposing gangs. But one man awaits them at Reihou Academy that will shock Kunio!
Dragon Ball Z - Idainaru Son Gokuu Densetsu (Japan) (FABT)	Idainaru Son Goku Densetsu features Gohan telling Goten of the battles of their deceased father, Goku, along with other characters. The game illustrates Goku's seven greatest battles: fighting Mercenary Tao, challenging Tien Shinhan at the World Martial Arts Tournament, destroying King Piccolo, fighting Piccolo at the 23rd World Martial Arts Tournament, protecting Earth from Vegeta, saving Namek from Frieza, and sacrificing his life to save the world from Perfect Cell. The game does not let the player completely control Goku, instead choosing whether he is on the offense, defense, powering up, or running. There are also cutscenes that may happen in the middle of battle, triggered by certain actions from the series, such as Goku breaking Tao's sword with the Power Pole.
Dragon Half (Japan)	Mink is a young girl who discovers that she has dragon blood, and is destined to seal away the evil demon Azetodeth. The only way to do that is use the sacred Gourd, which, in its turn, can be made only after having acquired three sacred artifacts. Together with her friends Lufa, Pia, and Princess Vina, Mink embarks on a quest for the artifacts, hoping to defeat Azetodeth once and for all! This interpretation of Ryuusuke Mita's manga Dragon Half is entirely different from the computer version. It is a combination of a board game and an RPG. Up to 4 players can compete, each controlling a party of characters from the manga. The navigation takes place on a large board, and is controlled by dice rolls. The player can advance only as many steps as the number on the dice; however, most of the board has many different paths and crossroads, which allows certain freedom of movement and planning. Different spots on the board have a variety of effects on the party. Red-colored spots lead to turn-based enemy encounters. The player must press a button in time to choose an attack by a specific party member, and also to determine its strength. Experience points are rewarded after battles, and the characters level up in a fashion similar to other Japanese RPGs. Other places on the board include damage traps, shops, trigger meetings with other characters, lead to healing spots such as pools and hotels.
Dragon Knight & Graffiti (Japan)	Dragon Knight & Graffiti is the remake of the first game in the Dragon Knight series. The remake has the same story (the wandering knight Takeru has to defeat a demon who threatens a town populated only by women) and core gameplay (explore a huge dungeon full of monsters, return to the only town to buy better weapons and equipment), but features better graphics, more convenient battle interface, and voice acting. Despite the abundance of pretty girls, there are no explicit sex scenes in this game. As the name implies, the remake also has a &quot;graffiti mode&quot; (accessible from the main menu), which lets the player view all the hand-drawn pictures of the game - those of pretty girls or any other kind.
Dragon Knight II (Japan)	Strawberry Fields - a magic country populated almost exclusively by beautiful young girls (that is, if we don't count the Wise Old Man and a couple of other male exceptions). All went well in this peaceful place, until the evil witch Mesaana abducted some of the country's lovely inhabitants and placed a curse upon them, turning them into hideous monsters. Enter Takeru Yamato (whom you might know as Desmond, the hero of Knights of Xentar), a young adventurer who happens to be in Strawberry Fields at that time. Takeru is told that in order to remove the curse one has to find three sacred writings, buried deep within three dangerous dungeons. Looks like a job for our adventurer - especially because the rescued girls will probably be very grateful!
Dragon Knight III (Japan)	This version of Dragon Knight III is based on the earlier computer release, known in the West as Knights of Xentar. While retaining the story, the graphical style, and the basic location layout of the computer version, this release has substantial gameplay differences. Unlike in the computer version, the battles are not real-time, but turn-based, and utilize a different perspective; randomly encountered enemies are fought in a first-person, Dragon Quest-like traditional Japanese RPG style. Enemy design is also quite different; many of the monsters from the original version have been replaced with female characters. The graphics in the top-down areas have been slightly enhanced. This version also censors the adult content. The scenes are still suggestive, but there is no explicit nudity in them any more. Some of the cutscenes have been completely re-drawn, eliminating even implicit sexual activity.
Dragon Slayer - The Legend of Heroes (USA)	Dragon Slayer: The Legend of Heroes is a RPG for PC Engine. You play as Prince Selios/Logan. During a test intended to make you a warrior, the kingdom of your father is attacked by savage monsters. Betrayed on all sides by your former allies, you must recruit companions to liberate your country.
Dragon Slayer - The Legend of Heroes II (Japan)	Years have passed since prince Selios, the hero of the first game, defeated the demon god Agunija in the ultimate battle. Peace returned to the land of Iseruhasa. Selios married his sweetheart Dina, and they had a child, whom they gave the name Atlas. At the age of fifteen, Atlas was already a strong warrior, thanks to the lessons of his teacher Lowel. Everything seemed peaceful in the country, until two warriors spotted strange creatures near the capital city. Those were... men in space suits! Of course, the warriors could not have known this and believed them to be monsters. Do the mysterious strangers have peaceful intentions, or are they a new threat to the kingdom?
Dungeon Explorer II (USA)	This CD sequel to Dungeon Explorer plays exactly the same as the first game. You chose your character from a variety of fantasy stereotypes and set forth in a Gauntlet-esque adventure. The CD format allows a greater quantity and variety of levels to compliment the storyline, with new areas and characters becoming open to you as you progress.
Dungeon Master - Theron's Quest (USA)	Terrifyingly brutal beasts! Monstrous mazes! Treacherous pits of evil! The adventure of a lifetime is here....Theron's Quest!! The Monastery at Ya-Brodin has fallen to the Cult of Deaths and the Brotherhood of Enlightenment, the true keepers of Magic, have been slaughtered. The Seven Great Treasures now lie in the hands of foul beings who will stop at nothing to hold onto their massive powers. But Theron, with a courage beyond belief, has decided to seek out the Cult of Deaths and win back the Treasures. If he succeeds, he will become a High Lord. If not, the land will see eternal darkness.
Dynastic Hero, The (USA)	The Dynastic Hero is a slightly re-branded version of Wonder Boy in Monster World for the Turbo Duo. The game features palette-swapped visuals, new insect-themed graphics for main characters (and insects' natural predators as bosses), a Red Book audio soundtrack which is completely different from the Wonder Boy original, and anime-style cutscenes at the intro and ending. Shion was renamed Dyna and was modeled after a Hercules Beetle, and the final boss was changed to a giant lizard king. An English-language version was also produced, but both were built off of the Japanese version of Wonder Boy in Monster World. They feature the same difficulty and mechanics as the Japanese original.
Efera & Jiliora - The Emblem from Darkness (Japan)	Efera & Jiliora: The Emblem From Darkness is based on the anime Gude Crest. The story stars two female mercenaries, Efera and Jiliora. After having escaped from a slave ship, through a series of events they come into possession of a powerful crest. This crest was taken away from the benevolent prince and princess, who were abducted by an evil cults that worships an ancient powerful deity. The two young women must find a way to save the royal offsprings, and defeat the evil worshippers. The game is an RPG with action-based combat. The player can choose to play as either Efera or Jiliora; there is also a two-player mode in which it is possible to control both. Efera is the weaker fighter, but she can use healing and offensive magic spells, which she learns as she levels up. Jiliora is stronger, but unable to cast magic; as she advances in levels, she obtains rings that can enhance her sword power, heal an amount of her HP, and even make her invincible for a while. As in most RPGs, player-controlled characters traverse hostile areas and fight enemies for experience and money, which can later be spent in towns to acquire better equipment and items.
Eikan wa Kimi ni - Koukou Yakyuu Zenkoku Taikai (Japan)	Eikan wa Kimi ni is a Japanese high school baseball management game. The player creates a manager, choosing his birthday, blood group, preferences, etc., which influence his standing with the team and players. During the management phase, it is necessary to assemble the team, choosing between various male high school students, each with his own statistics. The manager then makes schedules for the players, which include training sessions of varying difficulty. It is also possible to change the manager's mood, which leads to different results depending on the team's spirit and personality. The player can advance the time by one day, one week, or until the next event, e.g. a test in the school or a game against another team.
Eiyuu Sangokushi (Japan)	Eiy? Sangokushi is a somewhat light-hearted depiction of the famous Three Kingdoms historical period in China. In its core, it is a turn-based strategy game, similar to the more popular Romance of the Three Kingdoms series. The player has the choice of playing through 8 different scenarios, starting with Dong Zhuo's rise to power in the late 2nd century, and ending with the last struggle of Cao Cao's sons and the destruction of the three kingdoms. The player can also construct his/her own map, and play it controlling any of the available Three Kingdoms characters from any scenario. The player selects a warlord and his capital city, from which he manages his wars. Compared to Romance of the Three Kingdoms, the game is quite simple, with the battles being automatic and the player having by far less strategic options, focusing mostly on comparing statistics and building a line of generals powerful enough to attack the nearest city. Unlike most other historical games, the game has a comical, &quot;super-deformed&quot; graphical style, with famous Chinese warlords presented as typically Japanese big-eyed anime portraits.
Emerald Dragon (Japan)	In Emerald Dragon the player takes control of Atrushan, a blue dragon who lives in the Dragon World. One day, he and his friends discover a ship wreck near a mountain. After examining the wreck, the dragons find a human child - a little girl. The wise White Dragon, the leader of the dragons, tells them that her name is Tamryn and that she will play an important role in their lives. The girl doesn't remember anything, and grows up together with the dragons. But when she turns fifteen, she decides to go back to her homeland - the Human World. Soon after Tamryn has left, Atrushan realizes he can't bear the separation, and asks the White Dragon to allow him to go and find Tamryn in the Human World. But a mysterious evil curse has been placed on the dragons - they can't appear among the humans in their true form. Atrushan agrees to become a human and goes to the Human World - to find Tamryn, and also a way to remove the curse...
Exile (USA)	Exile concerns the desert adventures of Sadler, the great hero whose revolt years before led to the downfall of a powerful empire. Recently, however, peace was broken in Sadler's home country, as the rival Luciel empire has been launching attacks on the Village of Dunes. Exile is a hybrid action/role-playing game. Travel and exploration occurs in the traditional overhead view of RPGs, while the battles and dungeons are side-scrolling mazes, similar to Wanderers from Ys. Characters gain experience and levels, buy equipment, and use magic.
Exile - Toki no Hasama e (Japan)	Exile concerns the desert adventures of Sadler, the great hero whose revolt years before led to the downfall of a powerful empire. Recently, however, peace was broken in Sadler's home country, as the rival Luciel empire has been launching attacks on the Village of Dunes. Exile is a hybrid action/role-playing game. Travel and exploration occurs in the traditional overhead view of RPGs, while the battles and dungeons are side-scrolling mazes, similar to Wanderers from Ys. Characters gain experience and levels, buy equipment, and use magic.
Exile - Wicked Phenomenon (USA)	The world of Chaltar is at stake and Sadler returns as the main protagonist and titular character of the series. Nearly, as his first task is to look for his friends in the nearby towns. Unlike the previous episodes of the series, Sadler is here one of several possible playable characters - the cute but lethal Rumi, the strong Kindi and the mystic Fakhyle follow our hero in his quest and can be controlled. The game follows the same formula laid out by its predecessors and alternates between fighting and exploring. The first part gets Sadler to walk around towns, talk to villagers or purchase new equipment. The fighting phases are classic hack-and-slash action scenes set in countless hostile locations - there the player fight enemies, bosses and earn precious experience points and gold coins.
Exile II - Janen no Jishou (Japan)	The world of Chaltar is at stake and Sadler returns as the main protagonist and titular character of the series. Nearly, as his first task is to look for his friends in the nearby towns. Unlike the previous episodes of the series, Sadler is here one of several possible playable characters - the cute but lethal Rumi, the strong Kindi and the mystic Fakhyle follow our hero in his quest and can be controlled. The game follows the same formula laid out by its predecessors and alternates between fighting and exploring. The first part gets Sadler to walk around towns, talk to villagers or purchase new equipment. The fighting phases are classic hack-and-slash action scenes set in countless hostile locations - there the player fight enemies, bosses and earn precious experience points and gold coins.
F1 Circus Special - Pole to Win (Japan) (FABT)	F1 Circus Special is a Formula 1 racing game. Players can choose between a world championship mode, which follows the path of one driver through the game's available courses in a linear fashion; a test drive mode, which allows players to choose any course as well as change rules and conditions (e.g. the amount of damage inflicted); and a time attack mode for competing against each other.
F1 Team Simulation - Project F (Japan)	Project F is a managerial simulation that puts the player in the role of the owner of a Formula 1 company. The player is responsible for paying salary to managers, mechanics, and other members of the staff; it is possible to raise or lower the salary, which may lead to various consequences depending on the employee's personality. Then the player makes contract with one or more drivers, selecting them from a list. Car customization plays an important role. Gasoline, engines, chassis, wheels, tires, brakes, and other components must be purchased from manufacturers of the player's choice. The racing competition itself is non-interactive. Tournament events follow depending on its schedule, and the player simply watches how the race unfolds and ends according to the participants' parameters. Brand and player names in the game resemble real ones, but have been slightly altered for copyright reasons.
Faceball (Japan)	Faceball 2000 is a first-person shooter. You control a H.A.P.P.Y.F.A.C.E., or Holographically Assisted Physical Pattern Yielded For Active Computerized Embarkation. The graphics consist of flat shaded corridors. Enemies are all simple geometric shapes with smiley faces on them. Although the graphics are simple, they allow for full freedom of movement, not unlike Wolfenstein 3-D.
Faerie Dust Story - Meikyuu no Elfeene (Japan)	In Meiky? no Elfeane, the player takes the role of a real person - the Japanese singer and actress Tomomi Nishimura - in her hand-drawn, &quot;super-deformed&quot;, anime-style, top-down-viewed incarnation (digitized photos of the real Ms. Nishimura can be seen during some of the game's cut scenes). In the game, Tomomi is just a simple girl who works in a restaurant, but gets magically transported to a fairy land. There, she must first protect the inhabitants of a peaceful town from goblin onslaught, and ultimately find a way to return to the real world. Despite the top-down view and the fact it was developed y the same company who have brought us distinguished Turbo CD RPGs such as Cosmic Fantasy series and Babel, Meiky? no Elfeane is not a RPG, but an adventure - Japanese-style, with minimum puzzles. Most of the gameplay involves running around and talking to various inhabitants of the fairy world. There are also mini-games: a Pac-Man-like game with cars, a vertically scrolling shoot-em-up, a Breakout clone, and a quiz show.
Fantastic Night Dreams - Cotton (USA)	Cotton: Fantastic Night Dreams plays in a similar way to other scrolling shooter video games such as R-Type. What distinguishes Cotton: Fantastic Night Dreams from other games of a similar ilk is its bright colourful graphics and its lead character, Cotton. The game also takes place in a fantasy dream-like world instead of space like many other shooting games. The game can be compared to other fantasy Shoot 'em up games like Parodius. It bears most similarities in style to the Chariot game on Three Wonders. The player controls Cotton, a young witch on a broomstick. The player must blast various monsters and avoid being shot. The player can collect power-ups to enhance their weaponry and unleash a more powerful attack on the enemy. The player has lives represented by an arrow. The player has three lives and is only allowed one hit per life.
Far East of Eden - Tengai Makyou - Fuun Kabuki-den (Japan)	In a futuristic world, where magicians and legendary creatures co-exist with robots and clones, the peaceful existence of Far the Earth is threatened by the Emperor of Evil. Atima, a young girl from the magician guild, is entrusted with a highly important task: reviving Dimeora, the legendary hero from the epoch of gods, who alone is capable of defeating the Emperor of Evil. But things take an unexpected turn as Atima is kidnapped by the Emperor, and the revived Dimeora has to find his way alone in this new world. Neo Metal Fantasy is a traditional Japanese-style RPG. Traveling over the world map, the player-controlled party visits towns, descend into dungeons, and engage randomly appearing enemies in first-person perspective, turn-based combat, using physical attacks or magic. The game features anime-style cutscenes.
Far East of Eden - Tengai Makyou - Ziria (Japan) (Hibaihin)	Long time ago, humans lived in a paradise, the Garden of Eden. But the brave and audacious members of the Fire Clan were banned from Eden, and had to seek shelter on the Earth. They built their own paradise - the land they later called Jipang. However, the evil demon lord Masakado wanted to destroy Jipang, and the Fire Clan fought and defeated him. Now, many years later, a young thief named Ziria learns that he is a descendant of the Fire Clan. He must now find the other members, and prevent the resurrection of Masakado by his followers. Loosely based on the Japanese folk tale of the ninja Jiraiya, Tengai Maky?: Ziria was the first role-playing game released on a CD ROM; thanks to the medium's greater storage capacity, the game was able to include full-screen anime-style cutscenes with voice-overs. It is the first entry in the Tengai Maky? series, and is generally considered the first RPG with significant humorous content. The game's setting parodies many aspects of feudal Japan, containing comical and sometimes deliberately stereotypical portrayals of characters and plenty of supernatural elements. Basic gameplay mechanics follow a template introduced in early Dragon Quest and Phantasy Star games. The player navigates Ziria and other characters who eventually join him on a top-down overworld, visiting towns to rest and buy supplies, and facing randomly appearing enemies in round-based combat viewed from first-person perspective. Each character uses his or her own unique weapon and equipment types. Magic spells cannot be bought or learned automatically when leveling up; they must be sought out in specific locations, often those not required to visit in order to advance the story. The game's overworld is fairly vast, divided into provinces, each containing several towns and other locations. It is possible to teleport instantly from the world map to any previously visited province.The game emphasizes overworld exploration; dungeons tend to be smaller and less maze-like than in many other contemporary role-playing games. In towns, the player can gamble and deposit money in banks; this money is preserved if the party is annihilated in combat and transported back to the town, with the money it was carrying cut in half. When a character levels up, his or her hit points (HP) and magic points (MP) are fully restored.
Far East of Eden - Tengai Makyou II - Manji Maru (Japan)	Many years ago, the legendary warriors of the Fire Clan were expelled from the Garden of Eden, and built the wonderful land Jipang. Thousand years later, Jipang is entering its medieval era. It seems that the province Hida is suffering from a curse placed upon it by the evil clan of the Dark Orchids. To destroy the Orchids, a young boy named Manjimaru has to fight the demons who protect them, find companions who would help him on the quest, and prove he is worthy of his great legacy as the descendant of the Fire Clan. Tengai Maky? II: Manjimaru is a sequel to Tengai Maky?: Ziria. Though not connected to its predecessor directly story-wise, the game is set in the same semi-humorous rendition of feudal Japan, and shares many recurrent gameplay-related and stylistic elements. The player navigates a party of up to four characters on a vast overworld divided into provinces, each with its own capital city and several smaller towns. Randomly encountered enemies are fought in turn-based, first-person view combat. Like in the previous game, magic spells must be obtained by locating Tengu Retreats; they can be then equipped on any character and swapped between them. Enemy hit points are displayed during battles, and characters are restored to full health when leveling up. Full-screen anime-style cutscenes with voiceovers advance the story. As opposed to the previous game, Manjimaru has several audio music tracks in addition to synthesized ones.
Farjius no Jakoutei - Neo Metal Fantasy (Japan)	In a futuristic world, where magicians and legendary creatures co-exist with robots and clones, the peaceful existence of Far the Earth is threatened by the Emperor of Evil. Atima, a young girl from the magician guild, is entrusted with a highly important task: reviving Dimeora, the legendary hero from the epoch of gods, who alone is capable of defeating the Emperor of Evil. But things take an unexpected turn as Atima is kidnapped by the Emperor, and the revived Dimeora has to find his way alone in this new world. Neo Metal Fantasy is a traditional Japanese-style RPG. Traveling over the world map, the player-controlled party visits towns, descend into dungeons, and engage randomly appearing enemies in first-person perspective, turn-based combat, using physical attacks or magic. The game features anime-style cutscenes.
Faussete Amour (Japan)	A young girl named Koruku lived in her home village, enjoying a peaceful life with her sister and her friends. But it all changed when an evil demon known as the Goatbone appeared. With his powers of mind control and shape-shifting, he possessed Koruku's friends, turning them into terrifying monsters, kidnapped her sister, and burnt down the village. A mysterious old man approaches the desperate Koruku and bestows her with a wonderful armor, weapon, and magic powers. The young girl is ready to venture into Goatbone's lair and liberate her sister... but will she be able to defeat her own friends who now obey the word of their dark master?
Fiend Hunter (Japan)	Feed Sluster is a fiend hunter: a man who takes job that involves elimination of mysterious beings known as fiends. One day he is contacted by a woman named Beth, who offers him a more demanding job, which involves investigating shady activities between humans and fiends, and getting to the bottom of the entire mystery, discovering the origin of the fiends and determine their ultimate fate. Fiend Hunter is a cinematic platformer set in an Old West-like environment with supernatural elements. With the exception of the initial town and a few other locations, the game is spent in areas that require carefully navigating Feed through a series of platform-like structures. Controls and animation resemble those of Prince of Persia. Feed can jump, run, perform a running jump, hang on ledges, pull up or drop down, kneel and crawl. He also takes falling damage; the primary challenge during platforming sequences consists of preventing him from falling down. Enemies only appear at pre-set points; each battle is one-on-one, and it is impossible to escape from a fight. Coupled with the enemies' high HP count and varied attack patterns, this essentially turns each encounter into a boss battle. Feed fights with a sword and can perform various moves, combining attacks with jumping and ducking. He can also gain access to a few magic spells. A little fire fiend named Exy accompanies Feed on his journey. Exy can be used as offensive and defensive enhancement in combat, and can also be set to light dark areas. Each enemy drops a special orb that can be used to increase Feed's vitality, attack power, or magic, as well as teach Exy more powerful attacks, which gives the game a light RPG flavor. Feed can also equip rings and buy or find health-restoring and protective potions.
Fighting Street (USA)	Deep inside you there lurks a warrior. Let him loose! And test him against the martial arts champions of 5 nations. Grit your teeth, pump up and take after Retsu and Geki from Japan. Most worthy opponents! But watch out for the baddest - Adon and Sagat, a couple of Thai's. Mike and Joe (USA), Birdi and Eagle (UK), Lee and Gen (China) all have their own special &quot;tricks.&quot; Be quick and strong, or be gone!
Final Zone II (USA)	Final Zone II is a top down shooter in which you controls a soldier on some levels and vehicle on other levels. As a soldier you don a &quot;New Age Power Suit&quot; and have a choice of playing several different characters, though it is only a one player game. The object of the game is to fight an enemy army led by &quot;ZOD&quot; who is a mass murderer and killed some of your commando friends. There are various armaments and shields that you can pick up along the way. There are several manga-style animation sequences in the game. This is the sequel to a Mega Drive game called Final Zone which was released in 1990 also.
Flash Hiders (Japan)	Flash Hiders is an anime-style 2D fighting game with a distinct RPG slant. The game has a heavy focus on story and presentation, featuring animated, voiced cutscenes throughout the game's scenario mode, as well as the ability to purchase and use equipment to increase your stats. The scenario mode follows the martial-artist Bang as he travels through a war-torn world with the sorceress Tiria and an all-but-adopted kid named Erue. The &quot;Advance&quot; mode lets you choose any character in the game and follow their specific story, building your character's abilities as you go. There is, of course, also a versus mode for two players.
Forgotten Worlds (USA) (En,Ja)	Forgotten Worlds features two characters known as The Nameless Ones, who both look like Arnold Schwarzenegger, one even has a mohawk. It's their job to rid the planet of the attacking aliens. Guiding your character around the screen as they fly with jet-packs, guns on full auto, you control a satellite which you rotate around your character for the direction in which your gun is firing. At the end of each level is a boss which needs to be killed to progress. Enemies that have been killed drop money. At the end of every level is a shop where you can buy weapons, armour, items and first-aid packs.
Formation Soccer 95 della Serie A (Japan)	Formation Soccer 95 della Serie A is a soccer (football) game that re-creates a season in the top football league of Italy, including licensed players and teams. There is no management element in the game; players simply have to choose one or more (for tournament mode) teams and participate in either exhibition or Serie A (Italian Championship) games. Teams can be controlled by human players or computer AI; it is also possible to select the &quot;watch&quot; mode and view the game unfolding with both teams being controlled by the computer. Practice mode for corner, free, and penalty kicks is included as well. Rules and conditions can be changed (e.g. it is possible to play without injuries).
Fushigi no Umi no Nadia - The Secret of Blue Water (Japan)	Fushigi no Umi no Nadia: The Secret of Blue Water is one of the several games based on the anime series of the same name. The game assumes familiarity with the story of the anime, taking the player directly into the time frame of late episodes, where Grandis and the jewel thieves have already joined Jean and Nadia on their travels with Captain Nemo on his submarine &quot;Nautilus&quot;. Following a dramatic scene that reveals more about Electra's past, the crew is stranded on a mysterious island. Jean, Nadia, Marie, and the lion cub King decide to explore it, and discover an ancient civilization in the process. The game plays mostly like an interactive comic book or a visual novel, though it does contain adventure elements such as verb commands. However, these commands are usually very sparse, and there are no sub-menus with objects or people to interact with. The game advances linearly, and the player's input is for the most part reduced to choosing between several locations to explore first. There is also a separate quiz mode where the player answers trivia questions asked by characters from the series.
Gain Ground SX (Japan)	Gain Ground is an arcade style action game with a bit of strategy thrown in. The goal is get all of the soldiers to the opposite side of the screen or to kill all of the enemies. Each soldier in the army has a unique specialization, from among 20 types. Each soldier can attack in two different ways, using either a normal weapon or a special weapon. The strategy comes from deciding which soldier would do best in which situation. Some weapons are better at dealing with certain enemies and obstacles than other weapons. Players start with only three soldiers but can encounter other soldiers that can be rescued, by touching them. If the new soldier survives long enough to reach the exit, they can be added to the soldier inventory. The number of possible soldier in a player's army is over 30 soldiers. There are 50 stages total, divided into rounds of 10. At the end of each round, players encounter an enemy boss.
Galaxy Deka Gayvan (Japan)	Earth is the most beautiful planet in the galaxy, and its peaceful existence is threatened by the criminal mastermind Ballas. The galaxy police sends two agents to deal with the threat: Hiro Aoyama and Michiko Akasaka, who can transform into the powerful super-fighters Gayvan and Mittchi, respectively, and are alone able to stop Ballas. Galaxy Deka Gayvan is a brawler. Players can choose to control either of the two heroes, or both of them in a co-op mode. Like in other beat-em-up games, the player must defeat all the enemies on screen in hand-to-hand combat before being able to proceed. Both Hiro and Michiko can accumulate special energy (dropped by the enemies along with health power-ups and money) that allows them to transfer into the superheroes Gayvan and Mittchi and stay in that form until they run out of energy. The superhero forms are stronger and are able to execute special attacks. In addition, a two-player versus fighting mode is included. Players can choose either the protagonists or three enemy characters to compete against each other in one-on-one fighting.
Garou Densetsu 2 - Aratanaru Tatakai (Japan) (FABT, FACT, FAET, FAFT)	Again, the Lone Wolves return! Geese Howard may have been defeated, but that doesn't mean all is peaceful. A new opponent, Wolfgang Krauser, has come forth to begin a new Fatal Fury tournament. The Lone Wolves return, with new faces amongst them. Only one can be declared the winner though.
Garou Densetsu Special (Japan) (FABT)	Fatal Fury Special is an improved version of SNK's 2D one-on-one fighter Fatal Fury 2. The objective is to win the tournament by defeating all other fighters including end boss Wolfgang Krauser. Fatal Fury Special features a fairly large selection of fighters that includes: The eight regular fighters from Fatal Fury 2: Terry Bogard, Andy Bogard, Joe Higashi, Kim Kaphwan, Jubei Yamada, Cheng Sinzan, Mai Shiranui and Big Bear. The four bosses from Fatal Fury 2: Billy Kane, Axel Hawk, Lawrence Blood and Wolfgang Krauser (this time they're all immediately playable). Three characters returning from the first Fatal Fury: Duck King, Tung Fu Rue and Geese Howard (the end boss from Fatal Fury).
Gate of Thunder (Japan) (FACT, FADT)	A side-scrolling shoot-'em-up, Gate of Thunder asks players to take control of the space-craft &quot;Hunting Dog&quot;. Playing as the pilot Hawk, along with Esty in her ship the &quot;Wild Cat&quot;, you must defeat the forces of General Don Jingi, who has plans of taking energy from the star of Aries. Gate of Thunder allows players to choose in real-time from three weapon-fire types. A blue-coloured electrical fire, a green-coloured wave-fire, and a red-coloured quake-type fire. Along with this, players obtain homing-missiles and the assistance of the &quot;Wild Cat&quot; which orbits the ship separately.
Gate of Thunder + Bonk's Adventure + Bonk's Revenge (USA)	A side-scrolling shoot-'em-up, Gate of Thunder asks players to take control of the space-craft &quot;Hunting Dog&quot;. Playing as the pilot Hawk, along with Esty in her ship the &quot;Wild Cat&quot;, you must defeat the forces of General Don Jingi, who has plans of taking energy from the star of Aries. Gate of Thunder allows players to choose in real-time from three weapon-fire types. A blue-coloured electrical fire, a green-coloured wave-fire, and a red-coloured quake-type fire. Along with this, players obtain homing-missiles and the assistance of the &quot;Wild Cat&quot; which orbits the ship separately.
Genocide (Japan)	Life became more and more complicated in the 22th century. Humans have constructed a super-computer known as MESIA, entrusting it with the task of monitoring everything that happens on the planet. However, the computer grew increasingly megalomaniac, and eventually decided to conquer the Earth with deadly machines of its own production. In the middle of the 23rd century, humanity engages in a decisive battle against MESIA. Their hopes lie with Ken Ryugasaki, who pilots the powerful mecha Tracer on his journey to the super-computer's lair. Genocide is a side-scrolling action game. The player controls Tracer, who can fight with a sword-like melee weapon and jump. Later in the game Tracer acquires &quot;Betty&quot;, a powerful weapon that can shoot in eight directions. The gameplay is fairly straightforward; there are no power-ups, and the bulk of the game consists of surviving continuous onslaughts of enemies.
Gensou Tairiku Auleria (Japan)	You start the game as a nameless warrior (you can name the hero as you like). He returns to his home village, only to find it burnt down, and his beloved woman dead. Kneeling at her grave, the warrior swears revenge, but this quest soon turns out to go far beyond it, as demonic forces are threatening the land! Gens? Tairiku Aurelia is a side-scrolling action RPG. You control the warrior (and other characters whom you can control later in the game) by moving him through platform locations - towns, forests, dungeons, etc. In towns you can talk to people to advance the plot. In wilderness areas, you fight enemies by attacking physically or using magic spells in real time. You can also jump in this game. You get experience points for defeating enemies, gain levels and stronger magic.
Ginga Fukei Densetsu Sapphire (Japan)	In the future, time travel became a regular commodity. Criminal organizations began using advanced science in order to escape into different time periods to avoid capture. To counter that, a special police unit called &quot;Burning Rabbits&quot; was formed to fight through time and space. Ginga Fukei Densetsu: Sapphire is a vertically-scrolling shoot-em-up. The player can choose between four different female characters, each piloting a different ship: Sapphire has balanced strength is speed; Charlotte is the fastest, but also the weakest; Helen is the slowest and the strongest; Jasmine is the second-strongest and the second-slowest. The ships are also distinguished by their weapon properties. Each ship can collect red, green, or blue power-ups; collecting a power-up of the same color enhances the currently equipped weapon, while a differently-colored power-up changes weapon properties while retaining whatever enhancements the ship might have had with the previous weapon.
Ginga Ojousama Densetsu Yuna (Japan) (FAFT)	Yuna Kagurazaka is a somewhat ditzy 16-year old girl. After winning a &quot;Galactic Bish?jo Contest&quot; (Galaxy Fräulein Contest, similar to Idol contests), she becomes &quot;The Savior of Light&quot;, a magical girl charged with defending the universe from evil. Galaxy Fräulein Yuna is digital comic game (visual novel type). The game has no game over (can infinitely continue) or bad ending, similar to story-telling digital comic books or interactive movies. Move somewhere, talk with somebody, then fight against the 13 Fräuleins of Darkness... Combat scenes are played out in turn-based RPG style, but there is no EXP or items ? only attack or defence.
Ginga Ojousama Densetsu Yuna 2 - Eien no Princess (Japan) (FAAT)	This is the second game in the series about the school girl Yuna Kagurazaka, who fights crime in cosmic battles. Eien no Princess continues the story of the first game. Yuna has defeated the 13 Servants of Darkness, and their leader Lia has become a friend, fighting crime on her own in a superhero TV show. Life seems to continue normally, the only trouble being Erika, a snotty high school girl who sees herself as Yuna's biggest rival. She challenges Yuna to a fight, but both are spotted by the titular starship &quot;Eternal Princess&quot;, commanded by the pretty Princess Mirage, whose task is to stop violence in the whole galaxy. What begins as a misunderstanding ends as a serious threat to the Earth... Eien no Princess is what is usually called a &quot;visual novel&quot;. Most of the game consists of the player being taken to different locations automatically, where he watches the story unfold, accompanied by text and voice acting. Sometimes there is a menu verb to click on (such as &quot;Look at...&quot;), which doesn't mean much since the menu offers no choices. There are, however, a few turn-based battles in the game, with different attacks to choose, such as attack, defense, special, etc.
Ginga Ojousama Densetsu Yuna HuVIDEO CD (Japan)	Yuna Kagurazaka is a somewhat ditzy 16-year old girl. After winning a &quot;Galactic Bish?jo Contest&quot; (Galaxy Fräulein Contest, similar to Idol contests), she becomes &quot;The Savior of Light&quot;, a magical girl charged with defending the universe from evil. Galaxy Fräulein Yuna is digital comic game (visual novel type). The game has no game over (can infinitely continue) or bad ending, similar to story-telling digital comic books or interactive movies. Move somewhere, talk with somebody, then fight against the 13 Fräuleins of Darkness... Combat scenes are played out in turn-based RPG style, but there is no EXP or items ? only attack or defence.
Go! Go! Birdie Chance (Japan)	Go! Go! Birdie Chance is an anime-style golf game. The player controls female high school students who assemble a golf team and wish to remain undefeated. The story mode contains extensive text-based cutscenes, depicting the girls' struggle against an arrogant male golfer, with golf matches proceeding as dictated by the plot. The free mode allows one or two players to select any of the three available female characters and compete against each other or computer AI. It is possible to select golf club types, course terrain, strike types, and the player's strong hand. Strength and direction of the shot is determined by stopping a moving bar at the right moment.
God Panic - Shijou Saikyou no Gundan (Japan)	God Panic is a vertically-scrolling shoot-em-up set in a cartoony, anachronistic version of feudal Japan with supernatural elements. There is no in-game background story or plot-advancing cutscenes, with the exception of a wise old man who would sometimes offer the cat-suit-clad hero some help. Creatures from Japanese mythology have gone wild, and it is up to the flying protagonist to defeat them, all the while defending himself against enraged villagers, mechanical cats, homoerotic wrestlers and other grotesque beings.
Godzilla (USA)	This interpretation of Godzilla takes form of a fighting game, only instead of the usual brave martial artists the players control horrifying monsters from the traditional Toho lineage. The combat system is similar to other fighting games, with various combinations of buttons executing different moves. Naturally, the normal &quot;punch-kick&quot; scheme is modified to suit the monsters' shapes and biological peculiarities. For example, monsters with tails can use tail spin attacks; fire-breathing monsters have a range fire attack, etc. Most of the monsters have a move when they hold the opponent and suck its blood.
Godzilla Bakutou Retsuden (Japan)	This interpretation of Godzilla takes form of a fighting game, only instead of the usual brave martial artists the players control horrifying monsters from the traditional Toho lineage. The combat system is similar to other fighting games, with various combinations of buttons executing different moves. Naturally, the normal &quot;punch-kick&quot; scheme is modified to suit the monsters' shapes and biological peculiarities. For example, monsters with tails can use tail spin attacks; fire-breathing monsters have a range fire attack, etc. Most of the monsters have a move when they hold the opponent and suck its blood.
Goetzendiener (Japan)	The Demon God has abducted the princess Misa, intending to sacrifice her in order to restore his power. The king has sent an army to rescue his daughter, led by a knight who was carrying the legendary Sword of the Valiant. All the soldiers were killed by the minions of the Demon God, and only the brave knight survived. But as he delivered the fatal blow to the Demon God, he was himself mortally wounded by him. The princess Misa has no other choice but to take the Sword of the Valiant and to find a way to escape from the Demon God's dungeon, full of deadly traps and enemies...
Golden Axe (Japan)	Golden Axe is an arcade beat-'em-up game that puts players in the shoes of one of three heroes, each with his own reason for trying to overthrow the evil rule of Death-Adder, who - along with his forces of darkness - kidnapped and imprisoned the King and his daughter and stole the legendary Golden Axe. This is a horizontal fighting game, where you basically take one of the three characters (the barbarian Ax Battler, a dwarf named Gilius Thunderhead or the amazon Tyris Flare) and bash everything which stands between you and Death Adder himself. Each character has a special magical ability that can be charged by kicking small blue creatures that drop a potion. There is also a green variety off this creature that drops food that replenishes your health. Some enemies ride dragons and a scorpion like creature. The enemies can be knocked off and you can mount the creature yourself and attack the enemies with it. The game allows to play up to two players on a same screen, however in the C64 version this option has not been implemented. C64 version was also stripped off in the other areas, such as: only one enemy can engage the player at a time or there are only two types of dragons instead of three.
Gradius II - Gofer no Yabou (Japan)	Gradius II is a sequel to Gradius and Life Force, and is a horizontal space shooter composed of seven levels. Like in its predecessor, it is possible to collect power-ups from enemies and choose which type to use and when. This time, this system is enhanced with the option of choosing between four different power-up sequences, allowing the player to use different types of weapons against enemies. There is also the possibility to gain options, which are mysterious balls of fire that follows the player-controlled spaceship closely and mimic all its movements (including shots). While the player only could have two of them in the NES version of Gradius, it is now possible in all versions to have up to four.
GS (Ghost Sweeper) Mikami (Japan)	GS Mikami is a Japanese adventure game. It is presented as a full episode of the anime series Ghost Sweeper Mikami. You follow the adventures of Reiko Mikami who goes to rescue her soul after a confrontation with a powerful demon. The game only proposes as action to observe and talk with the different protagonists, as well as a card game like &quot;rock-leaf-scissors&quot; intervening during some confrontations, or being able to be played freely.
Gulclight TDF 2 (Japan)	Gulclight TDF2 is a turn-based tactical game and a follow-up to T.D.F.. There is no background story information in the game besides the notion of TDF2, an organization consisting of aircraft and mechas, fighting an alien race known as Plea. The gameplay is quite simple: the player is presented with a fairly small isometric screen and must navigate a handful of fighters on it, attacking an alien when he is on the adjacent square. Player-controlled mechas and vehicles come in different types: some are strong but have limited manoeuvrability, others have a wide movement range but weak armor, etc. Battles are shown on a separate screen and proceed automatically, both sides exchanging an attack.
Gyuwambler Jiko Chuushinha - Gekitou 36 Janshi (Japan)	Gambler Jiko Ch?shinha is a mahjong game based on Masayuki Katayama's manga of the same name. The game follows traditional mahjong rules with four participants, the player competing against three AI-controlled opponents. There is a tournament mode that can be saved, and a free mode in which the player controls the manga's protagonist and competes against any combination of the 36 available characters.
Gyuwambler Jiko Chuushinha - Mahjong Puzzle Collection (Japan)	Gambler Jiko Ch?shinha: Mahjong Puzzle Collection is not a mahjong game; rather, as the title implies, it is a puzzle game that uses mahjong tiles. The player is presented with a board full of mahjong tiles; the goal is to match identically-looking tiles in pairs, causing them to disappear. Only tiles that have no obstacles (i.e. other tiles) on their path to each other can be matched. New tiles are added by the game on squares adjacent to the removed ones. The player must think ahead in order to complete the puzzle, avoiding unwinnable situations. There are nine different boards, with tiles placed in different patterns of varying difficulty. In addition, there are four difficulty levels, measured by the time limit allowed for each puzzle (the easiest level has no time limit at all). Characters from the Gambler Jiko Ch?shinha manga can be asked for advice a limited number of times.
Hataraku Shoujo - Tekipaki Working Love (Japan)	Tekipaki: Working Love is a simulation game somewhat similar to Graduation series, but with a much less complex system and &quot;working girls&quot; instead of students. The game's graphics were drawn by the manga artist Izumi Takemoto. The setting is 23rd century, and the player has to take care of three girls from different planets: Naomi, Hikaru, and Edalt. The goal is to make the girls successfully perform their working duties (mostly secretary-like assignments), at the same time having free time to rest. With each activity, certain parameters (stamina, intelligence, etc.) of the girl will increase and decrease. Since the three girls have different parameters from the beginning, it is important to understand their personalities and to find the right balance between work and leisure. The girls also have a &quot;loyalty&quot; parameter, that usually increases when the player lets them have a day off.
Hatsukoi Monogatari (Japan) (Rev 1)	An ordinary Japanese student finds a floppy disk on the street; using his computer to load data from it, he miraculously summons Foltjunia, an intergalactic warrior who fights evil in her robotic armor with three companions. However, Foltjunia has lost her powers and as a result stays with the hero, giving him advice as to how to conquer the love of a schoolmate. Following a brief prologue with adventure-like gameplay, the bulk of Hatsukoi Monogatari consists of managerial simulation along the lines of Princess Maker games, though with more limited options and no RPG elements. The player manages the hero's daily schedule, divided into two segments: school and home. Activities include studying, having conversations with students or teachers, taking part-time jobs, resting, talking on the phone, shopping, buying presents, etc. Each activity increases or decreases some of the hero's parameters. The overall level can be evaluated on a special screen, and the goal is to raise it by balancing the stats with various activities.
Hawk F-123 (Japan)	Hawk F-123 is a side-scrolling shoot-em-up. There is no background story in the game and no cutscenes; the player pilots a fighter plane, flying over various areas such as a desert, a sea, a city at night, etc. Most of the enemies are different types of aircraft, though a few stationary turrets appear as well. The player-controlled fighter can pick up power-ups that change his primary weapon: red for a vulcan gun, yellow for energy bolts, and blue for laser. Each of these will increase in power (e.g. three lasers instead of one for the blue weapon) when the player repeatedly collects power-ups of the same color. Other power-ups add a secondary weapon or enhancement to any of the described above, such as homing missiles, fireballs, a wingman, etc. Secondary weapons are fired simultaneously with the main ones. In addition, special weapons can be collected and accumulated. These weapons are triggered by pressing a separate button, and include delayed bombs, exploding bullets, protective shields, and others.
Hellfire S - The Another Story (Japan)	Hellfire S is a Shoot-'Em-Up game, developed by Bits Laboratory and published by NEC International, which was released in Japan in 1991.
High Grenadier (Japan)	High Grenadier is a turn-based strategy game with role-playing elements. The game has a rather abstract plot that depicts a battle between two human organizations, each piloting and commanding giant mechs; no further details are revealed in the game. The gameplay takes place on a battlefield composed out of dots connected by lines; both player-controlled and opponent's army can move only between adjacent dots. The player has six commanders at his disposal; each of them can lead a several various mechas into the battle. Three commanders are available initially, while others can be called into battle later. Once a player-controlled and an enemy unit meet on the same dot, the player can order the commander to attack, defend, or retreat. The battle then proceeds automatically, its result calculated by the statistics of both units. The role-playing element involves leveling up mecha parts; a number of experience points is awarded after a battle, and the player can freely distribute them to raise the mecha's parameters.
Hihou Densetsu - Chris no Bouken (Japan)	A scientist named Arnold Steiner researches the ancient civilization of Indios in Central America. However, following a breakthrough discovery, Steiner mysteriously disappears. His daughter Chris travels to Central America in search of her father, and steps into an intimidating world of monsters and conspiracies. Hih? Densetsu: Chris no B?ken is a platformer. Chris is armed with a dagger and cannot use any other weapons or gadgets to protect herself. However, the dagger can be upgraded by collecting colored orbs dropped by enemies. Depending on their combination, the dagger can be used as a long-ranged weapon, firing projectiles or acting as a boomerang. The protagonist's health is measured with hearts; a stage must be restarted if Chris runs out of all five of them. Enemies would sometimes leave hearts and coins behind; the latter add an extra life to Chris if she collects a sufficient amount. A boss enemy awaits at the end of every second stage. Other features include moving and disappearing platforms, deadly traps such as spikes, mine cart-riding, and a strict time limit for each stage. The story is advanced through anime-style cutscenes between stages.
Himitsu no Hanazono (Japan)	A schoolboy called Kosuke had a dream in which he saw a beautiful woman talking to him. The next morning, he discovers that his new teacher looks a lot like her. Kosuke realises that she is in fact a detective sent to investigate the murder of a student in the gym. The young man must do everything he can to join the investigation, solve the mystery and perhaps impress the attractive teacher. In Himitsu no Hanazono , there are no verbal commands and no real interaction with the environment. Instead, the choices are frequent and fairly numerous. Most of these choices don't affect the plot, although they can alter later dialogue. The player can also navigate the protagonist around the school grounds and inside the main building from top to bottom, visiting locations in any order.
Horror Story (Japan)	Originating on the arcades (where it was known as Demon's World to the Western audience), Horror Story is an &quot;old-style&quot; side-scrolling platformer/shooter. The basic gameplay premise is very simple: shoot and jump your way through large amounts of monsters, defeat the boss, proceed to the next level. There is no narrative of any kind in the game, and no cut scenes; the hero is a tough-looking Duke Nukem-look-alike equipped with guns. The screen is scrolling at all times, even if the player character doesn't move. The levels are almost entirely linear, the only choice sometimes being to stay on the ground or jump to the higher platforms. Cooperative two-player mode is available. Though shooting is decidedly the main gameplay element here, jumping (particularly double-jumping) must be used liberally to navigate the hero through platform-based stages, and avoid and kill enemies (since jumping on their heads eliminates them as well). Weapons can be switched by catching power-ups, which appear as floating, constantly changing letters. Depending on the letter the player decides to take, the hero will get different weapons. These weapons include: a steady energy beam of moderate power; flamethrower; bombs; a short-distance grenade launcher of sorts; and a gun that spits fireballs in three different directions. As the name implies, the game has a horror theme. The game begins in what looks like old Japan, complete with traditional Japanese demons, but later switches to more &quot;mainstream&quot; horror, complete with haunted towns, ghosts, zombies, skeletons, etc.
Hu PGA Tour - PowerGolf 2 - Golfer (Japan)	Power Golf 2: Golfer is a follow-up to Power Golf. The game attempts to realistically simulate golf and contains many features and variables that influence gameplay. There are two modes in the game: Normal and Tournament. In the normal mode up to four players can compete against each other or computer opponent in stroke play, match play, driving range, and putting green. Real Japanese golf courses are available for selection, complete with digitized photos and introductions. The player can select to control Japanese golfers and choose between a variety of clubs, as well as manually influence the shot, controlling force, angle, and the exact part of the ball the player wishes to strike. The Tournament mode is essentially a managerial simulation game. The player takes control of a golfer in an unnamed city. The goal is to accumulate enough currency and fame, as well as increase personal attributes of the golfer in order to participate in tournaments. Currency is obtained by doing part-time jobs, e.g. as a caddie in golf matches, or by gambling at slot machines. The player can also visits shops to purchase clubs and other golfing equipment. There is an in-game schedule that keeps track of tournaments and also incorporates random events (such as accidents). It is also possible to send the golfer on a vacation when he is too tired from working or practicing golf.
Human Sports Festival (Japan)	Human Sports Festival is a compilation that contains three previously unreleased sports games: Fine Shot Golf is a golf game for up to four players with an exhibition, tournament, and practice mode. It is possible to choose club types and (in the practice mode) golf course. The game is played from a first-person perspective, and requires the player to stop a moving bar at the correct moment to regulate the strength of the short. Formation Soccer: Human Cup '92 is a top-down soccer (football) game that allows the player to choose an international team out of several available European and American ones. Formation and goaltender behavior can be customized; however, no detailed player management is present. The championship mode allows one or two players to compete against the computer. Final Match Tennis Ladies is similar in style to Final Match Tennis, but with notable female tennis players (their names are slightly altered). It is possible to choose one of the three available tennis court types, as well as go through the Australian Open tournament controlling one competitor in a cup system.
Hyaku Monogatari - Honto ni Atta Kowai Hanashi (Japan)	Its sub-title translated as True Scary Stories, Hyaku Monogatari is a video game homage to the parlour game Hyaku Monogatari Kaidankai, which was popular during the Edo period (17th - middle of 19th century) in Japan. The game involved gathering at night, lighting a hundred candles and telling horror stories, extinguishing the candles one by one until the room became completely dark. The game contains a hundred horror stories told in a linear fashion through text, digitized photos and sound effects. Most of the stories are very short and non-interactive. The exceptions usually involve visual novel-like choices of locations or responses to situations, which sometimes affect the story's conclusion. A recurrent episode involves visiting various locations in Tokyo area and reviewing criminal cases and ghost stories.
Hyper Dyne - SideArms Special (Japan)	Hyper Dyne Side Arms Special is an Action game, developed by Capcom and published by NEC Interchannel, which was released in Japan in 1989.
Hyper Wars (Japan) (SAAS)	After humans ventured into outer space, they began building colonies there. It became increasingly hard to maintain them, and special robots known as &quot;Bidroids&quot; were invented to do the hard work. However, the colonies began waging war on each other, and Bidroids were used for military purposes. When peace was finally achieved, the leaders decided that Bidroids could continue functioning as combat machines, but in friendly championships rather than in deadly wars. Hyper Wars is primarily a managerial simulation; robot combat itself is calculated depending on how the player created and maintained his or her robots. The player controls a manager of a team which competes in a league, complete with schedules, stadiums, etc. The player is given an initial budget with which he or she is able to create the first robot models and train them. Each robot can be created by merging together various parts (&quot;human&quot;, &quot;beast&quot;, &quot;bird&quot;, and so on). After creation, it is necessary to outfit the robot with weapons and upgrade its parameters by paying for training. When the player feels ready, the robots can be taken to combat arenas and participate in the tournament.
Iga Ninden Gaiou (Japan)	Iga Ninden Gaiou is an action game by Nichibutsu where the player takes control of a Samurai/Ninja who must rescue his lovely girlfriend. The game takes place in Ancient Japan where sword fights meet mystical magic and demons... but not only as later stages even transport the player to futuristic worlds and cities. The main character uses his sword most of the time to defeat his enemies. But he can also charge up and throw knives. RUN can also launch a mystical attack. But use those wisely as they are only available in a limited quantities. As expected in this sort of game, a boss awaits for you at the end of each stage and unlocks new powers and weapons when defeated.
ImageFight II - Operation Deepstriker (Japan)	An enemy armada approaches Earth bent on the destruction of the human race. In this sequel to Image Fight, players take control of the most advanced spaceship in the fleet. Destroy &quot;POW&quot; cases for items and special weapons. Obtain Red and Blue Pods to equip your ship. Red Pods fire the opposite way your fighter is moving, and Blue Pods only fire forward. You can also change the speed of your ship, to adjust to different battle conditions. Defeat the alien invaders once and for all and bring peace back to the Galaxy.
In Magical Adventure - Fray CD - Xak Gaiden (Japan)	The story of Fray takes place between the events of Xak and during the events of Xak II. During Xak, Fray was not able to use magic and was more or less a helpless girl that was rescued by the hero of the Xak series, Latok Kart. After being rescued, Fray becomes romantically interested in Latok and decides that if she could become useful to Latok and aid him in his quests, perhaps Latok will be interested in her romantically in return. Fray is a simple action RPG. Battles are in real-time as Fray walks around on automatic vertically scrolling game map as well as the monster characters. She has an attack and defense rating, and can switch between different projectile weapon styles as well as use special attacks and healing items.
Inoue Mami - Kono Hoshi ni Tatta Hitori no Kimi (Japan)	This adventure game features the Japanese actress Mami Inoue in the lead female role of the same name. The protagonist is a high-school boy who first sees a mysterious girl in a dream, and is later very surprised to discover that this girl is his new classmate. Afterwards, the two become acquainted and embark on a series of adventures involving a time machine and a trip to feudal Japan. The game has cartoony, though not anime-like graphics; digitized photos of Mami Inoue are used throughout. Gameplay-wise, it is a simple Japanese-style adventure, with verb commands (Look, Talk, Move, etc.) and objects selected from a menu in order to advance the plot.
IQ Panic (Japan)	IQ Panic is a quiz game with a background story. A demon has kidnapped a girl from a peaceful village, and the elders send a boy named Gengor? to bring her back, defeating the demon's minions using his intelligence and knowledge. The game has a pseudo-RPG structure, with top-down navigation, overworld, towns, dungeons, treasure chests, random and boss &quot;battles&quot;, etc. However, real RPG elements are very light in the game: there is no leveling up, and the protagonist's health increases automatically following a plot-dictated boss encounter. The core of the gameplay are the trivia &quot;battles&quot; against randomly appearing characters. Each &quot;enemy&quot; will ask the hero one question in a variety of topics (English language, geography, popular culture, etc.). Answering the question correctly within the time limit will &quot;kill&quot; the enemy, while giving a wrong answer will reduce the hero's HP by one point. Boss enemies offer a choice of topics and take several correct answers to defeat. A few items can be used to restore HP, reduce the time limit, return to a town, etc.
It Came from the Desert (USA)	It Came from the Desert is a remake of the the original 1989 Amiga game of the same name, but with a vast amount of changes and improvements. The basic setting was kept identical. It is a mix of action and adventure elements, largely inspired from cult-horror B-Movies of the 50's and 60's, and the 1954 film Them in particular. The player plays the part of Dr. Greg Bradley, a geologist and the newest resident in town. Eager to satisfy his scientific mind, Bradley sets out to examine the crash-site of a mysterious meteor, but what he finds is not at all what he had been looking for.
J. B. Harold Murder Club (USA) (En,Ja)	From a gameplay point of view, Murder Club is a &quot;Digital Comic&quot;. The player controls the private detective J.B. Harold, who must investigate the murder of a wealthy businessman named Bill Robbins and bring the murderer to justice. The player must: find clues, gather evidence, interview suspects, establish a motive for the crime and finally, ensure that the case holds up in court. At the heart of the game system is a map with all the possible destinations, with new ones being added as the investigation progresses. In each of these locations there is usually one or more people, whom you can question at your leisure via sober and efficient text menus. If certain statements seem suspicious, you are free to ask your superior for a warrant to search the premises and collect any evidence.
J. B. Harold Series 1 - Murder Club (Japan)	From a gameplay point of view, Murder Club is a &quot;Digital Comic&quot;. The player controls the private detective J.B. Harold, who must investigate the murder of a wealthy businessman named Bill Robbins and bring the murderer to justice. The player must: find clues, gather evidence, interview suspects, establish a motive for the crime and finally, ensure that the case holds up in court. At the heart of the game system is a map with all the possible destinations, with new ones being added as the investigation progresses. In each of these locations there is usually one or more people, whom you can question at your leisure via sober and efficient text menus. If certain statements seem suspicious, you are free to ask your superior for a warrant to search the premises and collect any evidence.
J.League Tremendous Soccer '94 (Japan)	Tremendous Soccer '94 is a soccer (football) game with licensed players and teams of the Japanese soccer league (J.League). There are five modes in the game: Pre-Season (a single game between two teams in the league), Championship (a season mode), Cup (the Japanese football cup with elimination rounds), All-Star (West and East teams compete in a match), and PK Battle (penalty kicks between teams). The player can regulate the strength of the computer AI and the length of a game, as well as substitute players and change tactical formations. The gameplay is similar to other top-down football games of the time, with simple controls and automatic moves performed by players depending on the situation.
Jack Nicklaus Turbo Golf (USA)	Jack Nicklaus: Turbo Golf is a Sports game, developed by Accolade and published by Victor Interactive Software, which was released in 1990.
Jack Nicklaus' World Tour Golf - 162 Holes (Japan)	Jack Nicklaus: Turbo Golf is a Sports game, developed by Accolade and published by Victor Interactive Software, which was released in 1990.
Jantei Monogatari (Japan)	A daughter of the chair of a local high school, Y? Honj?, has been kidnapped by someone unknown. Unable to go to the police, the girl's sister, Mai, hires a private investigator to find out what happened to her. The only piece of evidence is a photograph from the night of Y?'s disappearance, where the missing girl and three other students from the same school are playing a game of mahjong. Jantei Monogatari is a hybrid of a traditional-style Japanese adventure game and a regular mahjong game. The player takes the role of the unnamed private investigator, and moves from place to place via menus, talking to different characters. The investigation happens through playing mahjong with each suspect: win and they'll tell you a bit more of what they know. At first, the investigator can only speak with the three girls in the photo, but as he wins games of mahjong against them, he gains information and experience that allow him to find new clues and talk to more suspects. The investigator will need to play against a dozen different opponents in his attempt to find out what happened to the kidnapped girl.
Jantei Monogatari 2 - Uchuu Tantei Diban - Kanketsu-hen (Japan)	A direct sequel to Jantei Monogatari 2: Uch? Tantei Divan - Shutsud?-hen, the game continues the overarching plot, following the events of the previous game. The evil alien Dora and his sexy female demonic minions are descending on Earth, sending their subordinates to stop Divan and Marie. Divan must use his robot transformation abilities to defeat them, which can only be done when playing mahjong. The mahjong gameplay in this installment of the series is identical to that of its predecessor, including points distribution and execution of powerful transformation moves to gain the upper hand in the round. Unlike the previous games in the series, this chapter eschews the rudimentary adventure gameplay, featuring long non-interactive cutscenes between mahjong matches. Another change is the addition of a new mode that allows the player to compete against opponents from the story mode at any time, without going through the story.
Jantei Monogatari 2 - Uchuu Tantei Diban - Shutsudou-hen (Japan)	Uch? Tantei Divan is a follow-up to Jantei Monogatari, though it can be hardly considered a true sequel because of its entirely new setting and themes. Set in a sci-fi environment, the game casts the player in the role of Divan, a young man who possesses the ability to transform into a powerful supernatural being, and is entrusted by military authorities to protect Earth against an alien demonic attack. This can be done only by defeating the evil minions in mahjong games. Though featuring elements of a Japanese-style adventure game (verb commands that must be selected from a menu to trigger the next scene), the game focuses on mahjong matches against opponents, which occur as dictated by the plot. The game uses standard mahjong rules, with the exception of bonus powers that can be acquired for points distributed after each round and used in subsequent matches.
Jantei Monogatari 3 - Saver Angels (Japan)	The events of Saver Angels take place after those described in the previous installment of the series, when peace on Earth has already been restored thanks to the efforts of Divan and Marie. Three cosmic spirits have lost their way in space and have to descend onto Earth, taking corporeal form. They enter the bodies of three young women who died recently: one in a traffic accident, another from disease, and the third one - a ten-year-old girl - after committing suicide. All three were avid mahjong players, and all three are now revived and endowed with mysterious mahjong powers. A special Mahjong Academy opens, and the Saver Angels (as the group begins calling itself) is ready to defeat any aliens and demons in that ancient Chinese game. Saver Angels restores adventure elements that were absent from the previous game, and even enhances them. The player is now able to move in first-person perspective by pointing and clicking on a spot on the screen. Exploring locations, the player triggers scenes, which in turn lead to mahjong games. A special &quot;mahjong mode&quot; allows the player to choose an opponent from the story mode and challenge her (or him) to a mahjong match right away.
Jim Power in Mutant Planet (Japan)	Jim Power was a hero who one day while travelling through the forest, encountered a dimensional rift into a strange new world. Luckily Jim always travels armed and now he'll need to fight his way past several monsters into a monster stronghold to find his way back home. Jim Power is a side-scrolling platform game, a side-scrolling shooter and a top-view shooter game depending on the level. Jim Power for the most part can jump and has an upgradable gun weapon. He must find fight enemies, bosses and obtain various keys to progress through the levels. Jim also has a &quot;Smart Bomb&quot; power attack which can clear the screen of enemies. In shooter levels, Jim's spaceship only has the ability to shoot and move around the screen avoiding obstacles.
John Madden Duo CD Football (USA) (RE)	The first and only Madden game to appear on the TurboGrafx, it features the standard game modes such as exhibition and season and features full-motion video of plays, fans and many other important events happening on and off the field. It also features digitized voices of the quarterbacks, referees and fans, but the most important being the games namesake, John Madden, who lends his voice talent to the game.
Juuouki (Japan) (Rev 4)	Zeus has called upon you! Only a brave and fearless warrior can save his beloved daughter, Athena, from the cunning clutches of Nelf, evil Lord of the Underworld. Risen from the grave, you are presented with supernatural powers beyond this world. Collect the mystical spirit balls and transform into an awesome array of creatures - as Strongman, punch and kick harder than ever before, as WereWolf and WereTiger, rip the flesh of the demons of hell, and as Bear, knock out your enemies with one bad breath! You hear the distant cries of the beautiful Athena and as the terrors of the Underworld tighten their grasp, the beast within you rises to face the final battle! This game was released only for the japanese NEC PC Engine.
Kabuki Ittouryoudan (Japan) (FAAT)	Kabuki Itt?ry?dan is set in the Tengai Maky? universe, and is a spin-off of F?un Kabuki Den. There is no actual story in the game; various characters from F?un Kabuki Den, headed by the charismatic actor/world-savior Kabuki Danjuro himself, fight each other for no apparent reason - even the &quot;scenario mode&quot; allows the player to choose any of the eight available characters, putting him/her against friends and foes alike, one by one. The characters are a mixture of protagonists, villains, and support characters from F?un Kabuki Den's, including the heroes Kabuki, Okuni, and Zeami, as well as the villains Kikugorou and Garp, and - naturally! - the recurrent stupid ape Mantou. Beside the scenario mode, there is also a Vs. mode, which is basically a two-player mode, allowing two players to fight against each other as any of the eight characters; and a so-called &quot;Life Attack&quot; mode, which randomly chooses AI-controlled opponents for a player-selected character. Kabuki Itt?ry?dan plays like a typical fighting game, the two basic moves being a kick and a punch; other moves are unique for each character and involve strong melee moves or magic-like ranged attacks. For example, Kabuki is able to attack with a sword, while Okuni can set her opponents on fire.
Kagami no Kuni no Legend (Japan)	The protagonist of the game was watching a performance by the Japanese singer Noriko Sakai (NORI-P) on TV. Suddenly, the singer was caught in a whirlwind and disappeared. The hero bravely followed her into a magical alternate dimension, but ended up in a forest, unable to find her. He must now find NORI-P and defeat an evil magician in the process. Kagami no Kuni no Legend is a Japanese-style first-person adventure game. The player interacts with the game world by selecting verb commands from a menu and combining them with objects or characters. Commands such as &quot;Examine&quot; or &quot;Talk&quot; appear at most screens; if an object can be taken, an appropriate command is displayed after the player has thoroughly examined a location. There is also an inventory with items that must be used at specific moments; however, there are no real puzzles in the game. Navigation is done by selecting the &quot;Move&quot; command; in a few locations the player navigates the hero with directional buttons in a pseudo-3D environment. Wrong choices may sometimes lead to a Game Over. Most of the background and character graphics is done in anime style, with the exception of Noriko herself, who appears in digital photos, sometimes accompanied by song performances.
Kaizou Choujin Shubibinman 3 - Ikai no Princess (Japan)	Third game in the Shubibinman series of action platformers. Cyborgs Tasuke and Kyapiko have taken a vacation from all their robot-bashing when they receive a plea for help from the princess of an alien world, naturally our heroes accept and make the journey to outer space, where more robot-bashing adventures await. The game plays like a standard action side-scroller in which you must clear each stage of all enemies using your attacks and make your way to the end-level boss, kick his metallic behind and advance to the next stage. You have at your disposal an energy blade and a small collection of ranged attacks to deal with your enemies, and between certain stages you get to play shooter sequences to spice things up.
Kakutou Haou Densetsu - Algunos (Japan)	Kakut? Ha? Densetsu Algunos is a fighting game. It doesn't have a developed story; rather, it tells background stories of the ten fighters the player can control in the game: Jenius, Asasin, Arcer (sic to all three), Samohan, Greeze, Orga, Lobo, Blocken, Jyobei and Daibuster. The only time the background story is told is when the player selects a fighter in the story mode. Usually, the five &quot;good&quot; fighters have to face the five &quot;evil&quot; ones one after the other (each in different order) if selected in the story mode. Though the game's intro states that it is less about who is good and who is evil, and more about who is the better fighter... The gameplay is for the most part traditional fighting game-style (with the obligatory two-player battle mode as an option to the linear story mode); an important difference is the fact that some of the characters use swords and other weapons, rather than fight with their bare hands. The traditional &quot;kick&quot; and &quot;punch&quot; buttons are called &quot;short attack&quot; and &quot;long attack&quot; here; their execution is unique to each fighter.
Kawa no Nushitsuri - Shizen-ha (Japan)	Fishing role-playing game.
Kaze Kiri - Ninja Action (Japan)	Princess Shizuhime has been kidnapped by a group of ninja under the command of Genbu, and brought to the castle of the malevolent Lord Hiei. The brave young ninja Kaze is summoned by Lord Yoshikage and sent on a dangerous mission: infiltrate Hiei's castle, defeat his minions, and rescue Shizuhime. Kaze Kiri is essentially a beat-em-up with a few distinguishing characteristics. The game consists of traversing fully linear side-scrolling areas, defeating regular enemies and bosses on the way. Before being able to fight the stage boss, Kaze has to vanquish a pre-determined number of enemies, which is displayed as a shared enemy HP on top of the screen. Kaze attacks with his sword when he is near the enemy, or throws shurikens at them from afar. Enemy projectiles can also be blocked by countering them with shurikens. Kaze can also disappear for a moment and re-appear at another location. He can jump, duck, perform somersaults, and grab and throw enemies. Kaze's health regenerates over time if he is not hit repeatedly. Completing the game unlocks another playable character, the female ninja Suzu.
Kaze no Densetsu Xanadu (Japan) (Demo)	In Legend of Xanadu, the player controls a young adventurer named Areios. Monsters attack his homeland, and he is forced to flee. After traveling by ship and arriving at the town Bolda, Areios finds out that strange things have been happening in the North Cave near the town. His first mission will be to venture to the North Cave and investigate the matter. Of course, soon Areios finds himself involved in a battle against sinister forces, and commences the longest and most dangerous adventure of his life! The game is an action RPG set in the Dragon Slayer universe, with a gameplay style similar to Falcom's other popular series, Ys. Controlling Areios, the player explores the top-down world, visiting towns and fighting monsters in vast outdoor areas and dungeons. Like in Ys series, it is sufficient to &quot;bump&quot; into a monster in order to inflict damage. Areios gains hit points and becomes stronger by sustaining damage from enemies and resting. His weapons and armor can gain experience and level up. In many areas, companions will join Areios and help him in combat, controlled by the computer AI. The game is divided into chapters; the final stage of each chapter is a side-scrolling/platform level, which Areios has to navigate in order to reach the boss enemy, defeat him, and end the chapter. In such stages, the combat turns into a more familiar action-oriented style, with the player being required to press buttons in time in order to execute attacks and jump. There is a day/night cycle in the game, manifested not only in graphical changes, but also in the schedules of townspeople: when it's dark, people will return to their homes and go to sleep, etc.
Kiaidan 00 (Japan)	In 21st century, Tokyo was suddenly attacked by combined forces of robotic and organic alien races. A special giant mecha fighter craft was constructed in order to avert the threat. A young pilot is sent on the most dangerous mission of his life. Kiaidan 00 is a horizontally scrolling sci-fi shoot-em-up. The basic gameplay is similar to other games of this genre; however, the weapon system differs from the traditional power-up and upgrade style. The player character has all the weapons at his disposal from the very beginning. The five weapons include spreading energy blasts, focused multiple shot, laser beams that travel in different directions, an energy ball that protects the ship from frontal assaults, and an extended arm that hits enemies melee-style. The player can cycle through and choose any of these weapons at any time. Instead of the traditional secondary weapon system the game offers charged modes for all the weapons. When a weapon is charged it either becomes more powerful or gains new properties (for example, the extended arm becomes longer and is controlled from a distance). The player character's health is represented by shield units, which can also be picked up in the stages. Dialogue and cutscenes advance the story between and within missions.
Kick Boxing, The (Japan)	Endorsed by André Panza, this video game adaptation of Thai kick boxing features over 35 moves. Use the training gym to build up your character's abilities until you feel ready to take on an opponent. You also have the ability to customize your attacks. When you are ready, go to the ring to take on various opponents as you try to become the best kick boxer in the game.
Kisou Louga (Japan) (FABT)	Kisou Louga is an interesting mix of fantasy war game and role playing game. The game offers awesome full screen animations. The game starts as the two main characters (Buaisu and Gaimu ?) rescue a beautiful girl (Erena) being chased by dark and evil knights. She joins them and tells the story of an evil man and his army of knights. As any traditional strategy game, fights are round based and always start with a scrollable top view of the battle field. During each round, you can either move your characters or engage a close combat if you are close enough to your enemy. The view then zooms in and displays your opponents and yourself, and enclose any characters near to this area. The game is really varied and the Japanese language is only a limitation if you want to know more about the storyline.
Kisou Louga II - The Ends of Shangrila (Japan)	The Ends of Shangrila is a direct sequel to Kis? Louga. Vaice is on the way to his home country Distoria when he witnesses a group of bandits desecrating a temple. Shortly thereafter he encounters a young woman named Tifire, who describes herself as a fellow Guardian. Vaice and his friends soon draw the ire of a might empire and have to fight for their lives and the destiny of what they hold dear. The gameplay is similar to that of the previous game, consisting of turn-based battles between Vaice's party and various enemy organizations. Role-playing elements have been enhanced, featuring an experience points system that makes character growth available. Like in the first game, contact with an enemy initiates a separate battle. These battles are more tactical in this installment, taking place on an isometric screen and allowing character movement.
KO Seiki Beast Sanjuushi - Gaia Fukkatsu - Kanketsu-hen (Japan)	This release walks a fine line between an updated version and a full remake of KO Seiki Beast Sanj?shi: Gaia no Fukkatsu. The game follows the same story for the most part, and contains the cut scenes from the original version. Like most PC Engine (TurboGrafx) CD games, it features voice acting during cut scenes and CD audio tracks. Several cut scenes were added, and some dialogues expanded. Though the story progression and the areas the characters have to traverse in order to advance it remain intact most of the time, the gameplay system has received an overhaul, being essentially developed from scratch. The &quot;RPG-lite&quot; feel of the original version is now somewhat compensated by the ability to equip weapons and armor, as in most RPGs. Combat engine has also been modified; instead of the isometric battle screens of the original, the battles are now viewed from &quot;over-the-shoulder&quot; third-person perspective, with player-controlled characters visibly attacking the foes, similarly to Phantasy Star IV.
Kuusou Kagaku Sekai Gulliver Boy (Japan)	The game is based on the anime Gulliver Boy, created by Teruhisa Hiroi. Gulliver is a young boy who studies magic in a school in a small town in Italy, but is bored with the studies and craves adventure. After he gets his magical diploma, he goes to Venice to hook up with his best friends - the girl Misty, who has healing powers, and the genius inventor Edison. Together, they must stop the plot of the Spanish crown to dominate the world. K?s? Kagaku Sekai Gulliver Boy differs greatly from the Super Famicom interpretation of the anime. Unlike that action role-playing game, it is a traditional Japanese-style turn-based RPG. It utilizes traditional battle system with a four-heroes party, physical attacks and magic, etc. Stand-out features include a money system that is based on trading rather than obtaining gold from defeated foes, and the fact that the enemies are visible on the field and the combat initiates once Gulliver comes into contact with them, rather than appearing randomly. Much of the exploration in the game is done by navigating a ship across the Mediterranean sea. Though story progression is linear, several areas of the game's fairly vast world can be explored in a non-linear fashion. The setting is loosely based on real world locations, with deliberately stereotypical, comical and anachronistic elements, involving science fiction and supernatural themes. The game features full-motion anime-style movies (instead of comic-book-like cutscenes typical for PC Engine CD games) and voice acting.
L-Dis (Japan)	One day during a school break, a boy and a girl met in the yard and started drawing monsters and mechanical devices on the wall. Suddenly, a mysterious vessel appeared and swallowed the girl. All the creatures drawn by the children became alive - but so did a little fighter plane, which the boy immediately boards and goes up towards the skies, searching for the girl. L-DIS is a horizontally scrolling shoot-em-up with cartoon-like visuals and humorous overtones. The player can choose between three different weapon setups in the beginning. Power-ups are obtained by shooting little winged yellow creatures encountered in the stages. These power-ups rapidly change properties and can either enhance the strength of the main weapon, add a secondary one, or grant the protagonist protective shields or bombs that can eliminate all the enemies on the screen. Bosses and mini-bosses are present in most of the levels.
Lady Phantom (Japan) (FABT)	In a galaxy called Urora, two star systems were engaged in a prolonged war for domination: the federation of Soron and the Vado Empire. A peace treaty was signed between them; but the governments of either side knew that sooner or later there will be war again. The scientists of Soron developed a highly advanced technique, infusing human organism with powers of spirits. Five young ladies, under the command of Jennifer Sylkis, were imbued with this augmentation, which allowed them to pilot giant combat robots. Soon the fight for galactic supremacy will begin... Lady Phantom is a turn-based strategy game. The game consists of linear missions, which take the player to large strategic battles; the goal is usually to eliminate all enemy units, though mission objectives such as reaching a certain area or preventing a certain key character from getting killed are also present. The player commands the five combatants, choosing their equipment before each battle. The battle screen is composed of hexagons; the characters have turns depending on their agility rating. When player-controlled or enemy character attack each other, an automatic battle sequence ensues.
Langrisser - Hikari no Matsuei (Japan)	Warsong is the only title of a series of strategy games, known as Langrisser in Japan, to ever see an official release outside of Japan. It is set in a typical medieval fantasy setting and features traditional turn-based combat. The player controls several generals who can command up to eight different units ranging from ordinary soldiers and archers to more exotic creatures like mermen or lizards.The generals fight alongside their units, however they are much more powerful and are able to use more diverse commands than just moving and attacking, like recovering a small amount of HP or casting spells. Each unit has certain strengths and weaknesses; for example soldiers are good against archers but weak against cavalry etc. Combat is also influenced heavily by terrain types. When two units engage in combat a small animation, similar to those seen in Advance Wars or Fire Emblem, is shown.
Laplace no Ma (Japan)	The town Newcam, Massachusetts, 1924. On the outskirts of the town stands the Weathertop mansion. It was just an ordinary place until the last owner, Benedict Weathertop, started practicing black magic. He killed his parents and populated the mansion with all kinds of undead. Since then, nobody dared to approach the mansion. But a short while ago, two boys were found dead near this horrible place. Apparently, the boys had tried to enter the mansion. Another evidence pointed out that a girl followed them - but her body hasn't been found yet, and there is a slight hope she might be alive. This is where you, the hero of the game, decide to investigate the mystery, and to venture into the mansion... Laplace no Ma is a Japanese-style RPG with horror elements. You are not stuck in the mansion, but can leave it, visit the town, and buy supplies. Later you also visit other locations such as a castle, etc.
Laser Soft Visual Collection Vol. 1 - Cosmic Fantasy Visual-shuu (Japan)	A collection of the visual scenes from Valis II, III and IV for those who find playing the games too much of an interactive experience.
Laser Soft Visual Collection Vol. 2 - Valis Visual-shuu (Japan)	A collection of the visual scenes from Valis II, III and IV for those who find playing the games too much of an interactive experience.
Last Alert (USA)	In the near future, a cabal of 4 very evil, powerful men known as The Force is planning world domination through the use of a Super Weapon known and Indra. You are Guy Kazama, a general-purpose bad-ass soldier who can stop these guys. You must take out each of the conspirators one by one and destroy the Indra before it becomes fully operational. Last Alert is a shoot-em up played from a top-down perspective. You move Guy around more than 20 levels and shoot everything that stands in your way.
Last Armageddon (Japan) (Rev 5)	The Earth has changed. We don't know yet what happened to humanity, but we know it was eradicated. The new Earth is called Makai - the Demon World. Generations of mythological creatures dwell upon the planet, from which the human being has mysteriously disappeared. One day, a wave of energy hits the Earth. The leaders of the demons realize that a robotic alien race from outer space threatens their existence. The explosion turns earth into a wasteland. Many demons die in the chaos of destruction. It is now up to the remaining demons to fend off the alien invaders, to bring back peace to the demonic race, and perhaps to find out more about the tragic fate of humanity. Last Armageddon can be described as a post-apocalyptic Final Fantasy. Instead of a party of four light warriors who fight hordes of demons, you have a party of four demons who fight... no, not hordes of light warriors, but mysterious robot-like aliens.
Legend of Xanadu - Kaze no Densetsu Xanadu (Japan)	In Legend of Xanadu, the player controls a young adventurer named Areios. Monsters attack his homeland, and he is forced to flee. After traveling by ship and arriving at the town Bolda, Areios finds out that strange things have been happening in the North Cave near the town. His first mission will be to venture to the North Cave and investigate the matter. Of course, soon Areios finds himself involved in a battle against sinister forces, and commences the longest and most dangerous adventure of his life! The game is an action RPG set in the Dragon Slayer universe, with a gameplay style similar to Falcom's other popular series, Ys. Controlling Areios, the player explores the top-down world, visiting towns and fighting monsters in vast outdoor areas and dungeons. Like in Ys series, it is sufficient to &quot;bump&quot; into a monster in order to inflict damage. Areios gains hit points and becomes stronger by sustaining damage from enemies and resting. His weapons and armor can gain experience and level up. In many areas, companions will join Areios and help him in combat, controlled by the computer AI. The game is divided into chapters; the final stage of each chapter is a side-scrolling/platform level, which Areios has to navigate in order to reach the boss enemy, defeat him, and end the chapter. In such stages, the combat turns into a more familiar action-oriented style, with the player being required to press buttons in time in order to execute attacks and jump. There is a day/night cycle in the game, manifested not only in graphical changes, but also in the schedules of townspeople: when it's dark, people will return to their homes and go to sleep, etc.
Legend of Xanadu - Kaze no Densetsu Xanadu II (Japan)	Legend of Xanadu II continues the story of the first game. Once again, the player controls the adventurer Areios, who emerged victorious after the final battle in the end of the first game. Together with his friend Daimos, Areios is looking for their other friend, who has disappeared. On the way, their ship is attacked by the evil Dragon Riders. It seems the search won't be as easy as they have thought, as Areios gets involved in a dangerous adventure again. The sequel is very similar to the first game gameplay-wise. The player explores towns, vast outdoor areas, and dungeons, engaging enemies in real-time combat. Damage is inflicted upon the enemies simply by running into them, without any special attack button. There are various weapons to equip, and they level up in proficiency the more the player uses them. Areios gains additional hit points depending on the damage he receives. Party members help him in battles, controlled by the AI. The day and night cycle of the previous game has been removed. Like in the previous game, there are side-scrolling segments which lead to boss battles at the end of each chapter. Compared to the first game, these stages are noticeably shorter, each containing only the boss fight itself, omitting platforming sections with regular enemies. Bosses must be fought using conventional action gameplay, attacking by pressing a button and jumping to avoid their attacks. It is also possible to defend actively and perform attacks in different directions. The player may opt to fight the bosses alone or select one of the available companions, either AI-controlled or in two-player mode.
Legion (Japan) (Rev 4)	Legion is a horizontally scrolling shoot-em-up. The player controls a fighter pilot who defends an unnamed futuristic Empire from an assault of mechanical creatures. In spite of the game's exclusively Japanese release, the protagonist delivers voiced monologues in English, musing over his mission, at the beginning of each stage. The game has a traditional power-up system with a basic weapon power-up that changes its color rapidly when revealed (red for vulcan gun, green for lasers, blue for missiles), as well as assorted collectible letters that either enhance the strength of the gun with additional shots, add a secondary weapon (such as bombs), or provide the ship with a protective shield. In addition, a powerful all-screen attack can be executed by pressing the second action button. At several points during the game the player is able to choose the next stage among two available ones.
Lemmings (Japan)	Your task is to rescue the Lemmings across 120 levels of fast-paced puzzling. These creatures simply walk blindly through the world in the hope of reaching safety at the end of the level - unfortunately these levels include steep drops, gaps in the ground, barriers and rivers amongst other hazards. You are in control not of any individual Lemming, but of a cross-hair, which can be moved over any of the Lemmings. Along the bottom are a selection of functions which can be assigned to a Lemming, including climbing, floating and bashing. You must click to select the appropriate function, then click on the Lemming to activate it. Each level has a different range of skills on offer, a different amount of Lemmings, and a different percentage target in order to progress.
Linda^3 (Japan) (Rev 1)	An asteroid is nearing the planet Neo Kenya. Scientists warn that the planet might be completely annihilated by it. In a most unexpected turn of events, a deity known as Anubis spoke to people and asked them to save the planet's animals before the asteroids hit it. Anubis sent the humans a huge ship - a magnified version of Noah's Ark - and demanded that one man and one woman should dedicate their time to saving the animals. A whole special team has been assigned to the project. Ken is one of the youngest members of the team, and he is sent on the grand mission to save the animals, together with his childhood sweetheart, the lovely Linda. This somewhat unusual premise translated itself into the gameplay mechanics. Though Linda³ is first and foremost a Japanese-style RPG - with top-down &quot;world map&quot;, towns, turn-based combat, simple leveling up, focus on narrative and characters, and so on - it also has gameplay features rarely seen among games of its genre. There are no random enemies in the game; they are visibly walking on the screen, and a contact with them triggers familiar turn-based battles (viewed from first-person perspective). Hostile animals should not be killed, but captured. They can be then used in towns for a variety of purposes, including weapon and armor enhancement, food, etc. Animal saving is pivotal to the game's plot progression; in fact, at the very beginning of the game, the game offers three selectable difficulty levels, which are determined by the amount of animals Ken must save in order to complete the mission. Beside hostile animals, there are also certain types of animals (such as dogs) that will join the party and fight alongside Ken and Linda.
Loom (USA)	Loom was the fourth game to use the SCUMM scripting language. The game follows Bobbin Threadbare as he learns how to use his magical powers through his distaff and as he eventually saves the world from the Lord of Chaos, who was unraveling the Loom (the source of power for the members of the weaver's guild). Loom is an adventure game that sets itself apart from other titles in the genre through its unique gameplay system: the player character does not carry items around, but rather manipulates objects through the use of spells (called &quot;drafts&quot; in the game). The drafts themselves are woven by playing magical notes on a special instrument called &quot;distaff&quot;. All the puzzles in the game are solved by learning and correctly applying these drafts. Although the PC Engine version is CD based, it isn't a port of the PC CD-ROM version. Instead, it features mixed visuals from the 16- and 256-color versions adapted to the PC Engine's color palette and enhanced CD soundtrack with no spoken dialogue.
Lord of Wars (Japan)	Lord of Wars is a turn-based tank strategy game. The player can choose between a scenario and a training mode. It is possible to select commanders and unit types; in the training mode the player can also choose between three different map types, while in the scenario mode player-controlled army advances on a given map in a semi-linear fashion, each location represented as a flag, with the goal of conquering the entire area. All the units in the game are tanks of various types. The player can customize them and assign general tactics regarding their advancement and battle behavior. When a player-controlled and an enemy tank meet on adjacent squares on the battlefield, an automatic battle ensues, the results calculated according to the tank's statistics.
Lords of the Rising Sun (USA)	Japan, 12th century. After your father has been murdered, you set out on a quest to become Shogun to restore the honor of your family. You'll have to defeat all your enemies - including your brother. Most of the time, you'll move your troops through the big map of Japan - as soon as something happens, you'll have to fight your enemies in action sequences, such as a Gauntlet-like fortress attack or defending against a Ninja assassin. If two troops collide, a battle might ensue in which you'll have to use all your strategical wits to guide your men to victory. In the CD-i version the informative sequences include life actor FMVs and voice acting as well as new background art.
Lords of Thunder (USA)	Lords of Thunder is a side-scrolling shooter that has you take on the role of a legendary warrior, blasting enemies to heavy-metal tunes. Your enemies are plotting to revive Zaggart, &quot;The Dark One,&quot; who was sealed beneath the six continents of Mistral. It's up to Landis, descendant of the heroic Dyu, to stop them. Choose the order in which to attack the six stages. Before each stage, select one of four magic armors and use crystals you've collected during your battles to buy items. Then get ready to face awesome enemies like a fire-spewing sea serpent or a giant insect.
Mad Stalker - Full Metal Force (Japan)	Mad Stalker: Full Metal Force is a Japanese beat 'em up video game originally produced by Fill-in-Cafe and published and distributed by FamilySoft for the Sharp X68000. The music was composed by Keishi Yonao.
Madou Monogatari I - Honoo no Sotsuenji (Japan)	In this game, you play a young apprentice sorceress named Arle. She studies at a magic school, and is about to take her most important examination: go to the Tower of Satan, defeat the enemies and overcome all the obstacles on the way using her magic power! Mad? Monogatari I is a role-playing game. Featuring characters from the Puyo Puyo games, it is set in a 3D dungeon which you explore from first-person perspective. Combat takes place on a side-scrolling screen, and is a mixture of turn-based and real-time styles. Enemies attack you even if you wait, but you have time to perform your moves. You should hold down buttons and press direction arrows to execute various magic spells.
Magical Dinosaur Tour (USA)	The Magical Dinosaur Tour is an extensive dinosaur database. Several modes may be accessed from the main menu, most of which lead to visual presentations and descriptions of various dinosaurs. Individual dinosaur data can be accessed by viewing geological periods and geographical areas (e.g. China of the Cretaceous period) and selecting dinosaurs appearing on the screen; browsing a dinosaur list alphabetically; viewing a genealogical tree; and finally viewing dinosaurs by phylum and family. Most areas can be scrolled to the sides and some of the dinosaurs present themselves with voice-overs. There is also a variety section that allows viewing various dinosaur-related records and specifications (such as the tallest dinosaurs, inhabitants of cold areas, etc.). Another section is dedicated to animated sequences depicting various locations and dinosaurs.
Magical Saurus Tour (Japan)	The Magical Dinosaur Tour is an extensive dinosaur database. Several modes may be accessed from the main menu, most of which lead to visual presentations and descriptions of various dinosaurs. Individual dinosaur data can be accessed by viewing geological periods and geographical areas (e.g. China of the Cretaceous period) and selecting dinosaurs appearing on the screen; browsing a dinosaur list alphabetically; viewing a genealogical tree; and finally viewing dinosaurs by phylum and family. Most areas can be scrolled to the sides and some of the dinosaurs present themselves with voice-overs. There is also a variety section that allows viewing various dinosaur-related records and specifications (such as the tallest dinosaurs, inhabitants of cold areas, etc.). Another section is dedicated to animated sequences depicting various locations and dinosaurs.
Magicoal (Japan)	The boy Rhun and the girl Melvy live in a quiet forest village, both studying the art of magic. They enjoy a peaceful life, learning the secrets of the spirits and magical creatures populating the area. But on one fateful night, everything changes. A horde of goblins invades the village, burning it down. And it looks like the local church is in cohorts with a powerful demon bent on destruction! Before the heroes can realize what is happening, they are forced to escape into the forest, with only their magical powers at their side... Magicoal is a &quot;pseudo-RPG&quot;, i.e. an action-adventure with some minor RPG elements (money, items, etc.), but without an experience system of any kind. It can be played in two-player cooperative mode, controlling Rhun and Melvy, or as a single-player game, choosing one of them and letting the computer AI control the other. The player(s) can switch between the two at any time. Most of the game is dedicated to exploring top-down areas populated by enemies, and dealing with them in action-based combat, primarily relying on magical spells. While some of the spells have unlimited use, others must be &quot;refilled&quot; with special items found or dropped by the enemies. Rhun and Melvy learn spells unique to each character, of various elemental affinities and general usage (offensive, support, etc.). Money can be collected from enemies as well and then used in shops to buy items.
Mahjong Clinic Special (Japan)	Mahjong Clinic Special is a follow-up to Mahjong Clinic: Z?kang?, and has a similar theme and gameplay system. The player controls a school principal who brings female students to the hospital to do some tests. The player can then select various hospital rooms on a map; traveling to these locations triggers short conversations, which invariably lead to mahjong games against nurses, schoolgirls, patients, etc. A separate game mode is available, allowing the player to directly compete in mahjong against opponents from the story mode.
Mahjong Lemon Angel (Japan)	Mahjong Lemon Angel is a mahjong game disguised as a high school romance. The player takes the role of a male exchange student who is determined to find a girlfriend, putting an end to his lonely feelings in the new town. The three love interests in the game are Tomo, Erika, and Miki, characters from the TV series Lemon Angel, which are based on real people. The player can either choose to play through the story mode (each girl having a separate story), or compete against any of the three girls in mahjong directly from the main menu.
Mahjong on the Beach (Japan)	In Mahjong on the Beach the player controls a young man in a large coastal city, who meets various scantily clad young women and plays mahjong with them. The player character can be navigated on a top-down map, accessing locations that lead to semi-random encounters with girls and subsequent mahjong games. Winning these games unlocks new locations and allows purchase of items that can be used during the encounters to the player's advantage. In the versus mode the player can directly compete against any of the girls; however, this mode contains only mahjong matches themselves, without any graphical indication as to which opponent the player character is facing.
Mahjong Sword - Princess Quest Gaiden (Japan)	Princess Quest: Mahjong Sword is a medieval-themed, story-driven mahjong game. On the continent of Audores, princesses of various countries and other noble ladies compete in the game of mahjong, trying to gain possession of the sacred titular sword. The player takes control of the young warrior Rutia, who must defeat five opponents on her way to glory. Mahjong matches follow the typical one-on-one scheme, but the results are presented as battles, with animated attacks and hit points depleted. Money gained from winning mahjong games is spent in the shops on items that can be later used before a mahjong match for various bonuses. Opponents also undress when losing a mahjong game. The computer version has scenes with explicit nudity as well as torture at those points. The PC Engine (TurboGrafx) CD version only displays scantily clad women, removing nudity and torture scenes.
Mahjong Vanilla Syndrome (Japan)	In Mahjong Vanilla Syndrome, the player takes the role of a young man who finds a mysteriously-looking little house, opens the door - and falls through a portal into another dimension! There, he is greeted by a cute bunny-eared girl named Vanilla (perhaps it should have been Bunnyla, but we'll never know), who says she is the guardian of the portal, and if he wants to return home, he'll have to defeat her and the other guardians in the game of mahjong! The game has two modes: story mode, which puts the player against Vanilla and advances the story after mahjong rounds; and battle mode, which allows the player to choose between three cute female opponents, and also change some of the game's rules.
Makai Eiyuuden - Shape Shifter (Japan)	The Dark Ones have captured the Ring of Five and imprisoned the wizards that guard it. A barbarian named Lykos has the power to transform into different creatures. He needs to rescue the wizards and the Ring of Five from the Dark Ones before they invade his home, Krellion. Shape Shifter is a side-scrolling action game with platforming and light role-playing elements. Much of the game consists of traversing hostile areas, fighting regular enemies on the way and defeating bosses. The game's &quot;hub&quot; area is a town where Lykos can replenish his health and buy any of the three available weapons (axe, mace, or bow). These weapons can be upgraded by enchanting them or picking up power-ups. After Lykos rescues a wizard he gains access to a transformation power. Transformations require special gems and cannot be performed if Lykos runs out of them. There are four transformations in the game: the panther can jump over large gaps; the shark can swim; the golem can jump higher; and the golden dragon can fly. Each of these forms can also collect power-ups that unlocks a few other attack abilities. The game's stages are interconnected, but usually a new form must be acquired before Lykos can access a new area. Lykos has eight lives consisting of smaller health units (hearts). The game can only be saved in the town.
Mamono Hunter Youko - Makai kara no Tenkousei (Japan)	Makai kara no Tenk?sei is based on the anime series Devil Hunter Yohko. The anime focuses on Yohko Mano, a Japanese high school student who discovers that she is the 108th Devil Hunter, destined to fight supernatural evil beings in accordance with her legacy. The game puts the player in the role of Shoma, a new exchange student who meets Yohko and her best friend Chikako at his new school. Miraculously, the three are teleported into a parallel dimension, and the reluctant hero discovers, to his amazement, that its inhabitants seem to be familiar with him. The game plays like a typical Japanese-style adventure, with a menu of verb commands (Look, Talk, Think, and Move) at nearly every screen, some leading to object lists. It is often necessary to go through the commands several times to unlock a new one or trigger events. Limited menu-based navigation is also present.
Mamono Hunter Youko - Tooki Yobigoe (Japan)	Tooki Yobigoe is a direct sequel to Mamono Hunter Y?ko: Makai kara no Tenk?sei, continuing where the story of the previous game left off. Yohko, Shoma and Setsuna are attacked by demons on the flying ship, and have to use their recently found powers to fend them off. As opposed to the previous game, where Shoma was the protagonist, Yohko is the player character in the sequel. Gameplay-wise, the puzzle-less Japanese adventure format is further utilized. Verb commands must be selected from a menu and sometimes combined with objects or character names for interaction. It is often necessary to repeat commands several times to trigger the next event.
Manhole, The (Japan)	Like Alice in Wonderland, you are a child jumping into a magical world filled with fantastical places and peculiar characters. The world can be navigated screen by screen, by clicking the mouse where you want to go. Many objects on each screen can be clicked to find hidden animations and sounds. Exploring the completely open world, you can listen to and have educational conversations with Mr. Rabbit, Mr. Dragon, and others. The Manhole is aimed at children, and focuses on exploration and experimentation. There is no progress to be made, no goal to be reached, and the player can not fail. The entire world is accessible from the start. The original Macintosh version consists of six black-and-white stacks for the Macintosh's HyperCard software. Ports to other systems added color graphics.
Martial Champion (Japan)	Martial Champion is a versus fighting game similar in concept to Street Fighter II. There are ten characters to choose from, each representing his or her own country. The main protagonist is a Japanese martial artist named Jin; others include his countryman Zen, a kabuki fighter; a Chinese kung-fu expert and a vampire from Hong-Kong; an Egyptian princess; a scimitar fighter from Saudi Arabia; a spear-wielding Kenyan warrior; a French weapons specialist; and two North Americans - an eyepatched soldier and a blonde female ninja-like fighter. There are three modes in the game: a tournament mode, in which these characters compete against each other before facing the final boss; a versus mode; and a group fighting mode, in which each player selects several fighters to represent in a series of one-on-one battles. The fighting scheme resembles that of Yie Ar Kung Fu, though with a simplified handling of high, medium, and low attacks. Some of the characters use weapons in battles; it is possible to knock these weapons out of their hands and use them against their owners.
Mashou Denki - La Valeur (Japan)	In this game, the player controls a swordsman named Alan. One day he arrives at the village of Flodi, and finds out that his help is needed: the daughter of the village elder, Sophia, has been kidnapped by monsters and taken into the nearby cave. Naturally, rescuing Sophia is just the first quest among the many perils that await the hero on his journey... La Valeur is a RPG that mostly follows the Japanese format: the hero wanders through the top-down locations, fighting randomly appearing enemies in turn-based combat, gaining money and experience, leveling up automatically, and advancing the story in a linear fashion. However, there are also some less traditional features in the game. There are three classes of weapons, distinguished by the type of damage they inflict: slashing, piercing, and bludgeoning. Different types of enemies are strong/weak against different classes of weapons. Magic is learned by obtaining keys from wizards in various towns, searching the surrounding areas for treasure chests, retrieving magic rings of different kinds from them, and then bringing them back to the wizard to learn new spells. The entire quest is played solo, without party members. There is no &quot;world map&quot;, which is characteristic for other games of this kind. The gameplay is heavy on &quot;level-grinding&quot;; typically, a certain level must be reach in a given area before the hero is able to defeat the boss enemy. After having reached this level, regular enemies of that area stop giving experience points.
Master of Monsters (Japan)	Master of Monsters is a turn-based strategy game in which you choose one of five different wizards and fight the other wizards for domination of the land that stands without a ruler after the master wizard's death. You can play in two campaigns against the computer which requires you to defeat the enemy wizards on all maps and allows you to take all units that have survived a battle into the next one. You can also play all maps individually with up two four human players. In battles, you can summon different monsters and cast spells. Which monsters you can summon and which spells you can use depends on which wizard you have chosen. Your aim in every battle is to defeat all other wizards and thus conquering the land (In the campaigns you only have a limited number of turns to do so). Your wizard and monsters gain experience from fighting and your monsters' abilities differ largely from one-another.
Mateki Densetsu Astralius (Japan)	It was just an ordinary cruise ship gig for the four musicians. The band leader, known only as the Flute (the player names him and the other heroes before the game begins), never thought that it will end in such a way... Suddenly, a tornado engulfed the ship, and the poor musician found himself in the magical world populated by angelic creatures and monsters! Naturally, this world, called Astralius by its inhabitants, needs salvation. Only the Magic Flute can avert a demonic threat. Apparently, our hero is the only flutist in all the dimensions, since it is now his task to take the unlikely role of a noble paladin, find other musicians to help him on his quest, and show everyone that music can, indeed, save the world! Despite the somewhat unusual choice of protagonists, Mateki Densetsu Astralius is quite an &quot;old-school&quot; Japanese-style RPG. The player controls the nameless flutist and other musicians (trumpet player, drummer, etc.), who later join the party, exploring the top-down world, visiting towns to buy weapons, armor, and items, descending into dungeons, automatically leveling up, progressing the story in a linear fashion, and fighting randomly appearing enemies in turn-based combat viewed from first-person perspective. Casting magic spells is called &quot;performing&quot; in the game, though it requires magic points, like in other games of this kind. Those magic points must be bought in special shops. Unlike most other PC Engine (TurboGrafx) CD RPGs, there are no voice overs or animated cut scenes in this game.
Megami Paradise (Japan)	In a magical country where only women dwell, young girls study in a magic school to become powerful and benevolent goddesses. One day, four magical orbs fell into the hands of a student named Rin-Rin. The clumsy girl managed to lose all of them, without understanding what this could lead to: nobody knows what will happen if the orbs fall into wrong hands - those of the dark goddesses! Aided by a little fairy named Pop, Rin-Rin has to gather the legendary goddesses and to find a way to retrieve the orbs. Megami Tengoku is based on an anime of the same name (translated as Megami Paradise). It plays like a traditional top-down Japanese RPG with turn-based combat. Rin-Rin uses magical spells to fight enemies. An unusual feature of the game is the ability to change clothes, and the fact that every dress changes the graphical appearance of the character.
Metal Angel (Japan)	Metal Angel is a managerial simulation game that takes place in the futuristic society of 2014, where battles between fighters in mechanized suits have become a major sports event. The player takes control of a coach who must train five young women of different backgrounds, all of which aspire to become a professional fighter. The coach's statistics are generated by answering a series of questions in the beginning of the game. Each of the girl also has her own statistics that must be carefully monitored. With the exception of automatized events, the game consists of creating schedules for all the girls for one week in advance, and then watching how their attributes change. Activities include battle training, gymnastics, running, resting, etc. All the activities are displayed as small animated segments on the same screen.
Metal Angel 2 (Japan)	The follow-up to Metal Angel is, like its predecessor, a managerial simulation in which the player character trains young girls to become champions of a fighting championship where participants don mechanized power suits. The player controls a manager rather than a coach in this installment, and must keep an eye on the finances as a result. Also, instead of training all the five girls from the first game, the player's answers to the questions posed by the assistant in the beginning of the game determine the choice of the trainee among the same five characters. The player must make schedules for the fighter, which include various training and recreational activities. The manager can hire coaches with their own programs, or input activities individually. The battles themselves allow little input, with the player being able to choose between various types of attacks by selecting them from a menu; the outcome of the battle largely depends on training and individual statistics.
Metamor Jupiter (Japan)	The plot of Metamor Jupiter is simple: a biological mutation causes an alien race to spread all over the galaxy. Armed with advanced technology, the aliens sent their machines and robots to face humanity in a cosmic battle. To counter that, the humans draw from the newly discovered crystal energy to deploy a unit of powerful fighter crafts, which can change their shapes in an instant, adapting to every situation. The player controls one of such crafts, and has to fly and shoot his way through side-scrolling levels populated by regular enemies, bosses, and various types of hazards. Other fighters will accompany the player-controlled machine from time to time, but they usually don't survive the robotic onslaught, and the player character is left to fend for himself. As the premise implies, the defining feature of the game is the fighter craft's ability to change shapes. The three main variations have two weapons each, which are suited for different situations. For example, one of the forms has vertical fire, but lacks powerful explosives; another can drop bombs, but has a slow forward beam attack, etc. Each of the forms can gather power-ups, which will strengthen the conventional weapons. Unlike most shooters of this kind, there are no &quot;lives&quot;; instead, the player-controlled plane has a set amount of hit points, parts of which are depleted when it gets hit. Hit points can be restored by catching power-ups scattered across the levels.
Might and Magic (Japan)	Might and Magic Book I on TurboGrafx CD is a role play in the medieval world of Varn where one of the 4 kings who reign over the country happens to be an imposter coming from space. Your goal is to stop the extraterrestrial invasion by creating a team of 6 characters that you lead in the first person. You can specify the class, gender and age of your characters, but be careful with this last choice, they can indeed die of old age ...
Might and Magic III - Isles of Terra (USA)	Emerging from the depths of the nebulous void, there came four lords. To each lord, a dominion: fire, water, air, and earth. But each lord lusted for more - to be the ultimate ruler of the void. The four lords of the elements descended into a hideous conflict that unleashed a raging storm.
Minesweeper (Japan)	Minesweeper is a minesweeping game, just like the one included in every copy of Microsoft Windows since ancient times. On a grid, the player clicks in a cell and hopes that it is not occupied with a mine. If it isn't, that cell is filled with a number, which indicates how many mines there are in adjacent cells. Using logical thinking, looking at the relations between different number cells, the player can conclude which cells contain a mine and mark them as such. Once all cells are revealed, the player progresses to the next minefield. Three main game modes are available, differentiated by the size of the minefield: 9x7, 12x12 and 18x14. Clearing a minefield takes the player to another one of the same size, but with more bombs to clear. A second mode is a mission mode (&quot;voyage mode&quot; in the PC Engine version), where the player is presented with 10 minefields each in 7 locations around the world. The first ones are very small, only 4x4, growing larger and larger from then on. What is different about the mission mode is that a few cells in the minefield are revealed from the start, putting the player's ability of deduction at test. The editor mode allows players to construct a minefield of their own, by inputting parameters of size and amount of bombs. The Game Boy version can also be played by two players via a link cable. The PC Engine (TurboGrafx CD) version contains an additional mode entitled &quot;Cook's Quest&quot;, in which the player has to help a cook to escape from falling boulders in a cave, represented by mines on a familiar minesweeper field.
Mirai Shounen Conan (Japan)	Straightforward platform game based on famous anime director Hayao Miyazakiâ€™s TV series.
Mitsubachi Gakuen (Japan)	Mitsubachi Gakuen is an adventure game in which the player takes the role of a teacher in the Mitsubachi Academy, entrusted with the task of helping its female students to reach stardom by monitoring their studies and activities. The game is divided into four seasons, each with a sub-plot of its own (e.g. preparing to a competition with another school and handling intrusive journalists and possible spies), and each dealing with a team of five different girls. The player can check the dossier of all the twenty students at any time and learn more about them. The game features digitized photos of real people instead of the more common anime-style character graphics. Gameplay-wise, the game features a traditional menu containing verb commands for examining the environment, talking to characters, checking the inventory, moving to another location, etc.; most of these verbs lead to a list of possible objects to interact with. There are no puzzles, but a few instances require the player to make the right choices in order to continue the game; in other cases it is possible to slightly branch the plot by making a decision.
Monster Lair (USA)	Feeling more like the first Wonder Boy than the second, Monster Lair is a fast-paced auto scrolling platform game. The levels are split into two stages, the first being a platform stage, the second a shoot 'em up stage which ends in a boss. During the game your energy counts down, so you must keep picking up fruit to replenish yourself. There are a variety of weapons to collect - lasers, spread shots, spinning shields and so on, but these are also on a timer and do not last long, so weapon switching is frequent to avoid being left with your basic short range sword shot. The game is single or two player simultaneous.
Monster Maker - Yami no Ryuukishi (Japan)	Yami no Ry? Kishi is a Japanese-style role-playing game based on the setting and themes of the card game Monster Maker and its subsequent table RPG incarnation. The player takes control of a young girl named Raia, who finds out that she belongs to the race of half-elves. Blamed for attacks on her village, she is expelled from her homeland and sets off on a journey to find out the truth about her origins. The game follows the traditional template of the genre and has top-down overworld navigation, towns and dungeons, party management, simple leveling-up, weapons and armor to equip, and randomly appearing enemies that engage the party in turn-based combat viewed from first-person perspective. Magic can be bought in shops, though some characters come with pre-learned spells. Later in the game the player gains the ability to communicate with monsters and summon them during battles.
Moonlight Lady (Japan)	Hiwako, an ordinary spoilt Japanese teenager, is approached one day by a talking bird called Niké. It tells her that she possesses unique powers that transform her into the glorious warrior Artemis. As Artemis, it is now her duty to protect her hometown from a demonic invasion. The game features village exploration like many RPGs of the time, but is actually an action game with light adventure elements. For most of the game, the player controls Artemis and two other heroines (Aquarius and Minerva). Attacks are carried out by pressing one button for an attack on the main character and another for a simultaneous attack on the other two girls. The player can change leader at any time.
Motoroader MC (Japan)	Motoroader MC is, like its predecessor, an overhead racing game with car combat. Gameplay mechanics, however, are different: players can only control regular-looking cars, which are presented as small sprites. Each car is equipped with two types of firearms, which can be used against opponents to win the race. Every course only occupies one screen, and the player has to complete laps faster than AI-controlled cars or race against time. Multiplayer (for two or four players) is also available. Time attack mode allows the player to select any course from twenty-five available ones, thematically grouped in five categories: Circuit (resembling racing tracks), City (urban locations), Nature (field, beach, desert, etc.), Märchen (colorful fairy tale-like courses), and Special (unorthodox designs, e.g. a giant ape overlooking a road). Courses usually include various hazards that slow down or trap cars, as well as turbo fields that speed them up. Some courses also have entrances and exits, which teleport cars to another location on the screen.
Motteke Tamago (Japan)	Motteke Tamago was included in the second volume of the Super PC Engine Fan Deluxe magazine. It is an action game similar in concept to Bomberman. The game consists of three &quot;worlds&quot;, each with ten screens; on every screen, four ducks are competing against each other in collecting eggs and delivering their babies home. The ducks can be controlled by human players or by computer AI. Eggs are being dropped into the maze-like stage; the goal is to collect as many of them as possible. Once collected, an egg follows the duck, and after a while a baby would hatch and return home safely. Each duck tries to sabotage the work of other ducks by placing fried eggs on their paths. In addition, various hazards and enemies keep appearing, trying to impede the ducks' progress. Ducks can be knocked down, paralyzed, and robbed of their eggs.
Mugen Senshi Valis - The Legend of a Fantasm Soldier (Japan)	Yuko Ahso is an ordinary Japanese teenager with an ordinary life - until one day she is attacked by a monster on the street. Out of nowhere, a sword appears in her hands. She fights the monsters who have suddenly invaded the city, and is summoned to the parallel world known as Vecanti, which is ruled by a cruel tyrant named Rogles, whose actions disrupt the balance of the the worlds. Wielding the legendary Valis sword, Yuko must defeat Rogles and restore the balance.
Mystic Formula (Japan)	In a world where advanced technology and magic co-exist, the Magic Empire controls the vast arid wastelands and the dwellings of mythical creatures. A group of four treasure hunters come across an announcement promising a reward of one million credits to whoever would recover a mysterious purple stone with the engraving of the Empire's crest on it. The four find the artifact relatively quickly, but it is stolen from them by another group with an agenda of their own. Now the heroes must bring the stone back while dealing with the dangerous foes on their way. Mystic Formula is a top-down shooter. The player navigates the protagonist through hostile environments, shooting at regular enemies and bosses, and avoiding their attacks. The player can choose to control any of the four treasure hunters: a balanced lead character armed with a laser pistol; an elf who shoots fireballs from her staff; an agile female thief; and a sturdy, slow, yet powerful robot. All the characters use ranged attacks that can be upgraded with power-ups. In addition, another type of a power-up brings forth one of the characters from the group to aid the player in combat, controlled by the AI. Two-player mode is available as well.
Nekketsu Koukou Dodgeball-bu CD - Soccer-hen (Japan)	While Kunio and Shinichi were practicing dodge ball, soccer manager Misako approached the two on the court. &quot;Please! Instead of dodgeball, join me and play soccer in the national convention!&quot; Nekketsu High Soccer Club has come down with food poisoning, and Kunio must lead his dodgeball team into the soccer competition and go for the goal! Only through winning the championship can Kunio convince his whole team to join him. Nekketsu Koukou Dodgeball Bu: CD Soccer Hen presents the classic soccer game with crystal clear sound and high resolution graphics like never before seen in the series!
Nekketsu Legend - Baseballer (Japan)	In a world where baseball plays a pivotal role in people's lives, teams compete against each for supremacy, using spiritual and magical moves, as well as robots. Recently, a powerful demon took control of the land, and some humans began using the art of baseball for evil purposes. The malevolent Dark Baseballer has been terrorizing innocents, and it is up to a group of young people to restore justice. Nekketsu Legend Baseballer is a role-playing game dedicated to baseball. There is no actual baseball simulation in the game: much of it plays like a traditional Japanese RPG, with top-down overworld, town and dungeon explorations, party management, leveling up, equipment, items, etc. However, all the usual RPG paraphernalia is completely baseball-themed. Random turn-based battles occur less frequently than in other comparable games, but last a considerable amount of time due to their mechanics: each party member is in control of a group of &quot;baseball robots&quot;, and defensive and offensive actions are named after real baseball moves.
Nemurenu Yoru no Chiisana Ohanashi (Japan)	Nemurenu Yoru no Chiisana O-Hanashi (&quot;Little Stories for Sleepless Nights&quot;) is a cartoon-like adventure game designed for children and based on an original video animation by Y?ko Hara. The protagonist is a cat named Neko-kun (which translates simply to &quot;Cat&quot;), who lives on a beautiful island together with his animal and human friends. The opening episode describes his encounter with a little star that fell on the Earth and injured itself. Afterwards, the player can explore the island by selecting locations on the map. Much of the story is advanced automatically, and the interaction is mostly restricted to choosing a location to visit, clicking on objects to trigger scenes, or selecting a &quot;yes&quot; or &quot;no&quot; response to a situation.
Neo Nectaris (Japan)	Neo Nectaris is an updated version of Nectaris. The core features are the same: it's a turn-based strategy game with a hexagonal grid that takes place in the future. The story was also mostly recycled, but there are a few changes: 48 new maps, new and updated units, slightly improved graphics, orchestrated red book audio, five special 2-player maps.The game includes the original Nectaris on the disc.
NEXZR (Japan)	In the year 2012 an alien armada attacked the Earth. Two young pilots were in the midst of a battle, and one of them, a lovely young woman, was killed. Three years later, the surviving pilot finally got a chance to avenge her death. Navigating a powerful new fighter ship named &quot;Slasher&quot;, the pilot ventured into space, ready to bring destruction to those who took so much away from him. Nexzr is a vertically scrolling shoot-em-up similar to Super Star Soldier. The player-controlled spaceship starts with a simple vulcan gun that can only shoot straight. Various power-ups can either enhance the strength of this gun, replace it with a laser weapon, or add a secondary weapon (homing fire, thin spreading laser attacks, etc.), which is activated automatically. Mid- and end-level bosses are encountered on nearly every stage. Additional lives can be collected, but the player always restarts from the beginning of the stage when his fighter craft is destroyed.
Nishimura Kyoutarou Mystery - Hokutosei no Onna (Japan)	Hokutosei no Onna (the title refers to the express train connecting Tokyo and Hokkaido in Japan rather than the Ursa Major constellation) is based on the works of the Japanese detective story writer Ky?tar? Nishimura, starring Inspector Totsugawa and his assistant Kamei, who is the protagonist of the game. A man was found stabbed to death in his apartment in Tokyo; shortly after the investigation begins, another man is killed in a hotel room in Hokkaido. Kamei must question witnesses and suspects and examine evidence in order to solve the mystery. The gameplay format is that of a Japanese adventure: the player selects verb commands (Examine, Ask, Move, Show, etc.) and combines them with people or objects to gather information and advance the plot. At certain points the interaction switches to point-and-click interface, requiring the player to carefully examine a room or an object, searching for clues.
No-Ri-Ko (Japan)	No?Ri?Ko is essentially a multimedia title resembling an interactive movie with visual novel elements, containing music clips and digitized snapshots of real actors, most notably the Japanese pop singer Noriko Ogawa, who was fifteen years old at the time of the game's release. The player controls a fan who gets to meet Noriko and subsequently takes her on a date. The gameplay mostly involves occasionally choosing actions when prompted; most of these are reduced to right and wrong choices, the latter sometimes leading to a Game Over. In certain cases the player can also decide a location to visit with Noriko; other locations may become inaccessible following the player's choice. Sometimes the player participates in simple mini-games, e.g. taking Noriko's photos or playing rock-paper-scissors with her.
Nobunaga no Yabou - Bushou Fuuunroku (Japan)	Lord of Darkness, known in Japan as Bush? F?un Roku, is the fourth game in the Nobunaga series (but only the third one to have been localized in English). The story of Nobunaga takes place during the Japanese civil war of the 16th century. In a wartime strategy game, 15 different warlords are represented across several territories. One to eight human players can play, controlling different leaders and factions. Gameplay is done in one of two scenarios; the beginning of the civil war in 1555 or Nobunaga surrounded by his enemies in 1571. Management of population, supplies and military are the gameplay and successful manipulation of these numbers in the right combination to attack and defend against hostile intentions is what will bring your forces to victory.
Nobunaga no Yabou - Zenkokuban (Japan)	In the 16th century, Japan's Sengoku period divided the nation into numerous feudal states, each ruled by a daimyo. Many dreamt of conquering the land, becoming the Shogun and ruling the entire country. One of those daimyos was the ambitious Nobunaga Oda, a merciless ruler and a renowned strategist. Players take on the role of Nobunaga Oda or one of many other daimyos to try to conquer Japan. Nobunaga's Ambition is a turn-based strategy game which can be played in different modes. Players begin by selecting either a 17 regions scenario or a larger 50 scenario. Then, the player must select a daimyo, each of which is rated attributes in several categories; Age, Health, Ambition, Luck, Charm and IQ. As the game progresses, these values change depending on events in the game. The age value represents a time limit of sorts, as an elderly daimyo becomes increasingly likely to die of old age or sickness.
Ookami-teki Monshou - Crest of Wolf (Japan)	The police is afraid to deal with a criminal organization known as the Dragon Zone. Street punks and leaders of Chinese crime syndicates dominate the area where its headquarters are supposedly located. The young fighter Hawk has his own score to settle with the Dragon Zone: they have kidnapped his girlfriend Candy. Together with his friend, the punk Tony, Hawk enters the dangerous districts and is determined to rescue his sweetheart and put an end to the organization. Riot Zone (Crest of Wolf in Japan) is a rather simple brawler in which the player can choose to control either Hawk or Tony. Hawk is faster, but doesn't hit quite as hard as Tony. Both characters fight entirely unarmed, using kicks and punches to deal with the enemies; both also possess a powerful all-screen attack that depletes a portion of their health bar. Each stage culminates with a boss battle as Hawk and Tony gradually defeat the &quot;wanted&quot; criminals of the city.
Pachio-kun - Maboroshi no Densetsu (Japan) (Rev 7)	Pachio-kun: Maboroshi no Densetsu is a pachinko game starring the semi-anthropomorphic character Pachio-kun. The goal of the game is to win as many jewels as possible by collecting points in pachinko games. The player has a limited control over Pachio-kun in top-down casinos, where the game can be saved, points exchanged for jewels, and all the pachinko machines accessed. The machines are presented in first-person view and come in varied flavors and designs, with different backgrounds, themes, and contraptions. Playing the machines involves adjusting the strength of the shot and then pressing the action button to release the balls. The player can also opt to view each detail of the machine on a zoomed-in screen. The game comes with a special controller that resembles a real pachinko joystick.
Pachio-kun - Warau Uchuu (Japan)	Long time ago, an evil cosmic entity known as Geios was defeated and sealed for aeons. However, a malevolent alien race has found a way to harvest its power and is now preparing for its reincarnation. Pachinko Planet was attacked, and its king slain. Returning from an interstellar travel, Pachio-kun boards the spacecraft Sledgehammer and embarks on a journey to defeat evil and restore his homeland. Pachio-kun: Warau Uch? is a pachinko game with a storyline and limited top-down exploration. In most areas, Pachio-kun has to complete one or more pachinko games in order to be able to leave the location and advance the plot. Pachinko machines come in different flavors and difficulty levels. The controls are fairly simple, requiring the player to adjust the strength of the shot; the shots themselves can be fired automatically. The game was shipped with a special controller similar to a real pachinko device.
Pachio-kun 3 - Pachi-Slot & Pachinko (Japan)	As its tile implies, Pachio-kun 3: Pachisuro & Pachinko is a pachinko game starring Pachio-kun, an anthropomorphic pachinko ball who enjoys a peaceful life with his family on the Pachinko Planet. The game's plot is rather abstract and serves to tie together various time periods to which the hero travels after completing pachinko-playing sections. In each area there are casinos with pachinko machines. The player can talk to characters in the casino, exchange money for chips and vice versa, and play pachinko on variously themed machines. New areas become accessible after the player has won a sufficient amount of money in the previous casino.
Palladion - Auto Crusher Palladium (Japan)	Auto Crusher Palladium is a game that simulates construction of battle robots (&quot;mechs&quot;). The player is able to construct robots using various parts: body, limbs, computer AI, weapons, etc. The result can be a combination of any forms and components, with the limitation being the overall weight of the robot, which must not exceed a specified amount. Robots can be humanoid, machine-like, rolling on wheels, able to fly or transform into different forms, etc. After a robot has been created, the player sends it to fight other robots. The battles look like those of a fighting game, with side-scrolling view and HP bars; however, they are non-interactive. The entire gameplay focus in on creating a robot in such a way that it would be able to defeat a particular enemy; the battles themselves allow no control from the side of the player. A &quot;league mode&quot; is also available, where the player(s) choose various models of robots and have them compete against each other in a tournament.
Pastel Lime (Japan)	Y? is a young apprentice magician who lives in the Fairy World. One day, a magical error occurs, and Y? finds herself on Earth. In order to return to her world, the little fairy must find three stones that must be inserted into her magical brooch. A young girl who finds the first stone becomes Y?'s companion (and the game's protagonist), and together they must find and recover the other stones. Pastel Lime is a Japanese-style adventure with simple gameplay. Only a few commands (sometimes just one) usually appear on the screen, and the player's input is mostly reduced to selecting these commands several times to trigger the next scene. Sub-menus (such as conversation topics) may appear as well. Game progression is strictly linear, and the player has no choice of selecting locations to travel to.
Patlabor - Chapter of Griffon (Japan)	Digital Comic Patlabor is based on the anime series Patlabor. In the near future, officers of Tokyo Metropolitan Police pilot giant robots called &quot;Labors&quot; to combat criminals. Like most installments of the anime and manga, the game focuses on characters from Special Vehicle Section 2, Division 2, and the playable character is Noa Izumi. More specifically, the game follows the so-called &quot;TV timeline&quot;, involving the Labor Griffon. The gameplay is that of a traditional Japanese-style adventure. Three commands ? Look, Talk, and Move ? appear on every screen. The player selects these commands (there are no sub-menus with objects) to move between locations, examine rooms, talk to characters, and ultimately advance the storyline. The game also contains a variety of features (robot database, interviews with voice actors, etc.) accessible from the main menu, as well as a rock-paper-scissors mini-game starring various Labors.
Police Connection (Japan)	Police Connection is a board game with a twist: instead of simply reaching a goal or collecting money, players take the roles of police detective and investigate crimes. There are three cases in the game, all accessible from the main menu: two murders (the victims being young women), and one case of missing money. Up to four human- or AI-controlled characters are trying to solve these mysteries. Players navigate the characters in a turn-based fashion on a board representing an urban environment. The amount of steps taken by each character is determined by a dice roll, but the board consists of many branching paths, and it's up to the players to choose the desired ones. Characters can question suspects, gather clues and collect information when they land on appropriate squares on the board. Special squares procure cards, which can be used for various purposes, e.g. examine a piece of evidence, take a taxi to another place in the city, etc.
Pomping World (Japan)	Your goal is to destroy the balloons which bounce around the playfield. To accomplish this, you can shoot hooks which travel upwards, and blow up any balloon they touch. Depending on their size, they either split on two smaller ones, or evaporate if they're at their minimum size. Apart from balloons, some levels also have barriers that have to be destroyed with your hooks, since they often block your access to balloons. There are also some barriers which cannot ever be destroyed. Your character has the ability to climb ladders, but cannot jump.
Pop'n Magic (Japan)	A static screen action game in the style of Bubble Bobble or Don Doko Don, Pop 'n Magic allows you to trap enemies by firing your wand at them, then pick them up and throw them across the screen to destroy them. The bubbles they are trapped in are specific colours and care must be taken not to throw two of the same colour together as this will release the (now quite upset) creatures inside.
PopfulMail (Japan)	The cute bounty hunter known as Popful Mail looks like she would have no trouble making a living slashing bad guys with her sword. In reality Mail is having a hard time making ends meet. One day, however, she learns about a magician who has gone rogue and has a hefty bounty on his head. Her adventure begins as Popful fights her way through a new adventure, and makes new friends along the way. Popful Mail is a platform action game with very light RPG elements. As the heroine makes her way through the stages she collects money from slain foes. This money can be used in shops to buy weapons, armor, health, and so on. The game features interaction with many characters through both on-screen dialog and fully animated sequences. Some of these characters become playable as the player progresses through the game. This release has the same story and general gameplay style as the earlier version, but otherwise was made from scratch.
Populous - The Promised Lands (Japan)	This Data Disk for Populous adds five new landscape types: Wild West, Silly Land, Block Land, Révolution Française and Bit Plains. The types can be used to create new maps in Paint Map mode and the disk also has 500 new maps for Conquest mode.
Prince of Persia (USA)	While the Sultan of Persia is fighting a war in a foreign country, his Grand Vizier Jaffar orchestrates a coup d'état. His way to the throne lies through the Sultan's lovely daughter. Jaffar kidnaps her and threatens to kill her if she refuses to marry him. Meanwhile, the man the Princess loves is thrown into the dungeon. He has only one hour to escape from his prison, defeat the guards on his way, and stop Jaffar before the terrible marriage takes place. Prince of Persia is a 2D platformer that is commonly regarded as a progenitor of the cinematic platform genre. Rather than following the more common jump-and-run mechanics, it focuses on careful advancement through fairly complex levels, emphasizing the protagonist's vulnerability and survival aspect. Rotoscoping technique is used to give more realism to the animation of the characters' movements. The protagonist must avoid deadly traps, solve some simple jumping and environmental puzzles (such as stepping on pressure plates to raise portcullis), and engage in sword fights with the guards. The player character has an infinite amount of lives, but has to restart at the beginning of a level each time he dies, and must complete the game within an hour. The hero starts with three units of health, which can be replenished with small health potions or permanently increased with large jars. The Game Boy Color and SNES versions of the game feature additional levels and new enemies. The Genesis version has a new intro, an altered set of graphics and four new levels.
Princess Maker 1 (Japan)	Princess Maker is the first of Gainax' &quot;princess-raising simulation&quot; game series. You are a noble warrior who has just saved your kingdom from an invasion by the terrible Demon Lord. The grateful king offers you to choose any reward you wish for your brave deed. But instead of opting for half of the kingdom or the riches of the land, you ask the king for the permission to raise a poor little orphan girl named Maria. And so the game begins. You are the one who has to build Maria's future. Of course, you can do it in many ways. You can strive to make a real princess out of her, teach her good manners, study arts, to make her a brave fighter like yourself, or just a lazy bimbo who cares for nothing. Her destiny is in your hands!
Princess Maker 2 (Japan)	A hero saved the human race from utter annihilation by the gods. This same hero then was charged by the heavens to take care of young seed dropped from there. This seed becomes his daughter, and her guardian will be watching her progress. In Princess Maker 2 the player assumes the role of a father to the blessed daughter of the heavens. For the next eight years, the hero will nurture and guide her in the path of the player's own choosing. It is possible to choose the path of the zodiac-influenced daughter by scheduling her to jobs and schools, which will raise her statistics (strength, combat skills, cooking, faith, etc.) Each month allows the player to designate three different tasks for her to follow. Balancing between character development, stress level, health and financial income is the focus of this game. Mini sub-quests and various plot options revolve around the young lady adventuring in the wilderness, provided that she's strong enough to tame the wilds. The player can equip her with armor and weapons to fight off wandering random monsters in turn-based combat. The game starts with the daughter at age ten, from which point the player guides her until her adult years. Choices made during the course of the game will determine her eventual marital status, accomplishments and her relationships with other people. There are 74 unique endings in the game.
Princess Minerva (Japan)	Princess Minerva is based on an anime of the same name. In the kingdom of Whistler, the best fighters are young, beautiful women, proficient in many styles of combat. Princess Minerva is one of them. She participates in a tournament, battles against the best female fighters of the country, and ultimately joins forces with them, building a super-powerful party that is bound to defeat the archenemy of the Queen of Whistler, the evil sorceress Dynastar. The game begins where the girls are already united and are getting ready for the grand quest. Your party contains nine girls, each one with various statistics and magic spells. The large party is divided into three smaller ones, and you switch between them while participating in random battles and fighting bosses. The combat is turn-based, and is viewed from a top-down perspective, like the locations you visit. You travel on the overworld map, visit towns, and descend into dungeons. The three active girls in your party can also unite to perform combo attacks.
Private Eye dol (Japan)	Some day in the near future, the crew of an &quot;idol&quot; (a popular culture star) takes a ride on the bus through the countryside. One of the female crew members unexpectedly faints and is taken by her friends into an abandoned mansion discovered nearby. Very soon, however, the accident begins to repeat itself, and evidence of a gruesome murder and possible ghostly presence in the mansion surfaces. Mei Star, an investigator with the team, and her computerized holographic assistant Navi must solve the mystery before it becomes too late. Private eye dol is an adventure game played for the most part from a top-down perspective. The player navigates Mei around the playable environment, examines places and items of interest, and talks to other characters. With a few exceptions, there are no puzzles in the game, and the plot is advanced by triggering events. On several occasions items must be picked up, but they are used automatically in correspondent locations.
Pro Yakyuu Super '94, The (Japan)	The Pro Yakyu Super '94 is a follow-up to The Pro Yakyu Super. With the exception of a new mode, different music, commentary, and slight interface changes, the gameplay is largely identical to that of the previous entry. Rosters of the licensed professional Japanese baseball teams have been updated to the current season. The new mode is called &quot;Home Run Contest&quot;; the player controls a batter against a computer-controlled pitcher, trying to score a home run.
Pro Yakyuu Super, The (Japan) (FABT)	The Pro Yaky? Super is a follow-up to The Pro Yaky?. Gameplay mechanics are nearly identical to that of the predecessor. Along with the simulation and auto modes for pitching and batting, there is now also a new &quot;auto catch&quot; mode. Licensed teams from the professional Japanese baseball league have been updated to the current season. Versus, Open, and Pennant modes return, along with a &quot;Dream&quot; mode, which consists of a game between contemporary All-Star players and historical ones.
Pro Yakyuu, The (Japan)	The Pro Yaky? is a baseball game that allows players to compete in Japan's professional baseball league, with licensed team and player names. Versus mode allows competition between two players; in a friendly game, the computer AI chooses an opponent for the team selected by the player; the &quot;Open&quot; mode is a tournament in which players can assign controllable teams to themselves and to the AI. The game itself can be set on &quot;Action&quot;, &quot;Simulation&quot;, or &quot;Auto&quot; mode, with varying degrees of realism. Pitchers and batters are controlled from a third-person view, while baserunning is viewed from an overhead perspective.
Psychic Detective Series Vol. 3 - Aya (Japan)	Only a few people possess the unique ability to read people's hearts; those people are called psychic analysts, and Katsuya Furuyagi is one of them. One day, a fellow analyst pays him an unexpected visit and directs him towards a mysterious old man named Kamiya. Reading the old man's mind, Furuyagi ventures into the realm of memories, where a woman's ghost is attempting to avenge her own murder. Aya is the third installment of the Psychic Detective series. Like in the previous entries, it is a Japanese-style adventure game with first-person view and menu-based interaction and navigation. Commands such as &quot;Look&quot;, &quot;Ask&quot; and &quot;Move&quot; must be used on most screens in order to advance the plot. Talking to characters and contemplating about the case play an important role.
Psychic Detective Series Vol. 4 - Orgel (Japan)	One day a mysterious woman clad in mourning dress appears in the office of Katsuya Furuyagi, a private investigator who possesses a unique ability to journey into the minds of people. The woman has a strange request that makes Furuyagi doubt her sanity. For generations, a beautiful doll has been in the possession of her family; however, recently it has disappeared, and the woman is convinced the culprit is the devil himself. Furuyagi travels to the countryside where he begins to investigate this unusual mystery, determined to find out the truth. Orgel plays similarly to previous installment in the Psychic Detective series. The bulk of the game is occupied by conversations with characters, which often involve talking about various topics, gathering information. There are no puzzles, but pieces of evidence can be collected, stored, and viewed as inventory items. The interaction with the game world is menu-based.
Psychic Storm (Japan)	Psychic Storm is a vertically scrolling shoot-em-up in which the player takes the role of four characters who must protect Neo Hong Kong City from an assault by vicious insectoid aliens. The player can select any of the four characters before each stage. The characters are distinguished by the unique attacks of their ships: Alex uses a vulcan gun, Charr has short-ranged &quot;psychic&quot; beam, Joe has a slow, yet powerful Hell Flame attack, and Nastasia uses ion laser. Each character can also acquire additional weapons by picking regular power-ups. The game's stand-out feature, however, is its transformation mode. Each of the characters can transform to a larger and much more powerful biomechanical insect-like ship.
Puyo Puyo CD (Japan)	Classic Tetris-style puzzle game where you compete against opponents by grouping together coloured blobs that drop down from the top of the screen.
Puyo Puyo CD Tsuu (Japan)	The follow-up to Puyo Puyo is, like its predecessor, a falling block game in which the goal is to combine four or more blocks (Puyos) of the same color, which then disappear. The remaining Puyos will then fall down and can produce combos which can cause special blocks (Nuisance Puyos, that can only be destroyed by eliminating adjacent Puyos) to appear on the enemy's field. This game includes a story mode, in which Arle (the main character) fights against computer enemies, a vs player mode, a four player mode (SNES only), and an endless mode (SNES only).
Quest of Jongmaster - Janshin Densetsu (Japan)	Quest of Jongmaster is a mahjong game with role-playing elements. The &quot;RPG mode&quot; follows the story of an apprentice &quot;mahjong warrior&quot;, a girl named Chi Fou, who is sent on a quest to defeat monsters that were unleashed on the world. This mode is structured like a traditional medieval top-down RPG, with town and dungeon exploration, NPC interaction, and other familiar elements. The protagonist can equip weapons and armor, cast magic, and purchase healing and status-recovering items. Experience points and money are awarded after each battle. Random and boss battles in this mode are standard mahjong games, with the addition of special tiles that influence the game's result, e.g. increase the damage inflicted by the equipped weapon. The final damage is calculated after the mahjong game is over, and depends on the characters' levels, equipment, and the winning combination. For example, winning the game with a full mahjong would most likely result in a &quot;critical hit&quot;. Boss enemies typically take two or more rounds of mahjong to defeat. In addition, the game features a versus mode, which allows the player to compete in mahjong games against the opponents of the RPG mode, with weapons, equipment, and level parameters playing no role. These opponents appear as monsters at first, but are revealed to be pretty young women who remove parts of their clothes when losing a mahjong round; stripping down to underwear equals defeat. Despite this feature, there is no explicit nudity in the game.
Quiz Avenue (Japan)	Quiz Avenue is a trivia game with a &quot;quest mode&quot; in which the player controls a warrior who must save the princess Questine from the clutches of evil Shameless, the enemies of the Erudition kingdom. The player navigates the hero on small boards with branching paths; each point of interest represents a quiz &quot;battle&quot; against a monster, culminating in a &quot;boss battle&quot; on the final stage, where the player is able to select the topic of the questions (e.g. geography, movies, English language, etc.). Quiz encounters vary in length and amount of answers to choose from, but always have a time limit for each question. In addition, a separate &quot;party mode&quot; allows players to compete in trivia games, each consisting of three or five rounds.
Quiz Avenue II (Japan)	Quiz Avenue II, like its predecessor, is a quiz game with a story-driven quest mode, which continues the plot of the first game. After the evil Shameless were vanquished, peace was restored in the kingdom of Erudition; however, soon demonic forces appeared on the horizon, and two young warriors, one boy and one girl, were sent by the queen to stop them. The quiz rules in this installment are largely the same as in the previous entry, with three or four answers to choose for each question and a time limit. The board advancement, however, is determined by choosing cards with the amount of steps written on them rather than by dot-to-dot movement of the first game. New is the two-player mode for the quest, in which the second player controls the heroine, and the two are answering questions simultaneously. A few new features, such as the possibility to acquire various bonuses before a quiz encounter, have been added. The party mode is replaced by the so-called &quot;F1 Grand Prix&quot;, which is a series of trivia questions where each round is presented as a Formula 1 race.
Quiz Avenue III (Japan)	Quiz Avenue III offers, like its two predecessors, a quest mode and a versus mode - the latter consists in this installment of a series of trivia questions for up to eight players (controlling a variety of tough-looking fighters), with rounds disguised as fighting games, each wrong answer leading to a loss of hit points. The main difference between this entry and the previous ones lies in the quest mode and its RPG elements. Like a full-fledged role-playing game, the quest mode has leveling up, free top-down navigation, overworld, towns, dungeons, monetary system, weapons, armor, items, and even companions who join the main heroine, a girl named Konoha, who was raised by an old fighter and has to use her special abilities to rid the land of monsters. Battles occur randomly; the player has the choice to try to escape before the battle begins. Each enemy asks a row of trivia questions; correct answers damage the enemy and eventually defeat him, while wrong answers deplete the HP of the controllable characters. Levels, weapons, armor and items contribute to the damage equation, raising or lowering the amount of questions needed to answer correctly in order to prevail.
Quiz Caravan Cult Q (Japan)	Quiz Caravan: Cult Q is a trivia game with four modes. The main mode involves a quiz competition in which players can choose the topics of the questions, e.g. movies, video games, history, etc. Up to five players can participate in this mode or compete against the computer AI. The &quot;adventure mode&quot; is a board game in which the player-controlled character's movement is determined by a dice roll. Normal fields lead to short quiz encounters; other fields may enhance the protagonist's hit points, and the final field on each stage is a more challenging &quot;boss battle&quot;. Time attack mode involves answering correctly as many questions as possible within the allotted time limit. Finally, versus mode has players competing against each other; every right answer advances the character on a board, while the opponent is pushed back. All modes feature characters from other games published by Hudson Soft, such as Bomberman or Tengai Maky? series.
Quiz de Gakuensai (Japan)	Quiz de Gakuensai is a trivia game in which the player takes the role of a high school student. One day he is entrusted with an important task of watching over his relative, a little girl. However, as soon as his girlfriend appears, the hero neglects his duty and very soon finds out that the little girl has disappeared. He has to explore the school building and find her at all costs. The player can choose the order in which the protagonist visits various classrooms in the school. In each room there is a young and attractive girl who asks the hero a series of timed trivia questions on different topics (predominantly popular culture). Both the protagonist and the girls have certain amounts of hit points; a correct answer diminishes the opponent's HP by one, while a wrong one depletes the protagonist's health by the same amount.
Quiz Marugoto the World (Japan) (Rev 7)	Quiz Marugoto the World is a simple simulation of a TV trivia game. TV hosts ask questions on various topics (the questions are spoken, not displayed in text), and the correct answer must be chosen among several available ones within a time limit. The game show has three modes: &quot;World Quiz Trip&quot;, championship, and cup. The first is essentially a single-player mode; the championship allows players to compete against each other, with topics randomly chosen; the cup works like any comparable sports event, including elimination rounds.
Quiz Marugoto the World 2 - Time Machine ni Onegai! (Japan)	Time Machie ni Onegai differs from its predecessor by having its own unique gameplay modes rather than strictly following a TV game show format. The Time Machine mode involves traveling to different time periods and answering trivia questions in order to trigger famous events (e.g. Moses creating a path through the Red Sea for the Jews, the belligerents of the Three Kingdoms era attacking each other, apple falling on Sir Isaac Newton's head, etc.). The questions themselves, however, have usually nothing to do with the historical event in question. Another mode in the game is called &quot;Megaten Quest&quot;; however, it is not a Megami Tensei related quiz, but rather an imitation of a first-person dungeon crawler with randomly appearing enemies who ask the player a certain number of question on various themes. The third mode follows the same quiz format with correctly answered questions leading to puzzle solutions, and is essentially the multiplayer portion of the game. In all modes, time limit is imposed on the entire round rather than on separate questions.
Quiz no Hoshi - Star of Quiz (Japan)	Quiz no Hoshi is a trivia game with several gameplay modes; the main one is called &quot;Heart of Stone&quot; and is a story-driven series of quiz encounters with strategy board game elements. The plot involves a kidnapping of a little girl by the mafia, and the attempts of a boy named Hoshimaru to rescue her, all the while escaping from an impending apocalypse. Hoshimaru can be navigated over a board (often with branching paths); each field usually leads to a conversation scene with a following quiz. Both Hoshimaru and the &quot;enemies&quot; have life bars; the protagonist's health increases after successfully completed quiz challenges. Correct answers damage the enemy, while wrong answers deplete the hero's life. The amount of possible answer to select from and the nature of trivia questions varies from quest to quest. Other modes include a multiplayer tournament, a time attack mode in which players have to answer as many questions as possible within a time limit, and two multiplayer modes that allows players to represent various characters and mimic a fighting game and a Formula 1 Grand Prix.
Quiz Tonosama no Yabou (Japan)	Quiz Tonosama no Yab? is a trivia game with strategy elements, set during the Sengoku time period of the Japanese history. Single and two-player game modes are available. Players select warlords to control, and rise to dominance by defeating other warlords in quiz encounters. Each attempt at conquering a province leads to a quiz posed by the defending warlord. The themes of the quiz may have nothing to do with the historical period and range from general knowledge to Japanese anime and video games.
R-Type Complete CD (Japan)	R-Type Complete CD combines part I and part II of the japanese PC Engine HuCard releases. It also adds remixed music, fully voiced cut scenes, an extra boss fight, and some other minor changes. An alien race called the Bydo attacks humanity without mercy. The prototype space fighter R-9 must stop the Bydo and save the human race.
Rainbow Islands - The Story of Bubble Bobble 2 (Japan)	Sequel to Bubble Bobble, Rainbow Islands sees Bub and Bob (in 2 player mode), who are now curiously small boys rather than dinosaurs, attempting to rid the Rainbow Islands of bad guys. Using the power to cast rainbows, trapping anything underneath, the boys must ascend vertically 4 levels each island, with a big, bad boss at the end of each. By trapping beasts under your rainbows, then jumping on them to break them you can collect seven different colored gems, and there are also power-ups for extra speed and rainbows.
Rally Championship (Japan) (FABT)	Championship Rally is a top-down racing game. The player can choose to control real rally cars: Toyota Celica, Nissan Pulsar, Lancia Delta, and others. There are three modes in the game: time attack, high speed rally, and &quot;adventure mode&quot;, which takes the player through a championship in Senegal. Each mode allows the player to select a car and customize its steering, gears, brakes, etc. Car controls are fairly simple, with one button assigned to accelerating and another to applying brakes.
Ranma 1-2 (Japan)	Based on the popular manga/anime series of the same name, Ranma 1/2 follows the story of an aspiring martial artist who accidentally turns into a young woman by bathing in a cursed spring. He can revert to his natural form by touching hot water; however, contact with cold water will turn him into a girl again. Most of the original manga story is dedicated to semi-comical situations, based on the fact that Ranma is trying to conceal his predicament, which leads to misunderstandings, confusion, and romantic complications in his high school life. This interpretation of the license follows a part of the initial manga story, starting with the curse and going through Ranma's first conflicts with schoolmates and rival martial artists. The game is mostly structured like a &quot;beat-'em-up&quot; side-scroller, though there are also several boss fights that are more reminiscent of a one-on-one fighting game. The Vs. mode allows the player to recreate these boss fights using different characters. Ranma's curse becomes a gameplay feature in the game: cold and hot water turn Ranma into a girl and a boy, respectively. Female Ranma is quicker and can jump higher, but her attack and defense are lower. Anime-style cut scenes advance the story between the levels.
Ranma 1-2 - Datou, Ganso Musabetsu Kakutou-ryuu! (Japan)	Like most games based on the Ranma 1/2 manga and anime series, Dat?, Ganso Musabetsu Kakut?-Ry?! is a fighting game. Unlike the earlier Ranma 1/2 iteration by the same company, this game does not follow the main manga/anime story, and does not include any other gameplay elements beside one-on-one fighting. However, the game is still rich on story-telling; fully voiced anime-style cut scenes appear after each battle and serve to put Ranma in various situations and set the stage for battles against familiar character from the manga and anime, such the old pervert Happousai, Mousse, Ryuga, etc. The Vs. mode allows two-player gameplay; the players can choose any combinations of the characters who appear in the game to test their skills. As Ranma, the player can revert to his female form (this time at will, simply by pressing a button); the female Ranma is more agile but less powerful. The combat system includes characteristic fighting game mechanics, with punches, kicks, jumps, combinations of buttons to execute specific moves, and powerful special attacks, which can be executed after charging the power.
Ranma 1-2 - Toraware no Hanayome (Japan)	Based on the Ranma 1/2 manga and anime series, Toraware no Hanayome consists of several chapters, which are similar to episodes of a TV show: each one has its own story and theme, but all the chapters have recurrent characters from the Ranma 1/2 universe. As in the original manga and anime, the story focuses on the young martial artist and high school student Ranma, who was cursed after bathing in a sacred Chinese spring: contact with cold water turns him into a woman, while hot water restores him to his original masculine form. Most of the story in the game is dedicated to Ranma's relationships with his schoolmates and other characters, often involving comic and/or romantic situations, as well as Ranma's attempts to get rid of the curse: in the first chapter, he tries to win a contest that would allow him to travel to China and find a way to turn him into a man permanently. Unlike most other Ranma 1/2 iterations, this game is a so-called &quot;digital comic&quot;, which is the same as Japanese-style adventure. Controlling Ranma, the player interacts with the environment by selecting verb commands (&quot;Look&quot;, &quot;Talk&quot;, etc.) and objects from sub-menus. The navigation is also menu-based. Animated cut scenes appear frequently to advance the story.
Rayxanber II (Japan)	The game resembles R-Type, particularly in art style and gameplay. The plot and setting uses the same trope as games like R-Type and Gradius; it concerns an ongoing war between mankind and a race of invading aliens belonging to the Zoul Empire, and the player's primary enemy consists of bioships and enormous organic fortresses.
Rayxanber III (Japan)	Rayxanber II sequel. Absolutely everything has been reviewed for the better, while simultaneously staying true to the style of the previous two games. To start, someone finally fixed the mechanics of the board, so now it really works and is easily controlled. As before, there is a temperature bar, so if it turns red it must cool down before running again, but now it is much easier to regulate the duration of your run without resorting to a turbo button. The level structure and the attack patterns of the enemy are also much more balanced to take into account the use of the board: you are no longer forced to throw yourself headlong into a phalanx of enemies because something is chasing your tail. It has legitimately become a useful tool in your arsenal.
Record of Lodoss War (Japan)	The game is based on the novel cycle Record of Lodoss War by Ryo Mizuno, and more closely on subsequent manga volumes and OVA series. Its story generally follows the one of the OVA, the main hero being Parn, a young man who grows up in a small village and later becomes one of the strongest warriors in the world, thanks to his father's mysterious heritage and his own courage. Like in the anime series, the game begins with a goblin attack and with Parn leaving his home village together with his best friend Etoh in search of adventure. This version of Record of Lodoss War is a traditional Japanese RPG with top-down world map navigation and random battles. There is a strategic element in the battles, allowing the characters to freely move on the battle field. However, the battles can be set on auto, making them more fast-paced and similar to traditional Japanese RPG combat. The towns have menu-based first-person view navigation.
Record of Lodoss War II (Japan)	Set in the Record of Lodoss War fantasy universe, created by the Japanese writer Ryo Mizuno, this game is based on the anime Chronicles of the Heroic Knight. The story focuses on a young man named Spark, who wants to become a knight of the country of Flaim. King Kashue needs Spark to prove himself worthy of this title, and tells him to gather a band of mercenaries and prepare to stop the dark wizard Wagnard's mysterious plans. The gameplay is similar to the previous Record of Lodoss War game. Spark and his party roam the top-down world map, visiting towns, villages, and other locations on the way. Enemies appear randomly. The turn-based battles once again offer free movement on the screen, but as before, auto-battle feature can speed things up. Towns and other important locations are viewed as still screens from first-person perspective.
Red Alert (Japan)	In the near future, a cabal of 4 very evil, powerful men known as The Force is planning world domination through the use of a Super Weapon known and Indra. You are Guy Kazama, a general-purpose bad-ass soldier who can stop these guys. You must take out each of the conspirators one by one and destroy the Indra before it becomes fully operational. Last Alert is a shoot-em up played from a top-down perspective. You move Guy around more than 20 levels and shoot everything that stands in your way.
Renny Blaster (Japan)	Renny Blaster is a beat-em-up in which the player can choose to control either the paranormal private investigator Fujiro Yarai, or a man with a mysterious past and supernatural abilities named Seishiro. The two characters have the same goal: prevent a secret organization of monsters and undead, run by a maniacal vampire, from taking control over Europe. The two characters begin with different initial stages, but continue on the same path afterwards. Seishiro is physically weaker and has a default ranged energy attack; Fujiro fights with regular punches and kicks. Both characters have access to unique elemental attacks that are activated by holding down a button. Most of the stages are straightforward side-scrolling action with boss battles at the end of each; a few areas contain light platforming elements.
Riot Zone (USA)	The police is afraid to deal with a criminal organization known as the Dragon Zone. Street punks and leaders of Chinese crime syndicates dominate the area where its headquarters are supposedly located. The young fighter Hawk has his own score to settle with the Dragon Zone: they have kidnapped his girlfriend Candy. Together with his friend, the punk Tony, Hawk enters the dangerous districts and is determined to rescue his sweetheart and put an end to the organization. Riot Zone (Crest of Wolf in Japan) is a rather simple brawler in which the player can choose to control either Hawk or Tony. Hawk is faster, but doesn't hit quite as hard as Tony. Both characters fight entirely unarmed, using kicks and punches to deal with the enemies; both also possess a powerful all-screen attack that depletes a portion of their health bar. Each stage culminates with a boss battle as Hawk and Tony gradually defeat the &quot;wanted&quot; criminals of the city.
Rising Sun (Japan)	Japan, 12th century. After your father has been murdered, you set out on a quest to become Shogun to restore the honor of your family. You'll have to defeat all your enemies - including your brother. Most of the time, you'll move your troops through the big map of Japan - as soon as something happens, you'll have to fight your enemies in action sequences, such as a Gauntlet-like fortress attack or defending against a Ninja assassin. If two troops collide, a battle might ensue in which you'll have to use all your strategical wits to guide your men to victory. In the CD-i version the informative sequences include life actor FMVs and voice acting as well as new background art.
Road Spirits (Japan)	Road Spirits is an arcade-style racing game, similar to Rad Racer. The player controls a car from an &quot;into the screen&quot; 3rd person perspective, racing through the 17 pseudo-3D courses (named after various geographical locations, e.g. &quot;West Coast&quot; etc.). There are other cars on the road, which can slow down the player-controlled car by colliding with it, but the race is against time rather than against these cars. The player is given a time limit for each course, and an indicator shows how close the car is to the completion. Should the car run out of time, the race is lost, and the player has to replay it before tackling the next one. The car can be controlled with two buttons only; collisions do not damage the car, but merely make it stop; though the player can change a car model and gear system, no realistic gear-based driving is used in the game. All this contribute to the overall arcade feeling of the races.
ROM ROM Stadium (Japan)	Rom Rom Stadium is a baseball game with fictional teams and players. Players can compete against each other or computer AI. In the Open mode players can select opponents and stadiums, while the Pennant mode is shaped like a tournament; standings can be saved with a password system. The game uses third-person view for pitching and batting; isometric view is used for gameplay on the field. Also included is a simple team creation tool, which allows naming the team and the players and choosing the color of the uniform.
Ruin - Kami no Isan (Japan)	Long time ago, a thriving civilization blessed by the gods was ruined as a result of a perpetual war. Humanity has built a new civilization, which resembles a medieval world. The young swordsman Jan lives In the kingdom of Cordelia. One fine day he and Ortena, the daughter of the High Priest, go on a treasure hunt. When they return, they find the country overrun by monsters; Ortena's father is killed, and the princess of Cordelia has been kidnapped. The two team up with a legendary hero, in order to rescue those who can still be rescued, and fulfill the legacy of the gods... Ruin: Kami no Isan is an action RPG. The player navigates Jan through top-down towns and hostile areas; the &quot;world map&quot; is not free-roaming, allowing only linear advancement from location to location. Hostile areas are populated by enemies who are visibly walking on screen. Unlike most Japanese RPGs, there are no separate &quot;battle screens&quot; in the game; the monsters are fought on the same spot they are encountered on, like in action games. However, unlike most action RPGs, there is a party in Ruin. The player controls only Jan, while the other party members act according to AI routines: attacking, casting offensive and healing spells, etc. The rest of the gameplay is traditional Japanese RPG style: acquiring better weapons and armor, automatic leveling up, linear story development, etc.
Ryuuko no Ken (Japan) (En,Ja,Es) (FAAT)	Yuri Sakazaki has been kidnapped! Her big brother Ryo Sakazaki and Robert Garcia, his best friend, go search for her on the streets of South Town. As they go deeper and deeper they will find clues as to who ordered the kidnapping, the Sakazaki family's relation to the mob, and a person from their past. The gameplay differs from most fighting games. In this game, you have a Spirit meter. A Spirit meter is in the game and will decrease as you perform special moves. It can be recharged, but doing so leaves you open to attack. When your health is almost gone, you can perform a secret combination that will unleash a deadly attack on your opponent - provided you have a full Spirit meter. The arcade version doesn't allow you to play as Mr. Big and the elusive Mr. Karate.
Sangokushi - Eiketsu Tenka ni Nozomu (Japan)	Sangokushi: Eiketsu Tenka ni Nozomu is a turn-based historical strategy game set in the Three Kingdoms era of the Chinese history and similar in concept and gameplay to Romance of the Three Kingdoms series, albeit with somewhat simpler gameplay. There is no scenario selection, and the exact timeline is not specified, though the initial situation corresponds to the phase of the war when Liu Bei and Cao Cao were the principal opposing forces. Players can choose to control any of the six most renowned warlords of the time, Liu Bei being the &quot;default&quot; player character with his own extended introduction and personal motives reminiscent of Luo Guanzhong's novelization of the historical events. Each warlord tries to gain dominance by building up diplomatic relationships and invading other provinces. It is possible to send offerings and diplomatic missions to other rulers, as well as manage army commanders, finances, and provision. Invasions take place on a tactical hexagonal grid, on which the player positions his forces and navigates them in turn-based fashion. When opponents meet on adjacent fields an automatic battle sequence ensues.
Sangokushi III (Japan)	Sangokushi III is another strategy game by Koei. The concept is the same here as in Koei's other wargames: conquer all you can! In this case the historical setting is ancient China. The country is under the control of one Emperor, but all of the faction leaders want to be the emperor themselves. You begin with one territory and you must conquer more to win the game.
Seirei Senshi Spriggan (Japan)	Another top-down shooter from Compile staged in a fantasy world that mingles traditional sci-fi elements with a feudal Japan setting. As the game starts a struggle for total control over elemental powers is about to begin between two warring nations. As the best mecha pilot in the good guy's army it's your task to repel the invasion and win the war by dealing with the enemy armada in standard shooter fashion. But surprise surprise! You won't be alone this time, as other AI-controlled mecha pilots will join you in the fray at key moments. Only you can command the magical powers that can be added to your mecha by collecting several color-coded orbs though, so most of the fight is still going to be up to you.
Seiryuu Densetsu - Monbit (Japan) (Rev 1)	On one fateful night, a purple meteor has fallen down from the skies. Harnessing its power, the Demon Folk grew stronger, and started attacking peace-loving tribes and their villages. One warrior of the bunny-eared Monbit tribe stood up against the demons. Riding a dragon, he entered the palace of the Demon King and shattered the magic amulet he was wearing. However, the warrior was gravely wounded himself. He entrusted the amulet with the tribe elder. Years have passed, and the demons are once again rearing their ugly heads. The young hero is the only one who can save the world - by using the magic amulet's power, and by befriending a dragon... Seiry? Densetsu Monbit is a traditional fantasy-themed Japanese-style RPG, with the typical progression scheme: the player navigates the hero (and other characters who join the party later) on the top-down overworld map, enters towns, buys weapons and armor, and fights randomly appearing enemies in first-person perspective, turn-based combat. One stand-out gameplay feature is the dragon egg the hero carries from the beginning of the game. As time passes, a dragon will be born, and assist the hero in various ways. For example, even as an egg, the dragon can serve as a healing item that replenishes a small amount of hit points.
Seisenshi Denshou - Jantaku no Kishi (Japan)	In a medieval land where a country's power and prosperity depended on mahjong-playing skills of its inhabitants, the Darol army began an invasion campaign, aided by demonic forces. The Kingdom of Rida was conquered. The young royal guard Biares fought valiantly, but was unable to defeat his mysterious opponent in mahjong. He was teleported far away, and found by a girl named Olivie. Biares has to find a way to return to Rida and liberate his country from invaders, finding companions and playing mahjong on the way. Seisenshi Densh?: Jantaku no Kishi is a mahjong game. The story mode features extensive cutscenes and dialogue between mahjong matches. Mahjong gameplay itself is of the one-on-one variety; a few rules regarding combinations and bonuses can be customized. The free mode allows the player to match Biares against various characters encountered in the story mode.
Seiya Monogatari - Anearth Fantasy Stories (Japan)	A mysterious young woman with a baby was attacked during the Holy Night. She managed to escape, but collapsed and died in front of the church in the city of Yalem. But the baby survived, grew up, and eventually became a hero on a quest to avenge his mother's murderers and save the world. Seiya Monogatari: Anearth Fantasy Stories differs from most other role-playing games in several important aspects. The player creates the main character in a unique way: when the baby lies on the snow outside of the church, several people pass by. The player can choose to press the action button, making the baby cry and attracting the attention of these people. Depending on the timing of this &quot;baby action&quot;, the hero will be adopted by different people, which make him belong to a different character class (fighter, thief, mage, or monk), and also lead to four entirely different prologues (once the hero turns fifteen, the four stories eventually merge into one). Instead of random battles - or even regular battles with wandering enemies - the game has pre-set battles, which occur much less frequently than in traditional Japanese RPGs. Winning the battles depends less on leveling-up and more on the actual tactics used during the battle. There are no levels in the game; instead, the characters gain better statistics depending on their actions during battles (e.g., using magic will increase magic power, etc.). The battles are turn-based and are viewed from a side-scrolling perspective. The game focuses on exploration, having large and complex locations as well as plenty of items of different categories that can be found if the player explores the game world properly.
Sengoku Kantou Sangokushi (Japan)	Sengoku Kant? Sangokushi is a turn-based historical strategy game set during the Sengoku period of the Japanese history. The player can take control of one of the three prominent warlords of the era: Uesugi Kenshin, H?j? Ujiyasu, or Takeda Shingen. Each warlord initially controls a province with several towns, and tries to win over territory by diplomatic or military means. Every turn the player has a limited amount of moves at his or her disposal; every general has his own options, though some (e.g. marriage) are restricted to the main warlord himself. Each town has to survive and raise reputation by maintaining an army and keeping the population happy. This is achieved by trading (buying and selling rice), giving money to civilians or soldiers, developing the town, etc. Every general can also strike alliances with rulers of other provinces, sign agreements, and send spies. When an area controlled by a general is invaded by the enemy, the game switches into a top-down turn-based tactical battle mode. The player positions and navigates soldiers, engaging in automatic battles when the opponents meet on adjacent squares. Castle invasion and defense can be carried out through various means: for example, it is possible to send an assassin to dispose of the enemy general, or assign archers to fend off the invaders from castle walls.
Sexy Idol Mahjong (Japan)	Sexy Idol Mahjong is, as its title implies, a mahjong game starring popular Japanese female singers and TV personalities. In the game's background plot, they are the so-called &quot;demonic women&quot;, ruled by a nearly immortal queen residing in a castle. The player takes the role of a medieval knight who must defeat these women by playing mahjong against them. The player character automatically moves on an overhead map and plays mahjong rounds against the women in a linear fashion. Defeating these opponents may reward the player with their digitized photos, usually featuring scanty clothes and seductive poses.
Sexy Idol Mahjong - Fashion Monogatari (Japan)	Fashion Monogatari is, like its predecessor, a mahjong game featuring digitized photos of Japanese female &quot;idols&quot;. Gameplay-wise, however, this installment is quite different: it is a board game in which the player navigates a character by throwing dice to determine the number of moves. Like in other games of this genre, some fields bestow benefits on the player (e.g. award him money or items, invite the player to participate in bonus games, etc.). Most fields, however, lead to mahjong rounds against digitized young women, which have to be won in order to advance. Photos of scantily clad women in seductive poses serve as a reward for victory. A four-player mahjong mode is also available.
Sexy Idol Mahjong - Yakyuuken no Uta (Japan)	Yaky?ken no Uta is, like other games in the series, a mahjong game featuring digitized photos of Japanese actresses. There is no story in the game; players can simply choose to compete either in four- or two-player mahjong tournaments, selecting individual participants or teams from a list. The game also contains a third mode which has nothing to do with mahjong: players select actresses who then begin to dance; players have to press buttons at the right moment to execute dancing moves. Actresses appear topless in these dances.
Shadow of the Beast (USA)	While very young, Aarbron was kidnapped and enslaved by the Priests of the Beast Lord. He grew up on drugs made to destroy his own will and turn him into the Beast Messenger, a powerful creature serving Maletoth, The Beast Lord himself. He did his job, until one day he noticed a man about to be sacrificed in a ritual, his face triggering ancient memories. As the sacrificial knife descended into the man's body, Aarbron recognizes his father's face. As his father dies in the altar, memories of his childhood and tormented past at the hands of the Beast Lord emerged, and as feelings of hate over his captors took over him, he swore revenge and fled the temple, knowing the road to avenge his father and redemption would be hard. Shadow of the Beast is a side-scrolling platformer. The player has to navigate through several areas filled with enemies and traps, collecting keys and activating triggers than open new areas or give Aarbron the means to overcome a sub-boss. The number of moves the player has at disposal is limited: duck, jump and only two attacks: punch and a flying kick. While most enemies die with just one hit, the player must time each attack accurately. However, there are also traps of objects that cannot be destroyed, and these require the player to jump, duck or move according the sequence. The player has only one life with 12 hit points that can be replenished by collecting some objects hidden in the level (like an off-route location or a under a megalith), which also contributes to the difficulty level.
Shadow of the Beast - Mashou no Okite (Japan)	While very young, Aarbron was kidnapped and enslaved by the Priests of the Beast Lord. He grew up on drugs made to destroy his own will and turn him into the Beast Messenger, a powerful creature serving Maletoth, The Beast Lord himself. He did his job, until one day he noticed a man about to be sacrificed in a ritual, his face triggering ancient memories. As the sacrificial knife descended into the man's body, Aarbron recognizes his father's face. As his father dies in the altar, memories of his childhood and tormented past at the hands of the Beast Lord emerged, and as feelings of hate over his captors took over him, he swore revenge and fled the temple, knowing the road to avenge his father and redemption would be hard. Shadow of the Beast is a side-scrolling platformer. The player has to navigate through several areas filled with enemies and traps, collecting keys and activating triggers than open new areas or give Aarbron the means to overcome a sub-boss. The number of moves the player has at disposal is limited: duck, jump and only two attacks: punch and a flying kick. While most enemies die with just one hit, the player must time each attack accurately. However, there are also traps of objects that cannot be destroyed, and these require the player to jump, duck or move according the sequence. The player has only one life with 12 hit points that can be replenished by collecting some objects hidden in the level (like an off-route location or a under a megalith), which also contributes to the difficulty level.
Shanghai II (Japan)	Shanghai II is a variant of the puzzle game also known as solitaire mahjong. 144 mahjong tiles are arranged in rows and stacked upon each other in various patterns; the player's goal is to remove pairs of matching tiles that do not have adjacent tiles from both sides until the whole board is clear. This variant features six patterns named after animals: tiger, scorpion, monkey, snake, panther, and dragon. The player can choose to display hints or reverse any amount of moves. A mode with a time limit is available as well.
Shape Shifter (USA)	The Dark Ones have captured the Ring of Five and imprisoned the wizards that guard it. A barbarian named Lykos has the power to transform into different creatures. He needs to rescue the wizards and the Ring of Five from the Dark Ones before they invade his home, Krellion. Shape Shifter is a side-scrolling action game with platforming and light role-playing elements. Much of the game consists of traversing hostile areas, fighting regular enemies on the way and defeating bosses. The game's &quot;hub&quot; area is a town where Lykos can replenish his health and buy any of the three available weapons (axe, mace, or bow). These weapons can be upgraded by enchanting them or picking up power-ups. After Lykos rescues a wizard he gains access to a transformation power. Transformations require special gems and cannot be performed if Lykos runs out of them. There are four transformations in the game: the panther can jump over large gaps; the shark can swim; the golem can jump higher; and the golden dragon can fly. Each of these forms can also collect power-ups that unlocks a few other attack abilities. The game's stages are interconnected, but usually a new form must be acquired before Lykos can access a new area. Lykos has eight lives consisting of smaller health units (hearts). The game can only be saved in the town.
Sherlock Holmes - Consulting Detective (USA)	In this game, the player is cast into the roles of Sherlock Holmes, the greatest fictional detective of all times, and his friend and partner Dr. Watson, as they have to investigate and successfully solve three criminal cases: The Mummy's Curse deals with the horrifying death of three men, which were apparently murdered by an ancient mummy; The Mystified Murderess involves a woman who has been convicted for murdering her beloved one, but cannot seem to recall anything of what had happened to her; The Tin Soldier concerns the murder of an old general, whose past must be investigated in order to find the killer.Sherlock Holmes: Consulting Detective can be described as a hybrid of adventure game and simulation. Gameplay process involves traveling to various locations in London, interrogating suspects, gathering clues, checking out the newspapers, and eventually presenting all the evidence to the judge; if the latter finds the circumstances incriminating, he will accept the results of the investigation, and the case will be considered solved. Though the basic gameplay is rather typical for adventure games, the amount of real detective work and the focus of the game on purely case-related actions rather than exploration and manipulation of items makes it comparable to a simulation of a criminal investigation. The game is notable for being one of the earliest &quot;multimedia&quot; titles, having been released on a CD ROM and featuring rather long (though windowed) video sequences with live actors as introductions and cutscenes, which frequently occur when the heroes investigate suspects.
Sherlock Holmes - Consulting Detective - Vol. II (USA)	&quot;What they said about Sherlock I, you'll say about Sherlock II&quot;...reads the advert in the box, based on the nice critics about Volume I. - The same video technology (this is 1992), keeps offering true interactive environment: actually letting you &quot;feel&quot; the traffic in the streets of the old London? - The same structure brings a familiar look, inviting to channel all attention to the task of solving mysteries: your intelligence, skills and patience are required to find clues by listening to people, observing details, or even reading the London Times - but don't let yourself be misguided by a wrong hint. - The same number of cases: 3 But, each situation is completely different: ?The Two Lions? involving the murder of circus lions, ?The Pilfered Paintings? just bought by The National Gallery...and ?The Murdered Munitions Magnate?, where hints reveal different possible motives...have nothing in common, except the detective in charge: you?
Shin Megami Tensei (Japan) (Rev 1)	A young man lives together with his mother in Kichijoji, a district in modern Tokyo. One day, he has a strange dream: he is being sucked into another dimension, a strange maze-like structure. A spirit appears in front of him and asks him his name. As he proceeds further, he meets a man who is hanging on a cross, another one who is being tormented by a demon, and a mysterious young woman who is bathing in a pool. &quot;Wake up!&quot; - the voice of his mother cuts through the dream. The young man wakes up and checks his computer. Suddenly, a message arrives: the world is headed towards destruction. Only he who can summon demons through a virtual space will be able to prevent a disaster. Unable to understand what that means, the young man goes outside and finds out a murder has occurred in the nearby park. The district must be cut off from the rest of the city until the murderer is found. As the young man acquires a device that allows him to communicate with demons, he begins to realize that his role in the upcoming events may be greater than he thought. A follow-up to the first two Megami Tensei games, Shin Megami Tensei is a first-person RPG set in modern-day and post-apocalyptic Tokyo. The hero of the game can summon demons, who consume a mysterious energy called Magnetite, which can be obtained from battles. The summoned demon joins the party and is then fully controllable by the player. The active party can include up to six characters: the hero, the heroine, and four slots usually reserved for the demons, though other human characters might also join. There is a wide variety of demons in the game, most of which are taken from real-world mythologies. The demons have levels, individual statistics, spells, special abilities, etc. Enemy encounters are random, and the first-person combat is turn-based. During combat, human characters can use swords or guns; the heroine is also able to learn and cast magic spells. Unlike most other Japanese RPGs, the game allows the player to raise the parameters of the two main characters manually when leveling up. A major gameplay element are demon conversations, which is usually the only way to recruit demons. Typically, the player has to convince the demon to join the party by choosing appropriate dialogue lines. All the creatures in the world of Shin Megami Tensei belong to one of the three ideologies: Law, Chaos, or Neutral. The narrative is largely dedicated to conflicts between these ideologies; during several key moments in the story, the player has to decide which one to follow. Joining one of the ideologies influences the subsequent narrative as well as some gameplay elements: certain weapons can be only equipped by a follower of a specific ideology, demons are more likely to join the hero if he shares their ideology, etc.
Shin Nihon Pro Wrestling - '94 Battlefield in Tokyo Dome (Japan)	Shin Nihon Pro Wrestling 94: Battlefield in Tokyo Dome allows the players to experience Japan's most popular professional wrestling promotion, New Japan Pro Wrestling. The game features real wrestlers from the time period it was released in. The wrestlers appear as digitized photos in the intro sequence and on the character selection screens; during gameplay, they are rendered as 2D graphical images. The game has four gameplay modes; the &quot;battle mode&quot; allows the player to choose one wrestler and compete against opponents chosen and controlled by the computer AI. The other modes correspond to a league, a cup (knock-out stages only), and a &quot;versus&quot; mode, in which the player can also choose any opponent to compete against. In every mode, the player is able to choose between single match (one-on-one) and tag team, with an additional wrestler on each side. The league mode allows competition between up to four players. The combat system is similar to that of fighting games, with a side view and health bars for the wrestlers.
Shin Onryou Senki (Japan)	Shin Onryō Senki is a remake of Onryō Senki. The story and most of the dialogues remain the same as in the original release; gameplay-wise, the versions are also nearly identical, utilizing the same menu-based verb-object commands. The differences lie mostly in visual presentation and technical quality of the music. The graphics are by far more technically advanced; most locations have been re-drawn from scratch. Digitized photos are used to represent some of the characters, and anime-like style is less pronounced. Many locations and scenes have been expanded, with additional close-ups, different angles, etc. A few locations have been added or made accessible at different moments during the course of the game.
Shougi Database Kiyuu (Japan)	Sh?gi Database is a video game adaptation of the Japanese board game sh?gi, which is related to Western chess and particularly Chinese xiangqi. The game's main mode offers competition between human players or three levels of computer AI. Additional modes include analyzing and replaying situations from existing sh?gi matches, and solving problems and etudes (three difficulty levels with over forty examples each). The game also includes a database of famous sh?gi players, with biographical data, records, etc.
SimEarth - The Living Planet (USA)	SimEarth puts you in charge of an entire planet throughout its 10 billion year lifespan. Your ultimate task is to guide the planet?s inhabitants into the stars, from its humble single-celled roots. The main threats you face include pollution, disease, famine, war and global warming. The controls available to you include the chance to move mountains and continents, creating different levels of species, and unleash tidal waves and earthquakes so as to reshape your planet. All of these things take from your limited energy, which must be replenished.
Slot Gambler (Japan)	Slot Gambler follows the story of a young man who finds himself miraculously teleported to a wondrous land consisting of nine islands. Each island contains casino houses run by attractive, scantily clad women. The player navigates the protagonist on the overhead island map, visiting casino houses and playing various slot machines until the winning requirements are met to continue the journey. Some locations lead to puzzle mini-games, encounters with women who give the hero erotic pictures of themselves, etc. The female characters in the game are digitized photos of real people. Though suggestive themes are used, there is no explicit nudity or sexual situations.
Snatcher CD-ROMantic (Japan)	Snatcher is set in the futuristic Neo Kobe City, a city of madness and decadence. The year is 2047. Mankind is facing its gravest crisis. A mysterious bio-roid life form has appeared. Its true nature and purpose are unknown. Is it some country's secret weapon, or an alien from another world? They appear in the winter, killing people and taking their place in society. They wear artificial skin and can sweat and even bleed. A new police force, specifically trained to fight the Snatchers, has been formed. They are JUNKERs. Every time you encounter someone, a difficult question must be asked ? is it a person or a snatcher? The player takes control of Gillian Seed, one of the JUNKERs. The gameplay largely follows the structure of a Japanese-style adventure. The player uses a menu-driven interface to execute commands, which include moving between locations and interacting with the environment.
Sol Bianca (Japan)	The game is based on the anime movie of the same name. In 24th century, piracy is still an issue, but no more in seas and oceans, sailing ordinary ships - the pirates are in space! The most dangerous pirate crew is the one of Sol Bianca - April, Janny, May, June, and Feb. No, those are not names of months, but five beautiful ladies, who can handle some high-tech weaponry and who think only about treasure. But the five lovely pirates are not evil - whenever some tyrant threatens a planet, they are there to help. The gameplay of Sol Bianca is that of a traditional Japanese-style RPG. The player controls the five girls as a party, each one having individual statistics. The party of heroines visits planets, travels on the world map, and engages randomly appearing enemies in first-person perspective, turn-based combat.
Sol Moonarge (Japan)	As earthquakes occurred in the kingdom of Itchy, and demons began roaming freely through the wilderness, the king realized that an ancient prophecy is about to be fulfilled, and the entire world is in danger. The valiant swordsman Soleil lives in the capital city, and the king entrusts him with the task of protecting the two Moon goddesses, and retrieving the Sun Sword, which are necessarily to prevent a magician known as Silver to use the Gears of Fate for his evil purposes... Sol Moonarge is a traditional Japanese-style RPG. As in most games of this genre, the player navigates the main hero and his companions on the top-down &quot;world map&quot;, entering towns to buy weapons, armor, and items, as well as hostile locations which are necessary to complete to advance the plot in a linear fashion. Enemy encounters are random; combat is turn-based and viewed from first-person perspective. As in most Japanese RPGs, the characters level up automatically, after having accumulated a set amount of experience points; specific weapon and magic proficiencies, however, grow depending on the amount of times player-controlled characters use that particular type of weapon or spell. There is a day-night cycle (on the world map only), which influences people's schedules: at night the shops are closed, but certain characters might appear only during that time.
Solid Force (Japan)	Solid Force is a turn-based strategy game that casts the player in the role of Sho Masaki, a member of an organization known as &quot;Mars&quot;. The group consists of highly trained agents and specializes in performing classified missions for various countries. Sho's first mission is to infiltrate a base in East Africa at the request of the African Federation. The game is composed out of large-scaled tactical battles. The player navigates the combatants over the screen and tries to accomplish missions without having the main hero killed. Most of the attacks in the game are ranged, and each weapon has unique properties. It is possible to choose full or spreading attacks with many firearms, throw bombs and use special abilities. Weapons have limited ammunition, and must be equipped manually before using. Powerful area attacks can be executed, but they damage everyone in the area, including player-controlled characters. Robot-like machines can be controlled directly by the player or set on auto mode.
Sorcerian (Japan)	Sorcerian is the fifth game in the Dragon Slayer series. It is set in the fantasy land known as Pentawa, whose inhabitants are in constant need of protection from ferocious creatures roaming the wilderness. The king of Pentawa hires a party of adventurers, and their first assignment is to retrieve a precious sceptre from a dungeon, where it is guarded by the evil demonic lord Ouks. The game is an RPG with an unusual side-scrolling perspective and action-based combat, somewhat of a cross between Wizardry and platform games. Despite being a Japanese game, Sorcerian resembles Western RPGs of its time, focusing more on character development than story. In the beginning, the player creates a party of four characters, choosing between fighter, wizard, elf, and dwarf .
Sotsugyou - Graduation (Japan)	Sotsugy? is the first game in the series, released only in Japan. It puts the player into a position of a high school teacher, whose goal is to successfully lead five female students to graduation within the same semester. In order to do that, the player has to study the individual characteristics of the girls. Each girl has different parameters, different strengths and weaknesses. The teacher should be careful not to overload the students with work, but letting them do what they want is not the right way either. The teacher has also control on other aspects of the students' life: it is possible to have personal conversations with the girls to motivate them, and choose leisure activities for them (such as going to the cinema). The girls can become displeased with the teacher or sick, so it's important to keep the morale high in order to achieve successful graduation.
Sotsugyou II - Neo Generation (Japan)	Graduation is a Japanese anime &quot;life-sim&quot; game. You take the role of a homeroom teacher who is given the responsibility of teaching five girls in their last year of high school. You determine their class schedules, do guidance counseling, interfere with their weekend plans, and occasionally take to the streets to make sure they're not getting into trouble. Each of the girls have their own individual personality and problems, and the choices you make will determine whether they graduate from high school, what they do with their lives afterwards, and whether or not they wind up hating your guts. Get them all into top colleges and your boss will praise your genius. If they all flunk or wind up wanting to marry you, you'll obviously be fired. Despite what common sense and knowledge of the Japanese psyche might lead you to believe, this is not an adult (or hentai) game and there's no nudity and only an average amount of anime sexploitation.
Sotsugyou Shashin - Miki (Japan)	This enhanced version of the earlier computer release allows the player to play either of the games directly from the main menu. Both games feature some re-drawn artwork and remixed soundtrack, as well as voice-overs that were not present in the computer versions. The protagonists' names have been changed to Naoki Muraoka (Sotsugy? Shashin) and Tetsuya Watanabe (Miki). While the gameplay of Miki remains largely unchanged, this version of Sotsugy? Shashin allows the player to choose Hiromi Kamura as the protagonist, which adds a second scenario to the game where the same events are presented from her point of view. The gameplay system has underwent a few tweaks, making some of the player's choices influence the course of the story. While the original game only had one ending, this version has seven endings for Naoki's scenario and ten for Hiromi's.
Space Adventure Cobra - Kokuryuuou no Densetsu (Japan)	Based on an original manga and anime series, this is a Japan-only release of the first part of space pirate Cobra's story, the second part being The Space Adventure. Cobra is a brave renegade space pirate who fights the evil Pirate Guild and helps innocent people, cruising from planet to planet in his spaceship, aided by his trusty companion, the cyborg girl Lady. The adventure starts on a space station near the planet Eldo. The ancient civilization of this planet has long been destroyed, but the unusually beautiful light that surrounds the place attracts tourists from all over the galaxy. Cobra notices that a suspicious man watches his every step. Before long he realizes that his ship is under attack. Who is after Cobra? Will he be able to survive? That's what you have to find out! Cobra is a Japanese-style adventure. You select commands from a menu (such as &quot;Look&quot;, &quot;Talk&quot;, etc.), thus interacting with people and objects. In certain places you can also move your character, viewed from third person perspective. Being one of the first games to use CD ROM format, &quot;Cobra&quot; features anime-style cutscenes as well as voice-overs for some dialogues.
Space Adventure Cobra II - Densetsu no Otoko (Japan)	The Space Adventure, known in Japan as Cobra II: Densetsu no Otoko, is the second game dedicated to the adventures of the renegade space pirate Cobra. The game is based on original manga and TV series by Buichi Terasawa. While waiting in a bar for his partner, Cobra encounters a beautiful bounty hunter named Jane. Very soon he realizes that the bounty Jane has been hunting for his own head, for which the Galaxy Patrol has put quite a reward. But everything changes when Crystal Boy, the head of the Pirate Guild and Cobra's archenemy, appears on the scene. Jane's father had apparently hidden a great treasure, encoding its location in tattoos on the backs of his triplet daughters. Crystal Boy wants this treasure, and is going after Jane and her sisters. Cobra and Jane decide to join forces in order to find Jane's sisters and to undermine Crystal Boy's plans. The game is a Japanese-style adventure. The player advances in the game by choosing various commands (&quot;Look&quot;, &quot;Talk&quot;, etc.). There are a few places in the game where Cobra dies if the player makes a wrong decision. In the final location the player will also have to fight enemies in turn-based style. The game features a large number of animated cutscenes as well as voice-overs for many dialogues.
Space Invaders - The Original Game (Japan)	This version of Space Invaders is based on the 1994 arcade game Space Invaders DX but lacks the parody mode of that game. What remains is the classic mode that allows the player to choose the type of arcade cabinet (upright, black & white, etc.) as background to the action as well as the versus mode for two players. The versus mode is split-screen, each player trying to survive and eliminate more invaders than the opponent. The Game Boy version has both one- and two-player modes using the usual Game Boy tones (black and grey). However, plugging the cart into a Super Game Boy allows playing the game in all four cabinet types of the SNES version. The PC Engine (TurboGrafx) CD version offers an additional &quot;cosmic versus&quot; mode, where the background is composed of anime-style pictures of girls. They also appear in the &quot;omake mode&quot;, which is a single-player variant with the same backgrounds. The WonderSwan version doesn't offer all four cabinet types (only black & white) but keeps the versus mode.
Splash Lake (USA)	Splash Lake is an action strategy puzzle game. Each round consists of a single screen play area composed of tiles suspended over a lake. You control an Ostrich that can crack the tiles and cause them to fall into the water. Your goal is to use this ability to make all the bad guys on the screen fall into the water. The game features more than 60 levels, a simultaneous two-player mode, and humorous cutscenes every 10 levels.
Splash Lake - Ostrich Daibouken (Japan)	Splash Lake is an action strategy puzzle game. Each round consists of a single screen play area composed of tiles suspended over a lake. You control an Ostrich that can crack the tiles and cause them to fall into the water. Your goal is to use this ability to make all the bad guys on the screen fall into the water. The game features more than 60 levels, a simultaneous two-player mode, and humorous cutscenes every 10 levels.
Spriggan Mark 2 - Re Terraform Project (Japan)	Once again get to pilot a mecha in a war between two opposing armies, in Spriggan mark 2: Re-Terraform Project, this time to decide the fate of a distant colony in outer space. As in the first game, other AI-controlled mechas join in the fight and even talk to the protagonist with full voice-overs to advance the plot. The color-coding weapon system of the original is gone, replaced with a standard collectible power-up system. No options are available to watch the player character's back, but it is possible to change the direction the player-controlled mecha faces, allowing the player to deal with threats from behind.
Star Breaker (Japan)	In the future, mankind has learned to navigate space ships. Human beings spread out to different planets of the Milky Way. The hero of the game is a young pilot named Harry. He was testing the newest spacecraft model, but it crash-landed on Menaris, a planet at the outskirts of the Eva solar system, with a medieval-like civilization. Turns out that repairing the ship will be anything but easy, so Harry decides to stay for a while and to help the inhabitants of Menaris with their problems, which involve the over-ambitious Doran Empire. With the help of Aria, princess of Menaris, Harry must discover the truth about Doran's intentions, and when he learns it, he realizes that he won't use the repaired ship to return home, but will have to face something that threatens the entire galaxy. Star Breaker is a fairly traditional Japanese RPG, with top-down view, world map navigation, random turn-based battles, and all the other usual ingredients. Battles can be set on Auto for quicker pacing. Since the setting of the game is a mixture of sci-fi and medieval fantasy, character use a variety of weapons from swords to guns, as well as special psychic attacks. There are also some space ship combat in the game, and it is possible to upgrade the player's ship later on.
Star Mobile (Japan)	Star Mobile is a real-time puzzle game. A large scale is displayed on the screen, and stars continuously fall on it from above. The goal is to move the stars horizontally as they are falling in such a way that the weight on the scale is balance. Each stage contains a set amount of stars required for the player to handle. Stars come in different colors that represent their weight. Both right and left side of the scale contain several spots where the stars can land. If there are too many stars on the same spot, they will fall down, greatly decreasing the weight on the side they were in.
Star Parodier (Japan)	Move fast and blast! It's a nonstop explosion of fire power and you're streaking through space, right in the middle of it! The Brains Cult you once defeated is back, badder than ever. But your finger's on the trigger of an incredible new techno-attack! Scorch the Scorpion with a nuclear a sting. Fire your heat-seeking sidewinders. Then power-up to launch your doomsday Super Bomb! Blow those Brains out and save the galaxy. Then challenge your friends with a special competition time mode to prove who the Super Star really is!
Startling Odyssey (Japan)	In Startling Odyssey, the player takes the role of a young boy named Leon. One day, his home villages is attacked by monsters. His best friend is killed, and the most powerful magician of the village is turned into stone and abducted by the monsters' leader. Leon receives the blessing of the village elder and begins his quest to avenge the death of his friend and to defeat the demonic forces that threaten the land. The game is a rather traditional Japanese RPG, with all the familiar ingredients: Leon (and his companions who later join the party) roams the world map, entering towns and dungeons, buying equipment and items, and engaging randomly appearing enemies in turn-based combat. The battles are viewed from first-person perspective. Characters can use regular attacks as well as magical spells, and the battles can be also set on Auto.
Startling Odyssey II - Maryuu Sensou (Japan)	A mad scientist named Dr. Killbait succeeded in resurrecting one of the eight ancient dragons, endangering the country of Hyneld. The captain of the king's knights, Robin Solford, witnesses the dragon's attack on the castle. His two comrades are killed, and the princess Patricia, Robin's adoptive sister, is nowhere to be seen. Robin is determined to find Patricia and stop Dr. Killbait, and begins to wander around the world, hoping to find friends who will help him on his perilous journey. Startling Odyssey II: Mary? Sens? is not a sequel, but a prequel to the first game, Robin Solford being the father of the previous game's hero. The game is set in a predominantly medieval fantasy-themed world with a touch of sci-fi, and plays like a traditional Japanese RPG. The player navigates a party of characters on a top-down overworld, visiting cities and dungeon-like areas. Enemies are encountered randomly. Battles are viewed from isometric perspective, with an &quot;auto&quot; option to speed up combat. Characters join the party as dictated by the plot; the party will eventually contain four active combatants. Each character has his or her own sets of offensive, supporting, or healing spells, which are learned automatically when the character levels up. The game features full-screen anime-style cutscenes and voice acting during important events.
Steam-Heart's (Japan)	Steam Heart's is a 2D sci-fi vertically scrolling shoot-em-up with erotic content. The game takes place in the far future, on an alien planet dominated by seven elf-like or catgirl princesses that have fallen under the spell of a unique virus that has driven them mad and threatens to destroy the planet if all the rulers declare all-out war. Only Blondia Varady (nicknamed &quot;Blow&quot;) and his sister Fallandia have been spared from the disease and must pilot their fighter ships in order to penetrate deep into the domain of each princess, destroy their war machines, and administer the antidote. Fortunately for Blow, the antidote has been synthesized into his reproductive organ, so that means there is only one way to inoculate the girls.... The player controls the fighter ship through vertically scrolling stages, trying to destroy every ship that crosses its path and reach the end boss. The ship has a primary weapon that can be constantly upgraded by collecting power-ups, and a secondary slot for all sorts of collectible weapons that can be picked up in mid-air. The game features 2P-cooperative gameplay and cutscenes made of still images that explain the plot and depict the protagonist's encounters with each princess.
Strider Hiryuu (Japan)	The year is 2048 AD. In Russia, the evil Grand Master Meio has begun his insane plot to take over the universe. A lone figure drops from a stealth glider into Meio's base. He is Hiryu, Super A-Class Strider. His mission is to defeat the Grand Master and put an end to his plotting once and for all. Strider lets the protagonist run, jump, perform acrobatics and climb walls and overhangs. He wields a plasma sword, called a Cypher, through five levels fighting robots and guards, with mid- and end-level bosses.
Sugoroku, The '92 - Nari Tore - Nariagari Trendy (Japan)	Nariagari Trendy is an adaptation of the Japanese board game sugoroku - the Monopoly-like &quot;Game of Life&quot; version rather than the backgammon variant. Four characters, controlled by human players or computer AI, move on a board that represents a city, earning money and points on the way. The characters are taken from other Laser Soft games, most prominently Cosmic Fantasy series. The amount of moves is determined by dice roll. Special fields would award the character that lands on them with large amounts of money, the opportunity to roll the dice again, or lead to various mini-games which would increase the character's possessions. Another type of fields leads to a store run by the cat Nyan from Cosmic Fantasy games, who offers special cards for money.
Summer Carnival '92 - Alzadick (Japan)	After the legendary Recca on Famicom, Naxat Soft comes back, this time on PC Engine, for a new Summer Carnival. For those who don't know what the Summer Carnival is, it is the equivalent of the Hudson Caravan Stage. These contests allowed players from all over Japan to compete and win prizes. The principle is simple: play during a defined time in order to make the most points possible. In this case, what better than a good old shoot'em up! Alzadick makes full use of the principle of the timed game... So much so that one wonders why it could be marketed... Maybe only to allow players to train for the tournament.
Summer Carnival '93 - NEXZR Special (Japan)	Released specifically for Naxat Soft's Summer Carnival of 1993, Nexzr Special is a collection of short stages and modes that share their basic gameplay system and visuals with Nexzr. The regular mode introduces familiar regular enemies and a few new bosses. The &quot;Carnival Mode&quot; contains Score Attack and Time Attack modes, both requiring the player to focus on attaining the high score rather than just surviving. For that reason the difficulty in these modes is more forgiving; they allow more continues and have more generously placed power-ups. These modes also offer more destructible objects on the screen, as these specifically serve to increase the score.
Super Air Zonk - Rockabilly-Paradise (USA)	After the success of PC Denjin, our hero leaps onto CD with a whole new game and a whole new soundtrack. Flying over the various landscapes (you get to choose which order to play the first four levels in), you come up against tidal waves, giant robots and a general array of nasty but cute bad guys as you would expect. The plants from the original PC Kid games are still here to provide such joys as extra firepower, fountains of smiley faces or the tiny-denjin which makes dodging bullets that little bit easier. Another handy little trick is that your boots also pack a punch, so backing into an enemy is more likely to dispose of them than do you any permanent damage. Part way along each of the levels you get the chance to rescue a friend who then joins with you, giving you a specific extra ability. These friends are pre-set one per level and cannot be chosen, and they allow things like rapid-sushi-fire and handy rear shots.
Super Albatross (Japan)	Super Albatross is a golf game. There are three modes available: training, match play, and tournament. Match play is essentially a story mode that casts the player in the role of a young man whose mother has passed away and who tries to find solace in golf. In this mode, opponents must be defeated in a linear fashion and courses are dictated by the story. In training and tournament modes the player can choose between six different courses. The tournament mode is a competition between various characters who appeared as opponents in the match play mode. The golf game itself is viewed from a top-down perspective at all times, and allows the player to choose the type of club as well as adjust the angle and the strength of the shot.
Super Daisenryaku (Japan)	Super Daisenryaku is one of the many titles in SystemSoft's long-running war strategy series. The game mechanics are based on Daisenryaku II, but many of the included maps are unique to this release, including several based on Phantasy Star in Sega's console version. There is no campaign mode, and any of the included maps can be played. Some maps are for two players, some for four, and any map can be played with any combination of human and computer players. The computer versions also feature an editor. The game is played on a large map made up of hexagonal spaces, each of which consists of one of the included terrain types. Each player controls a number of units (bought with money), which each take up one space on the grid. The unit types are for the most part based on real-life military equipment from around the time the game was released, what is available to the player depends on the chosen faction.
Super Darius (Japan)	Super Darius is a port of Darius for the PC Engine CD-ROM, and the only attempt at an accurate port of the game for many years; it even uses recordings of music and sound effects straight from the arcade PCB! Its other claim to fame is the introduction of all 26 bosses from the original draft for Darius, some of which were earlier seen on promotional material.
Super Darius II (Japan)	Super Darius II is a updated Darius II released for the TurboGrafx-CD featuring an entirely new set of bosses, major changes to levels, and a fully arranged soundtrack including new songs.
Super Mahjong Taikai (Japan)	Super Mahjong Taikai is a follow-up to Mahjong Taikai. The game's structure and gameplay are nearly identical to those of its predecessor. Among the differences is the possibility to select a portrait of the main character (male or female) and a few additional historical characters to compete against: for example, the medieval Japanese warlord Oda Nobunaga is now joined by Toyotomi Hideyoshi and Tokugawa Ieyasu, famous historical characters of the same era. The roster of modern characters (in particular developers such as Kou Shibusawa) has been expanded as well. Like in the previous game, the grand tournament mode can only be accessed after the player has sufficiently advanced in the ranking.
Super Raiden (Japan)	A conversion of the classic arcade shoot 'em up, Raiden follows the conventions of the genre with coloured power up pods that give different weapons when collected. Raiden is one of the all-time greats in the annals of shoot 'em up history. Itâ€™s not just the excellent graphics and sounds, but the engaging gameplay that keeps you addicted for ages. Itâ€™s also capable of throwing up some hair-raising moments, and bullet dodging skills are pushed to the extreme
Super Real Mahjong P.V Custom (Japan)	Super Real Mahjong PV is the fifth installment in the strip mahjong series. There is no background story in the game; the player is merely introduced to three high school girls - Mizuki, Aya, and Akira - who challenge him to the game of mahjong. The main mahjong mode is that of the one-on-one variety; after each successfully completed round the girl removes a part of her clothing. The computer versions of the game contain scenes with nudity; among the console versions, the PC-FX one is the only one that similarly lacks censorship. Some of the versions have secondary gameplay modes, such as a team mode in which the player controls three girls and plays mahjong against three others.
Super Real Mahjong PII-III Custom (Japan)	Super Real Mahjong PII & PIII is a compilation that contains Super Real Mahjong PII and Super Real Mahjong PIII, which were only released in the arcades as separate games. Both games are fairly straightforward one-on-one mahjong matches; the player can not select the opponent and the game is over when one round of mahjong is lost. The compilation features improved graphics and animation, as well as additional gameplay modes: four-player mahjong (in the computer versions) and versus mode, where the player can select opponents (in the PC Engine / TurboGrafx CD version).
Super Real Mahjong PIV Custom (Japan)	Originating in the arcades, this installment of the Super Real Mahjong series puts the player in the role of a mahjong club member who competes against three female opponents. Rounds won by the player lead to undressing animations; however, while the computer version has explicit nudity, console versions are censored. All the versions have the same opponents, cutscenes, and gameplay rules. The computer version adds a versus mode in which girls can compete against each other, while the Super Famicom (SNES) version has a so-called &quot;puzzle mode&quot;, which reveals parts of a puzzle as the player wins mahjong rounds.
Super Real Mahjong Special - Miki Kasumi Shouko no Omoide yori (Japan)	This installment in the Super Real Mahjong series features the titular characters Mika, Kasumi and Sh?ko as mahjong opponents. There is no background story in the game and no additional modes: the player simply selects one of the characters and plays mahjong rounds until either he or the girl runs out of money. Pictures of girls are unlocked as the player accumulates victories.
Super Schwarzschild (Japan)	Super Schwarzschild is a spin-off entry in the Schwarzschild series. The game's scenario is based on that of Schwarzschild II. The story is much more elaborate and character-specific; unlike the earlier game, there is a linear plot advanced through dialogue and anime-style cutscenes. The player takes control of Alcion, the crown prince of the Auraclume kingdom, who is forced to terminate his studies abroad and return to his country in order to defend it against a treacherous enemy. The gameplay system is vastly different as well; as opposed to the main entries in the series, Super Schwarzschild is not a grand strategy game. The gameplay is confined to much smaller areas and is also significantly more linear and mission-oriented. Rather than presenting free-form gameplay and interaction with a multitude of nations, the game is restricted to a single military conflict.
Super Schwarzschild 2 (Japan)	The follow-up to Super Schwarzschild offers an original scenario that takes place after the Great Somari War. Like other Schwarzschild games, it is set in the 40th century and portrays a complex political and military situation within a star system. The events of the game take place in or around the once powerful kingdom of Istramu, which was severely weakened by the king's death. Temporary leaders replaced each other, and the instability led to a global revolt in the surrounding space. The player takes the role of various characters belonging to the resistance movement. Like the previous game, Super Schwarzschild has less grand strategy elements than the main Schwarzschild installments, and focuses on smaller-scale military strategy and tactics. There are no diplomacy options; resource management and research are simplified. There are more belligerents and somewhat more freedom in strategic planning than in the preceding game.
Sword Master (Japan)	One night, a lone, grim-looking traveler who calls himself Ax appears in a pub at the outskirts of Satania castle. He meets Althea, a girl from a village whose inhabitants were massacred by orcs. The two travel to the castle, where they meet the king of Satania, and learn of an ancient powerful artifact that has now caused the resurrection of a powerful demon. Ax reveals his own demonic heritage, but is willing to join forces with the people of the kingdom and fight against his kin... Completely unrelated to an earlier game of the same name, Sword Master is a tactical RPG, i.e. a hybrid of Japanese-style RPG and strategic battles. The player controls a small party at first, but later can command several units. Most of the gameplay takes place on the battle fields. The player navigates the heroes in turn-based fashion, attacking or casting magic when the enemy is in range. Attacks are presented as short full-screen animated sequences. Characters gain experience after each attack and might level up in the middle of the battle. Unlike many other games of this kind, Sword Master contains an additional RPG element in the possibility to navigate the characters in real time in towns and other &quot;friendly&quot; areas. The story progression, however, is completely linear, and the player can not explore hostile areas.
SydMead's TerraForming (USA)	In Terraforming, the human race has fled into the depths of space after Earth has become uninhabitable. As a result, they travel from planet to planet in an attempt to find a planet suitable enough to terraform into a new Earth. Along the way they encounter alien races which they must destroy in an attempt to survive and continue the human race. The gameplay is a basic side-scrolling shooter, shooting down enemy space ships, picking up power-ups and health icons and upgrading main and secondary weapons along with the obligatory huge stage bosses. The most notable feature of the game is the work done by Syd Mead, a special effects artist for such films as Star Trek: The Motion Picture, Blade Runner, Aliens, 2010 and as recent as Mission Impossible III.
Sylphia (Japan)	Sylphia is set in an environment inspired by the Greek mythology. The heroine of the game was a fearless maiden who tried to protect her home town from the onslaught of monsters. But even her power was no enough, and she was slain... Touched by her sacrifice, the goddess Athena revived her as a flying demi-goddess. Restored to new life, Sylphia can now unleash her wrath upon the monsters and their supporters. Despite its theme and setting, Sylphia plays like a vertically scrolling shooter. As in most games of this kind, the gameplay consists of shooting down waves of enemies, on the ground and in the skies. Sylphia can use four types of ranged attacks, which roughly correspond to other shooters' traditional weapons: fire blasts, laser, spreading fire, homing missiles. These weapons are displayed as colored orbs and must be collected. Power-ups can be collected for each type of attack. In addition, a devastating special attack can be stored (for one charge) and executed.
Tadaima Yuusha Boshuu-chuu (Japan)	Tadaima Y?sha Bosh?ch? is a semi-humorous title that incorporates elements of role-playing and strategy board game. The game is set in a medieval fantasy land populated by various races; when the country is overrun by demonic invaders, the king cowardly avoids responsibility and puts the task of liberating it into the hands of a group of heroes. Four players (human or AI-controlled) select their characters, each representing an exotic race, and take them on a quest to free the land. Navigation is done in a board game style; each of the players rolls dice, which determines the amount of moves the character can make. Characters belong to different classes and have unique attributes, abilities, hit and magic points, etc. In towns the characters can rest, purchase magic spells of various levels and elemental disciplines, buy items, and hire companions in bars. These companions also come in many varieties (magic users, monks, barbarians, etc.), and it is necessary to create a balanced party with spellcasters, healers and physically tough characters to prevail. Fields the characters land on may lead to random events such as stats and money increase, as well as battles. The latter are handled in traditional Japanese-style, turn-based RPG fashion, viewed from a Final Fantasy-like perspective. The player inputs commands (attack, magic, item, etc.) until the enemies are defeated, at which point battle spoils are acquired. Towns are often overrun by tougher enemies and can be liberated by vanquishing them. Should two player-controlled parties meet each other on the same field, they can opt to fight each other.
Taiheiki (Japan)	Taiheiki is a turn-based strategy game based on the Japanese 14th century historical epic of the same name. Like the book, the game portrays the struggle between the Northern Court, ruled by the decadent H?j? clan (later betrayed by their vassal Ashikaga Takauji), and the Southern Court of the emperor Go-Daigo. The gameplay has strong grand strategy elements and is similar to Koei's &quot;historical simulation&quot; series. The player can choose to control either the Northern or the Southern forces, choosing the actions for the leader and all his vassals. The player can choose to engage in diplomacy with rulers of other provinces, sign agreements, and manage and navigate armies. Combat takes place on a separate top-down grid, on which he player navigates the soldiers in turn-based fashion. Individual battles proceed automatically, their outcome based on the participant's attributes.
Tanjou - Debut (Japan)	Tanj?: Debut puts the player into the role of a music company agent, who has to work with three potential stars of entertainment: three young girls named Aki, Kumi, and Saori. In the beginning of the game, the player views the statistics of each girl and her personality description. Afterwards, the training begins. Most of the game is spent planning schedules for the girls. Practicing music skills, working, having a vacation - everything has an influence on the girls' statistics. It is important to keep the girls happy and reduce their stress; at the same time, having vacations without practicing will diminish their professional skill. Keeping the right balance is the key here. After a period of training, the player chooses which specific branch he/she wants the girls to compete in: commercial photos (model), staging a musical, performing a pop concert, making a movie, etc. Depending on the player's preparations and previous training, the girls will get higher or lower ratings. The player-controlled group competes against other agencies in a league, and results are shown after each major event.
Tecmo World Cup Super Soccer (Japan)	Tecmo World Cup Super Soccer is quite different from the similarly-named Tecmo World Cup Soccer. In this football (soccer) game players can choose between competing for the World Cup or participating in the Japanese league tournament. Only eight international teams (Brazil, Argentine, Japan, England, France, Spain, Italy, and Germany) are available. Before a match begins players can choose between three general strategies for the team - normal, offensive, or defensive. Weather conditions (normal, rain, or snow) and match length can be selected as well. The game itself is played from a third-person perspective that slightly switches between isometric and top-down depending on the situation.
Tenchi Muyou! Ryououki (Japan)	Tenchi Muy?! Ry?-?ki is based on the manga and anime series Tenchi Muyo, in particular the 20-episode OVA Tenchi Muyo: Ryo-ohki (same name as the game, but with a slightly different official romanization). The story centers around a seemingly ordinary boy Tenchi Masaki, who lives in the countryside on the Earth. After accidentally releasing a spaced pirate named Ryoko, his modest house attracts the attention of powerful people from space, including an officer of the Galaxy Police, a famous scientist, and two sisters from a royal family in search of their long-lost half-brother. Soon Tenchi finds out the truth about his own identity and his super-powers, but still can't quite handle a household with five attractive young women, some of which seem to have a special interest in him... The game is a traditional Japanese-style adventure: no puzzles, but many situations during which the player has to make choices. These choices lead to branching story lines, which in their turn lead to different endings. The game is viewed from first-person perspective, beside navigation around Tenchi's house, which uses a platform view.
Tenchi o Kurau (Japan)	Originating in the arcades, Dynasty Wars is a beat-em-up set during the Three Kingdoms Era of the Chinese history, and is, more specifically, based on the Tenchi o Kurau manga adaptation of the story. The player adopts the identity of an ancient Chinese warrior, and riding on horseback has to eliminate all his opponents, mostly infantry and archers. Four historical characters from the time period can be controlled: Zhang Fei (fights with a halberd), Liu Bei (broadsword), Guan Yu (a Chinese pole weapon known as guan dao), and Zhao Yun (pike); some of the character names are misspelled in translated versions. The characters are distinguished by their health and strength parameters. The game uses a lateral scroll and the player can move in all four directions. A novelty is the attack system: when pressing fire the energy of the attack will load up as the warrior moves his weapon up and backwards, in order to gain momentum. The more the player can keep fire pressed, the more powerful the attack will be. In addition, so-called &quot;tactics&quot; can be used at specific moments; these are powerful area attacks that deplete the protagonist's HP in process and range from summoning an ambush partner and causing rocks slide down slopes. Stages typically culminate in boss battles. Along the way, various power-ups can be collected. Besides treasure that increases the player's score, and food packs that heal the protagonist, there are also yellow and blue orbs, which represent the game's light RPG elements: yellow orbs count as experience points and increase the character's vitality after a stage is over, and blue orbs increase the power of his weapon.
Tengai Makyou - Deden no Den (Japan)	Deden no Den is a promotional version of Bomberman '94 with limited distribution. The game was only available through Hudson's newsletter at their Caravan Tournament. It contains only one level of the full game (2 to 5-player modes only), but replaces the titular character with Kabuki Danj?r?, a popular character from Tengai Maky? games. Players control up to five Kabukis in differently-colored outfits.
Tenshi no Uta (Japan)	Kearu, a young warrior from the land of Erin, is entrusted by his village elder to protect Krea, a young girl who was found near the village entrance when she was a baby. The young couple receives a task of retrieving and delivering a magic flower known as Eureka to the king. However, on the way to the castle, they are attacked by a winged monster, who carries Krea away. Kearu realizes that this kidnapping was not accidental, and had something to do with Krea's mysterious origin. Tenshi no Uta is a traditional Japanese-style role-playing game. As in most games of this genre, the player navigates the party of heroes on the top-down world map, fighting randomly appearing enemies, gaining experience for further automatic leveling-up, and money to buy better weapons, armor, and items. The battles are viewed from first-person perspective, with the enemy graphics super-imposed on the exploration screen (like in Cosmic Fantasy 2). The game has the conventional HP and MP bars, with the heroes learning various attack, support, and healing spells as dictated by their level. There is a day and night cycle in the game. Shops are closed at night, and certain characters appear only at a specific day time.
Tenshi no Uta II - Datenshi no Sentaku (Japan)	Fate is a young man whose job is to patrol the land around his village and protect it from monsters. One day, during such a patrol, Fate and his friend Shion encounter a mysterious girl in the nearby tower. She could only remember that her name was Rhianna, but nothing else about her origins and how she ended up being in that tower. Shortly afterwards, the village is attacked by monsters and burnt down. Fate, Shion, and Rhianna escape, and Fate promises Rhianna that he will help her regain her memory and find the truth about her past. Tenshi no Uta II: Datenshi no Sentaku is not directly related to its predecessor story-wise (though it is set in the same universe, and some characters from the previous game make an appearance here). Graphically and gameplay-wise, it is nearly identical to it, with the exception of a few minor tweaks (such as characters regaining full health after level up): an archetypal Japanese-style RPG with random enemies, turn-based combat, linear story progression, and automatic character growth. Like the first game, Datenshi no Sentaku has a day and night cycle.
TerraForming (Japan)	In Terraforming, the human race has fled into the depths of space after Earth has become uninhabitable. As a result, they travel from planet to planet in an attempt to find a planet suitable enough to terraform into a new Earth. Along the way they encounter alien races which they must destroy in an attempt to survive and continue the human race. The gameplay is a basic side-scrolling shooter, shooting down enemy space ships, picking up power-ups and health icons and upgrading main and secondary weapons along with the obligatory huge stage bosses. The most notable feature of the game is the work done by Syd Mead, a special effects artist for such films as Star Trek: The Motion Picture, Blade Runner, Aliens, 2010 and as recent as Mission Impossible III.
Todd's Adventures in Slime World (Japan)	While flying your spaceship, you crash land on a planet covered entirely in slime. You and a friend explore the labyrinthine planet of slime, armed with a water pistol and all manner of gadgets you find along the way in an effort to find your way back out. The game world is a giant maze with quirky hidden areas and plenty of original layout ideas. Depending on the game mode, you are either cooperating or competing with your &quot;friend&quot; to find and get to an exit first. Due to the massive sizes of the slime worlds (about 6 entries to choose from), games often take several hours to complete. The basis of the game is exploration, with varying game modes further focusing on competition, puzzle solving, speed, exploration, or cooperation.
Tokimeki Memorial (Japan)	In the first installment of the Tokimeki Memorial series, the player takes the role of a male student at the Kirameki High School in modern-day Japan, whose goal is to win the heart of one of his female school mates. Tokimeki Memorial is a dating simulation game. There is a schedule in the game, which includes school-related and free-time activities. The player characters has various statistics that can be raised by performing certain activities (such as studying to increase intelligence, etc.). The gameplay is dedicated almost entirely to planning schedules, getting the maximum out of the date with the chosen girl. A date is not necessarily automatic success - neglecting a girl for a long time will lead to gossip and eventually may destroy the relationship. There is also a &quot;rival&quot; in the game, a male student who might succeed with one of the girls if the player is not careful enough.
Top o Nerae! GunBuster Vol. 1 (Japan)	Top o Nerae! GunBuster Vol.1 is based on the anime OVA series Gunbuster by Gainax. In the early 21th century humanity discovered a race of bug-like aliens while colonizing known space. The aliens steadily advance towards the Earth with the goal of eradicating it. To counter that, humans have developed giant mechas that ca be navigated by trained pilots. The story of the game follows closely the first chapter of the anime, focusing on the young pilot Noriko Takaya and her first steps towards the mastery of her dangerous profession. The game has a Japanese-style adventure-like interface (with Look, Talk, and other verb commands leading to sub-menus), but plays more like a cross between an interactive movie (with animated scenes and voice-overs) and a visual novel, where choices of actions and responses play a dominant role. Every wrong action raises the heroine's &quot;stress meter&quot;; once it is full, the game is over.
Top o Nerae! GunBuster Vol. 2 (Japan)	Top o Nerae! GunBuster Vol.2 is a direct sequel to the first episode based on the Gunbuster anime series. It continues the story started in the first chapter, following the adventures of the young mecha pilot Noriko Takaya as she passes the test and is admitted into the fighting squad of mechas, sent on a mission to stop an insectoid race of aliens from destroying the Earth. Gameplay-wise, the second episode differs from the previous one in that it eschews even the rudimentary Japanese-style adventure commands. It plays more like a pure interactive movie: the player watches animated, voiced scenes and from time to time has to make a decision for Noriko, influencing subsequent scenes. The &quot;stress meter&quot; from the preceding game has been removed as well. The game also contains extras such as character and robot introduction, a radio drama, and a &quot;rock-paper-scissors&quot; game against Noriko.
Travel Eple (Japan)	Eple is a young girl donning a penguin costume, who lives in a secluded village in a snowy region of Northern Japan with other humans and birds. One day, following a monster attack on the village, Eple and her penguin friend fell into the water and drifted to faraway lands. The duo must face fearsome enemies and dangers to find a way back home. Travel Eple is a top-down action game similar in concept to Bomberman. The game is divided into stages, each consisting of one screen. Every stage has an opponent who tries to kill Eple either by attacking directly (most regular enemies only have close-range attacks, but bosses may not follow this rule), or by throwing objects at her. Eple, on the other hand, has no attacks on her own and must rely on these objects (mostly explosives such as bombs and grenades) to hurt the enemy. Objects keep appearing randomly in various parts of the screen as long as the battle continues. Stages may contain hazardous areas that damage Eple, or other spots that prevent her from walking around normally. Health-restoring pots also pop up from time to time. A few stages require Eple to access a magic staff, which grants her various protective abilities (e.g. an ice force field that absorbs fire damage). A versus mode is available, in which players compete against each other by controlling Eple and her friend Pal. Their magical abilities can be customized before the battle begins.
Travellers! Densetsu o Buttobase (Japan)	The most famous story of the heroic past is called &quot;Knights of Legend&quot;. It is a story about heroes who have descended into hell, defeated the Demon King, and saved the seven worlds from grave peril. This story is now taught in all the schools for young adventurers, who wish to become heroes and defeat the minions of hell once and for all. Those who have already graduated are called &quot;travelers&quot;; four of them are the heroes of the game - two young men and two young women. Led by the reckless swordsman Ufuru, the travelers begin to roam the land in search of adventure... The game is a rather traditional Japanese RPG. The player always controls the party of four heroes; the two men use sword techniques, one of the girls specializes in offensive magic, while the other one is a healer. The player navigates the party over the &quot;world map&quot;, visiting towns and descending into dungeons. Randomly appearing enemies are fought in turn-based style. Leveling up is automatic, like in most games of the kind. There is a day/night cycle in the game.
TV Show, The (Japan)	The TV Show is a humorous overhead action game similar to Bomberman in concept.The characters are comically-themed and include a hyperactive schoolgirl, an armored ninja, and others. There is no real storyline behind these characters; each comes with a short introduction sequence that invariably leads to their admittance to an alien-organized TV show, where they have to defeat enemies and retrieve prizes. The game includes a scenario mode (solo) and a versus mode (up to four players). Both modes offer seven characters to choose from.
Uchuu Senkan Yamato (Japan)	Uch? Senkan Yamato is based on the anime series Space Battleship Yamato, also known as Star Blazers. The events of the game follow those of the initial episodes. In the end of the 22nd century, Gamila aliens bombard Earth with radioactive meteorites. As a result, the planet's surface becomes uninhabitable, and humans begin to dwell underground. Using the ruins of the World War II Japanese battleship Yamato, humans construct a powerful spaceship and can finally engage the aliens in direct confrontation. This incarnation of the series is essentially a real-time strategy game with a somewhat unusual approach to the genre. Rather than navigating units on battlefields, the player takes direct control of every crew member onboard the ship. Each one of them is responsible for a certain function (supplying power, manning a gun, turning the ship, etc.); in order to win battles, it is crucial to coordinate their actions. The game proceeds in real time, but pauses when the player accesses crew members and performs actions for them.
Urusei Yatsura - Stay with You (Japan)	Urusei Yatsura: Stay with You is based on the manga series by Rumiko Takahashi. The protagonist is Ataru Moroboshi, a high school student who accidentally evokes love in the heart of Lum, the princess of an alien demon-like race. The game does not recount the initial events of the manga and instead is built like an episode, assuming the player's familiarity with the general story and characters. Ataru's ex-girlfriend Shinobu disappears under mysterious circumstances. Ataru and Lum must explore the high school building and find out what happened to Shinobu. The gameplay is that of a traditional Japanese-style adventure, where all interaction (including navigation) is performed by selecting verb commands from a menu and combining them with objects from a list. game progression is fairly linear, and it is typically required to complete an objective in one location in order to be able to proceed to the next one. There are no real puzzles, but an inventory with items that can be examined is present.
Valis II (USA)	Valis II has the same basic plot as its computer counterpart: Rogles, the tyrant of the magical world Vecanti, was defeated, and a new emperor named Megas is terrorizing its inhabitants. It's up to the Japanese schoolgirl Yuko to take on her persona of the Valis Soldier and vanquish Megas. Gameplay-wise, this version differs from the computer releases significantly. Though it has six stages that end with the same boss enemies, its level design, layout, and many regular enemies are different. This release also completely removes two key gameplay features of the computer version: the ability to equip different weapons and armor, and the flying side-scrolling shooter stages.
Valis III (USA)	After Yuko has defeated the evil Rogles, peace descended upon Earth and the magical world of Vecanti. But a new threat has arisen: an enigmatic man named Glames from the Dark World, possessor of a sword named Leethus, is planning to conquer both Earth and Vecanti, convinced that there is no other way to save his world from imminent destruction. A young girl from the Dark World named Cham escapes from Glames, and asks Yuko to help her stop him with the aid of her Valis sword. Like its predecessors in the series, Valis III is a side-scrolling platform action game. Unlike the previous installments, the player can control three characters in the game: Yuko, Cham (who uses a whip and fights similarly to Castlevania protagonists), and princess Valna from Vecanti, who is weaker physically, but can cast more powerful magic. Each of the characters can equip different weapons and has access to her own magic spells.
Valis IV (Japan)	King Asfal from the Dark World had a son named Galgear, who inherited a magic ring from him and grew insane as a result. The prince was imprisoned, but managed to break free, kidnap Valna, the queen of Vecanti, and install himself as the Dream Land's new ruler. Cham, the leader of the resistance against Galgear, hears the voice of Yuko, the former Valis soldier who has now become a goddess, telling her that one of the resistance members, a girl named Lena, is the heir to the Valis sword. Lena and her sister Amu decide to rescue Valna and find a way to stop Galgear. Like its predecessors, Valis IV is an action platformer. It is similar to the previous game in allowing the player to control three different characters: Lena, Amu, and Asfal. Each of the characters wields a unique weapon (Valis sword for Lena, boomerang for Amu, and lance trident for Asfal) and has access to their own elemental spells (thunder for Lena, fire for Amu, ice for Asfal). Each one also has a special ability: Lena can slide through narrow passages, Amu can double-jump, and Asfal is immune to certain traps. Along with recovery and spell-enhancing (up to three levels) items, characters can also acquire special spheres that increase the overall count of their hit- and magic points.
Vasteel (USA)	The governing planet of the Vasteel Solar System is called Belose. Emperors of the Faracia dynasty have been ruling the planet for hundreds of years. However, the last emperor turned out to be rather unpopular with the people, and they began talking about changing the government system. Unexpectedly, the emperor becomes gravely ill and dies soon thereafter. His elder son, Faliall, is proclaimed the heir. However, Faliall's younger brother, Stefan, cares for the wishes of the simple folk, and is willing to change things. Hence, the bloody war between the two brothers for power and justice begins... Vasteel is a hex-based war strategy game in its core. The story mode takes the player (who controls either Stefan's or Faliall's armies) through various top-down maps, on which the two armies will try to annihilate each other, advance to a better position, conquer enemy cities, etc. There is also a versus mode, which allows two-player gameplay, as well as access to all the maps regardless of the story. The armies of the two princes are entirely robotic; even tanks, cannons, and spaceships are shaped like &quot;transformer&quot; robots. Both armies have factories, which can produce new robots, even several times per turn; each such productions costs money, of which there is limited amount. The player navigates the robots in turn-based fashion over the map. Combat ensues when two robots are on the same grid. Unlike in most games of this kind, the actual battles in Vasteel are interactive and action-based. The players must quickly move their robots and shoot at each other. Same applies to robots which enter factories and cities with the intention to destroy their protective mechanisms; the defending side uses stationary turrets to fire at the robot, while the latter tries to avoid them and get to the core before being destroyed.
Vasteel 2 (Japan)	Vasteel 2 is formally a sequel to Vasteel; it is also set in the eponymous fictional, futuristic solar system and deals primarily with strategic battles between robots. However, its story is not directly connected with that of the predecessor. The main hero is a young boy named Voice Knuckles, who enjoys a peaceful life with his mother and his girlfriend Diggy. But the cruel Emperor Agares attacks his planet and destroys Voice's home, killing his mother in the process. The boy swears revenge. Aided by his girlfriend and his friends, he assembles a rebel army from fighters who navigate giant robots, and is determined to defeat Agares at all costs. The game is more story-heavy than its predecessor, and has more clearly pronounced anime/manga aesthetics. Animated cut scenes occur between the missions and advance the story. Even during the large strategic battles, characters would often engage in dialogue, and scripted events might occur.
Virgin Dream (Japan)	A &quot;Pretty Girl Contest&quot; is held, which is more than just a regular beauty competition: within a year, a young girl should become a star. Beauty matters, but so does skill. As the manager of one of the young girls who wants to participate in the contest, the player has to do everything in his/her power to attain the goal, and help the disciple reach stardom! Virgin Dream is what is commonly called life simulation, a genre popularized by games such as the Princess Maker series. The player manages the life of the young girl with a specific goal in mind, which must be chosen from the main menu. The girl can strive to become a singer, a photo model, a school teacher, etc. The player then tries to alter her statistics accordingly to achieve the goal. The main activities on work days are divided into three groups: training, working, and learning. The learning category is the smallest one, but is also necessary for continuing the girl's normal school life. Training includes singing, arts, body building, sports, etc. Part-time jobs such as waitress, cook, private tutor, and even construction worker are available; the pay varies greatly, but so are the changes in parameters. On holidays, the girl is able to venture outside and explore the top-down city, which contains various shops, boutiques, offices, etc. Clothes and other accessories can be purchased. It is also possible to talk and bond with other girls, potential rivals, who live in the same dormitory. All this influences the heroine's parameters, for good and for bad.
Where in the World Is Carmen Sandiego (Japan) (En,Ja)	You start out as a rookie detective whose job is to track down a crop of thieves stealing the world's most precious treasures. After each assignment briefing, you'll be given a deadline to capture the thief that stole the artifact using clues dealing with your knowledge of geography. The game is an updated version of the original Where in the World is Carmen Sandiego?, featuring enhanced graphics, sound effects, and additional control schemes, such as joystick support for computer platforms.
Winds of Thunder (Japan)	Lords of Thunder is a side-scrolling shooter that has you take on the role of a legendary warrior, blasting enemies to heavy-metal tunes. Your enemies are plotting to revive Zaggart, &quot;The Dark One,&quot; who was sealed beneath the six continents of Mistral. It's up to Landis, descendant of the heroic Dyu, to stop them. Choose the order in which to attack the six stages. Before each stage, select one of four magic armors and use crystals you've collected during your battles to buy items. Then get ready to face awesome enemies like a fire-spewing sea serpent or a giant insect.
Wizardry I, II (Japan)	Wizardry I?II contains the first two installments of the Wizardry series: Proving Grounds of the Mad Overlord and Knight of Diamond. Both games were ported to the PC Engine (TurboGrafx) CD console with various enhancements, unreleased separately. In fact, the two games are merged into one, as the player is able to play through both of them continuously directly from the main menu. Though the game(s) are rather faithful in gameplay and graphical design to the original computer versions, the enhancements are significant enough to consider this release a remake. Similarly to the NES / Famicom version, the dungeons have simple graphics, unlike the computer originals with their vector lines. Enemy sprites are also more detailed and occupy a larger portion of the screen. A pre-made party of six is available to the player right at the beginning, consisting of characters with generic names (&quot;Fighter&quot;, &quot;Samurai&quot;, etc.); creating own characters (unlike in the modified PC Engine CD version of Might and Magic), however, remains possible. Dungeon navigation is accompanied by orchestrated CD audio music in this version. The battle music is in PSG format.
Wizardry III, IV (Japan)	Wizardry III?IV contains two role-playing games from the Wizardry series: Legacy of Llylgamyn and The Return of Werdna. Both games were ported to the PC Engine (TurboGrafx) CD console with various enhancements, unreleased separately. The player automatically starts playing Legacy of Llylgamyn; playing The Return of Werdna can be accessed via &quot;Utility&quot; option in the town menu. Though the game(s) are rather faithful in gameplay and graphical design to the original computer versions, the enhancements are significant enough to consider this a remake. Unlike the computer originals with their vector lines, the dungeons have simple graphics now. Enemy sprites are also drawn in a more detailed fashion. A pre-made party of six is available to the player right at the beginning, consisting of characters with generic names (&quot;Fighter&quot;, &quot;Samurai&quot;, etc.); creating own characters (unlike in the modified PC Engine CD version of Might and Magic), however, remains possible. Naturally, in The Return of Werdna the player controls Werdna himself and his summoned monsters. Another notable change is the inclusion of orchestrated CD audio music for dungeon navigation and (optionally) for battle music.
Wizardry V - Heart of the Maelstrom (Japan)	After L'Kbreth's Orb was used to bring peace back to the land of Llylgamyn, a new threat emerges in the region. Strange malevolent energies have been spotted beneath the Temple of Sages. These energies - called the &quot;Maelstrom&quot; by the local inhabitants - can be sealed by a person known as the Gatekeeper. Unfortunately, the latter has been imprisoned by a mysterious power or person only referred to as SORN. A party of brave adventurers seeks out the high priest G'bli Gedook, the guardian of L'Kbreth's Orb, who explains to them that they have to release the Gatekeeper and eventually vanquish the evil at its core.
Wonder Boy III - Monster Lair (Japan) (Rev 3)	Feeling more like the first Wonder Boy than the second, Monster Lair is a fast-paced auto scrolling platform game. The levels are split into two stages, the first being a platform stage, the second a shoot 'em up stage which ends in a boss. During the game your energy counts down, so you must keep picking up fruit to replenish yourself. There are a variety of weapons to collect - lasers, spread shots, spinning shields and so on, but these are also on a timer and do not last long, so weapon switching is frequent to avoid being left with your basic short range sword shot. The game is single or two player simultaneous.
World Heroes 2 (Japan)	The time-traveling tournament fighters are back! The original eight characters from the previous game return, along with six new characters hand-picked from several different eras and locations all through time. Who or what is behind this new tournament? In order to find that out, the strongest fighter must defeat all the opponents, win the title, and face the one who has all the answers. The second World Heroes game features new stages and music, as well as improved animation and graphics. Fighters can now reflect projectile moves at their opponents, and reverse normal throws if the player's timing is right. The original game's Death Match mode is also back, but with a new feature - the life bar will increase or decrease as the fighter inflicts or receives damage. If the player manages to get his fighter's life bar to 100%, the enemy will lose.
Wrestle Angels - Double Impact (Japan)	Wrestle Angels: Double Impact is similar in concept to Wrestle Angels V1, being a business simulation with turn-based wrestling matches between attractive young women. The game has three modes: exhibition, team management, and new player debut. Exhibition mode allows the player to select from a wide variety of wrestlers and compete in single, double, or tag-team (six wrestlers) fashions. New player debut puts the player in the role of popular wrestlers from the franchise, taking them through training sessions and a series of matches. Team management is the game's most expansive mode. In this mode, the player assumes the role of a manager who has to assemble a team of wrestlers to compete in Japanese regional leagues. New wrestlers can be picked from known athletes, or &quot;scouted&quot; on the street, with varied effects. The player then assigns schedules and activities for the wrestlers. It is possible to talk to them, send them on vacations, and also fire them. The player can also renovate the gym, design masks for the wrestlers, handle public relations, and perform other management duties. All these activities cost action points and have to be handled with care before the team is challenged for competition.
Wrestling Universe - Fire Pro Joshi - Dome Choujo Taisen - Zenjo vs. JWP (Japan)	Long before the WWE introduced the Divas wrestling matches, in Japan there was a more serious affair, where wrestling skill was more important than breast implants, and matches were &quot;real&quot; (as far as wrestling goes) instead of pillow-fighting or bra and panties fights. In this game in the Fire Pro Series, the cast of the All Japan Women's Pro-Wrestling promotion are available, all fighting to win the Red belt, the highest prize of the federation. It's also possible to fight in single matches, tournaments, Battle Royal and Elimination matches. The usual array of options in CAW is present, being possible to create 16 new Wrestlers. Gameplay, as usual is the series, is dramatically different than in most western games. Each wrestler has a bunch of moves, ranked from weak to strong. While it's possible to connect any of them from open situations, while grappling only when the opponent is already beaten the most powerful moves can be successfully used.
Xak (Japan)	Xak I?II is an enhanced version of the first two games in Xak series: Xak: The Art of Visual Stage Xak II: Rising of the Redmoon More than just a compilation, this version was developed from scratch, featuring more detailed graphics, new musical compositions, voice acting, and new cut scenes, including a common intro for both games. The improved interface from the second game is now present during the first as well. Even though gameplay-wise this release is very similar to the originals, there are some slight changes as well: enemies are more aggressive, and sometimes appear at different spots than in the original. Although this release contains both games, they are treated as one long game, and it is only possible to start playing the second after having completed the first.
Xak III - The Eternal Recurrence (Japan)	The great hero Latok, the descendant of the war god Duel, has returned to his hometown Fearless, where he lives peacefully with his mother. But one day, a messenger brings terrible news: the castle of Farland was attacked, the king, the princess, and countless soldiers brutally slain. Zomu Dizae, the third and the final demon commander of the dark world Zekisis (Latok has defeated the other two, Badu and Gospel), has arrived. He is aided by the treacherous Necromancer, who turned the soldiers of Farland into monsters. Will Latok be able to defeat the evil once again? Xak III: The Eternal Recurrence is an action RPG, similar in gameplay style to its predecessors, but also incorporating some elements first introduced in Tower of Gazel, such as the ability to jump and having companions (although this feature is much more limited here). Jumping ability is crucial in many cases, as there are obstacles that can only be avoided by jumping over them. Latok starts at level 50, but still can gain experience points and become stronger. A new (and very useful) feature is hit points restoration, which occurs when Latok is standing still. To counter that, enemies can re-spawn, which means that there aren't many completely safe areas in the game.
Yamamura Misa Suspense - Kinsenka Kyouezara Satsujin Jiken (Japan)	Kinsenka Ky? Ezara Satsujin Jiken is based on a series on a series of novels by the Japanese detective fiction author Misa Yamamura. The popular protagonist of the novels, inspector S?suke Kariya, appears in the game as one of the characters; but the main heroine and the player character is Yuko Kobayakawa, a journalist working for a gourmet magazine. During a trip to Kyoto she attends a party and witnesses a mysterious murder of a wealthy man's estranged wife. Yoko decides to stay and help the authorities investigate the crime. The game plays like a puzzle-less Japanese-style adventure. Most of the time the player chooses a location to travel to and interrogates characters, selecting various topics from a list. Such scenes are presented in first-person view. A few segments, however, feature third-person navigation with point-and-click interaction, similar to Western adventures. Other instances require the player to move a cursor on a zoomed object to interact with it in a detailed way.
Yami no Ketsuzoku - Harukanaru Kioku (Japan)	Harukanaru Kioku is a re-imagining of earlier Yami no Ketsuzoku games. The basic plot follows the events that began in the first installment, but it is told in an entirely different fashion, with different scenes, dialogues, etc. For example, the game begins a short while before the starting point of the first chapter, and contains conversations between the protagonist Miyu Izawa and the murder victim Marie, which were not present in the original story. The visual style of the game is also quite different, with bright anime-like graphics atypical of the previous entries. Gameplay-wise, this installment also differs from the preceding computer games by greatly reducing interaction. All of the dialogue in the game is spoken, and much of the narration is revealed through Miyu's thoughts which act like cutscenes, rather than being derived from interaction with the environment. In essence, the game is a fairly linear visual novel with some occasions where the player is able to visit different locations.
YaWaRa! 2 - A Fashionable Judo Girl! (Japan)	Based on the manga and subsequent anime series Yawara: A Fashionable Judo Girl, this game can be considered a sequel to Yawara!, since its events take place after the conclusion of the previous story line. This time, the player controls Fujiko Itou, one of the original series' heroines, an admirer of Yawara. After having won a major international competition, Yawara feels she cannot bear the fame, longing to return to normal life and leave judo. Shocked by this decision, Fujiko decides to train herself and become a judo master, in order to convince Yawara to come back. Unlike the previous game, which was entirely a &quot;digital comic&quot;, Yawara 2 has three different gameplay modes. The Japanese-style adventure part plays similarly to the predecessor and to most other games of this style: the player has a few verbs to choose from a menu; choosing all of them one-by-one invariably advances the story. This part is heavy on non-interactive cut scenes. Another gameplay mode is a quiz featuring questions related to the original series; the player has to choose the correct answer among four available ones, and a wrong answer leads to instant Game Over. Finally, the so-called &quot;Battle&quot; gameplay mode is a judo fighting game. It plays similarly to other fighting games (even with its own story, versus, and two-player modes), but instead of the usual punches, kicks, jumps, and special moves, the player is only allowed to execute authentic judo moves and play by the rules. Many moves involve rapid pressing of different buttons. The player controls Fujiko, and in the versus mode is able to choose to fight fictional champions from the original story line. Beside these gameplay modes, the game features an extensive Yawara!-related database, with character profiles, information, and even the titular heroine giving a cooking lesson.
YaWaRa! A Fashionable Judo Girl! (Japan)	Based on the manga Yawara! A Fashionable Judo Girl, the game follows the story of Yawara Inokuma, the teenage granddaughter of a famous judo master. While she is trying to have an ordinary life, her grandfather insists on her studying the martial art of judo, and she has troubles to decide what her goal in life is going to be. The game's protagonist is one of the minor characters in the manga, a young journalist named Matsuda. Seeing how Yawara effortlessly beats up an assailant on the street, Matsuda decides to find out who the &quot;wonder girl&quot; is, feeling that she is going to become a famous sports star. The game is what is commonly known as digital comic, i.e. Japanese-style adventure game without puzzles and with very limited, basic interaction possibilities. Typically, the player is presented with a few verb commands and object sub-menus at every screen, and has to go through them in order to make progress. Animated and voiced cutscenes frequently occur in order to advance the narrative.
Yokoyama Mitsuteru Shin Sangokushi - Tenka wa Ware ni (Japan)	Tenka wa Ware ni is based on the Sangokushi manga by Mitsuteru Yokoyama, itself an adaptation of Eiji Yoshikawa's re-telling of the classic Chinese novel Romance of the Three Kingdoms by Luo Guanzhong. As such, the game includes plot elements and a few characters added by Yoshikawa or Yokoyama, but for the most part remains faithful to the general storyline of the Chinese novel and hence to the actual historical events of the Three Kingdoms Era. The gameplay is similar to that of Koei's Romance of the Three Kingdoms series, focusing on grand strategy and country management as well as on tactical battles. There is no scenario selection, but the player can choose between multiple warlords of the three kingdoms. The player then manages the province under control of the selected warlord. It is necessary to take care of the population and army, buying provisions, training officers, and publishing edicts. Diplomacy plays an important role: pacts and agreements can be made, and it is also possible to acquire new allies through various means. Invading (or being attacked by) another country leads to a large-scale tactical battle that takes place on hexagonal grids. The player navigates army divisions in turn-based fashion. Contact with an enemy division leads to yet another sub-mode, where the player controls units that form the division, positioning and navigating them on a smaller battle screen. The game also has a separate battle mode accessible from the main menu, where the player can recreate historical battles directly without going through grand strategy portions.
Ys Book I & II (USA)	Ys: Book I & II contains enhanced remakes of two games: Ys: The Vanished Omens and its sequel, Ys II: Ancient Ys Vanished - The Final Chapter. The enhanced versions were not released separately. The players controls a young red-haired hero named Adol Christin, whose task is to find the six books of Ys, an ancient paradise-like land that mysteriously disappeared long time ago. It is said that whoever possesses the six books can gain access into Ys. In the first game, Adol is on the quest to find the books and to enter Ys. The second game takes place in Ys itself, and Adol must defeat an even greater evil and liberate the land. This release features enhanced CD-quality sound, higher-quality graphics, and new anime-style cutscenes.
Ys I & II (Japan)	Ys: Book I & II contains enhanced remakes of two games: Ys: The Vanished Omens and its sequel, Ys II: Ancient Ys Vanished - The Final Chapter. The enhanced versions were not released separately. The players controls a young red-haired hero named Adol Christin, whose task is to find the six books of Ys, an ancient paradise-like land that mysteriously disappeared long time ago. It is said that whoever possesses the six books can gain access into Ys. In the first game, Adol is on the quest to find the books and to enter Ys. The second game takes place in Ys itself, and Adol must defeat an even greater evil and liberate the land. This release features enhanced CD-quality sound, higher-quality graphics, and new anime-style cutscenes.
Ys III (Japan)	Adol Christin's long-time friend, Dogi, wishes to return to his home town of Redmont after hearing about strange disturbances that are happening there. Always looking for an adventure, Adol joins him and soon finds out the cause of this new evil. Ys III: Wanderers from Ys breaks away from the &quot;bumping into enemies&quot; battle system of the first two games, allowing Adol to control his sword in a variety of directions. Beside changing the battle system, the game's perspective switches to a side-scrolling view, as opposed to the top-down one of the previous games. Adol also has the ability to jump now. New to the series is the use of magical rings, which give Adol different powering-up abilities such as healing and shielding. The game also uses various key items found along the way to solve minor puzzles and progress the story.
Ys III - Wanderers from Ys (USA)	Adol Christin's long-time friend, Dogi, wishes to return to his home town of Redmont after hearing about strange disturbances that are happening there. Always looking for an adventure, Adol joins him and soon finds out the cause of this new evil. Ys III: Wanderers from Ys breaks away from the &quot;bumping into enemies&quot; battle system of the first two games, allowing Adol to control his sword in a variety of directions. Beside changing the battle system, the game's perspective switches to a side-scrolling view, as opposed to the top-down one of the previous games. Adol also has the ability to jump now. New to the series is the use of magical rings, which give Adol different powering-up abilities such as healing and shielding. The game also uses various key items found along the way to solve minor puzzles and progress the story.
Ys IV - The Dawn of Ys (Japan) (Rev 3)	The Dawn of Ys is one of two games released under the title of Ys IV, the other being Tonkin House's Ys IV: Mask of the Sun. The two games share the same basic story, but have many differences regarding concrete events, locations, gameplay details, etc. The events of the game take place a short while after those described in Ys II, and before the events of Ys III: Wanderers from Ys. As the game begins, Adol and his friend return to the town of Minea, where the first game began. The evil Lord Darm has been defeated, and it's time to relax and spend some time with friends - but not for long. A new evil is rising, and Adol decides to set sail for the overseas land of Celceta to investigate these occurrences. Ys IV returns to the style of play used in the first and second games. The gameplay area is viewed from a top-down perspective, and the player attacks enemies by running into them to cause damage. Combat is slightly more sophisticated than in the first two games, since Adol can now move in eight directions, and attacking enemies diagonally or from the sides is more efficient than bumping into them headstrong. Adol gains experience from defeating enemies, which serves to raise his attack and defense power, like in the previous games. He can equip various swords, armor, shields, and rings to enhance his attributes. The magic system introduced in Ys II is also brought back for this game.
Yuu Yuu Hakusho - Yami Shoubu!! Ankoku Bujutsu-kai (Japan)	Ankoku Bujutsukai is based on the manga Y? Y? Hakusho, which tells the story of a young delinquent named Yusuke Urameshi who dies and becomes reincarnated as a reward for a good deed he committed, further serving as an &quot;underworld detective&quot; and solving demon-related mysteries. This adaptation of the manga follows the &quot;Dark Tournament&quot; story arc, where members of Yusuke's team confront the powerful demon Toguro. Despite its premise, which is reminiscent of a versus fighting game, Ankoku Bujutsukai is an arcade-style shooter. The player selects one of the five characters (Yusuke, Hiei, Kurama, Kuwabara or Genkai), and is then taken to a series of one-on-one shoot-outs in a pre-determined order. The enemy is viewed from a first-person perspective, and the player moves a cursor to aim and shoot. The gameplay system is fairly simple, allowing the player to execute three types of attacks: regular shots, charged shots, and special attacks of limited quantity. Points are received for winning fights and can be used to raise the characters' hit points, speed, or number of special moves.
Zan - Kagerou no Toki (Japan)	Kager? no Toki follows Yasha Enbukyoku as the next game in the Zan series. Unlike the previous game, Kager? no Toki contains no supernatural forces (demons), and instead focuses on concrete events of the Sengoku period in Japan, more exactly 16th century, a period of Japanese history that was marked by continuous wars and famous leaders such as Oda Nobunaga or Tokugawa Ieyasu. The game offers more strategic possibilities than the previous installments of the series. Choosing a region of Japan and its leader, the player can perform a variety of activities, both in his country and towards other leaders. Diplomacy includes negotiation, signing contracts and peace treaties, etc. Battles are also more in-depth than before; instead of semi-automatic encounters battles occur on a separate map, on which the player has to actively navigate his unit, before he engages the enemy in close combat.
Zero 4 Champ II (Japan)	Zero4 Champ II is a sequel to Zero4 Champ. This time, a young Japanese street racer has been defeated by an American who claims that Japan's level is not up to par. His feelings hurt, the youth ventures to the United States, trying to earn enough money and participate in races to defend his national pride. The game is very similar to its predecessor in concept, but offers additional options in the story mode. Part-time jobs now include delivery assignments that play like overhead racing games, as well as tending to dogs of various breeds for money. The security guard assignment plays like a mini-RPG, complete with turn-based combat, experience points, and levels. In addition, it is possible to visit racing tracks and bet money on participants. The versus mode allows players to choose between three courses to compete in, racing against each other (in a top-down mode) or computer AI (first-person).
Zero Wing (Japan)	Zero Wing is an horizontal shooter game where the player is in control of a ZIG, an escape pod released after its main ship was attacked and destroyed by the evil cyborg CATS, bent on taking over the world. Like most games in the genre, there are three color-coded weapons: red (scatter), green (homing) and blue (lasers). Each weapon has three levels of power, and to obtain those, similar upgrades must be collected sequentially. However, what makes the game unique is the ability to use a traction beam to trap an enemy and then throw him against his peers, destroying them. The game (more precisely, the European PAL version of it) is known for being the origin of the grammatically incorrect phrase in the English translation, All your base are belong to us, which has since become an internet phenomenon.
