#key	synopsis
1552 Tenka Tairan (Japan)	552 Tenka Tairan è un gioco di strategia di guerra ambientato durante il periodo Sengoku della storia giapponese (1552-1600) quando gli ambiziosi daimyo (signori feudali) iniziarono a rovesciare i loro superiori, provocando una guerra globale per il dominio in Giappone. Il giocatore controlla un signore della guerra, scegliendo una delle figure storiche disponibili o creando il proprio personaggio. La creazione del personaggio è in stile Ultima dove una serie di domande genera il generale controllato dal giocatore con statistiche pertinenti.
3x3 Eyes - Sanjiyan Henjou (Japan)	Sanjiyan Henj? è basato sulla serie manga e anime 3x3 Eyes. Pai, una giovane ragazza della tribù immortale dei sanzhiyan, demoni con tre occhi di origine cinese, vuole tornare umana. Incontra un adolescente giapponese di nome Yakumo Fujii, che trasforma accidentalmente in un &quot;wu&quot;, un immortale servitore obbediente di un demone con tre occhi. Insieme, Pai e Yakumo cercano di riconquistare la loro umanità perduta. Questo gioco può essere considerato una storia secondaria alla serie. Il giocatore non controlla Yakumo, ma un normale studente delle superiori di nome Kenichi Yamamoto. Per caso, Kenichi entra in contatto con il mondo dei demoni, e ora ha bisogno dell'aiuto di Pai e Yakumo per essere liberato.
A.III. - A Ressha de Ikou III (Japan)	AKA Prendi il treno A III Gioca nei panni del capo di una compagnia ferroviaria, con l'obiettivo di creare un impero ferroviario, fornendo un sistema di trasporto di massa di successo che sarà fonte di ispirazione per il resto del mondo. Man mano che la tua rete si sviluppa, la città intorno ad essa cresce e prospera. Gestisci le linee merci e passeggeri per spostare persone e risorse nel tuo dominio.
Addams Family, The (USA)	Basato sul film della famiglia Addams, questo gioco è molto diverso dalle altre varianti della famiglia Addams. Il giocatore è scelto per il ruolo di Tully Alford, l'avvocato corrotto della famiglia Addams. Scopre che da qualche parte nella villa di famiglia, un grande tesoro è conservato in un caveau. Decide di avventurarsi nella villa e recuperare il tesoro. Naturalmente, sarà tutt'altro che facile, dato che i folli membri della famiglia Addams e una legione di fantasmi e mostri sono lì per assicurarsi che l'avvocato fallisca...
Advanced V.G. (Japan)	La storia di Advanced V.G. segue un modello simile a quelli dei precedenti giochi Variable Geo: le giovani donne più forti del paese organizzano un torneo, che è sponsorizzato da varie catene di ristoranti, che a loro volta chiedono alle ragazze in competizione di fingersi cameriere che lavorano in detti ristoranti, per la promozione scopi. Tornano le ragazze del gruppo Jahana che hanno recitato nei giochi precedenti, con la nuova protagonista principale la giovane artista marziale Yuka Takeuchi, che si è allenata in una foresta appartata prima di partecipare alla competizione.
Adventure Quiz - Capcom World + Hatena no Daibouken (Japan)	Adventure Quiz è una raccolta di due giochi precedentemente pubblicati nelle sale giochi, Capcom World e Hatena? niente Daiboken. Entrambi i giochi funzionano in modo molto simile: il giocatore deve tirare i dadi per navigare il suo alter ego su un tabellone con sfondi medievali/fantastici. A seconda del risultato, il personaggio avanza di un certo numero di caselle, che portano a varie sfide a quiz. Il giocatore deve rispondere ad una serie di domande entro un limite di tempo, scegliendo la risposta giusta tra le numerose (di solito quattro) disponibili. I temi delle domande sono vari, dalla storia e dalla geografia alla cultura popolare giapponese e temi molto specifici (come le biciclette). È anche possibile giocare a due giocatori.
Ai Chou Aniki (Japan) (SADS, SAES)	Il seguito del primo gioco Cho Aniki (Super Grande Fratello), questo è molto giapponese nella sua bizzarria. È uno sparatutto, con il giocatore che assume il ruolo di un uomo muscoloso quasi nudo (Adon) o di suo fratello (Samson) in una partita a 2 giocatori. La loro arma principale è una sfera di energia che cresce su un buco nelle loro teste e spara verso i nemici che avanzano. Altri colpi più potenti si ottengono con una combinazione di fuoco indietro-avanti, fuoco basso-alto ecc. sul pad. Attraverso i livelli incontrerai tutti i tipi di cattivi per prenderti, ma sei aiutato da una donna in blu che vola in giro e rilascia potenziamenti convenientemente per te. Inoltre, i livelli variano dallo scorrimento standard da sinistra a destra allo scorrimento verticale.
Akumajou Dracula X - Chi no Rondo (Japan)	È l'anno 1792 e Dracula viene riportato in vita dal prete oscuro Shaft. Dopo aver ricostruito le sue forze oscure, si propone di distruggere il villaggio dove vive Richter Belmont, un discendente del clan Belmont ed erede della frusta Vampire Killer. Altrove, Dracula rapisce la fidanzata di Richter, Annette, una cacciatrice di vampiri dodicenne di nome Maria Renard, e altri due abitanti del villaggio: una suora conosciuta come Tera, e Iris, la figlia del dottore della città. Brandendo la frusta dei suoi antenati, Richter si allontana verso Castlevania, affrontando molti mostri lungo la strada, in particolare la Morte.
Alnam no Kiba - Juuzoku Juuni Shinto Densetsu (Japan) (FAAT)	Kenbu è un giovane guerriero che si allena nell'arte del mutare forma: il suo popolo possiede la capacità di trasformarsi in bestie. Un giorno, il suo villaggio natale viene attaccato da un orribile mostro simile a un ragno. Il migliore amico e mentore di Kenbu muore proteggendolo. Il giovane eroe uccide il mostro, ma subito dopo deve lasciare il villaggio e scoprire chi o cosa c'era dietro quell'attacco. Kenbu incontra altri eroi e insieme devono fermare il male che minaccia il mondo intero.
Alshark (Japan)	Alshark è un gioco di ruolo di fantascienza con diverse caratteristiche distintive. Il giocatore controlla un gruppo di un massimo di cinque personaggi che esplorano un vasto mondo composto da diversi sistemi solari, ognuno con i propri pianeti e stazioni spaziali. La navigazione spaziale viene effettuata utilizzando la navicella spaziale Atlia, che può essere equipaggiata con varie armi, motori, ecc. Di tanto in tanto, il giocatore si impegna in combattimenti spaziali casuali contro le navi nemiche. Questi combattimenti sono automatici per impostazione predefinita, ma il giocatore può anche scegliere di controllare la nave e sparare con le armi manualmente.
Ane-san (Japan)	Ane-San è un picchiaduro con un cast femminile; Inizi con tre personaggi (Ai, Chika e Makoto), tutti membri della banda e combatti contro altre bande per espandere il tuo territorio. A seconda di chi usi per battere i boss (di solito Ai), alcuni di loro si uniranno a te in seguito. Ogni personaggio gioca in modo leggermente diverso e ha una mossa speciale diversa. Se uno dei personaggi viene eliminato su uno schermo, deve passare un giorno a riprendersi (un giorno equivale in realtà a uno schermo) prima di poter essere riutilizzato. Se tutti i personaggi vengono eliminati contemporaneamente, il gioco termina.
Aoki Ookami to Shiroki Mejika - Genchou Hishi (Japan)	Gioco di strategia dal sapore mongolo. Devi calpestare i tuoi nemici in battaglia e bilanciare la tua economia arruolando e addestrando soldati, organizzando il tuo governo e così via fino a quando non avrai preso il controllo di tutto ciò che vedi.
Asuka 120% Maxima - Burning Fest. Maxima (Japan)	Asuka 120% Maxima Burning Fest è un videogioco di combattimento. La decorazione è un liceo riservato alle ragazze! Ci sono 11 personaggi giocabili nello spettacolo, incluso il boss nascosto (l'unico combattente maschio nel gioco). Ogni ragazza rappresenta una parte diversa del programma scolastico, come chimica, softball, pallavolo, tennis, ecc. Ogni combattente che usa un'arma legata al suo programma per battere il suo avversario, avremo, ad esempio, Tamaki, la tennista che usa la sua racchetta e le sue palle per colpire il suo avversario, attraverso Megumi, la piccola cheerleader, una vera sfida Kawai con i suoi pompon o Kumi, la ginnasta attaccante con il suo nastro, ecc.
Atlas, The - Renaissance Voyager (Japan)	Gioco di avventura storica estremamente giapponese in cui ti muovi su una mappa del mondo osservando varie creature e manufatti.
Aurora Quest - Otaku no Seiza in Another World (Japan)	Rinunciando all'ambientazione fantasy generica della maggior parte dei giochi di ruolo, Aurora Quest ti lancia nei panni di Otaku-chan, un uomo in una terra controllata da un gruppo di cinque donne chiamate Aurora (che passerebbe abbastanza facilmente per una band di ragazze giapponesi). Insieme ai tuoi compagni di viaggio, Jonjon e Nekketsu, ti fai strada attraverso una divertente storia di fantascienza. Il gameplay è roba da gioco di ruolo molto standard con città contenenti negozi, hotel e così via, e la mappa del mondo che lancia incontri casuali ogni pochi passi. Queste battaglie sono a turni con la consueta meccanica di selezione dei tuoi attacchi e osservarli mentre si svolgono, anche se devi scegliere con attenzione, poiché non passi automaticamente al prossimo bersaglio disponibile quando uno viene distrutto, il che spesso ti farà sparare in aria.
Avenger (Japan)	Shooter a scorrimento verticale che ti permette di controllare un elicottero. Avanza attraverso molte fasi del caos. Il sistema d'arma è leggermente diverso dalla norma; scegli il tipo di arma all'inizio del livello (primaria, secondaria e speciale) e la tieni fino all'inizio del livello successivo. Durante il gioco, ricevi poco potere per potenziare le tue armi o il tuo scudo! .
Babel (Japan)	Babel è un JRPG ambientato in un mondo futuristico. Zell e il suo gruppo viaggiano in tutto il mondo, visitando grandi città e incontrando numerosi nemici che appaiono casualmente. Durante le battaglie a turni ogni personaggio può utilizzare vari attacchi con armi diverse e tecniche speciali. La finestra di combattimento mostra i movimenti animati dei membri del gruppo. A differenza della maggior parte dei giochi di ruolo, i personaggi non ricevono punti esperienza dopo aver sconfitto i loro nemici, si guadagnano solo soldi. I personaggi salgono di livello in base ai progressi del giocatore nella storia.
Baby Jo - The Super Hero (Japan)	Baby Jo in: &quot;Going Home&quot; o Super Hero' è un gioco platform a scorrimento laterale. Jo può raccogliere sonagli che possono essere lanciati contro i nemici (come api, tosaerba o ragni). Oltre a prestare attenzione alla salute cagionevole del bambino (rappresentata come una faccia sempre più in lacrime), il pannolino del bambino si bagna nel tempo e aumenta anche la sete. Se il pannolino si bagna troppo o il bambino ha troppa sete, il giocatore perde immediatamente una vita, quindi è importante raccogliere biberon e pannolini freschi.
Bakuden - Unbalance Zone (Japan)	Bakuden: Unbalance Zone è un gioco umoristico in cui il giocatore controlla un ragazzo nerd che gioca a videogiochi che un giorno riceve la visita di quattro strani uomini che gli dicono che deve avventurarsi in una realtà diversa. L'improbabile eroe viene trasportato nell'era preistorica, dove deve sistemare le cose con la tribù locale e la pericolosa fauna selvatica.
Bakushou Yoshimoto Shinkigeki (Japan) (FABT)	Il gioco è basato sulla commedia televisiva Yoshimoto no Shinkigeki, che a sua volta è basata su una commedia teatrale popolare a Osaka e dintorni. Il gioco vede protagonisti personaggi che assomigliano agli attori dello show televisivo e/o assomigliano a personaggi interpretati da loro. nnLo spettacolo è composto da brevi episodi che sono rappresentazioni di situazioni comiche e non sono correlati tra loro dal punto di vista della trama. Lo stesso vale per il gioco: non esiste una vera storia, solo un tratto di situazioni esilaranti e intenzionalmente impossibili in cui si trovano i protagonisti.
Basted (Japan)	Due giovani e adorabili cacciatrici di taglie, Ryeza e Anita, vivono in un villaggio continuamente attaccato dai mostri. Un giorno, risolvendo un problema con un piccolo mostro nella foresta vicina, incontrano un misterioso uomo mascherato, che dice a Ryeza di esercitare il potere del gioiello sacro Basted. Presto le due ragazze uniscono le forze con una principessa in esilio e lavorano insieme per restituire il trono ai legittimi proprietari, perseguitati dallo spietato Impero e dai suoi alleati. nnSebbene Basted possa sembrare a prima vista un gioco di ruolo (ambientazione medievale, mondo dall'alto verso il basso, progressione del gioco che si alterna tra città e dungeon, ecc.), In realtà è principalmente un gioco d'azione. Controllando Ryeza e Anita, il giocatore esplora i dintorni, parla con le persone e partecipa alle battaglie per far avanzare la storia. Non ci sono livelli, oggetti, equipaggiamento, sistema monetario o altri elementi RPG richiesti.
Battle Shanghai - Dragon's Eye (Japan)	Dragon's Eye è una conversione del famoso gioco da tavolo cinese di abbinamento delle tessere conosciuto internazionalmente come Shanghai, ed è molto simile a Shanghai II: Dragon's Eye. Il gioco presenta versioni di Shanghai e Dragon's Eye per uno o due giocatori, una dozzina di layout di tessere con quattro set di tessere (un set mahjong tradizionale, un set fantasy medievale, segnali stradali e bandiere nazionali; la versione Genesis ha solo il i primi due) e molte altre opzioni di gioco inclusi i suggerimenti.
Bazar de Gozarre no Game de Gozarre (Japan)	Bazaru de Gozaru no Game de Gozaru è un puzzle game con protagonista una scimmia di nome Bazaru. Il concept del gioco è lontanamente simile a quello di Lemmings: il compito del giocatore è quello di &quot;programmare&quot; le azioni dell'eroe in modo da attraversare in sicurezza uno scenario pieno di trappole e pericoli. A differenza di Lemmings, in questo gioco c'è un solo primate da controllare; inoltre, la &quot;programmazione&quot; del giocatore deve essere eseguita prima di lasciare libera la scimmia, a differenza dell'input del giocatore in tempo reale in Lemmings. nnIl giocatore fondamentalmente ordina alla scimmia cosa fare in punti specifici (che sono evidenziati da punti esclamativi sulla mappa del livello). All'inizio i livelli sono brevi e semplici e la scimmia può compiere una sola azione. Con l'avanzare del gioco, gli enigmi diventano sempre più complessi, così come la quantità di azioni che la scimmia deve compiere per raggiungere la salvezza.
Beyond Shadowgate (USA)	Questo è un sequel del gioco di avventura Shadowgate. Tu controlli il principe Eric, il discendente dell'eroe del primo gioco. Torni nel tuo paese d'origine, solo per scoprire che tuo padre è stato assassinato. Dovresti diventare il nuovo re, ma il ministro del defunto re ha altri piani, ti incastra per aver ucciso tuo padre e ti getta in prigione, dove inizia la tua avventura. nnA differenza del primo Shadowgate, questo è un gioco platform, non un gioco d'azione, ma una classica avventura punta e clicca vista da una prospettiva platform. Puoi muovere il tuo eroe, esaminare, manipolare e prendere oggetti. Puoi anche abbassarti e avere un comando &quot;pugno&quot;. Trova le soluzioni corrette agli enigmi del gioco, altrimenti ti aspetta una morte orribile!
Bikkuriman Daijikai (Japan)	Bikkuriman Daijikai, uno dei primi giochi a utilizzare il formato CD-ROM (e anche uno dei primi a doppiare), è un gioco a quiz interamente dedicato al popolare franchise Bikkuriman, nato con adesivi su barrette di cioccolato, e successivamente si è evoluto in giochi di carte collezionabili, manga e serie anime. nnLa struttura del gioco imita la raccolta di adesivi Bikkuriman. Gli adesivi originali avevano valori diversi; i bizzarri personaggi Bikkuriman erano divisi in tre classi (Angeli, Protettori e Demoni), e gli adesivi più quotati (e più rari) erano le cosiddette &quot;Teste&quot;, per lo più recanti nomi di varie mitologie e religioni (&quot;Super Zeus&quot; , &quot;Maria&quot;, ecc.). Nel gioco, il giocatore può visualizzare una serie di adesivi più &quot;ordinari&quot;; la &quot;testa&quot; è disponibile solo dopo aver risposto correttamente a una domanda banale.
Bishoujo Senshi Sailor Moon (Japan)	Sailor Moon era il titolo di un videogioco uscito in Giappone nel 1994 per la console PC-Engine. Il gioco era una storia interattiva, che includeva personaggi e doppiatori dell'anime, nonché alcuni personaggi originali. Le canzoni &quot;Koisuru Otome wa Makenai&quot; e &quot;Onaji Hoshi ni Umareta Futari Dakara&quot; sono state scritte appositamente per questo gioco. Nel gioco è apparsa una versione ridotta di ogni canzone, mentre le versioni complete erano disponibili nel singolo &quot;Sailor Moon: PC Engine Theme Songs&quot;.
Bishoujo Senshi Sailor Moon Collection (Japan)	Bishōjo Senshi Sailor Moon Collection è una raccolta di minigiochi presentati dalle adorabili eroine dell'anime Sailor Moon. nnI minigiochi includono:nnnngare sasso-carta-forbici tra le principali eroine dell'anime;nnvestiti abbinati: il giocatore deve assemblare rapidamente un vestito che corrisponda a quello visualizzato su un'immagine;nnun gioco semplice, in cui il giocatore deve premere i pulsanti corretti in tempo per abbinare i movimenti di una ragazza sullo schermo;nnun gioco a quiz; il giocatore deve scegliere le risposte corrette a varie domande relative a Sailor Moon entro un limite di tempo;nnun gioco di spinte di testa (per mancanza di un termine migliore), in cui il giocatore, controllando una delle eroine, deve spingerne un'altra fuori da un palco ristretto con la suddetta parte del corpo del personaggio del giocatore.
Black Hole Assault (Japan)	Ambientato nel 22° secolo; la tecnologia terrestre è progredita al punto che l'esplorazione del sistema solare immediato non solo è possibile, ma necessaria a causa dei limiti delle risorse. Gli umani stanno tentando di raccogliere le risorse dell'intero sistema solare, ma hanno incontrato problemi da invasori alieni. Spetta a una piccola forza di umani che riconoscono e comprendono la minaccia di affrontare gli alieni a testa alta. nnI giocatori usano grandi macchine robotiche Cybernetic Anthropomorphized Machines (CAM) per combattere 1 contro 1 contro robot alieni su vari pianeti e lune intorno al sistema solare. nnIl gioco ha 4 diverse modalità; storia, mostra, tornei e battaglie di campionato.
Blood Gear (Japan)	L'Impero Deguna sta terrorizzando i pianeti ei loro abitanti, usando la loro forza militare imbattuta composta da &quot;Powered Gears&quot;, giganteschi robot da combattimento pilotati da combattenti umani dall'interno. nnBlood Gear è un gioco di ruolo con combattimenti basati sull'azione. Il sistema di gioco generale è in qualche modo simile a quello della serie Exile: l'esplorazione della città viene eseguita dalla vista dall'alto standard &quot;simile a un gioco di ruolo&quot;, mentre tutte le aree ostili sono presentate come livelli a scorrimento laterale, a volte con strutture di piattaforma elaborate. Sia le armi da mischia che quelle a distanza (pistole, fucili d'assalto, pistole laser, ecc.) possono essere acquistate nei negozi e/o trovate esplorando aree ostili. La salute viene ripristinata con kit di riparazione di varia efficienza, che possono anche essere acquistati, trovati o lasciati cadere casualmente dai nemici.
Bomberman '94 (Japan) (Demo)	Bomberman '94 è un videogioco della serie Bomberman sviluppato e pubblicato da Hudson Soft per PC Engine e pubblicato il 10 dicembre 1993 in Giappone . Successivamente è stato sviluppato nuovamente da Westone e ripubblicato da Sega come Mega Bomberman su Sega Mega Drive/Genesis nel 1994 in altre aree. Il PC Engine Bomberman '94 è stato successivamente rilasciato al di fuori del Giappone tramite la Virtual Console di Wii e il PlayStation Network di PlayStation 3.
Bomberman - Panic Bomber (Japan) (FAAT)	Panic Bomber è un puzzle game con blocchi che cadono, che ricorda in qualche modo i giochi di Puyo Puyo: al posto dei blocchi astratti simili a Tetris, piccole teste colorate cadono e devono essere disposte in file di tre (verticalmente o orizzontalmente), ruotandole e facendo combaciare con altre teste dello stesso colore. In questo caso, le teste appartengono chiaramente al personaggio titolare della serie Bomberman.
Bonanza Bros. (Japan)	Mobo e Robo Bonanza si stanno godendo il loro programma televisivo preferito quando l'immagine crepita e sullo schermo appare la figura oscura di un misterioso sconosciuto. Questa cifra chiede loro di raccogliere alcuni oggetti che ha posizionato all'interno di vari edifici per testare le sue forze di sicurezza. Se restituiscono gli articoli con successo, Mobo e Robo verranno premiati. I due affermano che completeranno il lavoro in soli tre minuti. Tuttavia, non sanno che ogni edificio è gremito di guardie di sicurezza che daranno l'allarme se vengono colte in flagrante. Fortunatamente sia Mobo che Robo sono dotati di proiettili che possono far perdere i sensi alle guardie per alcuni secondi. Se Mobo e Robo vengono arrestati, verrà assegnata una ricompensa di $ 100.
Bonk III - Bonk's Big Adventure (USA)	Bonk è tornato! Ed è più grande e migliore che mai! Usa la testa (letteralmente) per attraversare 6 luoghi selvaggi, tra cui un boschetto, una prigione di ghiaccio antartico e altro ancora! Mangia caramelle miracolose blu per crescere in proporzioni gigantesche e sfondare grandi ostacoli. Mastica caramelle rosse per ridurle a dimensioni microscopiche e infilale sotto le fessure per scoprire oggetti segreti! Cattura il fiore magico in ogni fase per essere trasportato in un round bonus, dove puoi ottenere più punti e guadagnare uomini bonus! Sulla tua strada, sconfiggerai boss minacciosi che includono dinosauri acrobatici, un calamaro subdolo e altri! Sei pronto a salvare il mondo, piccolo amico delle caverne!?
Brandish (Japan)	C'era una volta un regno prospero, protetto da una torre, dove viveva un potente drago. Il popolo del regno era al sicuro con un tale guardiano. Ma un uomo voleva il potere del drago per qualcos'altro, e quest'uomo era il re. Andò alla torre e cercò di uccidere il drago, al fine di derubare il suo potere. Ma la furia del drago trasformò il re in una creatura orribile, un demone, e la sua essenza malvagia fece sprofondare il suo intero regno nelle profondità della terra. nnSono passati molti anni e ora prendi il controllo di un viaggiatore di nome Varik (Ares nella versione giapponese). Una giovane donna lo accusa di aver ucciso il suo insegnante, e in una lotta disperata cadono entrambi sottoterra, dove era sepolto il regno perduto. Devi guidare Varik attraverso labirinti sotterranei e aiutarlo a sfuggire all'ira del suo avversario e agli abitanti demoniaci del regno perduto.
Browning (Japan)	Una misteriosa organizzazione ha costruito un'isola artificiale nell'Oceano Atlantico, chiamandola &quot;Sea Square&quot;. Successivamente, iniziarono a produrre giganteschi robot da combattimento, evidentemente preparati a costruire un intero esercito e diventare la potenza militare più dominante sulla Terra. È ora di fermarli! Il giovane eroe, pilotando un suo gigantesco robot da combattimento, viene inviato a Sea Square proprio per questo motivo... nnBrowning è uno sparatutto a scorrimento laterale. Il giocatore controlla il robot gigante, dotato di una sola pistola (con munizioni illimitate), e deve combattere ondate di nemici (per lo più di tipo robotico) e infine il boss del palco. Tra le fasi vengono visualizzate delle scorciatoie. Il robot controllato dal giocatore ha la capacità di librarsi in aria (il giocatore deve premere ripetutamente un pulsante per far sì che il robot mantenga l'altezza). I punti ferita del robot dipendono dalle condizioni del suo scudo.
BuilderLand - The Story of Melba (Japan)	Un altro gioco western convertito in PC Engine da Micro World, Builderland ha un concetto simile al famigerato Lemmings e richiede preveggenza e reazioni altrettanto acute. L'obiettivo è scortare il tuo piccolo amico attraverso la vasta area di gioco senza che rimanga bloccato, bruciato, mangiato dalle pecore, ecc. Per fare ciò, puoi raccogliere e spostare vari oggetti sparsi per il paesaggio, come blocchi da riempire negli spazi vuoti o creare piste comode, bombe per distruggere aree della mappa e così via. Per tutto questo tempo il tuo amico dai capelli rossi avanza con allarmante rapidità verso il suo destino. Per fortuna, puoi bloccare l'azione per darti un po' di respiro per destreggiarti tra le cose, ma questo è limitato a un timer che conta lentamente nella parte superiore dello schermo.
Burai - Yatsudama no Yuushi Densetsu (Japan)	Prima che gli otto eroi si uniscano per il loro ultimo viaggio, tu interpreti le loro storie introduttive. Viaggi sulla mappa del mondo, visitando città e dungeon lungo la tua strada. Il combattimento è a turni, visto da una prospettiva in prima persona. I nemici appaiono casualmente. Ogni eroe ha le sue tecniche uniche da usare nelle battaglie. nnLa storia e il gameplay generale di Burai: Hachigyoku no Yōshi Densetsu sono simili a quelli dell'originale Burai: Jōkan per computer; tuttavia, le versioni per console sono state sviluppate da zero e quindi differiscono notevolmente da quelle per computer, avendo nuovi filmati, dialoghi, interfaccia di battaglia, ecc. Forse la differenza più importante dal punto di vista del gameplay è la natura lineare dei capitoli. Nelle versioni per computer, il giocatore può scegliere di iniziare come uno qualsiasi degli otto eroi selezionabili; nelle versioni console, il giocatore deve iniziare con Gonza e Maimai.
Burai II - Yami Koutei no Gyakushuu (Japan)	In questo sequel diretto di Burai, controlli ancora una volta gli otto eroi, tutti provenienti da una razza, una cultura e un luogo diversi. Tra loro c'è un combattente senza paura della nazione dei rettili, una maga umana, fratello e sorella di una tribù di creature intelligenti simili a cani, un dio drago d'argento e altri. Interpreti le storie personali degli eroi e la loro lotta unificata. Muovi i personaggi sulla mappa del mondo dall'alto verso il basso, visitando città e dungeon e combattendo nemici che appaiono casualmente in combattimenti a turni visti dalla prospettiva in prima persona.
Buster Bros. (USA)	Il tuo obiettivo è distruggere i palloncini che rimbalzano sul campo di gioco. Per fare ciò, puoi sparare a ganci che viaggiano verso l'alto e far esplodere qualsiasi palloncino che toccano. A seconda delle loro dimensioni, si dividono su due più piccoli o evaporano se sono alla loro dimensione minima. Oltre ai palloncini, alcuni livelli hanno anche barriere che devono essere distrutte con i tuoi ganci, poiché spesso bloccano l'accesso ai palloncini. Ci sono anche alcune barriere che non possono mai essere distrutte. Il tuo personaggio ha la capacità di salire le scale, ma non può saltare.
CAL II (Japan)	Sei Wataru Ishibashi, uno studente delle superiori del Giappone moderno. Fino a poco tempo fa hai condotto una vita normale, godendoti la relazione con la tua adorabile ragazza Mika. Ma poco prima della cerimonia di laurea, hai avuto una strana visione che inizialmente credi essere un sogno. Ma quando vieni contattato da Venere, la dea dell'amore, ti rendi conto che Mika è stata rapita da Aeon, la dea del tempo, e trasferita nel Regno del Tempo. Ora devi viaggiare nel leggendario mondo onirico di bellissime dee e riportare indietro Mika. Cal II gioca come un gioco di avventura in stile giapponese con elementi di romanzo visivo. Leggi il testo e talvolta sei in grado di scegliere tra varie azioni. Inoltre, c'è una &quot;mappa del mondo&quot; su cui navighi con il tuo personaggio da una vista dall'alto, visitando luoghi diversi nell'ordine che preferisci. Il gioco presenta voci fuori campo per i dialoghi.
CAL III - Kanketsu-hen (Japan)	Sono passati due anni da quando Wataru Ishibashi, un normale studente delle superiori nel Giappone moderno, ha visitato il magico mondo delle bellissime dee e ha salvato la sua ragazza Mika. Sembra che ora possa finalmente godersi un momento di pace con la sua amata ragazza. Ma un giorno, il suo vecchio amico Ches, una simpatica fatina simile a un gatto, appare nella sua stanza e lo chiama nel mondo degli dei. Sembra che Venere, la dea dell'amore, sia in difficoltà a causa degli imprevisti che hanno portato allo scoppio della guerra di Troia. Wataru sta per iniziare un'altra avventura nel mondo degli dei e delle culture antiche.
Camp California (USA)	Camp California è il secondo e ultimo gioco basato sull'omonima proprietà multimediale di breve durata, con un gruppo di animali antropomorfi che sono le mascotte ufficiali del gruppo di surf rock The Beach Boys. Nel gioco, i nodosi surfisti dell'equipaggio di Camp California scoprono che la loro spiaggia preferita è stata venduta a un cattivo chiamato Big Cheese che progetta di costruire una centrale nucleare nella zona. Il piano della banda: organizzare un concerto di beneficenza per raccogliere abbastanza soldi per riacquistare la spiaggia. Sfortunatamente, il Big Cheese viene a conoscenza del piano e manda i suoi scagnozzi, i Ratz, a rapire l'equipaggio, rubare i loro strumenti e togliere le gomme da Woody, il fidato veicolo della banda. Fortunatamente, l'orso Byron era fuori a fare surf mentre è successo, e ora tocca a lui salvare i suoi amici e recuperare le gomme e gli strumenti.
Cardangels (Japan)	La famiglia Asano possedeva un cimelio di famiglia noto come il Trump del mago. Nell'anno 1984, tuttavia, fu rubato in circostanze misteriose. Diciassette anni dopo, Sayaka, la giovane erede della famiglia Asano, forma un gruppo insieme alle sue amiche Miki e Kyoko, ei tre iniziano a cercare il tesoro perduto. Colpo dopo colpo passa senza successo. Alla fine, le ragazze organizzano uno spettacolo televisivo, sfidando personalità dubbie a giochi di carte, sperando di trovare il Trump stregone in corso.
CD Battle - Hikari no Yuushatachi (Japan)	CD Battle è un gioco per due giocatori che richiede a ciascuno di loro di inserire un CD audio nella console per generare un gruppo di tre personaggi per ogni giocatore, che poi si impegna in una battaglia a turni. I personaggi appartengono a classi diverse (guerriero, mago, ninja, ecc.) e hanno parametri e attacchi speciali diversi. Nonostante la somiglianza visiva del gioco con i giochi Final Fantasy contemporanei, non ha veri elementi di gioco di ruolo e consiste interamente in battaglie.
CD Denjin - Rockabilly Tengoku (Japan)	Dopo il successo di PC Denjin, il nostro eroe salta su CD con un gioco completamente nuovo e una colonna sonora completamente nuova. Sorvolando i vari paesaggi (puoi scegliere in quale ordine giocare i primi quattro livelli), ti imbatti in maremoti, robot giganti e una schiera generale di cattivi ma carini come ti aspetteresti. Le piante dei giochi originali per PC Kid sono ancora qui per fornire gioie come potenza di fuoco extra, fontane di faccine sorridenti o il minuscolo denjin che rende un po' più facile schivare i proiettili.
Chiki Chiki Boys (Japan)	Questo gioco d'azione basato su piattaforma è ambientato nella terra di Alurea. La vita idilliaca del popolo alureano è andata in frantumi quando il re viene ucciso da un drago e una serie di cattivi abitano le terre. Fortunatamente i suoi figli gemelli sono venuti in soccorso e devi prendere il controllo dell'uno o dell'altro per rimettere a posto il mondo. I ragazzi hanno abilità diverse: uno è più abile nel combattimento con la spada (con cui sei sempre armato), l'altro nella magia (disponibile in quantità limitate in ogni livello). Raccogli monete man mano che il gioco va avanti e le spendi nel negozio in magie extra, vite extra e spade potenziate.
Chou Aniki (Japan) (FAAT, FACT)	Lo strano mondo in questo sparatutto è stato un vero pezzo di conversazione ai suoi tempi. I giocatori controllano Idaten o Benten, guerrieri celesti che vogliono porre fine al governo tirannico dell'imperatore di Planet Builder, che considera l'abilità muscolare la virtù suprema dell'universo. Aiutati da Adone e Sansone, muscolosi e robusti, devono combattere per sconfiggere l'esercito dell'imperatore in cinque fasi. Usa i pulsanti per sparare e gettati nelle forze del costruttore! Potenzia il tuo personaggio e le tue opzioni con le proteine dei nemici sconfitti per farli &quot;ingrossare&quot; con un urlo e portare la loro battaglia macho al livello successivo!
Chou Eiyuu Densetsu - Dynastic Hero (Japan)	The Dynastic Hero è una versione leggermente rinominata di Wonder Boy in Monster World per Turbo Duo. Il gioco presenta immagini con cambio di tavolozza, nuova grafica a tema insetti per i personaggi principali (e predatori naturali degli insetti come boss), un Libro rosso colonna sonora audio completamente diversa dall'originale Wonder Boy e filmati in stile anime all'inizio e alla fine. Shion è stato ribattezzato Dyna ed è stato modellato su un Hercules Beetle, e il boss finale è stato cambiato in un gigantesco re lucertola. È stata prodotta anche una versione in lingua inglese, ma entrambe sono state costruite sulla versione giapponese di Wonder Boy in Monster World. Presentano la stessa difficoltà e meccanica dell'originale giapponese.
Chou Jikuu Yousai Macross - Eien no Love Song (Japan)	Un gioco di strategia abbastanza semplice che era simile ai giochi Nectaris sulla piattaforma. La storia era basata sugli eventi di &quot;Macross: Do You Remember Love&quot;, con personaggi originali. Il fascino del gioco era in gran parte i filmati e la licenza Macross, poiché all'epoca non mancavano i giochi di strategia a turni generici.
Chou Jikuu Yousai Macross 2036 (Japan)	Macross 2036 è uno sparatutto a scorrimento orizzontale ambientato nell'universo della serie anime Macross. Il giocatore prende il controllo di uno dei personaggi minori della serie, la pilota femminile Mylene Jenius, che naviga sul caccia spaziale Veritech, combattendo contro navi e soldati robotici della razza aliena Zentradi. L'astronave controllata dal giocatore è dotata di un cannone vulcanico (che può essere potenziato con potenziamenti) e bombe, che vengono rilasciate contemporaneamente. Un altro pulsante controlla un'arma speciale, che il giocatore può acquistare per punti (assegnati per aver sconfitto i nemici) tra le fasi.
Color Wars (Japan)	Color Wars è un puzzle game in cui fino a quattro giocatori cercano di vincere mettendo palline colorate sui pali, trasformando le palline adiacenti nel loro colore. Ogni fase è costituita da uno schermo 3D rotante contenente più pali della stessa altezza. I giocatori, a turno, piazzano le palle su questi pali. Le palline adiacenti (orizzontale, verticale o diagonale) possono essere &quot;catturate&quot; e quindi cambiare colore. I punti vengono assegnati per ogni palla di ogni colore. Il round termina quando sui pali non c'è più spazio per posizionare le palline e vince il giocatore con più punti.
Cosmic Fantasy - Bouken Shounen Yuu (Japan)	COsmic fantasy: Bouken Shounen Yuu è un gioco di ruolo. Yuu, il capo di una forza criminale interstellare, combatte i pirati spaziali insieme al suo equipaggio di Saya e al felino Nyan. Questa volta contro Beluga, che ha un interesse amoroso per Yuu, che poi rifiuta, costringendo Beluga a impazzire.
Cosmic Fantasy 2 (USA)	Van è un ragazzo che vive sul pianeta Idea, un luogo dove la tecnologia non ha ancora raggiunto livelli elevati. Un giorno, la sua ragazza Laura viene rapita da un criminale sconosciuto. Van scopre presto che Laura possiede poteri misteriosi che possono garantire l'immortalità a chiunque la sposi. Questo è esattamente ciò che ha in mente il mago malvagio Galam. Van parte per salvare Laura, in una missione che coinvolge viaggi intergalattici e viaggi nel tempo. Cosmic Fantasy 2 è un sequel di Cosmic Fantasy: B? Ken Sh? Nen Yuu, e l'unico episodio della serie ad essere rilasciato in Occidente.
Cosmic Fantasy 2 - Bouken Shounen Ban (Japan)	Van è un ragazzo che vive sul pianeta Idea, un luogo dove la tecnologia non ha ancora raggiunto livelli elevati. Un giorno, la sua ragazza Laura viene rapita da un criminale sconosciuto. Van scopre presto che Laura possiede poteri misteriosi che possono garantire l'immortalità a chiunque la sposi. Questo è esattamente ciò che ha in mente il mago malvagio Galam. Van parte per salvare Laura, in una missione che coinvolge viaggi intergalattici e viaggi nel tempo. Cosmic Fantasy 2 è un sequel di Cosmic Fantasy: B? Ken Sh? Nen Yuu, e l'unico episodio della serie ad essere rilasciato in Occidente.
Cosmic Fantasy 3 - Bouken Shounen Rei (Japan)	Cosmic Fantasy 3: Bouken Shounen Rei è il terzo capitolo della serie di giochi di ruolo anime di fantascienza Cosmic Fantasy. È un gioco di ruolo in stile giapponese tradizionale con combattimenti prospettici in prima persona a turni. I nemici appaiono casualmente. Rei e gli altri membri del gruppo possono eseguire vari tipi di attacchi fisici e tecniche nelle battaglie, ognuno con i propri punti di forza e di debolezza. Il gioco presenta filmati in stile anime con voci fuori campo. Invece di luoghi separati legati da una tradizionale &quot;mappa del mondo&quot;, il gioco ha un mondo continuo, in cui i luoghi sono perfettamente collegati tra loro.
Cosmic Fantasy 4 - Ginga Shounen Densetsu - Gekitou-hen (Japan)	Dopo che il primo capitolo di Cosmic Fantasy 4 ha descritto le gesta coraggiose di Y? e la sua squadra sul pianeta Kazarin, è ora il turno di Van, l'altro grande eroe di Cosmic Fantasy e protagonista di Cosmic Fantasy 2, di combattere le forze del male che minacciano la pace della galassia. Van si risveglia dopo aver avuto un incubo che lo perseguitava dopo aver lasciato il suo pianeta natale Idea e essersi unito a Cadette Babette (Rim nella versione giapponese) come cacciatore cosmico intergalattico. Tuttavia, un incontro con un amico in difficoltà lo convince che la sua ricerca sta per iniziare. Van e il suo Little Fox Team devono tornare a Idea e affrontare le ombre del tragico passato di Van.
Cosmic Fantasy 4 - Ginga Shounen Densetsu - Totsunyuu-hen (Japan)	Il quarto capitolo della serie di giochi di ruolo di fantascienza è diviso in due parti, questo gioco è il primo. In esso, il giocatore prende ancora una volta il controllo dell'eroe originale della serie, il cacciatore cosmico Yu, la sua adorabile compagna Saya e i loro amici. Qualcosa non va sul pianeta Kazarin: la principessa Saria è stata rapita e Yu arriva sul pianeta per approfondire la questione, mentre Saya accetta di impersonare la principessa per un po' per garantire una serena indagine. Tuttavia, la loro ricerca va ben oltre l'indagine sul rapimento: presto dovranno affrontare i quattro re celesti, demoni che controllano gli elementi da cui è costruito l'universo.
Cyber City Oedo 808 - Kemono no Alignment (Japan)	Kemono no Zokusei è un gioco di avventura basato sulla serie anime Cyber City Oedo 808 di Yoshiaki Kawajiri. Gli eventi dell'anime e del gioco sono ambientati nel 2808. Il crimine informatico è diventato dilagante e la polizia ha ripristinato un'antica abitudine feudale giapponese di assumere detenuti particolarmente pericolosi per dare la caccia ai criminali. Il giocatore prende il controllo di uno di questi detenuti, Shunsuke Sengoku, il protagonista principale dell'anime. Deve trovare i suoi compagni, l'ex pugile cieco e hacker Gogol, e l'effeminato Benten, per portare a termine un incarico affidatogli dalla polizia e alla fine abbassare la pena in carcere.
Daisenpuu Custom (Japan)	Twin Hawk è un tipico sparatutto a scorrimento verticale con vista dall'alto. Il tuo obiettivo è facile, spara a tutti i nemici lungo la strada. Hai solo una pistola standard sul tuo aereo e nessuna bomba. Invece di bombe puoi chiamare aerei ausiliari. Questi aerei formano una formazione intorno a te e aiutano a sparare a tutti i nemici. nnLungo la strada hai la possibilità di raccogliere potenziamenti sparando ai camion di trasporto. Quando questi vengono distrutti, rilasciano un potenziamento. Ci sono tre tipi. Il primo è l'aggiornamento dell'arma, con questo ottieni un colpo più ampio e potente. In secondo luogo, ricevi più chiamate per gli aerei ausiliari. E il terzo sono vite extra.
Daisenryaku II - Campaign Version (Japan)	Daisenryaku II: Campaign Version è un gioco di strategia di guerra a turni che si basa sul modello di gioco introdotto in Daisenryaku II: fino a quattro giocatori si affrontano in battaglie o IA del computer, rappresentata da eserciti di colore diverso (blu, rosso, verde, e giallo); i belligeranti producono unità e veicoli e li navigano su una griglia a base di esagoni, cercando di occupare le principali città e porti nemici. nnIl gioco include una campagna principale con introduzione e informazioni di base sui paesi immaginari coinvolti nel conflitto. Inoltre, sono incluse almeno una dozzina di mappe giocabili, alcune delle quali rappresentano aree geografiche reali. Le versioni CD MSX e PC Engine (TurboGrafx) presentano una grafica migliorata, sequenze di battaglie a schermo intero con sfondi e molte mappe aggiuntive.
Davis Cup Tennis, The (Japan)	Tennis Cup è un gioco di tennis a schermo diviso con la telecamera posizionata da vicino alla schiena dell'atleta. Le modalità di gioco disponibili sono partita di esibizione (singola o doppia), allenamento, Coppa Davis o i quattro tornei del Grande Slam. Il giocatore controlla uno dei 32 atleti di tennis disponibili o ne crea uno nuovo. Poi ci sono 30 punti da dividere tra abilità (es. diritto o raffiche). Questo atleta può essere salvato su disco e ulteriormente migliorato nel corso del tempo. Per le partite di esibizione, l'avversario può essere costruito allo stesso modo.
De-Ja (Japan)	DE-JA è un remake dell'omonimo gioco per computer, un'avventura poliziesca/misteriosa in stile giapponese con scene per adulti. nnIl remake presenta una grafica di qualità superiore; alcuni luoghi/personaggi sono stati ridisegnati da zero, a volte al punto da sembrare diversi dal design originale. Ai dialoghi è stata aggiunta la recitazione vocale. Alcuni filmati sono stati aggiunti o modificati includendo sequenze animate. nnIl testo e il gameplay rimangono sostanzialmente gli stessi. I comandi dei verbi sono ora rappresentati da icone grafiche, ma i sottomenu degli oggetti hanno lo stesso aspetto della versione originale e generalmente la progressione del gioco non è stata modificata.
Dead of the Brain 1&2 (Japan)	L'ultima versione commerciale del CD PC-Engine (TurboGrafx), Dead of the Brain 1 & 2 è - come suggerisce fortemente il nome - una compilation dei due titoli, precedentemente rilasciata per diversi altri sistemi:nnCollezione Nightmare: Dead of the Brain - Shiry? niente sakènnNightmare Collection: Dead of the Brain 2Il gameplay è rimasto invariato; anche la grafica è quasi identica a quella delle versioni originali. Una novità in questa compilation sono le voci fuori campo per i dialoghi e le tracce musicali redbook (CD audio) invece della musica MIDI delle versioni per computer.
Death Bringer - The Knight of Darkness (Japan)	Sebbene sia un gioco giapponese, Death Bringer ricorda più da vicino il gioco di ruolo occidentale del suo tempo rispetto alle sue controparti giapponesi, anche se con una grafica dei personaggi simile agli anime. È meno guidato dagli eventi rispetto ai giochi giapponesi e si concentra sull'esplorazione. Il gameplay è in qualche modo simile all'omonimo gioco di ruolo di Pandora, anche se i due giochi non sono collegati. Le aree amichevoli e ostili sono ambienti pseudo-3D, simili a labirinti, come nei giochi di Bard's Tale. Tuttavia, gli incontri con i nemici sono gestiti in modo più simile a Ultima: i nemici appaiono sullo schermo di esplorazione e la battaglia inizia solo se il personaggio del giocatore si avvicina al nemico.
Dekoboko Densetsu - Hashiru Wagamanmaa (Japan)	Questo simpatico gioco di corse ti consente di giocare con un massimo di 5 giocatori contemporaneamente (usando il multi-tocco). L'obiettivo è correre attraverso vari percorsi a scorrimento automatico schivando ogni sorta di strani oggetti come bagnanti nudi, robot giganti, cloni di Rambo. Alla fine di ogni gara, vengono assegnati punti per la tua posizione finale e puoi spenderli per potenziare la tua auto con una scelta di armi da usare contro i tuoi avversari.
Dennou Tenshi - Digital Ange (Japan)	Quattro bellissime sorelle, Foltjunia, Eindebelle, Leamuroda e Crealidelle, combattono una malvagia razza aliena conosciuta come la Bestia nello spazio profondo, trasformandosi in potenti macchine robotiche. Un giorno, Foltjunia viene aggredita e finisce priva di sensi sul marciapiede di una delle città del Giappone, il pianeta Terra. Lì, viene trovata da uno studente delle superiori di nome Takaya. Sembra che Foltjunia abbia perso le sue capacità di trasformazione. Le sue sorelle decidono di stare con Takaya per un po', spacciandosi per ragazze del liceo, complicando notevolmente la vita sociale e romantica del giovane.
Doraemon - Nobita no Dorabian Night (Japan)	Basato sul popolare franchise di Doraemon, Nobita no Dorabian Night segue le avventure del gatto robotico titolare, mentre cerca di salvare i suoi amici da diversi periodi di tempo. Come è successo? Naturalmente, grazie a Nobita, la migliore amica di Doraemon e straordinaria sfigata. Qualcosa è andato storto quando Nobita stava mostrando ai suoi amici una macchina del tempo, così sono finiti bloccati in mondi ostili, e ora tocca a Doraemon salvarli!
Double Dragon II - The Revenge (Japan)	La versione arcade di Double Dragon II: The Revenge inizia con Marian, la damigella in pericolo dell'originale Double Dragon, uccisa a colpi di arma da fuoco dal leader dei Black Warriors. Ancora una volta, i giocatori assumono il ruolo dei fratelli Billy e Jimmy Lee, che ora hanno il compito di vendicare la morte di Marian. La versione arcade del gioco è essenzialmente una versione migliorata del titolo originale. Il più grande cambiamento nei controlli del gioco riguarda la sostituzione dei pulsanti pugno e calcio dell'originale con due pulsanti di attacco direzionali (attacco sinistro e attacco destro) simili a Rinnegato. Premendo il pulsante di attacco nella direzione corrente del giocatore eseguirà una serie standard di pugni, mentre premendo il pulsante di attacco opposto eseguirà un calcio all'indietro. Sono state aggiunte anche alcune nuove mosse, incluso un calcio d'uragano.
Doukyuusei (Japan) (Rev 3)	In Doukyuusei, il giocatore interpreta il ruolo di uno studente delle superiori (nome predefinito Takurou) in una città giapponese; i suoi genitori si sono appena trasferiti in una grande villa in un buon quartiere. Il ragazzo deve andare alla nuova scuola, ma la sua mente è occupata solo da un argomento: le belle ragazze. Invece di studiare a fondo, Takurou decide di esplorare la città e scoprire di più sulle sue abitanti femminili.
Down Load 2 (Japan)	Download 2 è uno sparatutto orizzontale. Nec Avenue ha sicuramente riconosciuto che la migliore risorsa del gioco era l'abilità unica e innovativa di entrare e tuffarsi nei mondi del cyberspazio computerizzato. Questo sequel segue la stessa formula, ma presenta anche probabilmente una delle trame più elettrizzanti mai scritte per un videogioco. Il cervello di Adolf Hitler è stato digitalizzato all'interno di un computer centrale dai terroristi e Syd, un cyber-diver d'élite e protagonista del gioco, intraprende un pericoloso viaggio per fermare e distruggere la minaccia in arrivo. A bordo della sua nave e aiutato dal simpatico Deva, Syd vola attraverso nove aree infestate dai nemici e si tuffa in mondi cibernetici astratti e stimolanti.
Downtown Nekketsu Koushinkyoku - Soreyuke Daiundoukai (Japan)	Un altro giorno alla Nekketsu High, un altro torneo di gang... ma questa volta è diverso! Un ricco preside della scuola ha lanciato una sfida a tutte le bande scolastiche per competere in uno speciale percorso a ostacoli composto da 4 diverse sfide che tu e la tua squadra dovete superare. La prima in fila è una corsa attraverso le strade della città (e sui tetti), poi c'è un percorso a ostacoli pieno di pericoli pericolosi, poi una sfida di salto in cui devi rompere una serie di palline di metallo e infine un torneo di combattimento a tutto campo.
Downtown Nekketsu Monogatari (Japan)	È una nuova versione di River City Ransom di NES per PCE. Viene da Technos originariamente qui, è stato convertito da Naxat Soft. È un picchiaduro con pochi elementi RPG; puoi acquistare oggetti come cibo, bevande, caffè e altri oggetti che ti aiuteranno nella tua avventura. Uccidere un nemico ti porta monete. Puoi salvare il gioco in qualsiasi momento. I personaggi sono piccoli ma gli sfondi sono colorati e ben disegnati.
Dragon Ball Z - Idainaru Son Gokuu Densetsu (Japan) (FABT)	Idainaru Son Goku Densetsu presenta Gohan che racconta a Goten delle battaglie del loro defunto padre, Goku, insieme ad altri personaggi. Il gioco illustra le sette più grandi battaglie di Goku: combattere il Mercenario Tao, sfidare Tien Shinhan al Torneo Mondiale di Arti Marziali, distruggere Re Piccolo, combattere Piccolo al 23° Torneo Mondiale di Arti Marziali, proteggere la Terra da Vegeta, salvare Namecc da Freezer e sacrificare la sua vita per salvare il mondo da Perfect Cell.
Dragon Half (Japan)	Basato sul manga/anime. Dragon Half è uno stile di gioco da tavolo simile a 21 Emon o ad alcuni titoli di Peachboy. Avanzi su un tabellone tirando un dado, gareggiando con altri giocatori umani o controllati dal computer. L'atterraggio su quadrati di diversi colori ha effetti diversi. Alcuni di essi causano eventi speciali, altri attivano sequenze di combattimento animate che richiedono la pressione precisa dei pulsanti per il massimo impatto.
Dragon Knight & Graffiti (Japan)	Dragon Knight & Graffiti è il remake del primo gioco della serie Dragon Knight. nnIl remake ha la stessa storia (il cavaliere errante Takeru deve sconfiggere un demone che minaccia una città popolata solo da donne) e il gameplay di base (esplora un enorme dungeon pieno di mostri, torna nell'unica città per acquistare armi e equipaggiamento migliori), ma presenta una grafica migliore, un'interfaccia di battaglia più conveniente e recitazione vocale. nnNonostante l'abbondanza di belle ragazze, non ci sono scene di sesso esplicite in questo gioco. nnCome suggerisce il nome, il remake ha anche una &quot;modalità graffiti&quot; (accessibile dal menu principale), che consente al giocatore di visualizzare tutte le immagini disegnate a mano del gioco, quelle di belle ragazze o di qualsiasi altro tipo.
Dragon Knight II (Japan)	Strawberry Fields - un paese magico popolato quasi esclusivamente da belle ragazze (cioè, se non contiamo il vecchio saggio e un paio di altre eccezioni maschili). Tutto andò bene in questo luogo pacifico, finché la strega malvagia Mesaana non rapì alcuni degli adorabili abitanti del paese e mise su di loro una maledizione, trasformandoli in orribili mostri. Entra in Takeru Yamato (che potresti conoscere come Desmond, l'eroe di Knights of Xentar), un giovane avventuriero che si trova a Strawberry Fields in quel momento. A Takeru viene detto che per rimuovere la maledizione bisogna trovare tre scritture sacre, sepolte nelle profondità di tre sotterranei pericolosi. Sembra un lavoro per il nostro avventuriero, soprattutto perché le ragazze salvate probabilmente saranno molto grate!
Dragon Knight III (Japan)	Questa versione di Dragon Knight III è basata sulla precedente versione per computer, conosciuta in Occidente come Knights of Xentar. Sebbene mantenga la storia, lo stile grafico e il layout della posizione di base della versione per computer, questa versione presenta differenze di gioco sostanziali. A differenza della versione per computer, le battaglie non sono in tempo reale, ma a turni e utilizzano una prospettiva diversa; I nemici incontrati casualmente vengono combattuti in un tradizionale stile di gioco di ruolo giapponese in prima persona, simile a Dragon Quest.
Dragon Slayer - The Legend of Heroes (USA)	Dragon Slayer: The Legend of Heroes è un gioco di ruolo per PC Engine. Tu interpreti il principe Selios/Logan. Durante una prova destinata a farti diventare un guerriero, il regno di tuo padre viene attaccato da mostri selvaggi. Tradito da tutte le parti dai tuoi ex alleati, devi reclutare compagni per liberare il tuo paese.
Dragon Slayer - The Legend of Heroes II (Japan)	Sono passati anni da quando il principe Selios, l'eroe del primo gioco, sconfisse il dio demone Agunija nella battaglia finale. La pace tornò nella terra di Iseruhasa. Selios ha sposato la sua ragazza Dinah, e hanno avuto un figlio, che hanno chiamato Atlas. All'età di quindici anni Atlas era già un forte guerriero, grazie alle lezioni del suo maestro Lowel. Tutto sembrava tranquillo nel paese, finché due guerrieri non videro strane creature vicino alla capitale. Quelli erano... uomini in tute spaziali! Naturalmente, i guerrieri non potevano saperlo e credevano di essere dei mostri. I misteriosi estranei hanno intenzioni pacifiche o sono una nuova minaccia per il regno?
Dungeon Explorer II (USA)	Questo sequel in CD di Dungeon Explorer funziona esattamente come il primo gioco. Hai scelto il tuo personaggio da una varietà di stereotipi fantasy e sei partito per un'avventura in stile Gauntlet. Il formato CD consente una maggiore quantità e varietà di livelli per completare la trama, con nuove aree e personaggi che ti si aprono man mano che avanzi.
Dungeon Master - Theron's Quest (USA)	Bestie terribilmente brutali! Labirinti mostruosi! Pozzi insidiosi del male! L'avventura di una vita è qui....Theron's Quest!! Il Monastero di Ya-Brodin è caduto in mano al Culto della Morte e la Confraternita dell'Illuminazione, i veri custodi della Magia, è stata massacrata. I Sette Grandi Tesori ora sono nelle mani di esseri malvagi che non si fermeranno davanti a nulla pur di mantenere i loro enormi poteri. Ma Theron, con un coraggio incredibile, ha deciso di cercare il Culto della Morte e riconquistare i Tesori. Se ci riesce, diventerà un Sommo Signore. In caso contrario, la terra vedrà l'oscurità eterna.
Dynastic Hero, The (USA)	The Dynastic Hero è una versione leggermente rinominata di Wonder Boy in Monster World per Turbo Duo. Il gioco presenta immagini con cambio di tavolozza, nuova grafica a tema insetti per i personaggi principali (e predatori naturali degli insetti come boss), un Libro rosso colonna sonora audio completamente diversa dall'originale Wonder Boy e filmati in stile anime all'inizio e alla fine. Shion è stato ribattezzato Dyna ed è stato modellato su un Hercules Beetle, e il boss finale è stato cambiato in un gigantesco re lucertola. È stata prodotta anche una versione in lingua inglese, ma entrambe sono state costruite sulla versione giapponese di Wonder Boy in Monster World. Presentano la stessa difficoltà e meccanica dell'originale giapponese.
Efera & Jiliora - The Emblem from Darkness (Japan)	Efera & Jiliora: The Emblem From Darkness è basato sull'anime Gude Crest. La storia è portata avanti da due mercenari, Efera e Jiliora. Scappati da una nave negriera, attraverso una serie di eventi entrano in possesso di un possente stemma. Questo stemma è stato preso dal principe e dalla principessa benevoli, che sono stati rapiti da culti malvagi che adorano un'antica e potente divinità. Le due giovani donne devono trovare un modo per salvare i discendenti reali e sconfiggere i malvagi adoratori.
Eikan wa Kimi ni - Koukou Yakyuu Zenkoku Taikai (Japan)	Eikan wa Kimi ni è un gioco manageriale di baseball delle scuole superiori giapponesi. Il giocatore crea un manager, scegliendo il suo compleanno, il gruppo sanguigno, le preferenze, ecc., che influenzano la sua posizione con la squadra e i giocatori. Durante la fase di gestione è necessario assemblare la squadra, scegliendo tra vari studenti delle scuole superiori maschili, ognuno con le proprie statistiche. L'allenatore poi fa i programmi per i giocatori, che includono sessioni di allenamento di varia difficoltà. È anche possibile modificare l'umore del tecnico, che porta a risultati diversi a seconda dello spirito e della personalità della squadra. Il giocatore può far avanzare l'ora di un giorno, una settimana o fino all'evento successivo, ad es. un test a scuola o una partita contro un'altra squadra.
Eiyuu Sangokushi (Japan)	Eiyuu Sangokushi è una rappresentazione alquanto spensierata del famoso periodo storico dei Tre Regni in Cina. Nel suo nucleo, è un gioco di strategia a turni, simile alla più popolare serie Romance of the Three Kingdoms. Il giocatore può scegliere di giocare attraverso 8 diversi scenari, a partire dall'ascesa al potere di Dong Zhuo alla fine del 2° secolo, per finire con l'ultima lotta dei figli di Cao Cao e la distruzione dei tre regni. Il giocatore può anche costruire la propria mappa e giocarla controllando uno qualsiasi dei personaggi di Three Kingdoms disponibili da qualsiasi scenario.
Emerald Dragon (Japan)	In Emerald Dragon, il giocatore prende il controllo di Atrushan, un drago blu che vive nel Dragon World. Un giorno lui ei suoi amici scoprono una nave affondata vicino a una montagna. Dopo aver esaminato il relitto, i draghi trovano una bambina umana, una bambina. Il saggio Drago Bianco, il capo dei draghi, dice loro che il suo nome è Tamryn e che avrà un ruolo importante nelle loro vite. La ragazza non ricorda nulla e cresce con i draghi. Ma quando compie quindici anni decide di tornare nella sua terra natale: il mondo umano. Poco dopo che Tamryn se ne è andato, Atrushan si rende conto che non può sopportare la separazione e chiede al Drago Bianco di lasciarlo andare a trovare Tamryn nel mondo umano. Ma una misteriosa maledizione malvagia è stata posta sui draghi: non possono apparire tra gli umani nella loro vera forma. Atrushan accetta di diventare umano e va nel mondo umano per trovare Tamryn, e anche un modo per rimuovere la maledizione...
Exile (USA)	L'esilio riguarda le avventure nel deserto di Sadler, il grande eroe la cui rivolta anni prima portò alla caduta di un potente impero. Di recente, tuttavia, la pace è stata interrotta nel paese natale di Sadler, poiché l'impero rivale di Luciel ha lanciato attacchi al Villaggio delle Dune. Exile è un gioco di ruolo/azione ibrido. Il viaggio e l'esplorazione si verificano nella tradizionale vista dall'alto dei giochi di ruolo, mentre le battaglie e i dungeon sono labirinti a scorrimento laterale, simili a Wanderers di Ys. I personaggi acquisiscono esperienza e livelli, acquistano equipaggiamento e usano la magia.
Exile - Toki no Hasama e (Japan)	L'esilio riguarda le avventure nel deserto di Sadler, il grande eroe la cui rivolta anni prima portò alla caduta di un potente impero. Di recente, tuttavia, la pace è stata interrotta nel paese natale di Sadler, poiché l'impero rivale di Luciel ha lanciato attacchi al Villaggio delle Dune. Exile è un gioco di ruolo/azione ibrido. Il viaggio e l'esplorazione si verificano nella tradizionale vista dall'alto dei giochi di ruolo, mentre le battaglie e i dungeon sono labirinti a scorrimento laterale, simili a Wanderers di Ys. I personaggi acquisiscono esperienza e livelli, acquistano equipaggiamento e usano la magia.
Exile - Wicked Phenomenon (USA)	È in gioco il mondo di Chaltar e Sadler torna come protagonista principale e protagonista della serie. Quasi, poiché il suo primo compito è cercare i suoi amici nelle città vicine. A differenza dei precedenti episodi della serie, Sadler è qui uno dei tanti possibili personaggi giocabili: il simpatico ma letale Rumi, il forte Kindi e il mistico Fakhyle seguono il nostro eroe nella sua ricerca e possono essere controllati. Il gioco segue la stessa formula dei suoi predecessori e alterna combattimenti ed esplorazioni. La prima parte porta Sadler a passeggiare per le città, parlare con gli abitanti del villaggio o acquistare nuove attrezzature. Le fasi di combattimento sono classiche scene d'azione hack-and-slash ambientate in innumerevoli luoghi ostili: lì il giocatore combatte nemici, boss e guadagna preziosi punti esperienza e monete d'oro.
Exile II - Janen no Jishou (Japan)	È in gioco il mondo di Chaltar e Sadler torna come protagonista principale e protagonista della serie. Quasi, poiché il suo primo compito è cercare i suoi amici nelle città vicine. A differenza dei precedenti episodi della serie, Sadler è qui uno dei tanti possibili personaggi giocabili: il simpatico ma letale Rumi, il forte Kindi e il mistico Fakhyle seguono il nostro eroe nella sua ricerca e possono essere controllati. Il gioco segue la stessa formula dei suoi predecessori e alterna combattimenti ed esplorazioni. La prima parte porta Sadler a passeggiare per le città, parlare con gli abitanti del villaggio o acquistare nuove attrezzature. Le fasi di combattimento sono classiche scene d'azione hack-and-slash ambientate in innumerevoli luoghi ostili: lì il giocatore combatte nemici, boss e guadagna preziosi punti esperienza e monete d'oro.
F1 Circus Special - Pole to Win (Japan) (FABT)	F1 Circus Special è un gioco di corse di Formula 1. I giocatori possono scegliere tra una modalità campionato del mondo, che segue il percorso di un pilota attraverso i percorsi disponibili del gioco in modo lineare; una modalità di prova su strada, che consente ai giocatori di scegliere qualsiasi percorso, nonché di modificare le regole e le condizioni (ad esempio l'ammontare del danno inflitto); e una modalità time attack per competere l'uno contro l'altro.
F1 Team Simulation - Project F (Japan)	Project F è una simulazione manageriale che mette il giocatore nel ruolo del proprietario di una società di Formula 1. Il giocatore è responsabile del pagamento dello stipendio a dirigenti, meccanici e altri membri dello staff; è possibile aumentare o diminuire lo stipendio, il che può comportare diverse conseguenze a seconda della personalità del dipendente. Quindi il giocatore stipula un contratto con uno o più piloti, selezionandoli da un elenco. La personalizzazione dell'auto gioca un ruolo importante. Benzina, motori, telaio, ruote, pneumatici, freni e altri componenti devono essere acquistati da produttori scelti dal giocatore.
Faceball (Japan)	Faceball 2000 è uno sparatutto in prima persona. Controlli un modello fisico H.A.P.P.Y.F.A.C.E., o modello fisico assistito olograficamente fornito per l'imbarco computerizzato attivo. La grafica è costituita da corridoi ombreggiati piatti. I nemici sono tutte forme geometriche semplici con faccine sorridenti. Sebbene la grafica sia semplice, consentono la piena libertà di movimento, non diversamente da Wolfenstein 3-D.
Faerie Dust Story - Meikyuu no Elfeene (Japan)	A Meikyuu no Elfeane, il giocatore assume il ruolo di una persona reale - la cantante e attrice giapponese Tomomi Nishimura - nella sua incarnazione disegnata a mano, &quot;super deformata&quot;, in stile anime, vista dall'alto (foto digitalizzate della vera signora Nishimura può essere visto durante alcune scene tagliate del gioco). Nel gioco, Tomomi è solo una semplice ragazza che lavora in un ristorante, ma viene magicamente trasportata in un paese fatato. Lì, deve prima proteggere gli abitanti di una pacifica cittadina dall'assalto dei goblin e, infine, trovare un modo per tornare nel mondo reale.
Fantastic Night Dreams - Cotton (USA)	Cotton: Fantastic Night Dreams si gioca in modo simile ad altri videogiochi sparatutto a scorrimento come R-Type. Ciò che distingue Cotton: Fantastic Night Dreams da altri giochi simili è la sua grafica colorata e brillante e il suo personaggio principale, Cotton. Il gioco si svolge anche in un mondo fantastico da sogno invece che nello spazio come molti altri giochi di tiro. Il gioco può essere paragonato ad altri giochi sparatutto fantasy come Parodius. Ha la maggior parte delle somiglianze nello stile con il gioco Chariot su Three Wonders. nnIl giocatore controlla Cotton, una giovane strega su un manico di scopa. Il giocatore deve far esplodere vari mostri ed evitare di essere colpito. Il giocatore può raccogliere potenziamenti per potenziare le proprie armi e scatenare un attacco più potente sul nemico. Il giocatore ha vite rappresentate da una freccia. Il giocatore ha tre vite ed è consentito solo un colpo per vita.
Far East of Eden - Tengai Makyou - Fuun Kabuki-den (Japan)	In un mondo futuristico, dove maghi e creature leggendarie coesistono con robot e cloni, l'esistenza pacifica di Far the Earth è minacciata dall'Imperatore del Male. Ad Atima, una giovane ragazza della corporazione dei maghi, viene affidato un compito importantissimo: far rivivere Dimeora, il leggendario eroe dell'epoca degli dei, che da solo è in grado di sconfiggere l'Imperatore del Male. Ma le cose prendono una piega inaspettata quando Atima viene rapita dall'Imperatore e la rianimata Dimeora deve trovare la sua strada da sola in questo nuovo mondo. nnNeo Metal Fantasy è un tradizionale gioco di ruolo in stile giapponese. Viaggiando sulla mappa del mondo, il gruppo controllato dal giocatore visita le città, scende nei sotterranei e ingaggia nemici che appaiono casualmente in prospettiva in prima persona, combattimenti a turni, usando attacchi fisici o magia. Il gioco presenta filmati in stile anime.
Far East of Eden - Tengai Makyou - Ziria (Japan) (Hibaihin)	Far East of Eden: Ziria su PC Engine ti permette di incarnare Ziria, uno degli ultimi discendenti del leggendario Fire Clan che era stato inviato a Jipang, un paese vicino al Giappone medievale, per salvare il mondo dal terribile Masakado. Anche se il male è stato sigillato, sta per essere scatenato di nuovo e spetta a te fermarlo!
Far East of Eden - Tengai Makyou II - Manji Maru (Japan)	Far East of Eden II: Manjimaru su PC Engine è un gioco di ruolo in cui controlli Majinmaru, un giovane guerriero che è stato scelto per eliminare il male che affligge un Giappone medievale alternativo, basato sull'immagine che l'Europa del paese al tempo.
Farjius no Jakoutei - Neo Metal Fantasy (Japan)	In un mondo futuristico, dove maghi e creature leggendarie coesistono con robot e cloni, l'esistenza pacifica di Far the Earth è minacciata dall'Imperatore del Male. Ad Atima, una giovane ragazza della corporazione dei maghi, viene affidato un compito importantissimo: far rivivere Dimeora, il leggendario eroe dell'epoca degli dei, che da solo è in grado di sconfiggere l'Imperatore del Male. Ma le cose prendono una piega inaspettata quando Atima viene rapita dall'Imperatore e la rianimata Dimeora deve trovare la sua strada da sola in questo nuovo mondo. nnNeo Metal Fantasy è un tradizionale gioco di ruolo in stile giapponese. Viaggiando sulla mappa del mondo, il gruppo controllato dal giocatore visita le città, scende nei sotterranei e ingaggia nemici che appaiono casualmente in prospettiva in prima persona, combattimenti a turni, usando attacchi fisici o magia. Il gioco presenta filmati in stile anime.
Faussete Amour (Japan)	Una giovane ragazza di nome Koruku viveva nel suo villaggio natale, godendosi una vita tranquilla con sua sorella e i suoi amici. Ma tutto è cambiato quando è apparso un demone malvagio noto come Osso di Capra. Con i suoi poteri di controllo mentale e mutaforma, possedeva gli amici di Koruku, trasformandoli in mostri terrificanti, rapì sua sorella e bruciò il villaggio. Un misterioso vecchio si avvicina al disperato Koruku e le conferisce una meravigliosa armatura, un'arma e poteri magici. La giovane è pronta ad avventurarsi nella tana di Goatbone e a liberare sua sorella... ma riuscirà a sconfiggere i suoi stessi amici che ora obbediscono alla parola del loro oscuro padrone?
Fiend Hunter (Japan)	Fiend Hunter è un Action/RPG pubblicato nel 1993. Il gioco è giocato lateralmente, con una gestione in stile Prince Of Persia, che offre all'eroe un'ampia gamma di movimenti. Lo scopo del gioco è eliminare i demoni che ti vengono incontro, dato che sei un cacciatore di demoni. Le battaglie si svolgono in tempo reale. Il gioco presenta anche alcune scene cinematografiche molto belle. Sebbene interamente giapponese, questo gioco rimane giocabile per chi non capisce questa lingua.
Fighting Street (USA)	Ovvero: Street fighter 1. Nel profondo di te si nasconde un guerriero. Lascialo libero! E mettilo alla prova contro i campioni di arti marziali di 5 nazioni. Stringi i denti, pompa e prendi Retsu e Geki dal Giappone. Gli avversari più degni! Ma fai attenzione ai più cattivi: Adon e Sagat, un paio di thailandesi. Mike e Joe (USA), Birdie e Eagle (Regno Unito), Lee e Gen (Cina) hanno tutti i loro &quot;trucchi&quot; speciali. Sii veloce e forte, o vattene!nnQuesta conversione ha un sonoro in qualità CD e una colonna sonora completamente nuova.
Final Zone II (USA)	Final Zone II è uno sparatutto dall'alto in basso in cui controlli un soldato in alcuni livelli e un veicolo in altri livelli. Come soldato indossi una &quot;New Age Power Suit&quot; e puoi scegliere di interpretare diversi personaggi, sebbene sia solo un gioco per un giocatore. nnLo scopo del gioco è combattere un esercito nemico guidato da &quot;ZOD&quot; che è un assassino di massa e ha ucciso alcuni dei tuoi amici commando. Ci sono vari armamenti e scudi che puoi raccogliere lungo il percorso. Ci sono diverse sequenze di animazione in stile manga nel gioco. nnQuesto è il sequel di un gioco Mega Drive chiamato Final Zone che è stato rilasciato anche nel 1990.
Flash Hiders (Japan)	Flash Hiders è un picchiaduro 2D in stile anime con una spiccata inclinazione ai giochi di ruolo. Il gioco è fortemente incentrato sulla storia e sulla presentazione, con filmati animati e doppiati in tutta la modalità scenario del gioco, oltre alla possibilità di acquistare e utilizzare attrezzature per aumentare le tue statistiche. La modalità scenario segue l'artista marziale Bang mentre viaggia attraverso un mondo dilaniato dalla guerra con la maga Tiria e un ragazzino quasi adottato di nome Erue. La modalità &quot;Avanzata&quot; ti consente di scegliere qualsiasi personaggio nel gioco e seguire la sua storia specifica, costruendo le abilità del tuo personaggio man mano che procedi. C'è, ovviamente, anche una modalità contro per due giocatori.
Forgotten Worlds (USA) (En,Ja)	Forgotten Worlds presenta due personaggi conosciuti come The Nameless Ones, che assomigliano entrambi ad Arnold Schwarzenegger, uno ha persino un mohawk. Il loro compito è liberare il pianeta dagli alieni attaccanti. nnGuidando il tuo personaggio sullo schermo mentre vola con jet-pack, pistole in modalità automatica, controlli un satellite che ruoti attorno al tuo personaggio per la direzione in cui spara la tua pistola. Alla fine di ogni livello c'è un boss che deve essere ucciso per progredire. nnI nemici che sono stati uccisi lasciano soldi. Alla fine di ogni livello c'è un negozio dove puoi acquistare armi, armature, oggetti e pacchetti di pronto soccorso.
Formation Soccer 95 della Serie A (Japan)	Formation Soccer 95 della Serie A è un gioco di calcio che ricrea una stagione nel massimo campionato di calcio d'Italia, inclusi giocatori e squadre con licenza. Non ci sono elementi gestionali nel gioco; i giocatori devono semplicemente scegliere una o più squadre (per la modalità torneo) e partecipare alle partite di esibizione o di Serie A (Campionato Italiano). Le squadre possono essere controllate da giocatori umani o dall'IA del computer; è anche possibile selezionare la modalità &quot;guarda&quot; e visualizzare lo svolgimento della partita con entrambe le squadre controllate dal computer. È inclusa anche la modalità pratica per calci d'angolo, punizione e rigore. Le regole e le condizioni possono essere modificate (ad esempio è possibile giocare senza infortuni).
Fushigi no Umi no Nadia - The Secret of Blue Water (Japan)	Fushigi no Umi no Nadia: The Secret of Blue Water è uno dei tanti giochi basati sull'omonima serie anime. Il gioco assume familiarità con la storia dell'anime, portando il giocatore direttamente nel lasso di tempo degli ultimi episodi, dove Grandis e i ladri di gioielli si sono già uniti a Jean e Nadia nei loro viaggi con il Capitano Nemo sul suo sottomarino &quot;Nautilus&quot;. Dopo una scena drammatica che rivela di più sul passato di Electra, l'equipaggio è bloccato su un'isola misteriosa. Jean, Nadia, Marie e il re cucciolo di leone decidono di esplorarlo e di scoprire un'antica civiltà nel processo. nnIl gioco funziona principalmente come un fumetto interattivo o un romanzo visivo, sebbene contenga elementi di avventura come i comandi verbali.
Gain Ground SX (Japan)	Gain Ground è un gioco d'azione in stile arcade con un po' di strategia. L'obiettivo è portare tutti i soldati sul lato opposto dello schermo o uccidere tutti i nemici. Ogni soldato dell'esercito ha una specializzazione unica, tra 20 tipi. Ogni soldato può attaccare in due modi diversi, usando un'arma normale o un'arma speciale. La strategia deriva dal decidere quale soldato farebbe meglio in quale situazione. Alcune armi sono migliori nel trattare determinati nemici e ostacoli rispetto ad altre armi. nnI giocatori iniziano con solo tre soldati ma possono incontrare altri soldati che possono essere salvati toccandoli. Se il nuovo soldato sopravvive abbastanza a lungo da raggiungere l'uscita, può essere aggiunto all'inventario del soldato. Il numero di possibili soldati nell'esercito di un giocatore è di oltre 30 soldati. Ci sono 50 fasi in totale, divise in round da 10. Alla fine di ogni round, i giocatori incontrano un boss nemico.
Galaxy Deka Gayvan (Japan)	La Terra è il pianeta più bello della galassia e la sua pacifica esistenza è minacciata dalla mente criminale Ballas. La polizia galattica invia due agenti per affrontare la minaccia: Hiro Aoyama e Michiko Akasaka, che possono trasformarsi rispettivamente nei potenti super combattenti Gayvan e Mittchi, e sono da soli in grado di fermare Ballas. nnGalaxy Deka Gayvan è un attaccabrighe. I giocatori possono scegliere di controllare uno dei due eroi o entrambi in modalità cooperativa. Come in altri giochi picchiaduro, il giocatore deve sconfiggere tutti i nemici sullo schermo in un combattimento corpo a corpo prima di poter procedere. Sia Hiro che Michiko possono accumulare energia speciale (lasciata cadere dai nemici insieme a potenziamenti per la salute e denaro) che consente loro di trasferirsi nei supereroi Gayvan e Mittchi e rimanere in quella forma fino a quando non esauriscono l'energia. Le forme dei supereroi sono più forti e sono in grado di eseguire attacchi speciali.
Garou Densetsu 2 - Aratanaru Tatakai (Japan) (FABT, FACT, FAET, FAFT)	Ancora una volta, i Lupi Solitari tornano! Oche Howard potrebbe essere stato sconfitto, ma ciò non significa che tutto sia pacifico. Un nuovo avversario, Wolfgang Krauser, si è fatto avanti per iniziare un nuovo torneo Fatal Fury. I Lupi Solitari ritornano, con nuovi volti tra di loro. Tuttavia, solo uno può essere dichiarato vincitore.
Garou Densetsu Special (Japan) (FABT)	Fatal Fury Special è una versione migliorata del combattente 2D uno contro uno di SNK Fatal Fury 2. L'obiettivo è vincere il torneo sconfiggendo tutti gli altri combattenti, incluso il boss finale Wolfgang Krauser. Fatal Fury Special offre una selezione abbastanza ampia di combattenti che include:nnGli otto combattenti regolari di Fatal Fury 2: Terry Bogard, Andy Bogard, Joe Higashi, Kim Kaphwan, Jubei Yamada, Cheng Sinzan, Mai Shiranui e Big Bear. I quattro boss di Fatal Fury 2: Billy Kane, Axel Hawk, Lawrence Blood e Wolfgang Krauser (questa volta sono tutti immediatamente giocabili). Tre personaggi di ritorno dal primo Fatal Fury: Duck King, Tung Fu Rue e Geese Howard (il boss finale di Fatal Fury).
Gate of Thunder (Japan) (FACT, FADT)	Uno sparatutto a scorrimento laterale, Gate of Thunder chiede ai giocatori di prendere il controllo della navicella spaziale &quot;Hunting Dog&quot;. Voli principalmente da sinistra a destra, con occasionali sezioni a scorrimento verticale e usi diversi stili di armi per sconfiggere i tuoi numerosi nemici. Insieme a Esty nella sua nave &quot;Wild Cat&quot;, devi sconfiggere le forze del generale Don Jingi, che ha in programma di prendere energia dalla stella dell'Ariete. nnGiocando nei panni del pilota Hawk, i giocatori devono evitare le collisioni e il fuoco delle armi dell'esercito &quot;Obellon&quot; del generale. Composto da molti diversi tipi di nemici, l'esercito ha una forza enorme e tentacolare di cannoni, torrette, navi, stazioni di battaglia e unità di tipo mech. La loro potenza di fuoco è immensa e tu sei l'unica forza avversaria!
Gate of Thunder + Bonk's Adventure + Bonk's Revenge (USA)	Uno sparatutto a scorrimento laterale, Gate of Thunder chiede ai giocatori di prendere il controllo della navicella spaziale &quot;Hunting Dog&quot;. Voli principalmente da sinistra a destra, con occasionali sezioni a scorrimento verticale e usi diversi stili di armi per sconfiggere i tuoi numerosi nemici. Insieme a Esty nella sua nave &quot;Wild Cat&quot;, devi sconfiggere le forze del generale Don Jingi, che ha in programma di prendere energia dalla stella dell'Ariete. nnGiocando nei panni del pilota Hawk, i giocatori devono evitare le collisioni e il fuoco delle armi dell'esercito &quot;Obellon&quot; del generale. Composto da molti diversi tipi di nemici, l'esercito ha una forza enorme e tentacolare di cannoni, torrette, navi, stazioni di battaglia e unità di tipo mech. La loro potenza di fuoco è immensa e tu sei l'unica forza avversaria!
Genocide (Japan)	La vita è diventata sempre più complicata nel 22° secolo. Gli esseri umani hanno costruito un supercomputer noto come MESIA, affidandogli il compito di monitorare tutto ciò che accade sul pianeta. Tuttavia, il computer divenne sempre più megalomane e alla fine decise di conquistare la Terra con macchine mortali di propria produzione. A metà del 23° secolo, l'umanità si impegna in una battaglia decisiva contro la MESIA. Le loro speranze risiedono in Ken Ryugasaki, che pilota il potente mecha Tracer nel suo viaggio verso la tana del supercomputer. nnGenocide è un gioco d'azione a scorrimento laterale. Il giocatore controlla Tracer, che può combattere con un'arma da mischia simile a una spada e saltare. Più avanti nel gioco Tracer acquisisce &quot;Betty&quot;, un'arma potente che può sparare in otto direzioni. Il gameplay è abbastanza semplice; non ci sono potenziamenti e la maggior parte del gioco consiste nel sopravvivere a continui assalti di nemici.
Gensou Tairiku Auleria (Japan)	Inizi il gioco come un guerriero senza nome (puoi nominare l'eroe come preferisci). Ritorna al suo villaggio natale, solo per trovarlo bruciato e la sua amata donna morta. Inginocchiato sulla sua tomba, il guerriero giura vendetta, ma presto questa ricerca si rivela ben oltre, poiché le forze demoniache stanno minacciando la terra! Gen? Tairiku Aurelia è un gioco di ruolo d'azione a scorrimento laterale. Puoi controllare il guerriero (e altri personaggi che puoi controllare più avanti nel gioco) spostandolo attraverso le posizioni della piattaforma: città, foreste, sotterranei, ecc. Nelle città puoi parlare con le persone per far avanzare la trama. Nelle aree selvagge, combatti i nemici attaccando fisicamente o usando incantesimi in tempo reale. Puoi anche saltare in questo gioco. Ottieni punti esperienza per sconfiggere i nemici, guadagnare livelli e una magia più forte.
Ginga Fukei Densetsu Sapphire (Japan)	In futuro, i viaggi nel tempo sono diventati una merce normale. Le organizzazioni criminali hanno iniziato a utilizzare la scienza avanzata per fuggire in periodi di tempo diversi per evitare la cattura. Per contrastare ciò, è stata costituita un'unità speciale di polizia chiamata &quot;Burning Rabbits&quot;, composta da quattro giovani donne che pilotano coraggiosamente il loro caccia attraverso il tempo e lo spazio. nnGinga Fukei Densetsu: Sapphire è uno sparatutto a scorrimento verticale. Il giocatore può scegliere tra quattro diversi personaggi femminili, ognuno dei quali pilota una nave diversa: Sapphire ha un equilibrio tra forza e velocità; Charlotte è la più veloce, ma anche la più debole; Helen è la più lenta e la più forte; Jasmine è la seconda più forte e la seconda più lenta. Le navi si distinguono anche per le proprietà delle armi. Ogni nave può raccogliere potenziamenti rossi, verdi o blu; raccogliere un potenziamento dello stesso colore migliora l'arma attualmente equipaggiata, mentre un potenziamento di colore diverso cambia le proprietà dell'arma pur mantenendo tutti i miglioramenti che la nave avrebbe potuto avere con l'arma precedente. Le proprietà effettive di ogni arma sono diverse per ogni nave e includono varie combinazioni di laser, raggi, missili, armi perforanti e armi di ricerca.
Ginga Ojousama Densetsu Yuna (Japan) (FAFT)	Yuna Kagurazaka è una ragazza di 16 anni un po' storta. Dopo aver vinto un &quot;Galactic Bishōjo Contest&quot; (Galaxy Fräulein Contest, simile ai concorsi di Idol), diventa &quot;The Savior of Light&quot;, una ragazza magica incaricata di difendere l'universo dal male. nnGalaxy Fräulein Yuna è un gioco a fumetti digitale (tipo di romanzo visivo). nnIl gioco non ha game over (può continuare all'infinito) o un brutto finale, simile ai fumetti digitali che raccontano storie o ai film interattivi. nnSpostati da qualche parte, parla con qualcuno, poi combatti contro i 13 Fräulein dell'oscurità... nnLe scene di combattimento si svolgono in stile RPG a turni, ma non ci sono EXP o oggetti? solo attacco o difesa.
Ginga Ojousama Densetsu Yuna 2 - Eien no Princess (Japan) (FAAT)	Questo è il secondo gioco della serie sulla scolaretta Yuna Kagurazaka, che combatte il crimine in battaglie cosmiche. Eien no Princess continua la storia del primo gioco. Yuna ha sconfitto i 13 Servants of Darkness e la loro leader Lia è diventata un'amica, combattendo il crimine da sola in uno show televisivo di supereroi. La vita sembra continuare normalmente, l'unico problema è Erika, una liceale mocciosa che si considera la più grande rivale di Yuna. Sfida Yuna a combattere, ma entrambi vengono avvistati dall'astronave titolare &quot;Eternal Princess&quot;, comandata dalla graziosa principessa Mirage, il cui compito è fermare la violenza nell'intera galassia. Quello che inizia come un malinteso finisce come una seria minaccia per la Terra...
Ginga Ojousama Densetsu Yuna HuVIDEO CD (Japan)	Yuna Kagurazaka è una ragazza di 16 anni un po' storta. Dopo aver vinto un &quot;Galactic Bishōjo Contest&quot; (Galaxy Fräulein Contest, simile ai concorsi di Idol), diventa &quot;The Savior of Light&quot;, una ragazza magica incaricata di difendere l'universo dal male. nnGalaxy Fräulein Yuna è un gioco a fumetti digitale (tipo di romanzo visivo). nnIl gioco non ha game over (può continuare all'infinito) o un brutto finale, simile ai fumetti digitali che raccontano storie o ai film interattivi. nnSpostati da qualche parte, parla con qualcuno, poi combatti contro i 13 Fräulein dell'oscurità... nnLe scene di combattimento si svolgono in stile RPG a turni, ma non ci sono EXP o oggetti? solo attacco o difesa.
Go! Go! Birdie Chance (Japan)	Andare! Andare! Birdie Chance è un gioco di golf in stile anime. Il giocatore controlla studentesse delle scuole superiori che assemblano una squadra di golf e desiderano rimanere imbattute. La modalità storia contiene ampi filmati testuali, che raffigurano la lotta delle ragazze contro un giocatore di golf arrogante, con le partite di golf che procedono come dettato dalla trama. La modalità gratuita consente a uno o due giocatori di selezionare uno qualsiasi dei tre personaggi femminili disponibili e di competere l'uno contro l'altro o con l'IA del computer. È possibile selezionare i tipi di mazze da golf, il terreno del campo, i tipi di strike e la mano forte del giocatore. La forza e la direzione del tiro sono determinate fermando una barra in movimento al momento giusto.
God Panic - Shijou Saikyou no Gundan (Japan)	God Panic è uno sparatutto a scorrimento verticale ambientato in una versione fumettistica e anacronistica del Giappone feudale con elementi soprannaturali. Non ci sono storie di sfondo nel gioco o filmati che avanzano nella trama, ad eccezione di un vecchio saggio che a volte offriva un aiuto all'eroe vestito da gatto. Le creature della mitologia giapponese si sono scatenate e spetta al protagonista volante sconfiggerle, difendendosi per tutto il tempo da abitanti del villaggio infuriati, gatti meccanici, lottatori omoerotici e altri esseri grotteschi.
Godzilla (USA)	Questa interpretazione del famoso mostro gigante dell'industria cinematografica giapponese prende la forma di un gioco di combattimento, solo che invece dei soliti coraggiosi artisti marziali i giocatori controllano mostri orribili del tradizionale lignaggio Toho: la stessa bestia titolare, Rodan, Anguirus, Ghidorah e altri. Il gioco ha due modalità: Normale e Vs. Quest'ultima è essenzialmente una modalità a due giocatori, che consente ai giocatori di impegnarsi in battaglie di mostri giganti in una varietà di scenari. La maggior parte dei mostri, tuttavia, è rinchiusa nei Vs. modalità prima che il giocatore abbia completato la modalità Normale. nnLa modalità Normale mette il giocatore al controllo di Godzilla, che deve attraversare cinque fasi prima di raggiungere il boss finale. Ogni fase prevede due battaglie contro due diverse creature in due luoghi diversi, da cui il giocatore deve completarne solo una per procedere alla fase successiva. A seconda della prestazione del giocatore, vengono assegnati punti; per poter competere contro diversi boss finali, il giocatore deve accumulare più punti. Se il giocatore ha solo i punti minimi richiesti, sarà disponibile un solo boss finale.
Godzilla Bakutou Retsuden (Japan)	Questa interpretazione del famoso mostro gigante dell'industria cinematografica giapponese prende la forma di un gioco di combattimento, solo che invece dei soliti coraggiosi artisti marziali i giocatori controllano mostri orribili del tradizionale lignaggio Toho: la stessa bestia titolare, Rodan, Anguirus, Ghidorah e altri. Il gioco ha due modalità: Normale e Vs. Quest'ultima è essenzialmente una modalità a due giocatori, che consente ai giocatori di impegnarsi in battaglie di mostri giganti in una varietà di scenari. La maggior parte dei mostri, tuttavia, è rinchiusa nei Vs. modalità prima che il giocatore abbia completato la modalità Normale. nnLa modalità Normale mette il giocatore al controllo di Godzilla, che deve attraversare cinque fasi prima di raggiungere il boss finale. Ogni fase prevede due battaglie contro due diverse creature in due luoghi diversi, da cui il giocatore deve completarne solo una per procedere alla fase successiva. A seconda della prestazione del giocatore, vengono assegnati punti; per poter competere contro diversi boss finali, il giocatore deve accumulare più punti. Se il giocatore ha solo i punti minimi richiesti, sarà disponibile un solo boss finale.
Goetzendiener (Japan)	Il Dio Demone ha rapito la principessa Misa, con l'intenzione di sacrificarla per ripristinare il suo potere. Il re ha inviato un esercito per salvare sua figlia, guidato da un cavaliere che portava la leggendaria Spada del Valoroso. Tutti i soldati furono uccisi dai tirapiedi del Dio Demone e solo il coraggioso cavaliere sopravvisse. Ma mentre assestò il colpo fatale al Dio Demone, egli stesso fu ferito a morte da lui. La principessa Misa non ha altra scelta che prendere la Spada del Valoroso e trovare un modo per fuggire dalla prigione del Dio Demone, piena di trappole mortali e nemici...
Golden Axe (Japan)	Golden Axe è un picchiaduro arcade che mette i giocatori nei panni di uno dei tre eroi, ognuno con le sue ragioni per cercare di rovesciare il governo malvagio di Death-Adder, che - insieme alle sue forze dell'oscurità - rapì e imprigionò il re e sua figlia e rubò la leggendaria ascia d'oro. nnQuesto è un gioco di combattimento orizzontale, in cui fondamentalmente prendi uno dei tre personaggi (il barbaro Ax Battler, un nano di nome Gilius Thunderhead o l'amazzone Tyris Flare) e colpisci tutto ciò che si frappone tra te e Death Adder stesso. Ogni personaggio ha un'abilità magica speciale che può essere caricata prendendo a calci piccole creature blu che lasciano cadere una pozione. C'è anche una varietà verde di questa creatura che rilascia cibo che reintegra la tua salute. Alcuni nemici cavalcano draghi e una creatura simile a uno scorpione. I nemici possono essere eliminati e puoi montare tu stesso la creatura e attaccare i nemici con essa. La versione PC engine CD ha numerose cutscenes in FMV e parlato digitalizzato, ma la grafica di gioco non è all'altezza della versione arcade, e persino peggiore della versione Mega drive.
Gradius II - Gofer no Yabou (Japan)	Gradius II è un sequel di Gradius e Life Force, ed è uno sparatutto spaziale orizzontale composto da sette livelli. Come nel suo predecessore, è possibile raccogliere power-up dai nemici e scegliere quale tipo usare e quando. Questa volta, questo sistema è migliorato con la possibilità di scegliere tra quattro diverse sequenze di potenziamento, consentendo al giocatore di utilizzare diversi tipi di armi contro i nemici. C'è anche la possibilità di ottenere opzioni, che sono misteriose sfere di fuoco che seguono da vicino l'astronave controllata dal giocatore e ne imitano tutti i movimenti (inclusi i colpi). Sebbene il giocatore possa averne solo due nella versione NES di Gradius, ora è possibile in tutte le versioni averne fino a quattro.
GS (Ghost Sweeper) Mikami (Japan)	GS Mikami è un gioco di avventura giapponese. Viene presentato come un episodio completo della serie anime Ghost Sweeper Mikami. Segui le avventure di Reiko Mikami che va a salvare la sua anima dopo uno scontro con un potente demone. Il gioco si propone solo come azione per osservare e dialogare con i diversi protagonisti, oltre che un gioco di carte tipo &quot;sasso-foglia-forbici&quot; che intervengono durante alcuni confronti, o che si possono giocare liberamente.
Gulclight TDF 2 (Japan)	Gulclight TDF2 è un gioco tattico a turni e un seguito di TDF. Non ci sono informazioni sulla storia di fondo nel gioco oltre alla nozione di TDF2, un'organizzazione composta da aerei e mecha, che combatte una razza aliena nota come Plea. Il gameplay è abbastanza semplice: il giocatore si presenta con uno schermo isometrico abbastanza piccolo e deve navigare su di esso una manciata di combattenti, attaccando un alieno quando si trova sul quadrato adiacente. I mecha e i veicoli controllati dal giocatore sono di diversi tipi: alcuni sono forti ma hanno una manovrabilità limitata, altri hanno un ampio raggio di movimento ma un'armatura debole, ecc. Le battaglie vengono mostrate su uno schermo separato e procedono automaticamente, entrambe le parti si scambiano un attacco.
Gyuwambler Jiko Chuushinha - Gekitou 36 Janshi (Japan)	Informazioni Proposta parnn Anglais Gambler Jiko Chōshinha è un gioco di mahjong basato sull'omonimo manga di Masayuki Katayama. Il gioco segue le regole tradizionali del mahjong con quattro partecipanti, il giocatore gareggia contro tre avversari controllati dall'IA. C'è una modalità torneo che può essere salvata e una modalità gratuita in cui il giocatore controlla il protagonista del manga e gareggia contro qualsiasi combinazione dei 36 personaggi disponibili.
Gyuwambler Jiko Chuushinha - Mahjong Puzzle Collection (Japan)	Il giocatore d'azzardo Jiko Chōshinha: Mahjong Puzzle Collection non è un gioco di mahjong; piuttosto, come suggerisce il titolo, è un puzzle game che utilizza tessere mahjong. Al giocatore viene presentata una tavola piena di tessere mahjong; l'obiettivo è abbinare tessere dall'aspetto identico a coppie, facendole scomparire. Possono essere abbinate solo le tessere che non hanno ostacoli (cioè altre tessere) sul loro percorso. Nuove tessere vengono aggiunte dal gioco sulle caselle adiacenti a quelle rimosse. Il giocatore deve pensare in anticipo per completare il puzzle, evitando situazioni impossibili da vincere. nnCi sono nove diverse schede, con tessere posizionate in diversi modelli di varia difficoltà. Inoltre, ci sono quattro livelli di difficoltà, misurati dal limite di tempo consentito per ogni puzzle (il livello più semplice non ha alcun limite di tempo). Ai personaggi del manga Gambler Jiko Chōshinha può essere chiesto consiglio un numero limitato di volte.
Hataraku Shoujo - Tekipaki Working Love (Japan)	Tekipaki: Working Love è un gioco di simulazione in qualche modo simile alla serie Graduation, ma con un sistema molto meno complesso e &quot;ragazze che lavorano&quot; al posto degli studenti. La grafica del gioco è stata disegnata dall'artista manga Izumi Takemoto. L'ambientazione è del 23° secolo e il giocatore deve prendersi cura di tre ragazze di pianeti diversi: Naomi, Hikaru ed Edalt. L'obiettivo è fare in modo che le ragazze svolgano con successo i loro compiti lavorativi (per lo più incarichi simili a segretarie), avendo allo stesso tempo tempo libero per riposare. Con ogni attività, alcuni parametri (resistenza, intelligenza, ecc.) Della ragazza aumenteranno e diminuiranno. Poiché le tre ragazze hanno parametri diversi dall'inizio, è importante capirne la personalità e trovare il giusto equilibrio tra lavoro e tempo libero. Le ragazze hanno anche un parametro di &quot;fedeltà&quot;, che di solito aumenta quando il giocatore concede loro un giorno libero.
Hatsukoi Monogatari (Japan) (Rev 1)	Un normale studente giapponese trova un floppy disk per strada; usando il suo computer per caricare i dati da esso, evoca miracolosamente Foltjunia, un guerriero intergalattico che combatte il male nella sua armatura robotica con tre compagni. Tuttavia, Foltjunia ha perso i suoi poteri e di conseguenza rimane con l'eroe, dandogli consigli su come conquistare l'amore di un compagno di scuola. nnDopo un breve prologo con un gameplay simile all'avventura, la maggior parte di Hatsukoi Monogatari consiste in una simulazione manageriale sulla falsariga dei giochi Princess Maker, sebbene con opzioni più limitate e nessun elemento di gioco di ruolo. Il giocatore gestisce il programma giornaliero dell'eroe, diviso in due segmenti: scuola e casa. Le attività includono lo studio, conversazioni con studenti o insegnanti, lavoro part-time, riposo, conversazione al telefono, shopping, acquisto di regali, ecc. Ogni attività aumenta o diminuisce alcuni parametri dell'eroe.
Hawk F-123 (Japan)	Hawk F-123 è uno sparatutto a scorrimento laterale. Non c'è una storia di fondo nel gioco e nessun filmato; il giocatore pilota un aereo da combattimento, sorvolando varie aree come un deserto, un mare, una città di notte, ecc. La maggior parte dei nemici sono diversi tipi di aerei, sebbene appaiano anche alcune torrette fisse. nnIl combattente controllato dal giocatore può raccogliere potenziamenti che cambiano la sua arma principale: rosso per una pistola vulcanica, giallo per dardi energetici e blu per laser. Ognuno di questi aumenterà di potenza (ad esempio tre laser invece di uno per l'arma blu) quando il giocatore raccoglie ripetutamente potenziamenti dello stesso colore. Altri potenziamenti aggiungono un'arma secondaria o un potenziamento a qualsiasi di quelli descritti sopra, come missili a ricerca, palle di fuoco, un gregario, ecc.
Hellfire S - The Another Story (Japan)	Rilasciato anche su Megadrive, Hellfire è molto più accessibile su PC Engine. Troviamo tutto ciò che rende il gioco arcade originale: le nostre due eroine lasciate per salvare il mondo, decorazioni raffinate e varie, ecc. Tutta la finezza del gameplay deriva dal fatto che puoi puntare la tua arma. Nessun fuoco secondario quindi, il secondo pulsante serve per cambiare l'angolo di tiro: avanti, indietro, su e giù e in diagonale. Il design dei livelli richiede che tu ci giochi durante ogni partita. Tuttavia, sono i boss che ti costringeranno davvero a cambiare armi molto regolarmente. Non vi resta che vedere il boss del primo livello per convincervi: per voltarvi dovrete sparare a ciascuno di questi punti deboli con un'arma ben precisa.
High Grenadier (Japan)	High Grenadier è un gioco di strategia a turni con elementi di ruolo. Il gioco ha una trama piuttosto astratta che descrive una battaglia tra due organizzazioni umane, ognuna delle quali pilota e comanda giganteschi mech; non vengono rivelati ulteriori dettagli nel gioco. Il gameplay si svolge su un campo di battaglia composto da punti collegati da linee; sia l'esercito controllato dal giocatore che l'esercito avversario possono muoversi solo tra punti adiacenti. nnIl giocatore ha a sua disposizione sei comandanti; ognuno di loro può guidare diversi mecha nella battaglia. Inizialmente sono disponibili tre comandanti, mentre altri possono essere chiamati in battaglia in seguito. Una volta che un'unità controllata dal giocatore e un'unità nemica si incontrano sullo stesso punto, il giocatore può ordinare al comandante di attaccare, difendere o ritirarsi.
Hihou Densetsu - Chris no Bouken (Japan)	Uno scienziato di nome Arnold Steiner ricerca l'antica civiltà degli Indios in America Centrale. Tuttavia, a seguito di una scoperta rivoluzionaria, Steiner scompare misteriosamente. Sua figlia Chris si reca in America Centrale alla ricerca di suo padre e si immerge in un mondo intimidatorio di mostri e cospirazioni. nnCiao? Densetsu: Chris no B?ken è un platform. Chris è armato con un pugnale e non può usare altre armi o gadget per proteggersi. Tuttavia, il pugnale può essere potenziato raccogliendo sfere colorate lasciate cadere dai nemici. A seconda della loro combinazione, il pugnale può essere usato come arma a lungo raggio, sparando proiettili o fungendo da boomerang. La salute del protagonista si misura con i cuori; una fase deve essere riavviata se Chris le esaurisce tutte e cinque. I nemici a volte lasciavano cuori e monete dietro; quest'ultimo aggiunge una vita extra a Chris se raccoglie una quantità sufficiente.
Himitsu no Hanazono (Japan)	Uno studente delle superiori di nome Kōsuke fece un sogno, in cui vide una bella donna che gli parlava. La mattina dopo scoprì che la nuova insegnante sembrava molto simile alla donna che aveva visto. Dopo aver ascoltato una conversazione, Kōsuke si rende conto che il nuovo insegnante è in realtà un detective inviato per indagare sull'omicidio di una studentessa avvenuto in palestra. Il giovane deve giocare bene le sue carte per entrare a far parte dell'indagine, risolvere il mistero e forse impressionare l'attraente insegnante in altri modi. nnHimitsu no Hanazono è essenzialmente un romanzo visivo. Non ci sono comandi verbali e nessuna reale interazione con l'ambiente. Le scelte sono piuttosto frequenti e abbastanza numerose (di solito quattro o cinque scelte nella maggior parte degli schermi).
Horror Story (Japan)	Originario delle sale giochi (dove era conosciuto come Demon's World per il pubblico occidentale), Horror Story è un platform / sparatutto a scorrimento laterale &quot;vecchio stile&quot;. La premessa di base del gioco è molto semplice: spara e salta attraverso un gran numero di mostri, sconfiggi il boss, passa al livello successivo. Non c'è narrativa di alcun tipo nel gioco, né scene tagliate; l'eroe è un Duke Nukem dall'aspetto duro dotato di pistole Lo schermo scorre sempre, anche se il personaggio del giocatore non è in movimento. I livelli sono quasi completamente lineari, l'unica opzione a volte è rimanere a terra o saltare sulle piattaforme più alte. È disponibile la modalità cooperativa per due giocatori. Sebbene lo sparo sia decisamente l'elemento principale del gioco qui, il salto (in particolare il doppio salto) dovrebbe essere usato liberamente per guidare l'eroe attraverso livelli basati sulla piattaforma ed evitare e uccidere i nemici (dal momento che anche le teste le rimuove).
Hu PGA Tour - PowerGolf 2 - Golfer (Japan)	Power Golf 2: Golfer è il seguito di Power Golf. Il gioco tenta di simulare realisticamente il golf e contiene molte caratteristiche e variabili che influenzano il gameplay. Ci sono due modalità di gioco: Normale e Torneo. Nella modalità normale fino a quattro giocatori possono competere l'uno contro l'altro o contro l'avversario del computer in stroke play, match play, driving range e putting green. Sono disponibili veri campi da golf giapponesi, completi di foto digitalizzate e presentazioni. Il giocatore può scegliere di controllare i golfisti giapponesi e scegliere tra una varietà di mazze, oltre a influenzare manualmente il tiro, controllando la forza, l'angolo e la parte esatta della palla che il giocatore desidera colpire.
Human Sports Festival (Japan)	Human Sports Festival è una compilation che contiene tre giochi sportivi inediti: Fine Shot Golf è un gioco di golf per un massimo di quattro giocatori con modalità esibizione, torneo e pratica. È possibile scegliere i tipi di mazze e (in modalità pratica) il campo da golf. Il gioco si gioca da una prospettiva in prima persona e richiede al giocatore di fermare una barra mobile al momento giusto per regolare la forza del corto. Formation Soccer: Human Cup '92 è un gioco di calcio (calcio) top-down che consente al giocatore di scegliere una squadra internazionale tra le numerose disponibili europee e americane. La formazione e il comportamento del portiere possono essere personalizzati; tuttavia, non è presente una gestione dettagliata del giocatore. La modalità campionato consente a uno o due giocatori di competere contro il computer. Final Match Tennis Ladies è simile nello stile a Final Match Tennis, ma con note tenniste (i loro nomi sono leggermente modificati).
Hyaku Monogatari - Honto ni Atta Kowai Hanashi (Japan)	Il sottotitolo tradotto come True Scary Stories, Hyaku Monogatari è un videogioco omaggio al gioco di società Hyaku Monogatari Kaidankai, che era popolare durante il periodo Edo (17° - metà del 19° secolo) in Giappone. Il gioco prevedeva il raduno notturno, l'accensione di cento candele e il racconto di storie dell'orrore, spegnendo le candele una per una fino a quando la stanza non divenne completamente buia. nnIl gioco contiene cento storie dell'orrore raccontate in modo lineare attraverso testi, foto digitalizzate ed effetti sonori. La maggior parte delle storie sono molto brevi e non interattive. Le eccezioni di solito comportano scelte di luoghi o risposte a situazioni simili a romanzi visivi, che a volte influenzano la conclusione della storia. Un episodio ricorrente prevede la visita di vari luoghi nell'area di Tokyo e la revisione di casi criminali e storie di fantasmi.
Hyper Dyne - SideArms Special (Japan)	Questa versione CD-ROM2 (il gioco esiste anche in HuCARD) porta la menzione &quot;Special&quot;, e quindi possiamo aspettarci qualche piccolo bonus qua e là. E diamo un'occhiata alla versione classica, un piccolo gioiellino di sparatutto rustico, che ha già fatto felici i più grandicelli di voi. La versione proposta si accontenta di essere un adattamento fatto di bonus, finiamo semplicemente con due giochi in uno: lo standard Side Arms e una versione antidiluviana chiamata Side Arms B.C. (Before Christ!). Una volta terminata la modalità &quot;Standard&quot;, non ha senso rimuovere le posate poiché puoi passare direttamente alla &quot;Prima di Cristo&quot;. Quando c'è di più, c'è di più: Paic Citron e Side Arms Special, stesso combattimento. Questa &quot;edizione economica&quot;, offre lo stesso gioco, tranne per il fatto che abbiamo rimosso i coloranti ma aggiunto molti conservanti. Di conseguenza, è diventato stupidamente più brutto, ma anche dannatamente più difficile.
Hyper Wars (Japan) (SAAS)	Dopo che gli umani si sono avventurati nello spazio, hanno iniziato a costruire colonie lì. È diventato sempre più difficile mantenerli e sono stati inventati robot speciali noti come &quot;Bidroids&quot; per fare il duro lavoro. Tuttavia, le colonie iniziarono a dichiararsi guerra tra loro e i Bidroidi furono usati per scopi militari. Quando la pace fu finalmente raggiunta, i leader decisero che i Bidroid avrebbero potuto continuare a funzionare come macchine da combattimento, ma in campionati amichevoli piuttosto che in guerre mortali. nnHyper Wars è principalmente una simulazione manageriale; il combattimento robotico stesso viene calcolato in base a come il giocatore ha creato e mantenuto i suoi robot. Il giocatore controlla un manager di una squadra che gareggia in un campionato, completo di orari, stadi, ecc. Al giocatore viene assegnato un budget iniziale con il quale è in grado di creare i primi modelli di robot e addestrarli. Ogni robot può essere creato fondendo insieme varie parti (&quot;umano&quot;, &quot;bestia&quot;, &quot;uccello&quot; e così via).
Iga Ninden Gaiou (Japan)	Iga Ninden Gaiou è un gioco d'azione di Nichibutsu in cui il giocatore prende il controllo di un Samurai/Ninja che deve salvare la sua adorabile ragazza. Il gioco si svolge nell'antico Giappone, dove i combattimenti con la spada incontrano la magia mistica e i demoni... ma non solo perché le fasi successive trasportano il giocatore in mondi e città futuristiche. Il personaggio principale usa la sua spada la maggior parte del tempo per sconfiggere i suoi nemici. Ma può anche caricare e lanciare coltelli. RUN può anche lanciare un attacco mistico. Ma usali con saggezza poiché sono disponibili solo in quantità limitate. Come previsto in questo tipo di gioco, un boss ti aspetta alla fine di ogni fase e sblocca nuovi poteri e armi una volta sconfitto.
ImageFight II - Operation Deepstriker (Japan)	Image Fight II: Operation Deepstriker è un sequel del Super CD-ROM di PC Engine in esclusiva per il Giappone. Questo gioco è un gioiello perduto di Irem e hanno davvero messo l'amore in questo gioco. Presenta una buona trama, nuovi nemici, aggiornamenti di quelli passati e un nuovo arsenale. Il 18 luglio 2048. Mariko, il computer madre sulla base lunare, emise un grido silenzioso e tacque. La pace è stata quindi ripristinata sulla Terra e le persone hanno cercato duramente di ricostruire il pianeta devastato. Tre anni dopo, una sonda spaziale posta tra Saturno e Urano ha rilevato per la prima volta il cambiamento nello spazio profondo.
In Magical Adventure - Fray CD - Xak Gaiden (Japan)	Questa versione di Fray in Magical Adventure differisce dall'originale MSX e dalle successive versioni per computer in diversi modi. Conserva i principali eventi della storia e le meccaniche di gioco; anche se ha una grafica più dettagliata, sembra ancora troppo simile alla versione originale per essere qualificato come un remake. La principale differenza è nella disposizione delle posizioni e dei nemici. Alcuni livelli sono completamente diversi, anche quando sono composti dagli stessi elementi. Ad esempio, il livello introduttivo della versione originale viene saltato; il livello successivo ha una disposizione diversa e nuovi nemici. Ci sono più scrigni del tesoro nei livelli di questa versione, più oggetti e più aree che richiedono il salto.
Inoue Mami - Kono Hoshi ni Tatta Hitori no Kimi (Japan)	Questo gioco di avventura presenta l'attrice giapponese Mami Inoue nel ruolo di protagonista femminile con lo stesso nome. Il protagonista è un liceale che vede per la prima volta una ragazza misteriosa in sogno, e in seguito è molto sorpreso di scoprire che questa ragazza è la sua nuova compagna di classe. Successivamente, i due si conoscono e intraprendono una serie di avventure che coinvolgono una macchina del tempo e un viaggio nel Giappone feudale. nnIl gioco ha una grafica da cartone animato, anche se non simile agli anime; le foto digitalizzate di Mami Inoue sono utilizzate ovunque. Dal punto di vista del gameplay, è una semplice avventura in stile giapponese, con comandi verbali (Guarda, Parla, Muoviti, ecc.) e oggetti selezionati da un menu per far avanzare la trama.
IQ Panic (Japan)	IQ Panic è un gioco a quiz con una storia di fondo. Un demone ha rapito una ragazza da un tranquillo villaggio e gli anziani mandano un ragazzo di nome Gengor? per riportarla indietro, sconfiggendo i servi del demone usando la sua intelligenza e conoscenza. Il gioco ha una struttura pseudo-RPG, con navigazione dall'alto verso il basso, overworld, città, dungeon, scrigni del tesoro, &quot;battaglie&quot; casuali e con i boss, ecc. Tuttavia, gli elementi RPG reali sono molto leggeri nel gioco: non è possibile salire di livello e la salute del protagonista aumenta automaticamente a seguito di un incontro con un boss dettato dalla trama.
It Came from the Desert (USA)	It Came from the Desert è un remake dell'omonimo gioco originale per Amiga del 1989, ma con una grande quantità di modifiche e miglioramenti. L'impostazione di base è stata mantenuta identica. È un mix di elementi di azione e avventura, in gran parte ispirato ai B-Movie cult-horror degli anni '50 e '60, e in particolare al film del 1954 Loro. Il giocatore interpreta la parte del dottor Greg Bradley, un geologo e l'ultimo residente in città. Desideroso di soddisfare la sua mente scientifica, Bradley si propone di esaminare il luogo dell'incidente di una misteriosa meteora, ma ciò che scopre non è affatto quello che stava cercando.
J. B. Harold Murder Club (USA) (En,Ja)	Dal punto di vista del gameplay, Murder Club è un &quot;fumetto digitale&quot;. Il giocatore controlla il detective privato J.B. Harold, che deve indagare sull'omicidio di un ricco uomo d'affari di nome Bill Robbins e consegnare l'assassino alla giustizia. Il giocatore deve: trovare indizi, raccogliere prove, interrogare i sospetti, stabilire un movente per il crimine e, infine, assicurarsi che il caso regga in tribunale. Il cuore del sistema di gioco è una mappa con tutte le possibili destinazioni, a cui se ne aggiungono di nuove man mano che l'indagine procede. In ognuno di questi luoghi ci sono di solito una o più persone, che potete interrogare a vostro piacimento tramite menu di testo sobri ed efficienti. Se alcune dichiarazioni sembrano sospette, siete liberi di chiedere al vostro superiore un mandato per perquisire i locali e raccogliere eventuali prove.
J. B. Harold Series 1 - Murder Club (Japan)	Dal punto di vista del gameplay, Murder Club è un &quot;fumetto digitale&quot;. Il giocatore controlla il detective privato J.B. Harold, che deve indagare sull'omicidio di un ricco uomo d'affari di nome Bill Robbins e consegnare l'assassino alla giustizia. Il giocatore deve: trovare indizi, raccogliere prove, interrogare i sospetti, stabilire un movente per il crimine e, infine, assicurarsi che il caso regga in tribunale. Il cuore del sistema di gioco è una mappa con tutte le possibili destinazioni, a cui se ne aggiungono di nuove man mano che l'indagine procede. In ognuno di questi luoghi ci sono di solito una o più persone, che potete interrogare a vostro piacimento tramite menu di testo sobri ed efficienti. Se alcune dichiarazioni sembrano sospette, siete liberi di chiedere al vostro superiore un mandato per perquisire i locali e raccogliere eventuali prove.
J.League Tremendous Soccer '94 (Japan)	Tremendous Soccer '94 è un gioco di calcio con giocatori e squadre autorizzati della lega di calcio giapponese (J.League). Ci sono cinque modalità nel gioco: Pre-Season (una singola partita tra due squadre del campionato), Championship (una modalità stagionale), Cup (la coppa di calcio giapponese con turni di eliminazione), All-Star (le squadre Ovest e Est competono in una partita) e PK Battle (calci di rigore tra le squadre). Il giocatore può regolare la forza dell'IA del computer e la durata di una partita, così come sostituire i giocatori e cambiare le formazioni tattiche. Il gameplay è simile ad altri giochi di calcio dall'alto verso il basso dell'epoca, con controlli semplici e mosse automatiche eseguite dai giocatori a seconda della situazione.
Jack Nicklaus Turbo Golf (USA)	Si tratta di un simulatore di golf 3D con un percorso a 18 buche creato dallo stesso Jack Nicklaus. Ognuna delle 18 buche del golf è famosa in tutto il mondo e include la n. 8 Pebble Beach, la n. 18 di Muirfield, la n. 12 di St. Andrews, la n. 12 di Augusta, la n. 10 di Riviera e molto altro. Il gioco è da uno a quattro giocatori e può essere un gioco a colpi o un gioco di abilità.
Jack Nicklaus' World Tour Golf - 162 Holes (Japan)	Si tratta di un simulatore di golf 3D con un percorso a 18 buche creato dallo stesso Jack Nicklaus. Ognuna delle 18 buche del golf è famosa in tutto il mondo e include la n. 8 Pebble Beach, la n. 18 di Muirfield, la n. 12 di St. Andrews, la n. 12 di Augusta, la n. 10 di Riviera e molto altro. Il gioco è da uno a quattro giocatori e può essere un gioco a colpi o un gioco di abilità.
Jantei Monogatari (Japan)	Una figlia del preside di una scuola superiore locale, Yō Honjō, è stata rapita da uno sconosciuto. Impossibilitata a rivolgersi alla polizia, la sorella della ragazza, Mai, assume un investigatore privato per scoprire cosa le è successo. L'unico elemento di prova è una fotografia della notte della scomparsa di Yō, dove la ragazza scomparsa e altri tre studenti della stessa scuola stanno giocando a mahjong. nnJantei Monogatari è un ibrido tra un gioco di avventura giapponese in stile tradizionale e un normale gioco di mahjong. Il giocatore assume il ruolo dell'investigatore privato senza nome e si sposta da un luogo all'altro tramite i menu, parlando con personaggi diversi.
Jantei Monogatari 2 - Uchuu Tantei Diban - Kanketsu-hen (Japan)	Un sequel diretto di Jantei Monogatari 2: Uchuu Tantei Divan - Shutsudou-hen, il gioco continua la trama generale, seguendo gli eventi del gioco precedente. La malvagia aliena Dora e le sue sexy tirapiedi demoniache stanno scendendo sulla Terra, inviando i loro subordinati per fermare Divan e Marie. Divan deve usare le sue abilità di trasformazione robotica per sconfiggerli, cosa che può essere fatta solo giocando a mahjong. nnIl gameplay del mahjong in questa puntata della serie è identico a quello del suo predecessore, inclusa la distribuzione dei punti e l'esecuzione di potenti mosse di trasformazione per avere il sopravvento nel round. A differenza dei precedenti giochi della serie, questo capitolo evita il gameplay rudimentale dell'avventura, con lunghi filmati non interattivi tra le partite di mahjong. Un altro cambiamento è l'aggiunta di una nuova modalità che consente al giocatore di competere contro gli avversari della modalità storia in qualsiasi momento, senza passare attraverso la storia.
Jantei Monogatari 2 - Uchuu Tantei Diban - Shutsudou-hen (Japan)	Uchuu Tantei Diban è il seguito di Jantei Monogatari, anche se difficilmente può essere considerato un vero sequel a causa della sua ambientazione e dei temi completamente nuovi. Ambientato in un ambiente fantascientifico, il gioco vede il giocatore nel ruolo di Divan, un giovane che possiede la capacità di trasformarsi in un potente essere soprannaturale, ed è incaricato dalle autorità militari di proteggere la Terra da un attacco demoniaco alieno. Questo può essere fatto solo sconfiggendo i malvagi servitori nei giochi di mahjong.
Jantei Monogatari 3 - Saver Angels (Japan)	Gli eventi di Saver Angels si svolgono dopo quelli descritti nella puntata precedente della serie, quando la pace sulla Terra è già stata ripristinata grazie agli sforzi di Divan e Marie. Tre spiriti cosmici si sono smarriti nello spazio e devono discendere sulla Terra, assumendo forma corporea. Entrano nei corpi di tre giovani donne morte di recente: una in un incidente stradale, un'altra per malattia e la terza - una bambina di dieci anni - dopo essersi suicidata. Tutti e tre erano accaniti giocatori di mahjong e tutti e tre sono ora rianimati e dotati di misteriosi poteri di mahjong. Si apre una speciale Accademia Mahjong e i Saver Angels (come inizia a chiamarsi il gruppo) sono pronti a sconfiggere qualsiasi alieno e demone in quell'antico gioco cinese.
Jim Power in Mutant Planet (Japan)	Jim Power era un eroe che un giorno, mentre viaggiava attraverso la foresta, incontrò una spaccatura dimensionale in uno strano nuovo mondo. Fortunatamente Jim viaggia sempre armato e ora dovrà farsi strada attraverso diversi mostri in una roccaforte di mostri per ritrovare la strada di casa. nnJim Power è un gioco platform a scorrimento laterale, uno sparatutto a scorrimento laterale e uno sparatutto con vista dall'alto a seconda del livello. Jim Power per la maggior parte può saltare e ha un'arma potenziabile. Deve trovare nemici da combattere, boss e ottenere varie chiavi per avanzare nei livelli. Jim ha anche un attacco potente &quot;Smart Bomb&quot; che può ripulire lo schermo dai nemici. Nei livelli sparatutto, l'astronave di Jim ha solo la capacità di sparare e muoversi sullo schermo evitando gli ostacoli.
John Madden Duo CD Football (USA) (RE)	Il primo e unico gioco di Madden ad apparire su TurboGrafx, presenta le modalità di gioco standard come esibizione e stagione e presenta video in full-motion di giocate, fan e molti altri eventi importanti che accadono dentro e fuori dal campo. Presenta anche le voci digitalizzate di quarterback, arbitri e tifosi, ma la più importante è l'omonimo dei giochi, John Madden, che presta il suo talento vocale al gioco.
Juuouki (Japan) (Rev 4)	Zeus ti ha invocato!nnSolo un guerriero coraggioso e senza paura può salvare la sua amata figlia, Atena, dalle scaltre grinfie di Neff, il malvagio Signore degli Inferi. Risorto dalla tomba, ti vengono donati poteri soprannaturali. Raccogli le mistiche sfere dello spirito e trasformati in un'incredibile serie di creature: nei panni di Strongman, prendi a pugni e calci più forte che mai, nei panni di Lupo Mannaro e Tigre, strappa la carne dei demoni dell'inferno e, nei panni di Orso, sconfiggi i tuoi nemici con il soffio pietrificante! Nei panni del dragone, fulmina i tuoi avversari! Senti le grida lontane della bella Atena e mentre i terrori degli Inferi stringono la loro presa, la bestia dentro di te si alza per affrontare la battaglia finale!nnQuesto gioco è la versione PC Engine del celeberrimo Altered Beast di Sega ( il cui titolo originale &quot;Juu ou ki&quot; significa &quot;cronache del signore delle bestie&quot;); è stato rilasciato solo per nella versione giapponese di NEC PC Engine.
Kabuki Ittouryoudan (Japan) (FAAT)	L'ultimo gioco timbrato &quot;Tengai Makyo&quot; su PC-Engine risulta essere un gioco di combattimento. Tengai Makyo Kabuki Itouryodan è come un ennesimo clone di Street Fighter, la chiave rossa e altro ancora. Puoi scegliere tra otto personaggi, tutti della Tengai Makyo Saga (il più delle volte Kabuki Den): Kabuki Danjuro, Okuni, Push, Zeami, Kikugoro, X-Manto, Mikoshi e Jingoro.
Kagami no Kuni no Legend (Japan)	La protagonista del gioco stava guardando in TV un'esibizione della cantante giapponese Noriko Sakai (NORI-P). Ora deve trovare NORI-P e sconfiggere un mago malvagio nel processo. nnKagami no Kuni no Legend è un gioco di avventura in prima persona in stile giapponese. Il giocatore interagisce con il mondo di gioco selezionando i comandi dei verbi da un menu e combinandoli con oggetti o personaggi.
Kaizou Choujin Shubibinman 3 - Ikai no Princess (Japan)	Terzo gioco della serie di platform d'azione Shubibinman. I cyborg Tasuke e Kyapiko si sono presi una vacanza da tutte le loro aggressioni ai robot quando ricevono una richiesta di aiuto dalla principessa di un mondo alieno, naturalmente i nostri eroi accettano e intraprendono il viaggio nello spazio, dove attendono altre avventure contro i robot. Il gioco si svolge come un'azione a scorrimento laterale standard in cui devi eliminare ogni livello da tutti i nemici usando i tuoi attacchi e farti strada verso il boss di fine livello, calciare il suo dietro metallico e avanzare al livello successivo. Hai a tua disposizione una lama di energia e una piccola collezione di attacchi a distanza per affrontare i tuoi nemici, e tra alcune fasi puoi giocare a sequenze di sparatutto per ravvivare le cose.
Kakutou Haou Densetsu - Algunos (Japan)	Kakutou Haou Densetsu Algunos è un gioco di combattimento. Non ha una storia sviluppata; piuttosto, racconta le storie di sfondo dei dieci combattenti che il giocatore può controllare nel gioco: Jenius, Asasin, Arcer, Samohan, Greeze, Orga, Lobo, Blocken, Jyobei ​​e Daibuster. L'unica volta che viene raccontata la storia di fondo è quando il giocatore seleziona un combattente nella modalità storia. Di solito, i cinque combattenti &quot;buoni&quot; devono affrontare i cinque &quot;cattivi&quot; uno dopo l'altro (ciascuno in ordine diverso) se selezionati nella modalità storia. Anche se l'introduzione del gioco afferma che si tratta meno di chi è buono e chi è cattivo, e più di chi è il combattente migliore...
Kawa no Nushitsuri - Shizen-ha (Japan)	Questo episodio della serie (River King) combina la simulazione di pesca e il tradizionale gioco di ruolo giapponese.
Kaze Kiri - Ninja Action (Japan)	La principessa Shizuhime è stata rapita da un gruppo di ninja al comando di Genbu e portata al castello del malvagio Lord Hiei. Il giovane e coraggioso ninja Kaze viene convocato da Lord Yoshikage e inviato in una missione pericolosa: infiltrarsi nel castello di Hiei, sconfiggere i suoi servi e salvare Shizuhime.
Kaze no Densetsu Xanadu (Japan) (Demo)	In Legend of Xanadu, il giocatore controlla un giovane avventuriero di nome Areios. I mostri attaccano la sua terra natale e lui è costretto a fuggire. Dopo aver viaggiato in nave ed essere arrivato alla città di Bolda, Areios scopre che sono accadute cose strane nella Grotta Nord vicino alla città. La sua prima missione sarà quella di avventurarsi nella Grotta del Nord e indagare sulla questione. Naturalmente, presto Areios si ritrova coinvolto in una battaglia contro forze sinistre e inizia l'avventura più lunga e pericolosa della sua vita!
Kiaidan 00 (Japan)	Nel 21° secolo, Tokyo è stata improvvisamente attaccata da forze combinate di razze aliene robotiche e organiche. Uno speciale velivolo da combattimento meccanico gigante è stato costruito per scongiurare la minaccia. Un giovane pilota viene inviato nella missione più pericolosa della sua vita. nnKiaidan 00 è uno sparatutto fantascientifico a scorrimento orizzontale. Il gameplay di base è simile ad altri giochi di questo genere; tuttavia, il sistema d'arma differisce dal tradizionale stile di potenziamento e aggiornamento. Il personaggio del giocatore ha tutte le armi a sua disposizione sin dall'inizio.
Kick Boxing, The (Japan)	Approvato da André Panza, questo adattamento videoludico della kick boxing thailandese presenta oltre 35 mosse. Usa la palestra di allenamento per sviluppare le abilità del tuo personaggio finché non ti senti pronto ad affrontare un avversario. Hai anche la possibilità di personalizzare i tuoi attacchi. Quando sei pronto, vai sul ring per affrontare vari avversari mentre cerchi di diventare il miglior kick boxer del gioco.
Kisou Louga (Japan) (FABT)	Kisou Louga è un interessante mix di gioco di guerra fantasy e gioco di ruolo. Il gioco offre fantastiche animazioni a schermo intero. Il gioco inizia quando i due personaggi principali (Buaisu e Gaimu?) salvano una bellissima ragazza (Erena) inseguita da cavalieri oscuri e malvagi. Si unisce a loro e racconta la storia di un uomo malvagio e del suo esercito di cavalieri. Come qualsiasi gioco di strategia tradizionale, i combattimenti sono a base rotonda e iniziano sempre con una vista scorrevole dall'alto del campo di battaglia. Durante ogni round, puoi muovere i tuoi personaggi o ingaggiare un combattimento ravvicinato se sei abbastanza vicino al tuo nemico. La vista quindi ingrandisce e mostra i tuoi avversari e te stesso e racchiude tutti i personaggi vicino a quest'area. Il gioco è davvero vario e la lingua giapponese è solo un limite se vuoi saperne di più sulla trama.
Kisou Louga II - The Ends of Shangrila (Japan)	The Ends of Shangrila è un sequel diretto di Kis? Louga. Vaice è in viaggio verso il suo paese natale Distoria quando assiste a un gruppo di banditi che profanano un tempio. Poco dopo incontra una giovane donna di nome Tifire, che si descrive come una collega Guardiana. Vaice ei suoi amici attirano presto le ire di un potente impero e devono combattere per le loro vite e il destino di ciò che hanno a cuore.
KO Seiki Beast Sanjuushi - Gaia Fukkatsu - Kanketsu-hen (Japan)	Questa versione traccia una linea sottile tra una versione aggiornata e un remake completo di KO Seiki Beast Sanjōshi: Gaia no Fukkatsu. Il gioco segue per la maggior parte la stessa storia e contiene le scene tagliate della versione originale. Come la maggior parte dei giochi CD per PC Engine (TurboGrafx), è dotato di doppiaggio durante le scene tagliate e le tracce audio del CD. nnSono state aggiunte diverse scene tagliate e alcuni dialoghi sono stati ampliati. Sebbene la progressione della storia e le aree che i personaggi devono attraversare per farla avanzare rimangano intatte per la maggior parte del tempo, il sistema di gioco ha ricevuto una revisione, essendo essenzialmente sviluppato da zero.
Kuusou Kagaku Sekai Gulliver Boy (Japan)	Il gioco è basato sull'anime Gulliver Boy, creato da Teruhisa Hiroi. Gulliver è un ragazzo che studia magia in una scuola in una piccola città in Italia, ma è annoiato dagli studi e brama l'avventura. Dopo aver ottenuto il diploma di magico, va a Venezia per incontrare i suoi migliori amici: la ragazza Misty, che ha poteri curativi, e il geniale inventore Edison. Insieme, devono fermare il complotto della corona spagnola per dominare il mondo.
L-Dis (Japan)	Un giorno, durante una pausa scolastica, un ragazzo e una ragazza si incontrarono in cortile e iniziarono a disegnare mostri e congegni meccanici sul muro. All'improvviso apparve un misterioso vascello che ingoiò la ragazza. Tutte le creature attirate dai bambini si sono animate, ma anche un piccolo aereo da caccia, sul quale il ragazzo si imbarca subito e sale verso il cielo, alla ricerca della ragazza. nnL-DIS è uno sparatutto a scorrimento orizzontale con immagini da cartone animato e sfumature umoristiche. Il giocatore può scegliere tra tre diverse configurazioni di armi all'inizio. I potenziamenti si ottengono sparando a piccole creature gialle alate incontrate nelle fasi.
Lady Phantom (Japan) (FABT)	In una galassia chiamata Urora, due sistemi stellari erano impegnati in una lunga guerra per il dominio: la federazione di Soron e l'Impero Vado. Tra loro fu firmato un trattato di pace; ma i governi delle due parti sapevano che prima o poi ci sarebbe stata di nuovo la guerra. Gli scienziati di Soron hanno sviluppato una tecnica molto avanzata, infondendo all'organismo umano i poteri degli spiriti. Cinque giovani donne, sotto il comando di Jennifer Sylkis, sono state imbevute di questo potenziamento, che ha permesso loro di pilotare giganteschi robot da combattimento. Presto inizierà la lotta per la supremazia galattica...
Langrisser - Hikari no Matsuei (Japan)	Warsong è l'unico titolo di una serie di giochi di strategia, conosciuta come Langrisser in Giappone, ad aver mai visto un'uscita ufficiale al di fuori del Giappone. È ambientato in una tipica ambientazione fantasy medievale e presenta il tradizionale combattimento a turni. Il giocatore controlla diversi generali che possono comandare fino a otto diverse unità che vanno da soldati ordinari e arcieri a creature più esotiche come tritoni o lucertole. I generali combattono al fianco delle loro unità, tuttavia sono molto più potenti e sono in grado di usare comandi più diversi di semplicemente muovendoti e attaccando, come recuperare una piccola quantità di HP o lanciare incantesimi. Ogni unità ha determinati punti di forza e di debolezza; per esempio i soldati sono buoni contro gli arcieri ma deboli contro la cavalleria, ecc. Il combattimento è anche fortemente influenzato dai tipi di terreno. Quando due unità si impegnano in combattimento, viene mostrata una piccola animazione, simile a quelle viste in Advance Wars o Fire Emblem.
Laplace no Ma (Japan)	La città Newcam, Massachusetts, 1924. Alla periferia della città si trova il palazzo Weathertop. Era solo un posto normale fino a quando l'ultimo proprietario, Benedict Weathertop, iniziò a praticare la magia nera. Ha ucciso i suoi genitori e popolato la villa con tutti i tipi di non morti. Da allora, nessuno ha osato avvicinarsi al palazzo. Ma poco fa, due ragazzi sono stati trovati morti vicino a questo posto orribile. A quanto pare, i ragazzi avevano cercato di entrare nella villa. Un'altra prova ha sottolineato che una ragazza li ha seguiti, ma il suo corpo non è stato ancora trovato e c'è una leggera speranza che possa essere viva. È qui che tu, l'eroe del gioco, decidi di indagare sul mistero e di avventurarti nella villa...
Laser Soft Visual Collection Vol. 1 - Cosmic Fantasy Visual-shuu (Japan)	Una raccolta delle scene visive di Valis II, III e IV per coloro che trovano il gioco troppo interattivo.
Laser Soft Visual Collection Vol. 2 - Valis Visual-shuu (Japan)	Una raccolta delle scene visive di Valis II, III e IV per coloro che trovano il gioco troppo interattivo.
Last Alert (USA)	La storia del gioco, come Strike Commando e gli innumerevoli film d'azione Z che lo hanno ispirato, è un pastiche di ogni cliché cinematografico degli anni '70 e '80. Guy Kazama è il miglior commando del paese. Deve imbarcarsi in una missione per distruggere Project Force, una coalizione di quattro cattivi di film d'azione diretti al video decisi alla conquista del mondo. Abbiamo il colonnello Kadat, il signor Lee della mafia di Hong Kong, il presidente Steve e infine il fisico russo Garcia. Il dottor Garcia si distingue di più perché inspiegabilmente ha orecchie a punta e lunghi capelli argentati come un elfo de Il Signore degli Anelli, mentre ha anche un braccio cibernetico uscito da Terminator.
Last Armageddon (Japan) (Rev 5)	La Terra è cambiata. Non sappiamo ancora cosa sia successo all'umanità, ma sappiamo che è stato sradicato. La nuova Terra si chiama Makai, il Mondo dei Demoni. Generazioni di creature mitologiche abitano il pianeta, dal quale l'essere umano è misteriosamente scomparso. Un giorno, un'ondata di energia colpisce la Terra. I leader dei demoni si rendono conto che una razza aliena robotica proveniente dallo spazio minaccia la loro esistenza. L'esplosione trasforma la terra in una terra desolata. Molti demoni muoiono nel caos della distruzione. Ora spetta ai demoni rimasti respingere gli invasori alieni, riportare la pace nella razza demoniaca e forse scoprire di più sul tragico destino dell'umanità.
Legend of Xanadu - Kaze no Densetsu Xanadu (Japan)	In Legend of Xanadu, il giocatore controlla un giovane avventuriero di nome Areios. I mostri attaccano la sua terra natale e lui è costretto a fuggire. Dopo aver viaggiato in nave ed essere arrivato alla città di Bolda, Areios scopre che sono accadute cose strane nella Grotta Nord vicino alla città. La sua prima missione sarà quella di avventurarsi nella Grotta del Nord e indagare sulla questione. Naturalmente, presto Areios si ritrova coinvolto in una battaglia contro forze sinistre e inizia l'avventura più lunga e pericolosa della sua vita!
Legend of Xanadu - Kaze no Densetsu Xanadu II (Japan)	Legend of Xanadu II continua la storia del primo gioco. Ancora una volta, il giocatore controlla l'avventuriero Areios, uscito vittorioso dopo la battaglia finale alla fine del primo gioco. Insieme al suo amico Daimos, Areios sta cercando l'altro loro amico, che è scomparso. Lungo la strada, la loro nave viene attaccata dai malvagi Dragon Riders. Sembra che la ricerca non sarà così facile come pensavano, poiché Areios viene nuovamente coinvolto in un'avventura pericolosa.
Legion (Japan) (Rev 4)	Legion è uno sparatutto a scorrimento orizzontale. Il giocatore controlla un pilota di caccia che difende un impero futuristico senza nome da un assalto di creature meccaniche. Nonostante l'uscita del gioco esclusivamente giapponese, il protagonista offre monologhi doppiati in inglese, riflettendo sulla sua missione, all'inizio di ogni fase.
Lemmings (Japan)	Il tuo compito è salvare i Lemming attraverso 120 livelli di enigmi frenetici. Queste creature camminano semplicemente alla cieca attraverso il mondo nella speranza di raggiungere la salvezza alla fine del livello - sfortunatamente questi livelli includono dislivelli, fessure nel terreno, barriere e fiumi tra gli altri pericoli.
Linda^3 (Japan) (Rev 1)	Un asteroide si sta avvicinando al pianeta Neo Kenya. Gli scienziati avvertono che il pianeta potrebbe essere completamente annientato da esso. In una svolta degli eventi più inaspettata, una divinità nota come Anubis parlò alle persone e chiese loro di salvare gli animali del pianeta prima che gli asteroidi lo colpissero. Anubis inviò agli umani un'enorme nave - una versione ingrandita dell'Arca di Noè - e chiese che un uomo e una donna dedicassero il loro tempo a salvare gli animali. Al progetto è stato assegnato un intero team speciale. Ken è uno dei membri più giovani della squadra e viene mandato in missione per salvare gli animali, insieme alla sua amata d'infanzia, l'adorabile Linda.
Loom (USA)	Loom è stato il quarto gioco a utilizzare il linguaggio di scripting SCUMM. Il gioco segue Bobbin Threadbare mentre impara a usare i suoi poteri magici attraverso la sua conocchia e mentre alla fine salva il mondo dal Signore del Caos, che stava svelando il telaio (la fonte del potere per i membri della gilda dei tessitori). nnLoom è un gioco di avventura che si distingue dagli altri titoli del genere per il suo sistema di gioco unico: il personaggio del giocatore non porta oggetti in giro, ma manipola gli oggetti attraverso l'uso di incantesimi (chiamati &quot;bozze&quot; nel gioco). Le stesse bozze sono tessute suonando note magiche su uno strumento speciale chiamato &quot;conocchia&quot;. Tutti gli enigmi del gioco vengono risolti imparando e applicando correttamente queste bozze.
Lord of Wars (Japan)	Lord of Wars è un gioco di strategia di carri armati a turni. Il giocatore può scegliere tra uno scenario e una modalità di allenamento. È possibile selezionare comandanti e tipi di unità; nella modalità allenamento il giocatore può anche scegliere tra tre diversi tipi di mappa, mentre nella modalità scenario l'esercito controllato dal giocatore avanza su una determinata mappa in modo semilineare, ogni luogo rappresentato da una bandiera, con l'obiettivo di conquistare l'intera la zona. Tutte le unità nel gioco sono carri armati di vario tipo. Il giocatore può personalizzarli e assegnare tattiche generali riguardanti il loro avanzamento e il comportamento in battaglia. Quando un carro armato controllato dal giocatore e un carro armato nemico si incontrano su caselle adiacenti sul campo di battaglia, ne consegue una battaglia automatica, i cui risultati vengono calcolati in base alle statistiche del carro armato.
Lords of the Rising Sun (USA)	Giappone, XII secolo. Dopo che tuo padre è stato assassinato, hai deciso di diventare Shogun per ripristinare l'onore della tua famiglia. nnDovrai sconfiggere tutti i tuoi nemici, incluso tuo fratello. nnLa maggior parte delle volte, sposterai le tue truppe attraverso la grande mappa del Giappone: non appena succede qualcosa, dovrai combattere i tuoi nemici in sequenze d'azione, come un attacco alla fortezza simile a Gauntlet o difenderti da un assassino Ninja . Se due truppe si scontrano, potrebbe nascere una battaglia in cui dovrai usare tutto il tuo ingegno strategico per guidare i tuoi uomini alla vittoria. nnNella versione CD-i le sequenze informative includono FMV di attori reali e doppiaggio, oltre a nuove immagini di sfondo.
Lords of Thunder (USA)	Nella terra un tempo pacifica di Maestrale, la leggenda narra di un coraggioso cavaliere di nome Drak che ha sigillato un dio malvagio di nome Deoric sotto i sei continenti della terra. Tuttavia, la pace non dura mai. L'Impero Garuda ha invaso le terre di Maestrale e i sei Generali Oscuri, guidati da Sornbul, hanno conquistato i continenti. L'ambizione di Sornbul non è altro che quella di resuscitare Deoric e far precipitare la terra nel caos. nnDuran, discendente di Drak, è l'unico che può fermare il folle piano dell'Impero Garuda e, con il potere delle armature mistiche di Drak, si dirige a fermare Sornbul ad ogni costo.
Mad Stalker - Full Metal Force (Japan)	Mad Stalker: Full Metal Force è un videogioco picchiaduro giapponese originariamente prodotto da Fill-in-Cafe e pubblicato e distribuito da FamilySoft per Sharp X68000. La musica è stata composta da Keishi Yonao.
Madou Monogatari I - Honoo no Sotsuenji (Japan)	In questo gioco interpreti una giovane apprendista maga di nome Arle. Studia in una scuola di magia e sta per sostenere il suo esame più importante: vai alla Torre di Satana, sconfiggi i nemici e supera tutti gli ostacoli sulla strada usando il suo potere magico! Madou Monogatari I è un gioco di ruolo. Con i personaggi dei giochi Puyo Puyo, è ambientato in un dungeon 3D che esplori dalla prospettiva in prima persona. Il combattimento si svolge su uno schermo a scorrimento laterale ed è un misto di stili a turni e in tempo reale. I nemici ti attaccano anche se aspetti, ma hai tempo per eseguire le tue mosse. Dovresti tenere premuti i pulsanti e premere le frecce di direzione per eseguire vari incantesimi.
Magical Dinosaur Tour (USA)	Il Magical Dinosaur Tour è un vasto database di dinosauri. È possibile accedere a diverse modalità dal menu principale, la maggior parte delle quali porta a presentazioni visive e descrizioni di vari dinosauri. È possibile accedere ai dati dei singoli dinosauri visualizzando periodi geologici e aree geografiche (ad es. Cina del periodo Cretaceo) e selezionando i dinosauri che appaiono sullo schermo; sfogliare un elenco di dinosauri in ordine alfabetico; visualizzazione di un albero genealogico; e infine vedere i dinosauri per phylum e famiglia.
Magical Saurus Tour (Japan)	Il Magical Dinosaur Tour è un vasto database di dinosauri. È possibile accedere a diverse modalità dal menu principale, la maggior parte delle quali porta a presentazioni visive e descrizioni di vari dinosauri. È possibile accedere ai dati dei singoli dinosauri visualizzando periodi geologici e aree geografiche (ad es. Cina del periodo Cretaceo) e selezionando i dinosauri che appaiono sullo schermo; sfogliare un elenco di dinosauri in ordine alfabetico; visualizzazione di un albero genealogico; e infine vedere i dinosauri per phylum e famiglia.
Magicoal (Japan)	Il ragazzo Rhun e la ragazza Melvy vivono in un tranquillo villaggio nella foresta, entrambi studiano l'arte della magia. Godono di una vita tranquilla, imparando i segreti degli spiriti e delle creature magiche che popolano la zona. Ma in una fatidica notte, tutto cambia. Un'orda di goblin invade il villaggio, bruciandolo. E sembra che la chiesa locale sia in coorte con un potente demone deciso alla distruzione! Prima che gli eroi possano rendersi conto di cosa sta succedendo, sono costretti a fuggire nella foresta, con solo i loro poteri magici al loro fianco...
Mahjong Clinic Special (Japan)	Mahjong Clinic Special è il seguito di Mahjong Clinic: Z?kang? e ha un tema e un sistema di gioco simili. Il giocatore controlla un preside di una scuola che porta le studentesse in ospedale per fare alcuni test. Il giocatore può quindi selezionare varie stanze d'ospedale su una mappa; viaggiare in questi luoghi innesca brevi conversazioni, che portano invariabilmente a giochi di mahjong contro infermiere, studentesse, pazienti, ecc. È disponibile una modalità di gioco separata, che consente al giocatore di competere direttamente nel mahjong contro gli avversari dalla modalità storia.
Mahjong Lemon Angel (Japan)	Mahjong Lemon Angel è un gioco di mahjong mascherato da una storia d'amore al liceo. Il giocatore interpreta il ruolo di uno studente in scambio di sesso maschile determinato a trovare una ragazza, mettendo fine ai suoi sentimenti di solitudine nella nuova città. I tre interessi amorosi nel gioco sono Tomo, Erika e Miki, personaggi della serie TV Lemon Angel, che sono basati su persone reali. Il giocatore può scegliere di giocare attraverso la modalità storia (ogni ragazza ha una storia separata) o competere contro una qualsiasi delle tre ragazze in mahjong direttamente dal menu principale.
Mahjong on the Beach (Japan)	In Mahjong on the Beach il giocatore controlla un giovane in una grande città costiera, che incontra varie giovani donne poco vestite e gioca a mahjong con loro. Il personaggio del giocatore può essere navigato su una mappa dall'alto verso il basso, accedendo a luoghi che portano a incontri semi-casuali con ragazze e successivi giochi di mahjong. Vincere questi giochi sblocca nuove posizioni e consente l'acquisto di oggetti che possono essere utilizzati durante gli incontri a vantaggio del giocatore. Nella modalità contro il giocatore può competere direttamente contro una qualsiasi delle ragazze; tuttavia, questa modalità contiene solo partite di mahjong stesse, senza alcuna indicazione grafica su quale avversario sta affrontando il personaggio del giocatore.
Mahjong Sword - Princess Quest Gaiden (Japan)	Princess Quest: Mahjong Sword è un gioco di mahjong a tema medievale. Nel continente di Audores, principesse di diversi Paesi e altre nobildonne si sfidano in una partita di mahjong, cercando di catturare la spada sacra del titolo. Il giocatore assume il controllo della giovane guerriera Rutia, che deve sconfiggere cinque avversari. Le partite di mahjong seguono il classico schema uno contro uno, ma i risultati sono presentati come battaglie, con attacchi animati e punti ferita esauriti. Il denaro guadagnato durante le partite di mahjong viene speso nei negozi per acquistare oggetti che possono essere utilizzati prima di una partita di mahjong per ottenere vari bonus. Gli avversari si spogliano anche quando perdono una partita di mahjong.
Mahjong Vanilla Syndrome (Japan)	In Mahjong Vanilla Syndrome, il giocatore assume il ruolo di un giovane che trova una casetta dall'aspetto misterioso e attraversa un portale dimensionale! Lì viene accolto da una graziosa coniglietta di nome Vanilla, che gli dice di essere la guardiana del portale e che, se vuole tornare a casa, dovrà sconfiggere lei e gli altri guardiani in una partita a mahjong! Il gioco ha due modalità: la modalità storia, che mette il giocatore contro Vanilla e fa progredire la storia attraverso le partite di mahjong, e la modalità battaglia, che permette al giocatore di scegliere tra tre graziose avversarie e di cambiare alcune regole del gioco.
Makai Eiyuuden - Shape Shifter (Japan)	Gli Oscuri hanno catturato l'Anello dei Cinque e imprigionato i maghi che lo custodiscono. Un barbaro di nome Lykos ha il potere di trasformarsi in diverse creature. Ha bisogno di salvare i maghi e l'Anello dei Cinque dagli Oscuri prima che invadano la sua casa, Krellion.
Mamono Hunter Youko - Makai kara no Tenkousei (Japan)	Makai kara no Tenk?sei è basato sulla serie anime Devil Hunter Yohko. L'anime è incentrato su Yohko Mano, una studentessa giapponese delle superiori che scopre di essere la 108a cacciatrice di diavoli, destinata a combattere gli esseri malvagi soprannaturali secondo la sua eredità. Il gioco mette il giocatore nel ruolo di Shoma, una nuova studentessa di scambio che incontra Yohko e la sua migliore amica Chikako nella sua nuova scuola. Miracolosamente, i tre vengono teletrasportati in una dimensione parallela e l'eroe riluttante scopre, con suo stupore, che i suoi abitanti sembrano conoscerlo bene.
Mamono Hunter Youko - Tooki Yobigoe (Japan)	Tooki Yobigoe è un sequel diretto di Mamono Hunter Yōko: Makai kara no Tenkōsei, che continua da dove la storia del gioco precedente si era interrotta. Yohko, Shoma e Setsuna vengono attaccati dai demoni sulla nave volante e devono usare i loro poteri recentemente trovati per respingerli. A differenza del gioco precedente, in cui Shoma era il protagonista, Yohko è il personaggio del giocatore nel sequel.
Manhole, The (Japan)	Come Alice nel Paese delle Meraviglie, sei una bambina che si tuffa in un mondo magico pieno di luoghi fantastici e personaggi peculiari. Il mondo può essere navigato schermo per schermo, facendo clic con il mouse dove vuoi andare. È possibile fare clic su molti oggetti su ogni schermo per trovare animazioni e suoni nascosti. Esplora il mondo completamente aperto che puoi ascoltare e intrattenere conversazioni educative con Mr. Rabbit, Mr. Dragon e altri. The Manhole è rivolto ai bambini e si concentra sull'esplorazione e la sperimentazione. Non ci sono progressi da fare, nessun obiettivo da raggiungere e il giocatore non può fallire. Il mondo intero è accessibile fin dall'inizio.
Martial Champion (Japan)	Molto prima del nome di Street Fighter, Yie Ar! Il Kung-Fu è stato uno dei precursori del picchiaduro come lo conosciamo oggi. Il Campione Marziale era originariamente chiamato Yie Ar! Kung-Fu 3. Senza dubbio, vista la mediocrità del risultato, Konami ha deciso di rinominarlo per non alterarne il nome. Proveniente dalle sale fumose, il gioco è stato portato su Super CD-ROM². Martial Champion non si preoccupa davvero di un copione. I dieci combattenti del gioco prendono parte a un importante torneo internazionale di arti marziali, con l'unico obiettivo di detronizzare l'attuale campione, un certo Salamander. Quest'ultima è una forza della natura e sarà difficile da superare. O no…
Mashou Denki - La Valeur (Japan)	&quot;La Valeur&quot;, ecco un nome che ha classe... soprattutto per un gioco interamente realizzato da giapponesi! Questo è il bello di questi ragazzi: devi solo avere un nome francese per aumentare immediatamente la tua popolarità. La Valeur ha un grave svantaggio, commercialmente parlando: è opera di un'azienda del tutto sconosciuta. Si ammetterà senza troppe difficoltà, La Valeur è un gioco molto brutto. Non molto dettagliata o colorata, la grafica ricorda più Golden Axe Warrior su Master System che Emerald Dragon o Gulliver Boy. Anche gli sprite sono un po' scarsi, i set a volte molto vuoti, insomma niente da saltare sul soffitto, tutt'altro.
Master of Monsters (Japan)	Il maestro degli stregoni è morto, scatenando una lotta per il potere. Cinque stregoni combattono per dominare le terre che ha lasciato, evocando mostri incredibilmente potenti in una battaglia che passerà alla storia. In questo gioco di strategia a turni, gli stregoni devono muovere le loro mostruose truppe su una mappa divisa in esagoni. Ogni stregone può usare diversi incantesimi e creature, e ogni creatura ha le sue peculiarità. Le lucertole, ad esempio, si muovono meglio sull'acqua. È importante conquistare le torri sulla mappa per aumentare la quantità di mostri che puoi evocare.
Mateki Densetsu Astralius (Japan)	Era solo un normale concerto da crociera per i quattro musicisti. Il capo della banda, conosciuto solo come il Flauto (il giocatore nomina lui e gli altri eroi prima dell'inizio del gioco), non avrebbe mai pensato che sarebbe finita così... All'improvviso, un tornado ha inghiottito la nave e il povero musicista si è ritrovato nel magico mondo popolato da creature e mostri angelici! Naturalmente, questo mondo, chiamato Astralium dai suoi abitanti, ha bisogno di salvezza. Solo il Flauto Magico può prevenire una minaccia demoniaca. Apparentemente, il nostro eroe è l'unico pifferaio magico in tutte le dimensioni, poiché ora è suo compito assumere l'improbabile ruolo di un nobile paladino, trovare altri musicisti che lo aiutino nella sua ricerca e mostrare a tutti che la musica può, infatti, salva il mondo!
Megami Paradise (Japan)	In una terra magica dove vivono solo le donne, le ragazze studiano in una scuola di magia per diventare divinità potenti e benevole. Un giorno, quattro sfere magiche caddero nelle mani di uno studente di nome Rin-Rin. I goffi sono riusciti a perderli tutti, non capendo a cosa potesse portare: nessuno sa cosa accadrà se le sfere cadono nelle mani sbagliate - quelle delle dee oscure! Aiutato da una piccola fata di nome Pop, Rin-Rin deve raccogliere le dee leggendarie e trovare un modo per recuperare le sfere. Megami Tengoku è basato su un anime con lo stesso nome (tradotto come Megami Paradise).
Metal Angel (Japan)	Metal Angel è un gioco di simulazione manageriale ambientato nella società futuristica del 2014, dove le battaglie tra combattenti in tute meccanizzate sono diventate un importante evento sportivo. Il giocatore prende il controllo di un allenatore che deve formare cinque giovani donne di diversa estrazione, che aspirano tutte a diventare una combattente professionista. Le statistiche dell'allenatore vengono generate rispondendo a una serie di domande all'inizio del gioco. Ognuna delle ragazze ha anche le sue statistiche che devono essere attentamente monitorate.
Metal Angel 2 (Japan)	Il seguito di Metal Angel è, come il suo predecessore, una simulazione manageriale in cui il personaggio del giocatore addestra le ragazze a diventare campioni di un campionato di combattimento in cui i partecipanti indossano tute elettriche meccanizzate. Il giocatore controlla un manager piuttosto che un allenatore in questa puntata e di conseguenza deve tenere d'occhio le finanze. Inoltre, invece di addestrare tutte e cinque le ragazze del primo gioco, le risposte del giocatore alle domande poste dall'assistente all'inizio del gioco determinano la scelta dell'allievo tra gli stessi cinque personaggi.
Metamor Jupiter (Japan)	La trama di Metamor Jupiter è semplice: una mutazione biologica fa sì che una razza aliena si diffonda in tutta la galassia. Armati di tecnologia avanzata, gli alieni hanno inviato le loro macchine e robot per affrontare l'umanità in una battaglia cosmica. Per contrastare ciò, gli umani attingono dall'energia cristallina appena scoperta per schierare un'unità di potenti velivoli da combattimento, che possono cambiare le loro forme in un istante, adattandosi a ogni situazione.
Might and Magic (Japan)	Might and Magic Book I su TurboGrafx CD è un gioco di ruolo nel mondo medievale di Varn in cui uno dei 4 re che regnano sul paese è un impostore proveniente dallo spazio. Il tuo obiettivo è fermare l'invasione extraterrestre creando una squadra di 6 personaggi che guidi in prima persona. Puoi specificare la classe, il sesso e l'età dei tuoi personaggi, ma fai attenzione a quest'ultima scelta, possono infatti morire di vecchiaia...
Might and Magic III - Isles of Terra (USA)	Emergendo dalle profondità del vuoto nebuloso, vennero quattro signori. Ad ogni signore un dominio: fuoco, acqua, aria e terra. Ma ogni lord desiderava di più: essere l'ultimo sovrano del vuoto. I quattro signori degli elementi scesero in un orribile conflitto che scatenò una furiosa tempesta.
Minesweeper (Japan)	Minesweeper è un gioco di dragamine, proprio come quello incluso in ogni copia di Microsoft Windows fin dai tempi antichi. Su una griglia, il giocatore fa clic in una cella e spera che non sia occupata da una mina. In caso contrario, quella cella viene riempita con un numero, che indica quante mine ci sono nelle celle adiacenti. Usando il pensiero logico, osservando le relazioni tra diverse celle numeriche, il giocatore può concludere quali celle contengono una mina e contrassegnarle come tali. Una volta che tutte le celle sono state rivelate, il giocatore passa al campo minato successivo.
Mirai Shounen Conan (Japan)	Mirai Shonen Conan è basato sulla serie anime di Hayao Miyazaki Conan, ragazzo del futuro, a sua volta un adattamento del romanzo di Alexander Key L'incredibile ondata. Nel 2008, una guerra devastante tra due superpotenze ha portato alla quasi completa distruzione della Terra. I continenti sprofondarono negli oceani e ne rimasero solo poche isole. Conan è un ragazzo cresciuto su una di queste isole, discendente di uno dei sopravvissuti a uno schianto di un'astronave. Incontra una ragazza di nome Lana, che viene poi rapita dai soldati di Industria, un'isola sviluppata con un'amministrazione centralizzata. Conan si reca a Industria ed è determinato a salvare Lana, scoprendo una cospirazione molto più grande nel processo. Il gioco si svolge come un platform abbastanza tradizionale ambientato in ambienti per lo più labirintici collegati da zone di uscita. Conan può saltare, colpire e combattere i nemici con i pugni. Può anche usare un numero limitato di armi a distanza come le lance.
Mitsubachi Gakuen (Japan)	Mitsubachi Gakuen è un gioco di avventura in cui il giocatore assume il ruolo di un insegnante nell'Accademia Mitsubachi, incaricato di aiutare le sue studentesse a raggiungere la celebrità monitorando i loro studi e le loro attività. Il gioco è diviso in quattro stagioni, ciascuna con una sottotrama a sé stante (ad esempio prepararsi a una competizione con un'altra scuola e gestire giornalisti invadenti e possibili spie), e ciascuna ha a che fare con una squadra di cinque ragazze diverse. Il giocatore può controllare in qualsiasi momento il dossier di tutti i venti studenti e saperne di più su di loro. Il gioco presenta foto digitalizzate di persone reali invece della più comune grafica dei personaggi in stile anime.
Monster Lair (USA)	Sentendosi più simile al primo Wonder Boy che al secondo, Monster Lair è un frenetico gioco di piattaforme a scorrimento automatico. I livelli sono divisi in due fasi, la prima è una fase platform, la seconda una fase sparatutto che termina con un boss. Durante il gioco la tua energia conta alla rovescia, quindi devi continuare a raccogliere frutta per ricaricarti. Ci sono una varietà di armi da collezionare: laser, colpi sparsi, scudi rotanti e così via, ma anche questi hanno un timer e non durano a lungo, quindi il cambio di arma è frequente per evitare di rimanere con il tuo colpo di spada a corto raggio di base. Il gioco è uno o due giocatori simultanei.
Monster Maker - Yami no Ryuukishi (Japan)	Monster Maker - Yami No Ryuukishi è un gioco di ruolo. Il giocatore prende il controllo di una giovane ragazza di nome Raia, che scopre di appartenere alla razza dei mezzelfi. Incolpata per gli attacchi al suo villaggio, viene espulsa dalla sua terra natale e parte per un viaggio per scoprire la verità sulle sue origini. Il gioco segue il modello tradizionale del genere e presenta navigazione dall'alto, città e dungeon, gestione del gruppo, semplice aumento di livello, armi e armature equipaggiabili e nemici generati casualmente. prospettiva in prima persona. La magia può essere acquistata nei negozi, anche se alcuni personaggi sono dotati di incantesimi pre-appresi. Più avanti nel gioco, il giocatore acquisisce la capacità di comunicare con i mostri ed evocarli durante le battaglie.
Moonlight Lady (Japan)	Hiwako, un'adolescente giapponese viziata, viene affrontata un giorno da un uccello parlante, chiamato Niké (come la dea greca della vittoria, non come il marchio), che le dice che ha poteri unici che la trasformano nella gloriosa guerriera Artemide. No, Hiwako non ha smesso di essere un monello viziato; ma come Artemis, ora è suo dovere proteggere la sua città natale da un'invasione demoniaca e non ha intenzione di arrendersi.
Motoroader MC (Japan)	Motoroader MC è, come il suo predecessore, un gioco di corse aeree con combattimenti tra auto. Le meccaniche di gioco, tuttavia, sono diverse: i giocatori possono controllare solo auto dall'aspetto normale, che vengono presentate come piccoli sprite. Ogni vettura è dotata di due tipi di armi da fuoco, che possono essere utilizzate contro gli avversari per vincere la gara. Ogni percorso occupa solo una schermata e il giocatore deve completare i giri più velocemente delle auto controllate dall'IA o gareggiare contro il tempo. È disponibile anche il multiplayer (per due o quattro giocatori).
Motteke Tamago (Japan)	Motteke Tamago è stato incluso nel secondo volume della rivista Super PC Engine Fan Deluxe. È un gioco d'azione simile nel concetto a Bomberman. Il gioco è composto da tre &quot;mondi&quot;, ciascuno con dieci schermi; su ogni schermo, quattro anatre competono l'una contro l'altra nella raccolta delle uova e nella consegna dei loro bambini a casa. Le anatre possono essere controllate da giocatori umani o dall'IA del computer. Le uova vengono fatte cadere nella fase labirintica; l'obiettivo è raccoglierne il maggior numero possibile. Una volta raccolto, un uovo segue l'anatra e dopo un po' un bambino si schiude e torna a casa sano e salvo.
Mugen Senshi Valis - The Legend of a Fantasm Soldier (Japan)	Yuko Ahso è una normale adolescente giapponese con una vita normale, finché un giorno viene attaccata da un mostro per strada. Dal nulla, una spada appare nelle sue mani. Combatte i mostri che hanno improvvisamente invaso la città e viene convocata nel mondo parallelo noto come Vecanti, che è governato da un tiranno crudele di nome Rogles, le cui azioni sconvolgono l'equilibrio dei mondi. Brandendo la leggendaria spada Valis, Yuko deve sconfiggere Rogles e ripristinare l'equilibrio.
Mystic Formula (Japan)	In un mondo in cui tecnologia avanzata e magia coesistono, l'Impero Magico controlla le vaste lande aride e le dimore di creature mitiche. Un gruppo di quattro cacciatori di tesori si imbatte in un annuncio che promette una ricompensa di un milione di crediti a chiunque recuperi una misteriosa pietra viola con l'incisione dello stemma dell'Impero. I quattro trovano il manufatto in tempi relativamente brevi, ma viene loro rubato da un altro gruppo con un'agenda tutta loro. Ora gli eroi devono riportare indietro la pietra mentre affrontano i pericolosi nemici sulla loro strada.
Nekketsu Koukou Dodgeball-bu CD - Soccer-hen (Japan)	Mentre Kunio e Shinichi si stavano esercitando a schivare la palla, l'allenatore di calcio Misako si è avvicinato ai due in campo. &quot;Per favore! Invece del dodgeball, unitevi a me e giocate a calcio al torneo nazionale!&quot; Il Nekketsu High Soccer Club è stato colpito da un'intossicazione alimentare e Kunio deve guidare la sua squadra di dodgeball nella competizione di calcio e raggiungere l'obiettivo! Solo vincendo il campionato Kunio può convincere tutta la sua squadra ad unirsi a lui. Nekketsu Koukou Dodgeball Bu: CD Soccer Hen presenta il classico gioco di calcio con un suono cristallino e una grafica ad alta risoluzione come mai visto prima nella serie!
Nekketsu Legend - Baseballer (Japan)	In un mondo in cui il baseball gioca un ruolo fondamentale nella vita delle persone, le squadre competono contro ciascuna per la supremazia, usando mosse spirituali e magiche, oltre che robot. Di recente, un potente demone ha preso il controllo della terra e alcuni umani hanno iniziato a usare l'arte del baseball per scopi malvagi. Il malvagio Dark Baseballer ha terrorizzato gli innocenti e spetta a un gruppo di giovani ripristinare la giustizia.
Nemurenu Yoru no Chiisana Ohanashi (Japan)	Nemurenu Yoru no Chiisana O-Hanashi (&quot;Piccole storie per notti insonni&quot;) è un gioco di avventura simile a un cartone animato progettato per bambini e basato su un'animazione video originale di Yōko Hara. Il protagonista è un gatto di nome Neko-kun (che si traduce semplicemente in &quot;Gatto&quot;), che vive su una bellissima isola insieme ai suoi amici animali e umani. L'episodio di apertura descrive il suo incontro con una piccola stella che è caduta sulla Terra e si è ferita. Successivamente, il giocatore può esplorare l'isola selezionando le posizioni sulla mappa. Gran parte della storia viene avanzata automaticamente e l'interazione si limita principalmente alla scelta di un luogo da visitare, al clic sugli oggetti per attivare le scene o alla selezione di una risposta &quot;sì&quot; o &quot;no&quot; a una situazione.
Neo Nectaris (Japan)	Neo Nectaris è una versione aggiornata di Nectaris. Le caratteristiche principali sono le stesse: è un gioco di strategia a turni con una griglia esagonale che si svolge in futuro. Anche la storia è stata in gran parte riciclata, ma ci sono alcune modifiche:nn48 nuove mappe,nnunità nuove e aggiornate,nngrafica leggermente migliorata,nnaudio orchestrato del libro rosso,nncinque mappe speciali per 2 giocatori. Il gioco include il Nectaris originale sul disco.
NEXZR (Japan)	Nell'anno 2012 un'armata aliena ha attaccato la Terra. Due giovani piloti erano nel bel mezzo di una battaglia e uno di loro, una bella giovane donna, fu ucciso. Tre anni dopo, il pilota sopravvissuto ha finalmente avuto la possibilità di vendicare la sua morte. Navigando su una nuova potente nave da combattimento chiamata &quot;Slasher&quot;, il pilota si è avventurato nello spazio, pronto a portare distruzione a coloro che gli hanno portato via così tanto.
Nishimura Kyoutarou Mystery - Hokutosei no Onna (Japan)	Hokutosei no Onna (il titolo si riferisce al treno espresso che collega Tokyo e Hokkaido in Giappone piuttosto che alla costellazione dell'Orsa Maggiore) è basato sulle opere dello scrittore di romanzi polizieschi giapponese Ky?tar? Nishimura, con l'ispettore Totsugawa e il suo assistente Kamei, che è il protagonista del gioco. Un uomo è stato trovato accoltellato a morte nel suo appartamento a Tokyo; poco dopo l'inizio delle indagini, un altro uomo viene ucciso in una stanza d'albergo a Hokkaido. Kamei deve interrogare testimoni e sospetti ed esaminare le prove per risolvere il mistero.
No-Ri-Ko (Japan)	No-ri-ko è essenzialmente un titolo multimediale che ricorda un film interattivo con elementi di visual novel, contenente clip musicali e istantanee digitalizzate di attori reali, in particolare la cantante pop giapponese Noriko Ogawa, che aveva quindici anni al momento dell'uscita del gioco . Il giocatore controlla un fan che incontra Noriko e successivamente la porta ad un appuntamento.
Nobunaga no Yabou - Bushou Fuuunroku (Japan)	Lord of Darkness, conosciuto in Giappone come Bush? F?un Roku, è il quarto gioco della serie Nobunaga (ma solo il terzo ad essere stato localizzato in inglese). La storia di Nobunaga si svolge durante la guerra civile giapponese del XVI secolo. In un gioco di strategia in tempo di guerra, 15 diversi signori della guerra sono rappresentati in diversi territori.
Nobunaga no Yabou - Zenkokuban (Japan)	Nel XVI secolo, il periodo Sengoku (&quot;Stati Combattenti&quot;) del Giappone divise la nazione in numerosi stati feudali, ciascuno governato da un daimyo. Questi daimyo andavano spesso in guerra tra loro. Molti sognavano di conquistare la terra, diventare lo Shogun e governare l'intero paese. Uno di quei daimyo era l'ambizioso Nobunaga Oda, un sovrano spietato e un famoso stratega. I giocatori assumono il ruolo di Nobunaga Oda o di uno dei tanti altri daimyo per cercare di conquistare il Giappone.
Ookami-teki Monshou - Crest of Wolf (Japan)	Conversione per PC engine CD dell'arcade Riot City di Sega. La polizia ha paura di avere a che fare con un'organizzazione criminale nota come Dragon Zone. I punk di strada e i leader dei sindacati criminali cinesi dominano l'area in cui si suppone si trovi il suo quartier generale. Il giovane combattente Hawk ha i suoi conti da saldare con la Dragon Zone: hanno rapito la sua ragazza Candy. Insieme al suo amico, il punk Tony, Hawk entra nei distretti pericolosi ed è determinato a salvare la sua dolce metà e porre fine all'organizzazione. nnRiot Zone (Crest of Wolf in Giappone) è un picchiaduro piuttosto semplice in cui il giocatore può scegliere di controllare Hawk o Tony.
Pachio-kun - Maboroshi no Densetsu (Japan) (Rev 7)	Nel XVI secolo, il periodo Sengoku (&quot;Stati Combattenti&quot;) del Giappone divise la nazione in numerosi stati feudali, ciascuno governato da un daimyo. Questi daimyo andavano spesso in guerra tra loro. Molti sognavano di conquistare la terra, diventare lo Shogun e governare l'intero paese. Uno di quei daimyo era l'ambizioso Nobunaga Oda, un sovrano spietato e un famoso stratega. I giocatori assumono il ruolo di Nobunaga Oda o di uno dei tanti altri daimyo per cercare di conquistare il Giappone.
Pachio-kun - Warau Uchuu (Japan)	Molto tempo fa, un'entità cosmica malvagia conosciuta come Geios fu sconfitta e sigillata per eoni. Tuttavia, una razza aliena malevola ha trovato un modo per raccogliere il suo potere e ora si sta preparando per la sua reincarnazione. Il pianeta Pachinko fu attaccato e il suo re ucciso. Di ritorno da un viaggio interstellare, Pachio-kun sale a bordo della navicella spaziale Sledgehammer e intraprende un viaggio per sconfiggere il male e ripristinare la sua patria.
Pachio-kun 3 - Pachi-Slot & Pachinko (Japan)	Come suggerisce la sua tessera, Pachio-kun 3: Pachisuro & Pachinko è un gioco di pachinko con protagonista Pachio-kun, una palla di pachinko antropomorfa che gode di una vita pacifica con la sua famiglia sul pianeta Pachinko. La trama del gioco è piuttosto astratta e serve a legare insieme vari periodi di tempo in cui l'eroe viaggia dopo aver completato le sezioni di gioco del pachinko. In ogni area ci sono casinò con macchine pachinko. Il giocatore può parlare con i personaggi nel casinò, scambiare denaro con fiches e viceversa e giocare a pachinko su macchine a vari temi. Nuove aree diventano accessibili dopo che il giocatore ha vinto una quantità sufficiente di denaro nel casinò precedente.
Palladion - Auto Crusher Palladium (Japan)	Auto Crusher Palladium è un gioco che simula la costruzione di robot da battaglia (&quot;mech&quot;). Il giocatore è in grado di costruire robot utilizzando varie parti: corpo, arti, intelligenza artificiale del computer, armi, ecc. Il risultato può essere una combinazione di qualsiasi forma e componente, con il limite del peso complessivo del robot, che non deve superare un importo specificato. I robot possono essere umanoidi, simili a macchine, che rotolano su ruote, in grado di volare o trasformarsi in forme diverse, ecc.
Pastel Lime (Japan)	Yū è un giovane apprendista mago che vive nel mondo delle fate. Un giorno si verifica un errore magico e Y? si ritrova sulla Terra. Per tornare nel suo mondo, la piccola fatina deve trovare tre pietre da inserire nella sua spilla magica. Una giovane ragazza che trova la prima pietra diventa la compagna di Yō (e protagonista del gioco), e insieme devono trovare e recuperare le altre pietre. nnPastel Lime è un'avventura in stile giapponese con un gameplay semplice. Di solito sullo schermo compaiono solo pochi comandi (a volte solo uno) e l'input del giocatore si riduce per lo più alla selezione di questi comandi più volte per attivare la scena successiva. Potrebbero essere visualizzati anche sottomenu (come argomenti di conversazione). La progressione del gioco è rigorosamente lineare e il giocatore non ha scelta di selezionare i luoghi in cui viaggiare.
Patlabor - Chapter of Griffon (Japan)	Digital Comic Patlabor è basato sulla serie anime Patlabor. Nel prossimo futuro, gli agenti della polizia metropolitana di Tokyo pilotano robot giganti chiamati &quot;Labors&quot; per combattere i criminali. Come la maggior parte delle puntate dell'anime e del manga, il gioco si concentra sui personaggi della Sezione 2 dei veicoli speciali, Divisione 2, e il personaggio giocabile è Noa Izumi. Più precisamente, il gioco segue la cosiddetta &quot;timeline TV&quot;, che coinvolge il Labor Griffon.
Police Connection (Japan)	Police Connection è un gioco da tavolo con una svolta: invece di raggiungere semplicemente un obiettivo o raccogliere denaro, i giocatori assumono il ruolo di detective della polizia e indagano sui crimini. Ci sono tre casi nel gioco, tutti accessibili dal menu principale: due omicidi (le vittime sono giovani donne) e un caso di denaro scomparso. Fino a quattro personaggi controllati da umani o IA stanno cercando di risolvere questi misteri.
Pomping World (Japan)	Il tuo obiettivo è distruggere i palloncini che rimbalzano sul campo di gioco. Per fare ciò, puoi sparare a ganci che viaggiano verso l'alto e far esplodere qualsiasi palloncino che toccano. A seconda delle loro dimensioni, si dividono su due più piccoli o evaporano se sono alla loro dimensione minima. Oltre ai palloncini, alcuni livelli hanno anche barriere che devono essere distrutte con i tuoi ganci, poiché spesso bloccano l'accesso ai palloncini. Ci sono anche alcune barriere che non possono mai essere distrutte. Il tuo personaggio ha la capacità di salire le scale, ma non può saltare.
Pop'n Magic (Japan)	Un gioco d'azione a schermo statico nello stile di Bubble Bobble o Don Doko Don, Pop 'n Magic ti consente di intrappolare i nemici sparando contro di loro con la tua bacchetta, quindi raccoglierli e lanciarli attraverso lo schermo per distruggerli. Le bolle in cui sono intrappolate sono di colori specifici e bisogna fare attenzione a non gettare due dello stesso colore insieme in quanto ciò rilascerà le creature (ora piuttosto sconvolte) all'interno.
PopfulMail (Japan)	La simpatica cacciatrice di taglie conosciuta come Popful Mail sembra che non avrebbe problemi a guadagnarsi da vivere tagliando i cattivi con la sua spada. In realtà Mail fatica a sbarcare il lunario. Un giorno, tuttavia, viene a sapere di un mago che è diventato un ribelle e ha una grossa taglia in testa. La sua avventura inizia quando Popful si fa strada attraverso una nuova avventura e fa nuove amicizie lungo la strada. Popful Mail è un gioco d'azione platform con elementi RPG molto leggeri. Mentre l'eroina si fa strada attraverso le fasi, raccoglie denaro dai nemici uccisi. Questo denaro può essere utilizzato nei negozi per acquistare armi, armature, salute e così via. Il gioco prevede l'interazione con molti personaggi attraverso dialoghi sullo schermo e sequenze completamente animate. Alcuni di questi personaggi diventano giocabili man mano che il giocatore avanza nel gioco.
Populous - The Promised Lands (Japan)	Questo Data Disk per Populous aggiunge cinque nuovi tipi di paesaggio: Wild West, Silly Land, Block Land, Révolution Française e Bit Plains. I tipi possono essere usati per creare nuove mappe in modalità Paint Map e il disco ha anche 500 nuove mappe per la modalità Conquista.
Prince of Persia (USA)	Mentre il Sultano di Persia sta combattendo una guerra in un paese straniero, il suo Gran Visir Jaffar orchestra un colpo di stato. La sua strada verso il trono passa attraverso l'adorabile figlia del Sultano. Jaffar la rapisce e minaccia di ucciderla se si rifiuta di sposarlo. Nel frattempo, l'uomo amato dalla principessa viene gettato nella prigione. Ha solo un'ora per fuggire dalla sua prigione, sconfiggere le guardie sulla sua strada e fermare Jaffar prima che il terribile matrimonio abbia luogo. nnPrince of Persia è un platform 2D comunemente considerato un capostipite del genere platform cinematografico. Piuttosto che seguire le più comuni meccaniche di salto e corsa, si concentra su un avanzamento attento attraverso livelli abbastanza complessi, sottolineando la vulnerabilità e l'aspetto di sopravvivenza del protagonista. La tecnica del rotoscoping viene utilizzata per dare più realismo all'animazione dei movimenti dei personaggi.
Princess Maker 1 (Japan)	Princess Maker è la prima serie di giochi di Gainax di &quot;simulazione di allevamento di principesse&quot;. nnSei un nobile guerriero che ha appena salvato il tuo regno da un'invasione del terribile Signore dei Demoni. Il re riconoscente ti offre di scegliere qualsiasi ricompensa desideri per la tua azione coraggiosa. Ma invece di optare per metà del regno o per le ricchezze della terra, chiedi al re il permesso di allevare una povera orfana di nome Maria.
Princess Maker 2 (Japan)	Un eroe ha salvato la razza umana dall'annientamento totale da parte degli dei. Questo stesso eroe fu poi incaricato dai cieli di prendersi cura del giovane seme caduto da lì. Questo seme diventa sua figlia e il suo tutore la osserverà progredire. nnIn Princess Maker 2 il giocatore assume il ruolo di padre della benedetta figlia dei cieli. Per i prossimi otto anni, l'eroe la nutrirà e la guiderà nel percorso scelto dal giocatore. nnÈ possibile scegliere il percorso della figlia influenzata dallo zodiaco programmandola per lavori e scuole, che aumenteranno le sue statistiche (forza, abilità di combattimento, cucina, fede, ecc.). Ogni mese consente al giocatore di designare tre diversi compiti per lei a seguirla. L'equilibrio tra sviluppo del personaggio, livello di stress, salute e reddito finanziario è l'obiettivo di questo gioco.
Princess Minerva (Japan)	La principessa Minerva è basata su un anime con lo stesso nome. Nel regno di Whistler, i migliori combattenti sono donne giovani e belle, esperte in molti stili di combattimento. La principessa Minerva è una di queste. Partecipa a un torneo, combatte contro le migliori combattenti donne del paese e alla fine si unisce a loro, costruendo un gruppo super potente che è destinato a sconfiggere l'arcinemico della Regina di Whistler, la malvagia maga Dynastar.
Private Eye dol (Japan)	Un giorno, nel prossimo futuro, l'equipaggio di un &quot;idolo&quot; (una star della cultura popolare) fa un giro in autobus attraverso la campagna. Una delle donne membri dell'equipaggio sviene inaspettatamente e viene portata dai suoi amici in una villa abbandonata scoperta nelle vicinanze. Molto presto, tuttavia, l'incidente inizia a ripetersi e le prove di un macabro omicidio e di una possibile presenza spettrale nella villa emergono. Mei Star, un'investigatrice della squadra, e il suo assistente olografico computerizzato Navi devono risolvere il mistero prima che diventi troppo tardi.
Pro Yakyuu Super '94, The (Japan)	Pro Yakyuu Super '94 è il sequel di The Pro Yakyuu Super. Con l'eccezione di una nuova modalità, musica diversa, commenti e lievi modifiche all'interfaccia, il gameplay è sostanzialmente identico alla voce precedente. Gli elenchi delle squadre professionistiche di baseball giapponesi sono stati aggiornati per la stagione in corso. La nuova modalità si chiama &quot;Home Run Contest&quot;; il giocatore controlla un battitore contro un lanciatore controllato dal computer, cercando di fare un fuoricampo.
Pro Yakyuu Super, The (Japan) (FABT)	Pro Yakyuu Super è il seguito di The Pro Yakyuu. Le meccaniche di gioco sono quasi identiche a quelle del predecessore. Insieme alla simulazione e alle modalità automatiche per pitch e stick, ora c'è una nuova modalità di &quot;acquisizione automatica&quot;. Le squadre con licenza del campionato di baseball professionistico giapponese sono state aggiornate per la stagione in corso. Tornano le modalità Versus, Open e Pennant, insieme a una modalità &quot;Dream&quot;, che consiste nel gioco tra giocatori All-Star contemporanei e storici.
Pro Yakyuu, The (Japan)	Pro Yakyuu è un gioco di baseball che consente ai giocatori di competere nel campionato di baseball professionistico giapponese, con i nomi di squadre e giocatori consentiti. La modalità Versus consente la competizione tra due giocatori; in una partita amichevole, l'IA del computer sceglie un avversario per la squadra selezionata dal giocatore; La modalità &quot;Open&quot; è un torneo in cui i giocatori possono assegnare squadre controllabili a se stessi e all'IA. Il gioco stesso può essere impostato su &quot;Azione&quot;, &quot;Simulazione&quot; o &quot;Auto&quot;, con vari gradi di realismo. I lanciatori e i battitori sono controllati da una visuale in terza persona, mentre la visione di base è vista da una prospettiva dall'alto.
Psychic Detective Series Vol. 3 - Aya (Japan)	Solo poche persone possiedono la capacità unica di leggere il cuore delle persone; quelle persone sono chiamate analisti psichici e Katsuya Furuyagi è una di queste. Un giorno, un collega analista gli fa una visita inaspettata e lo indirizza verso un misterioso vecchio di nome Kamiya. Leggendo la mente del vecchio, Furuyagi si avventura nel regno dei ricordi, dove il fantasma di una donna sta tentando di vendicare il proprio omicidio. nnAya è il terzo capitolo della serie Psychic Detective. Come nelle voci precedenti, è un gioco di avventura in stile giapponese con visuale in prima persona e interazione e navigazione basate su menu. Comandi come &quot;Guarda&quot;, &quot;Chiedi&quot; e &quot;Sposta&quot; devono essere utilizzati nella maggior parte delle schermate per far avanzare la trama. Parlare con i personaggi e riflettere sul caso gioca un ruolo importante.
Psychic Detective Series Vol. 4 - Orgel (Japan)	Un giorno una misteriosa donna in abito da lutto appare nell'ufficio di Katsuya Furuyagi, un investigatore privato che possiede un'abilità unica di viaggiare nelle menti delle persone. La donna ha una strana richiesta che fa dubitare a Furuyagi della sua sanità mentale. Per generazioni, una bellissima bambola è stata in possesso della sua famiglia; tuttavia, recentemente è scomparso e la donna è convinta che il colpevole sia il diavolo stesso. Furuyagi si reca in campagna dove inizia a indagare su questo insolito mistero, determinato a scoprire la verità.
Psychic Storm (Japan)	Psychic Storm è uno sparatutto a scorrimento verticale in cui il giocatore assume il ruolo di quattro personaggi che devono proteggere Neo Hong Kong City da un assalto di feroci alieni insettoidi. Il giocatore può selezionare uno qualsiasi dei quattro personaggi prima di ogni fase. I personaggi si distinguono per gli attacchi unici delle loro navi: Alex usa una pistola vulcan, Charr ha un raggio &quot;psichico&quot; a corto raggio, Joe ha un lento ma potente attacco Hell Flame e Nastasia usa un laser ionico. Ogni personaggio può anche acquisire armi aggiuntive raccogliendo normali power-up.
Puyo Puyo CD (Japan)	Curiosamente, il Nec non ha mai avuto diritto a una propria versione di Tetris, e ha dovuto accontentarsi per molto tempo dell'ottimo esemplare realizzato in Sega, che ho chiamato Columns, e dei più discutibili Hatris e Spin Spair. Per fortuna l'arrivo dell'SCD ha permesso la nascita di ottimi cloni, in particolare Panic Bomber......e Puyo Puyo CD, appunto!nnPuyo Puyo propone di non accumulare blocchi, ma fagioli gelatinosi, in modo da formare gruppi di quattro dello stesso colore, e quindi farli scomparire.
Puyo Puyo CD Tsuu (Japan)	Il seguito di Puyo Puyo è, come il suo predecessore, un gioco a blocchi cadenti in cui l'obiettivo è combinare quattro o più blocchi (Puyos) dello stesso colore, che poi scompaiono. I restanti Puyo cadranno e potranno produrre combo che possono causare la comparsa di blocchi speciali (Nuisance Puyos, che possono essere distrutti solo eliminando i Puyo adiacenti) sul campo nemico.
Quest of Jongmaster - Janshin Densetsu (Japan)	Quest of Jongmaster è un gioco di mahjong con elementi di ruolo. La &quot;modalità RPG&quot; segue la storia di un'apprendista &quot;guerriera mahjong&quot;, una ragazza di nome Chi Fou, che viene inviata in missione per sconfiggere i mostri scatenati nel mondo. Questa modalità è strutturata come un tradizionale gioco di ruolo medievale dall'alto verso il basso, con esplorazione di città e dungeon, interazione con i PNG e altri elementi familiari. Il protagonista può equipaggiare armi e armature, lanciare magie e acquistare oggetti curativi e di ripristino dello stato. Punti esperienza e denaro vengono assegnati dopo ogni battaglia.
Quiz Avenue (Japan)	Quiz Avenue è un gioco a quiz con una &quot;modalità ricerca&quot; in cui il giocatore controlla un guerriero che deve salvare la principessa Questine dalle grinfie del malvagio Shameless, i nemici del regno dell'Erudizione. Il giocatore guida l'eroe su piccole schede con percorsi ramificati; ogni punto di interesse rappresenta una &quot;battaglia&quot; a quiz contro un mostro, culminata in una &quot;battaglia con il boss&quot; nella fase finale, dove il giocatore è in grado di selezionare l'argomento delle domande (es. geografia, film, lingua inglese, ecc.) . Gli incontri a quiz variano in lunghezza e quantità di risposte tra cui scegliere, ma hanno sempre un limite di tempo per ogni domanda. Inoltre, una &quot;modalità party&quot; separata consente ai giocatori di competere in giochi a quiz, ciascuno composto da tre o cinque round.
Quiz Avenue II (Japan)	Quiz Avenue II, come il suo predecessore, è un gioco a quiz con una modalità ricerca basata sulla trama, che continua la trama del primo gioco. Dopo che i malvagi Shameless furono sconfitti, la pace fu ristabilita nel regno dell'Erudizione; tuttavia, presto apparvero forze demoniache all'orizzonte e due giovani guerrieri, un ragazzo e una ragazza, furono inviati dalla regina per fermarli.
Quiz Avenue III (Japan)	Quiz Avenue III offre, come i suoi due predecessori, una modalità ricerca e una modalità contro: quest'ultima consiste in questa puntata di una serie di domande trivia per un massimo di otto giocatori (che controllano una varietà di combattenti dall'aspetto duro), con round travestiti da giochi di combattimento, ogni risposta sbagliata porta a una perdita di punti ferita. La principale differenza tra questa voce e le precedenti risiede nella modalità missione e nei suoi elementi di gioco di ruolo.
Quiz Caravan Cult Q (Japan)	Quiz Caravan: Cult Q è un gioco a quiz con quattro modalità. La modalità principale prevede una competizione a quiz in cui i giocatori possono scegliere gli argomenti delle domande, ad es. film, videogiochi, storia, ecc. Fino a cinque giocatori possono partecipare a questa modalità o competere contro l'IA del computer.
Quiz de Gakuensai (Japan)	Quiz de Gakuensai è un gioco a quiz in cui il giocatore interpreta il ruolo di uno studente delle superiori. Un giorno gli viene affidato un importante compito di vegliare sulla sua parente, una bambina. Tuttavia, non appena compare la sua ragazza, l'eroe trascura il suo dovere e scopre molto presto che la bambina è scomparsa. Deve esplorare l'edificio della scuola e trovarla a tutti i costi.
Quiz Marugoto the World (Japan) (Rev 7)	Quiz Marugoto the World è una semplice simulazione di un gioco a quiz TV. I conduttori televisivi fanno domande su vari argomenti (le domande sono pronunciate, non visualizzate nel testo) e la risposta corretta deve essere scelta tra diverse disponibili entro un limite di tempo. Il game show ha tre modalità: &quot;World Quiz Trip&quot;, campionato e coppa. La prima è essenzialmente una modalità per giocatore singolo; il campionato permette ai giocatori di sfidarsi tra loro, con temi scelti casualmente; la coppa funziona come qualsiasi evento sportivo comparabile, compresi i turni di eliminazione.
Quiz Marugoto the World 2 - Time Machine ni Onegai! (Japan)	Time Machie ni Onegai differisce dal suo predecessore per avere le sue modalità di gioco uniche piuttosto che seguire rigorosamente un formato di gioco televisivo. La modalità Macchina del tempo prevede il viaggio in periodi di tempo diversi e la risposta a domande trivia per innescare eventi famosi (ad esempio Mosè che crea un percorso attraverso il Mar Rosso per gli ebrei, i belligeranti dell'era dei Tre Regni che si attaccano a vicenda, la mela che cade su Sir Isaac testa di Newton, ecc.). Le domande stesse, tuttavia, di solito non hanno nulla a che fare con l'evento storico in questione.
Quiz no Hoshi - Star of Quiz (Japan)	Quiz no Hoshi è un gioco a quiz con diverse modalità di gioco; il principale si chiama &quot;Heart of Stone&quot; ed è una serie basata sulla trama di incontri a quiz con elementi di giochi da tavolo di strategia. La trama prevede il rapimento di una bambina da parte della mafia e i tentativi di un ragazzo di nome Hoshimaru di salvarla, mentre fugge da un'apocalisse imminente. Hoshimaru può essere navigato su una tavola (spesso con percorsi ramificati); ogni campo di solito porta a una scena di conversazione con un quiz successivo. Sia Hoshimaru che i &quot;nemici&quot; hanno barre della vita; la salute del protagonista aumenta dopo aver completato con successo le sfide del quiz. Le risposte corrette danneggiano il nemico, mentre le risposte sbagliate esauriscono la vita dell'eroe. La quantità di possibili risposte tra cui scegliere e la natura delle domande a quiz varia da ricerca a ricerca.
Quiz Tonosama no Yabou (Japan)	Quiz Tonosama no Yab? è un gioco a quiz con elementi di strategia, ambientato durante il periodo Sengoku della storia giapponese. Sono disponibili modalità di gioco per uno e due giocatori. I giocatori selezionano i signori della guerra da controllare e salgono al dominio sconfiggendo altri signori della guerra in incontri a quiz. Ogni tentativo di conquistare una provincia porta a un quiz posto dal signore della guerra in difesa. I temi del quiz potrebbero non avere nulla a che fare con il periodo storico e spaziano dalla cultura generale agli anime e ai videogiochi giapponesi.
R-Type Complete CD (Japan)	R-Type Complete CD combina la parte I e la parte II delle versioni giapponesi di PC Engine HuCard. Aggiunge anche musica remixata, scene tagliate completamente doppiate, un boss in più e alcune altre modifiche minori. Una razza aliena chiamata Bydo attacca l'umanità senza pietà. Il prototipo di caccia spaziale R-9 deve fermare il Bydo e salvare la razza umana.
Rainbow Islands - The Story of Bubble Bobble 2 (Japan)	Sequel di Bubble Bobble, Rainbow Islands vede Bub e Bob (in modalità a 2 giocatori), che ora sono curiosamente ragazzini piuttosto che dinosauri, che tentano di liberare le Isole Arcobaleno dai cattivi. nnUsando il potere di lanciare arcobaleni, intrappolando qualsiasi cosa al di sotto, i ragazzi devono salire verticalmente di 4 livelli per ogni isola, con un grosso boss alla fine di ciascuna. nnIntrappolando le bestie sotto i tuoi arcobaleni, quindi saltandoci sopra per romperli puoi raccogliere sette gemme colorate diverse e ci sono anche potenziamenti per velocità extra e arcobaleni.
Rally Championship (Japan) (FABT)	Championship Rally è un gioco di corse dall'alto verso il basso. Il giocatore può scegliere di controllare vere auto da rally: Toyota Celica, Nissan Pulsar, Lancia Delta e altre. Ci sono tre modalità nel gioco: time attack, rally ad alta velocità e &quot;modalità avventura&quot;, che porta il giocatore attraverso un campionato in Senegal. Ogni modalità consente al giocatore di selezionare un'auto e personalizzarne lo sterzo, le marce, i freni, ecc. I controlli dell'auto sono abbastanza semplici, con un pulsante assegnato all'accelerazione e un altro all'applicazione dei freni.
Ranma 1-2 (Japan)	Basato sulla popolare serie manga/anime con lo stesso nome, Ranma 1/2 segue la storia di un aspirante artista marziale che si trasforma accidentalmente in una giovane donna facendo il bagno in una sorgente maledetta. Può tornare alla sua forma naturale toccando l'acqua calda; tuttavia, il contatto con l'acqua fredda lo trasformerà di nuovo in una ragazza. La maggior parte della storia del manga originale è dedicata a situazioni semi-comiche, basate sul fatto che Ranma sta cercando di nascondere la sua situazione, il che porta a incomprensioni, confusione e complicazioni romantiche nella sua vita al liceo.
Ranma 1-2 - Datou, Ganso Musabetsu Kakutou-ryuu! (Japan)	Come la maggior parte dei giochi basati sulla serie manga e anime Ranma 1/2 - Datou Ganso Musabetsu Kakutou-ryuu! è un gioco di combattimento. A differenza della precedente iterazione di Ranma 1/2 della stessa azienda, questo gioco non segue la storia principale del manga/anime e non include altri elementi di gioco oltre al combattimento uno contro uno. Tuttavia, il gioco è ancora ricco di narrativa; scene tagliate in stile anime completamente doppiate appaiono dopo ogni battaglia e servono a mettere Ranma in varie situazioni e a preparare il terreno per battaglie contro personaggi familiari del manga e dell'anime, come il vecchio pervertito Happousai, Mousse, Ryuga, ecc.
Ranma 1-2 - Toraware no Hanayome (Japan)	Basato sulla serie manga e anime Ranma 1/2, Toraware no Hanayome è composto da diversi capitoli, che sono simili agli episodi di uno show televisivo: ognuno ha la sua storia e il suo tema, ma tutti i capitoli hanno personaggi ricorrenti di Ranma 1 /2 universo. Come nel manga e nell'anime originali, la storia è incentrata sul giovane artista marziale e liceale Ranma, maledetto dopo aver fatto il bagno in una sorgente sacra cinese: il contatto con l'acqua fredda lo trasforma in una donna, mentre l'acqua calda lo riporta alla sua forma maschile originaria. La maggior parte della storia del gioco è dedicata alle relazioni di Ranma con i suoi compagni di scuola e altri personaggi, che spesso coinvolgono situazioni comiche e/o romantiche, nonché ai tentativi di Ranma di sbarazzarsi della maledizione: nel primo capitolo, cerca di vincere un concorso che gli avrebbe permesso di viaggiare in Cina e trovare un modo per trasformarlo in un uomo in modo permanente.
Rayxanber II (Japan)	Il gioco ricorda R-Type, in particolare nello stile artistico e nel gameplay. La trama e l'ambientazione utilizzano lo stesso tropo di giochi come R-Type e Gradius; si tratta di una guerra in corso tra l'umanità e una razza di alieni invasori appartenenti all'Impero Zoul, e il principale nemico del giocatore è costituito da bionavi ed enormi fortezze organiche.
Rayxanber III (Japan)	Sequel di Rayxanber II. Assolutamente tutto è stato rivisto in meglio, rimanendo allo stesso tempo fedele allo stile dei due giochi precedenti. Per iniziare, qualcuno ha finalmente sistemato la meccanica della scheda, quindi ora funziona davvero ed è facilmente controllabile. Come prima, c'è una barra della temperatura, quindi se diventa rossa deve raffreddarsi prima di correre di nuovo, ma ora è molto più semplice regolare la durata della tua corsa senza ricorrere a un pulsante turbo. Anche la struttura dei livelli e gli schemi di attacco del nemico sono molto più equilibrati per tenere conto dell'uso della scacchiera: non si è più costretti a gettarsi a capofitto in una falange di nemici perché qualcosa ti insegue la coda. È diventato legittimamente uno strumento utile nel tuo arsenale.
Record of Lodoss War (Japan)	Il gioco è basato sul ciclo di romanzi Record of Lodoss War di Ryo Mizuno e più da vicino sui successivi volumi manga e serie OVA. La sua storia segue generalmente quella degli OVA, l'eroe principale è Parn, un giovane che cresce in un piccolo villaggio e in seguito diventa uno dei guerrieri più forti del mondo, grazie alla misteriosa eredità di suo padre e al proprio coraggio. Come nella serie anime, il gioco inizia con un attacco di goblin e con Parn che lascia il suo villaggio natale insieme al suo migliore amico Etoh in cerca di avventura. nnQuesta versione di Record of Lodoss War è un tradizionale gioco di ruolo giapponese con navigazione dalla mappa del mondo dall'alto verso il basso e battaglie casuali.
Record of Lodoss War II (Japan)	Ambientato nell'universo fantasy di Record of Lodoss War, creato dallo scrittore giapponese Ryo Mizuno, questo gioco è basato sull'anime Chronicles of the Heroic Knight. La storia è incentrata su un giovane di nome Spark, che vuole diventare un cavaliere del paese di Flaim. Re Kashue ha bisogno che Spark si dimostri degno di questo titolo e gli dice di radunare una banda di mercenari e prepararsi a fermare i misteriosi piani del mago oscuro Wagnard.
Red Alert (Japan)	La storia del gioco, come Strike Commando e gli innumerevoli film d'azione Z che lo hanno ispirato, è un pastiche di ogni cliché cinematografico degli anni '70 e '80. Guy Kazama è il miglior commando del paese. Deve imbarcarsi in una missione per distruggere Project Force, una coalizione di quattro cattivi di film d'azione diretti al video decisi alla conquista del mondo. Abbiamo il colonnello Kadat, il signor Lee della mafia di Hong Kong, il presidente Steve e infine il fisico russo Garcia. Il dottor Garcia si distingue di più perché inspiegabilmente ha orecchie a punta e lunghi capelli argentati come un elfo de Il Signore degli Anelli, mentre ha anche un braccio cibernetico uscito da Terminator.
Renny Blaster (Japan)	Renny Blaster è un picchiaduro in cui il giocatore può scegliere di controllare l'investigatore privato paranormale Fujiro Yarai o un uomo con un passato misterioso e abilità soprannaturali di nome Seishiro. I due personaggi hanno lo stesso obiettivo: impedire a un'organizzazione segreta di mostri e non morti, gestita da un vampiro maniacale, di prendere il controllo dell'Europa. I due personaggi iniziano con fasi iniziali diverse, ma in seguito continuano sullo stesso percorso. Seishiro è fisicamente più debole e ha un attacco energetico a distanza predefinito; Fujiro combatte con pugni e calci regolari. Entrambi i personaggi hanno accesso ad attacchi elementali unici che si attivano tenendo premuto un pulsante. La maggior parte delle fasi sono semplici azioni a scorrimento laterale con battaglie con i boss alla fine di ciascuna; alcune aree contengono elementi platform leggeri.
Riot Zone (USA)	Conversione per PC engine CD dell'arcade Riot City di Sega. La polizia ha paura di avere a che fare con un'organizzazione criminale nota come Dragon Zone. I punk di strada e i leader dei sindacati criminali cinesi dominano l'area in cui si suppone si trovi il suo quartier generale. Il giovane combattente Hawk ha i suoi conti da saldare con la Dragon Zone: hanno rapito la sua ragazza Candy. Insieme al suo amico, il punk Tony, Hawk entra nei distretti pericolosi ed è determinato a salvare la sua dolce metà e porre fine all'organizzazione. nnRiot Zone (Crest of Wolf in Giappone) è un picchiaduro piuttosto semplice in cui il giocatore può scegliere di controllare Hawk o Tony.
Rising Sun (Japan)	Giappone, XII secolo. Dopo che tuo padre è stato assassinato, hai deciso di diventare Shogun per ripristinare l'onore della tua famiglia. nnDovrai sconfiggere tutti i tuoi nemici, incluso tuo fratello. nnLa maggior parte delle volte, sposterai le tue truppe attraverso la grande mappa del Giappone: non appena succede qualcosa, dovrai combattere i tuoi nemici in sequenze d'azione, come un attacco alla fortezza simile a Gauntlet o difenderti da un assassino Ninja . Se due truppe si scontrano, potrebbe nascere una battaglia in cui dovrai usare tutto il tuo ingegno strategico per guidare i tuoi uomini alla vittoria. nnNella versione CD-i le sequenze informative includono FMV di attori reali e doppiaggio, oltre a nuove immagini di sfondo.
Road Spirits (Japan)	Road Spirits è un gioco di corse in stile arcade, simile a Rad Racer. Il giocatore controlla un'auto da una prospettiva in terza persona &quot;nello schermo&quot;, correndo attraverso i 17 percorsi pseudo-3D (dal nome di varie località geografiche, ad esempio &quot;West Coast&quot; ecc.). Ci sono altre auto sulla strada, che possono rallentare l'auto controllata dal giocatore scontrandosi con essa, ma la corsa è contro il tempo piuttosto che contro queste auto. Al giocatore viene assegnato un limite di tempo per ogni percorso e un indicatore mostra quanto l'auto è vicina al completamento. Se l'auto esaurisce il tempo, la gara è persa e il giocatore deve rigiocarla prima di affrontare la successiva.
ROM ROM Stadium (Japan)	Rom Rom Stadium è una partita di baseball con squadre e giocatori immaginari. I giocatori possono competere l'uno contro l'altro o l'IA del computer. Nella modalità Open i giocatori possono selezionare avversari e stadi, mentre la modalità Pennant ha la forma di un torneo; le classifiche possono essere salvate con un sistema di password. Il gioco utilizza la visuale in terza persona per il lancio e la battuta; la vista isometrica viene utilizzata per il gioco sul campo. È incluso anche un semplice strumento di creazione della squadra, che consente di nominare la squadra e i giocatori e scegliere il colore della divisa.
Ruin - Kami no Isan (Japan)	Molto tempo fa, una fiorente civiltà benedetta dagli dei fu rovinata a causa di una guerra perpetua. L'umanità ha costruito una nuova civiltà, che ricorda un mondo medievale. Il giovane spadaccino Jan vive nel regno di Cordelia. Un bel giorno lui e Ortena, la figlia del Sommo Sacerdote, vanno a caccia del tesoro. Quando tornano, trovano il paese invaso dai mostri; Il padre di Ortena viene ucciso e la principessa di Cordelia è stata rapita. I due si alleano con un eroe leggendario per salvare coloro che possono ancora essere salvati e soddisfare l'eredità degli dei...
Ryuuko no Ken (Japan) (En,Ja,Es) (FAAT)	Conversione per PC Engine CD di Art of fighting. Yuri Sakazaki è stato rapito! Suo fratello maggiore Ryo Sakazaki e Robert Garcia, il suo migliore amico, vanno a cercarla per le strade di South Town. Man mano che vanno sempre più in profondità, troveranno indizi su chi ha ordinato il rapimento, sulla relazione della famiglia Sakazaki con la mafia e su una persona del loro passato. nnIl gameplay è diverso dalla maggior parte dei giochi di combattimento. In questo gioco hai un misuratore di spirito. Nel gioco è presente un misuratore dello Spirito che diminuirà man mano che eseguirai mosse speciali. Può essere ricaricato, ma così facendo ti lascia aperto agli attacchi. Quando la tua salute è quasi esaurita, puoi eseguire una combinazione segreta che scatenerà un attacco mortale sul tuo avversario, a condizione che tu abbia un misuratore Spirito pieno. nnLa versione arcade non ti permette di giocare nei panni di Mr. Big e dell'elusivo Mr. Karate.
Sangokushi - Eiketsu Tenka ni Nozomu (Japan)	Sangokushi: Eiketsu Tenka ni Nozomu è un gioco di strategia storica a turni ambientato nell'era dei Tre Regni della storia cinese e simile per concetto e gameplay alla serie Romance of the Three Kingdoms, anche se con un gameplay un po' più semplice. Non esiste una selezione di scenari e non viene specificata la sequenza temporale esatta, sebbene la situazione iniziale corrisponda alla fase della guerra in cui Liu Bei e Cao Cao erano le principali forze avversarie. I giocatori possono scegliere di controllare uno qualsiasi dei sei signori della guerra più famosi dell'epoca, Liu Bei è il personaggio del giocatore &quot;predefinito&quot; con la sua introduzione estesa e motivi personali che ricordano il romanzo di Luo Guanzhong degli eventi storici.
Sangokushi III (Japan)	Sangokushi III è un altro gioco di strategia di Koei. Il concetto è lo stesso qui come negli altri wargame di Koei: conquista tutto ciò che puoi! In questo caso l'ambientazione storica è l'antica Cina. Il paese è sotto il controllo di un imperatore, ma tutti i capi delle fazioni vogliono essere essi stessi l'imperatore. Inizi con un territorio e devi conquistarne di più per vincere la partita.
Seirei Senshi Spriggan (Japan)	Un altro sparatutto top-down di Compile ambientato in un mondo fantastico che mescola elementi tradizionali di fantascienza con un'ambientazione feudale del Giappone. nnQuando il gioco inizia, una lotta per il controllo totale sui poteri elementali sta per iniziare tra due nazioni in guerra. In qualità di miglior pilota mecha nell'esercito del bravo ragazzo, è tuo compito respingere l'invasione e vincere la guerra affrontando l'armata nemica in modalità sparatutto standard. Ma sorpresa sorpresa! Non sarai solo questa volta, poiché altri piloti di mecha controllati dall'IA si uniranno a te nella mischia nei momenti chiave. Solo tu puoi comandare i poteri magici che possono essere aggiunti al tuo mecha raccogliendo diverse sfere con codice colore, quindi la maggior parte del combattimento spetterà comunque a te.
Seiryuu Densetsu - Monbit (Japan) (Rev 1)	In una notte fatidica, una meteora viola è caduta dal cielo. Sfruttando il suo potere, il Popolo dei Demoni si rafforzò e iniziò ad attaccare le tribù amanti della pace e i loro villaggi. Un guerriero della tribù Monbit dalle orecchie da coniglio si alzò contro i demoni. Cavalcando un drago, entrò nel palazzo del Re Demone e distrusse l'amuleto magico che indossava. Tuttavia, il guerriero stesso fu gravemente ferito. Affidò l'amuleto all'anziano della tribù. Gli anni sono passati e i demoni stanno ancora una volta alzando le loro brutte teste. Il giovane eroe è l'unico che può salvare il mondo, usando il potere dell'amuleto magico e facendo amicizia con un drago...
Seisenshi Denshou - Jantaku no Kishi (Japan)	In una terra medievale in cui il potere e la prosperità di un paese dipendevano dalle abilità di mahjong dei suoi abitanti, l'esercito di Darol iniziò una campagna di invasione, aiutato dalle forze demoniache. Il regno di Rida fu conquistato. La giovane guardia reale Biares ha combattuto valorosamente, ma non è riuscita a sconfiggere il suo misterioso avversario nel mahjong. Fu teletrasportato lontano e trovato da una ragazza di nome Olivie. Biares deve trovare un modo per tornare a Rida e liberare il suo paese dagli invasori, trovando compagni e giocando a mahjong lungo la strada.
Seiya Monogatari - Anearth Fantasy Stories (Japan)	Una misteriosa giovane donna con un bambino è stata aggredita durante la Notte Santa. Riuscì a scappare, ma crollò e morì davanti alla chiesa nella città di Yalem. Ma il bambino è sopravvissuto, è cresciuto e alla fine è diventato un eroe in una missione per vendicare gli assassini di sua madre e salvare il mondo.
Sengoku Kantou Sangokushi (Japan)	Sengoku Kantou Sangokushi è un gioco di strategia storica a turni ambientato durante il periodo Sengoku della storia giapponese. Il giocatore può prendere il controllo di uno dei tre importanti signori della guerra dell'epoca: Uesugi Kenshin, H?j? Ujiyasu, o Takeda Shingen. Ogni signore della guerra controlla inizialmente una provincia con diverse città e cerca di conquistare il territorio con mezzi diplomatici o militari. Ogni turno il giocatore ha un numero limitato di mosse a sua disposizione; ogni generale ha le sue opzioni, anche se alcune (ad esempio il matrimonio) sono limitate allo stesso signore della guerra principale.
Sexy Idol Mahjong (Japan)	Sexy Idol Mahjong è, come suggerisce il titolo, un gioco di mahjong interpretato da famose cantanti giapponesi e personaggi televisivi. Nella trama di sfondo del gioco, sono le cosiddette &quot;donne demoniache&quot;, governate da una regina quasi immortale che risiede in un castello. Il giocatore assume il ruolo di un cavaliere medievale che deve sconfiggere queste donne giocando a mahjong contro di loro. Il personaggio del giocatore si muove automaticamente su una mappa aerea e gioca a mahjong contro le donne in modo lineare. Sconfiggere questi avversari può premiare il giocatore con le sue foto digitalizzate, di solito con abiti succinti e pose seducenti.
Sexy Idol Mahjong - Fashion Monogatari (Japan)	Fashion Monogatari è, come il suo predecessore, un gioco di mahjong con foto digitalizzate di &quot;idoli&quot; femminili giapponesi. Per quanto riguarda il gameplay, tuttavia, questa puntata è abbastanza diversa: è un gioco da tavolo in cui il giocatore naviga in un personaggio lanciando dadi per determinare il numero di mosse. Come in altri giochi di questo genere, alcuni campi conferiscono vantaggi al giocatore (ad es. assegnargli denaro o oggetti, invitare il giocatore a partecipare a giochi bonus, ecc.). La maggior parte dei campi, tuttavia, porta a round di mahjong contro giovani donne digitalizzate, che devono essere vinte per avanzare. Le foto di donne poco vestite in pose seducenti servono come ricompensa per la vittoria. È disponibile anche una modalità mahjong per quattro giocatori.
Sexy Idol Mahjong - Yakyuuken no Uta (Japan)	Sexy Idol Mahjong - Yakyuuken No Uta è, come altri giochi della serie, un gioco di mahjong con foto digitalizzate di attrici giapponesi. Non c'è una storia nel gioco; i giocatori possono semplicemente scegliere di competere in tornei di mahjong a quattro o due giocatori, selezionando i singoli partecipanti o le squadre da un elenco. Il gioco contiene anche una terza modalità che non ha nulla a che fare con il mahjong: i giocatori selezionano le attrici che poi iniziano a ballare; I giocatori devono premere i pulsanti al momento giusto per eseguire mosse di danza. Le attrici appaiono in topless a questi balli.
Shadow of the Beast (USA)	Shadow of the Beast su TurboGrafx CD è un gioco che unisce beat'em all, piattaforme ed esplorazione. Il giocatore assume il ruolo di Aarbron, un personaggio metà uomo e metà bestia che si reca a Maletoh per vendicarsi del Signore delle Bestie. Riflessi e precisione sono necessari per evitare o distruggere i nemici provenienti da tutte le direzioni. Stai in guardia, il giocatore ha una sola vita.
Shadow of the Beast - Mashou no Okite (Japan)	Shadow of the Beast su TurboGrafx CD è un gioco che unisce beat'em all, piattaforme ed esplorazione. Il giocatore assume il ruolo di Aarbron, un personaggio metà uomo e metà bestia che si reca a Maletoh per vendicarsi del Signore delle Bestie. Riflessi e precisione sono necessari per evitare o distruggere i nemici provenienti da tutte le direzioni. Stai in guardia, il giocatore ha una sola vita.
Shanghai II (Japan)	Shanghai II è una variante del puzzle game noto anche come solitario mahjong. 144 tessere mahjong sono disposte in file e impilate l'una sull'altra in vari modelli; l'obiettivo del giocatore è rimuovere coppie di tessere corrispondenti che non hanno tessere adiacenti da entrambi i lati fino a quando l'intero tabellone non è libero. Questa variante presenta sei modelli che prendono il nome da animali: tigre, scorpione, scimmia, serpente, pantera e drago. Il giocatore può scegliere di visualizzare suggerimenti o annullare qualsiasi quantità di mosse. È disponibile anche una modalità con un limite di tempo.
Shape Shifter (USA)	Gli Oscuri hanno catturato l'Anello dei Cinque e imprigionato i maghi che lo custodiscono. Un barbaro di nome Lykos ha il potere di trasformarsi in diverse creature. Ha bisogno di salvare i maghi e l'Anello dei Cinque dagli Oscuri prima che invadano la sua casa, Krellion.
Sherlock Holmes - Consulting Detective (USA)	In questo gioco, il giocatore interpreta i ruoli di Sherlock Holmes, il più grande detective immaginario di tutti i tempi, e del suo amico e partner Dr. Watson, che devono indagare e risolvere con successo tre casi criminali: La maledizione della mummia si occupa dell'orribile morte di tre uomini, apparentemente assassinati da un'antica mummia. The Mystified Murderess coinvolge una donna che è stata condannata per aver ucciso la sua amata, ma non riesce a ricordare nulla di ciò che le è successo.
Sherlock Holmes - Consulting Detective - Vol. II (USA)	&quot;Quello che hanno detto su Sherlock I, tu dirai su Sherlock II&quot;... si legge nell'annuncio nel riquadro, basato sulla simpatica critica del volume I. - La stessa tecnologia video (questo è il 1992), continua a offrire un vero ambiente interattivo: farti &quot;sentire&quot; davvero il traffico nelle strade della vecchia Londra? - La stessa struttura porta un aspetto familiare, invitando a incanalare tutta l'attenzione sul compito di risolvere i misteri: la tua intelligenza, abilità e pazienza sono necessarie per trovare indizi ascoltando le persone, osservando i dettagli o persino leggendo il London Times - ma non Lasciati trarre in inganno da un suggerimento sbagliato.
Shin Megami Tensei (Japan) (Rev 1)	Shin Megami Tensei è il sequel Turbografx della serie di giochi di ruolo pubblicata come Megami Tensei su NES. Nel suo sogno, un ragazzo incontra uno spirito, due uomini misteriosi e una donna che sembra conoscerlo. Risvegliato dalla madre con la quale vive a Tokyo, scopre che questo sogno è legato agli eventi drammatici che la Terra vivrà. Viene a sapere che è quindi l'unico in grado di salvare il mondo, diventando un evocatore di demoni.
Shin Nihon Pro Wrestling - '94 Battlefield in Tokyo Dome (Japan)	Shin Nihon Pro Wrestling 94: Battlefield nel Tokyo Dome consente ai giocatori di provare la promozione del wrestling professionistico più popolare del Giappone, New Japan Pro Wrestling. Il gioco presenta veri lottatori del periodo in cui è stato rilasciato. I lottatori appaiono come foto digitalizzate nella sequenza introduttiva e nelle schermate di selezione del personaggio; durante il gioco, vengono renderizzati come immagini grafiche 2D.
Shin Onryou Senki (Japan)	Shin Onryō Senki è un remake di Onryō Senki. La storia e la maggior parte dei dialoghi rimangono gli stessi della versione originale; Per quanto riguarda il gameplay, anche le versioni sono quasi identiche, utilizzando gli stessi comandi oggetto-verbo basati sul menu. Le differenze risiedono principalmente nella presentazione visiva e nella qualità tecnica della musica. La grafica è tecnicamente molto più avanzata; la maggior parte delle posizioni sono state riprogettate da zero. Le foto scansionate vengono utilizzate per rappresentare alcuni personaggi e lo stile anime è meno pronunciato. Molti luoghi e scene sono stati ingranditi, con primi piani aggiuntivi, angolazioni diverse, ecc. Alcune posizioni sono state aggiunte o rese disponibili in momenti diversi durante il gioco.
Shougi Database Kiyuu (Japan)	Shōgi Database è un adattamento per videogiochi del gioco da tavolo giapponese shōgi, che è legato agli scacchi occidentali e in particolare allo xiangqi cinese. La modalità principale del gioco offre competizione tra giocatori umani o tre livelli di IA del computer. Modalità aggiuntive includono l'analisi e la riproduzione di situazioni di partite shōgi esistenti e la risoluzione di problemi e studi (tre livelli di difficoltà con oltre quaranta esempi ciascuno). Il gioco include anche un database di famosi giocatori di shōgi, con dati biografici, record, ecc.
SimEarth - The Living Planet (USA)	SimEarth ti mette a capo di un intero pianeta durante i suoi 10 miliardi di anni di vita. Il tuo ultimo compito è guidare gli abitanti del pianeta nelle stelle, dalle sue umili radici unicellulari. Le principali minacce che devi affrontare includono l'inquinamento, le malattie, la carestia, la guerra e il riscaldamento globale. I controlli a tua disposizione includono la possibilità di spostare montagne e continenti, creare diversi livelli di specie e scatenare maremoti e terremoti in modo da rimodellare il tuo pianeta. Tutte queste cose prendono dalla tua energia limitata, che deve essere reintegrata.
Slot Gambler (Japan)	Slot Gambler segue la storia di un giovane che si ritrova miracolosamente teletrasportato in una terra meravigliosa composta da nove isole. Ogni isola contiene case da casinò gestite da donne attraenti e poco vestite. Il giocatore esplora il protagonista sulla mappa dell'isola sopraelevata, visitando le case del casinò e giocando a varie slot machine fino a quando non vengono soddisfatti i requisiti di vincita per continuare il viaggio. Alcuni luoghi portano a minigiochi puzzle, incontri con donne che danno all'eroe immagini erotiche di se stessi, ecc. I personaggi femminili nel gioco sono foto digitalizzate di persone reali. Sebbene vengano utilizzati temi suggestivi, non ci sono nudità esplicite o situazioni sessuali.
Snatcher CD-ROMantic (Japan)	Snatcher si svolge nella città futuristica di Neo Kobe, una città di follia e degrado. L'anno è il 2047. L'umanità sta affrontando la sua più grande crisi. È apparsa una misteriosa forma di vita bio-roidea. La sua vera natura e il suo scopo sono sconosciuti. È l'arma segreta di un paese o un alieno? Appaiono in inverno, uccidono le persone e prendono il loro posto nella società. Hanno una pelle artificiale, sudano e sanguinano. È stata formata una nuova forza di polizia, appositamente addestrata per combattere gli Snatcher: i JUNKER. Ogni volta che si incontra qualcuno, bisogna porsi una domanda difficile: è una persona o un ladro? Il giocatore assume il controllo di Gillian Seed, una JUNKER. Il gameplay segue in gran parte la struttura di un'avventura in stile giapponese. Il giocatore utilizza un'interfaccia guidata da un menu per eseguire i comandi, che comprendono lo spostamento da un luogo all'altro e l'interazione con l'ambiente.
Sol Bianca (Japan)	Il gioco è basato sull'omonimo film anime. Nel 24° secolo, la pirateria è ancora un problema, ma non più nei mari e negli oceani, navigando su navi ordinarie: i pirati sono nello spazio! La ciurma di pirati più pericolosa è quella di Sol Bianca: aprile, Janny, maggio, giugno e febbraio. No, quelli non sono nomi di mesi, ma cinque bellissime signore, che sanno maneggiare armi ad alta tecnologia e che pensano solo a Tesoro. Ma i cinque adorabili pirati non sono malvagi: ogni volta che un tiranno minaccia un pianeta, sono lì per aiutare.
Sol Moonarge (Japan)	Quando si verificarono terremoti nel regno di Itchy e i demoni iniziarono a vagare liberamente nel deserto, il re si rese conto che un'antica profezia stava per adempiersi e il mondo intero è in pericolo. Il valoroso spadaccino Soleil vive nella capitale, e il re gli affida il compito di proteggere le due dee della Luna e di recuperare la Spada del Sole, che devono necessariamente impedire a un mago noto come Silver di usare i Gears of Fate per il suoi scopi malvagi...
Solid Force (Japan)	Solid Force è un gioco di strategia a turni che vede il giocatore nel ruolo di Sho Masaki, un membro di un'organizzazione nota come &quot;Mars&quot;. Il gruppo è composto da agenti altamente qualificati ed è specializzato nell'esecuzione di missioni classificate per vari paesi. La prima missione di Sho è infiltrarsi in una base nell'Africa orientale su richiesta della Federazione africana.
Sorcerian (Japan)	Sorcerian è il quinto gioco della serie Dragon Slayer. È ambientato nella terra fantastica conosciuta come Pentawa, i cui abitanti hanno costantemente bisogno di protezione dalle creature feroci che vagano per le terre selvagge. Il re di Pentawa assume un gruppo di avventurieri e il loro primo incarico è recuperare un prezioso scettro da una prigione, dove è custodito dal malvagio signore demoniaco Ouks.
Sotsugyou - Graduation (Japan)	Sotsugyou è il primo gioco della serie, uscito solo in Giappone. Mette il giocatore nella posizione di un insegnante di scuola superiore, il cui obiettivo è portare con successo cinque studentesse alla laurea entro lo stesso semestre. Per fare ciò, il giocatore deve studiare le caratteristiche individuali delle ragazze. Ogni ragazza ha parametri diversi, diversi punti di forza e di debolezza. L'insegnante dovrebbe stare attento a non sovraccaricare gli studenti di lavoro, ma lasciare che facciano ciò che vogliono non è nemmeno il modo giusto. L'insegnante ha anche il controllo su altri aspetti della vita degli studenti: è possibile avere conversazioni personali con le ragazze per motivarle e scegliere per loro attività ricreative (come andare al cinema). Le ragazze possono diventare scontente dell'insegnante o ammalarsi, quindi è importante mantenere alto il morale per ottenere la laurea con successo.
Sotsugyou II - Neo Generation (Japan)	Graduation è un gioco di simulazione di vita dell'anime giapponese. Assumi il ruolo di un'insegnante di scuola elementare a cui viene affidata la responsabilità di insegnare a cinque ragazze nell'ultimo anno di scuola superiore. Decidi i loro orari delle lezioni, fai consulenza di orientamento, interferisci con i loro programmi per il fine settimana e occasionalmente scendi in strada per assicurarti che non si mettano nei guai. Ognuna delle ragazze ha la propria personalità e problemi individuali, e le scelte che farai determineranno se si diplomeranno al liceo, cosa faranno della loro vita dopo e se finiranno per odiarti o meno. Portali tutti nei migliori college e il tuo capo loderà il tuo genio. Se tutti saranno bocciati o finiranno per volerti sposare, sarai ovviamente licenziato.
Sotsugyou Shashin - Miki (Japan)	Questa versione migliorata della precedente versione per computer consente al giocatore di giocare a uno dei giochi direttamente dal menu principale. Entrambi i giochi presentano alcune illustrazioni ridisegnate e una colonna sonora remixata, oltre a voci fuori campo che non erano presenti nelle versioni per computer. I nomi dei protagonisti sono stati cambiati in Naoki Muraoka (Sotsugy? Shashin) e Tetsuya Watanabe (Miki).
Space Adventure Cobra - Kokuryuuou no Densetsu (Japan)	Cobra è un coraggioso pirata spaziale rinnegato che combatte contro la malvagia Pirate Guild e aiuta persone innocenti, navigando da un pianeta all'altro nella sua navicella spaziale, aiutato dalla sua fedele compagna, la ragazza cyborg Lady. L'avventura inizia su una stazione spaziale vicino al pianeta Eldo. L'antica civiltà di questo pianeta è stata a lungo distrutta, ma la luce insolitamente bella che circonda il luogo attira turisti da tutta la galassia. Cobra nota un uomo sospettoso che osserva ogni suo passo. In poco tempo si rende conto che la sua nave è sotto attacco. Chi c'è dietro Cobra? Riuscirà a sopravvivere? Questo è quello che devi scoprire!
Space Adventure Cobra II - Densetsu no Otoko (Japan)	Mentre aspetta in un bar il suo partner, Cobra incontra una bellissima cacciatrice di taglie di nome Jane. Ben presto si rende conto che la taglia di Jane ha cercato la propria testa, per la quale la Galaxy Patrol ha dato una grande ricompensa. Ma tutto cambia quando Crystal Boy, il capo della Pirate Guild e acerrimo nemico di Cobra, appare sulla scena. Il padre di Jane aveva apparentemente nascosto un grande tesoro, codificando la sua posizione nei tatuaggi sulla schiena delle figlie dei suoi tre gemelli. Crystal Boy vuole questo tesoro e insegue Jane e le sue sorelle. Cobra e Jane decidono di unire le forze per trovare le sorelle di Jane e minare i piani di Crystal Boy.
Space Invaders - The Original Game (Japan)	Questa versione di Space Invaders è basata sul gioco arcade del 1994 Space Invaders DX ma manca della modalità parodia di quel gioco. Ciò che resta è la modalità classica che permette al giocatore di scegliere il tipo di cabinato arcade (verticale, bianco e nero, ecc.) come sfondo dell'azione e la modalità contro per due giocatori. La modalità contro è a schermo diviso, ogni giocatore cerca di sopravvivere ed eliminare più invasori dell'avversario.
Splash Lake (USA)	Splash Lake è un puzzle game di strategia d'azione. Ogni round è costituito da un'area giochi a schermo singolo composta da piastrelle sospese su un lago. Controlli uno struzzo che può rompere le tessere e farle cadere nell'acqua. Il tuo obiettivo è usare questa capacità per far cadere in acqua tutti i cattivi sullo schermo. Il gioco presenta più di 60 livelli, una modalità per due giocatori simultanea e filmati umoristici ogni 10 livelli.
Splash Lake - Ostrich Daibouken (Japan)	Splash Lake è un puzzle game di strategia d'azione. Ogni round è costituito da un'area giochi a schermo singolo composta da piastrelle sospese su un lago. Controlli uno struzzo che può rompere le tessere e farle cadere nell'acqua. Il tuo obiettivo è usare questa capacità per far cadere in acqua tutti i cattivi sullo schermo. Il gioco presenta più di 60 livelli, una modalità per due giocatori simultanea e filmati umoristici ogni 10 livelli.
Spriggan Mark 2 - Re Terraform Project (Japan)	Ancora una volta puoi pilotare un mecha in una guerra tra due eserciti opposti, in Spriggan mark 2: Re-Terraform Project, questa volta per decidere il destino di una lontana colonia nello spazio. Come nel primo gioco, altri mecha controllati dall'IA si uniscono alla lotta e parlano persino con il protagonista con la voce fuori campo completa per far avanzare la trama. Il sistema d'arma con codifica a colori dell'originale è scomparso, sostituito con un sistema di potenziamento collezionabile standard. Non sono disponibili opzioni per guardare le spalle del personaggio del giocatore, ma è possibile cambiare la direzione in cui è rivolto il mecha controllato dal giocatore, consentendo al giocatore di affrontare le minacce da dietro.
Star Breaker (Japan)	In futuro, l'umanità ha imparato a navigare sulle navi spaziali. Gli esseri umani si sono diffusi su diversi pianeti della Via Lattea. L'eroe del gioco è un giovane pilota di nome Harry. Stava testando il nuovissimo modello di astronave, ma si è schiantato su Menaris, un pianeta alla periferia del sistema solare Eva, con una civiltà simile al medioevo. Si scopre che riparare la nave sarà tutt'altro che facile, quindi Harry decide di rimanere per un po' e di aiutare gli abitanti di Menaris con i loro problemi, che coinvolgono l'ambizioso Impero Doran. Con l'aiuto di Aria, principessa di Menaris, Harry deve scoprire la verità sulle intenzioni di Doran e, quando la scopre, si rende conto che non utilizzerà la nave riparata per tornare a casa, ma dovrà affrontare qualcosa che minaccia l'intera galassia.
Star Mobile (Japan)	Star Mobile è un puzzle game in tempo reale. Sullo schermo viene visualizzata una grande scala e le stelle cadono continuamente su di essa dall'alto. L'obiettivo è spostare le stelle orizzontalmente mentre cadono in modo tale che il peso sulla bilancia sia in equilibrio. Ogni fase contiene un determinato numero di stelle che il giocatore deve gestire. Le stelle sono disponibili in diversi colori che rappresentano il loro peso. Sia il lato destro che quello sinistro della scala contengono diversi punti in cui le stelle possono atterrare. Se ci sono troppe stelle nello stesso punto, cadranno, diminuendo notevolmente il peso sul lato in cui si trovavano.
Star Parodier (Japan)	Muoviti velocemente e fai esplodere! È un'esplosione ininterrotta di potenza di fuoco e stai attraversando lo spazio, proprio nel mezzo! Il culto dei cervelli che hai sconfitto una volta è tornato, più cattivo che mai. Ma il tuo dito è sul grilletto di un nuovo incredibile attacco techno! Brucia lo Scorpione con un pungiglione nucleare. Aziona i tuoi sidewinder a ricerca di calore. Quindi potenzia per lanciare la tua Super Bomba del giorno del giudizio! Spezza quei cervelli e salva la galassia. Quindi sfida i tuoi amici con una speciale modalità a tempo di competizione per dimostrare chi è veramente la Super Star!
Startling Odyssey (Japan)	In Startling Odyssey, il giocatore interpreta il ruolo di un ragazzino di nome Leon. Un giorno, il suo villaggio natale viene attaccato da mostri. Il suo migliore amico viene ucciso e il mago più potente del villaggio viene trasformato in pietra e rapito dal capo dei mostri. Leon riceve la benedizione dell'anziano del villaggio e inizia la sua ricerca per vendicare la morte del suo amico e per sconfiggere le forze demoniache che minacciano la terra.
Startling Odyssey II - Maryuu Sensou (Japan)	Uno scienziato pazzo di nome Dr. Killbait è riuscito a resuscitare uno degli otto antichi draghi, mettendo in pericolo il paese di Hyneld. Il capitano dei cavalieri del re, Robin Solford, assiste all'attacco del drago al castello. I suoi due compagni vengono uccisi e la principessa Patricia, la sorella adottiva di Robin, non si vede da nessuna parte. Robin è determinato a trovare Patricia e fermare il dottor Killbait, e inizia a vagare per il mondo, sperando di trovare amici che lo aiutino nel suo pericoloso viaggio.
Steam-Heart's (Japan)	Steam Heart's è uno sparatutto in 2D fantascientifico a scorrimento verticale con contenuti erotici. Il gioco si svolge in un lontano futuro, su un pianeta alieno dominato da sette principesse elfiche o catgirl che sono cadute sotto l'incantesimo di un virus unico che le ha fatte impazzire e minaccia di distruggere il pianeta se tutti i governanti dichiarano tutto- fuori la guerra. Solo Blondia Varady (soprannominata &quot;Blow&quot;) e sua sorella Fallandia sono state risparmiate dalla malattia e devono pilotare le loro astronavi da combattimento per penetrare in profondità nel dominio di ogni principessa, distruggere le loro macchine da guerra e somministrare l'antidoto. Fortunatamente per Blow, l'antidoto è stato sintetizzato nel suo organo riproduttivo, quindi ciò significa che c'è solo un modo per inoculare le ragazze....
Strider Hiryuu (Japan)	L'anno è il 2048 d.C. In Russia, il malvagio Gran Maestro Meio ha iniziato il suo folle complotto per conquistare l'universo. Una figura solitaria cade da un aliante invisibile nella base di Meio. Lui è Hiryu, Super Classe A Strider. La sua missione è sconfiggere il Gran Maestro e porre fine ai suoi complotti una volta per tutte. Strider permette al protagonista di correre, saltare, eseguire acrobazie e arrampicarsi su pareti e strapiombi. Brandisce una spada al plasma, chiamata Cypher, attraverso cinque livelli che combattono robot e guardie, con boss di livello medio e finale.
Sugoroku, The '92 - Nari Tore - Nariagari Trendy (Japan)	Nariagari Trendy è un adattamento del gioco da tavolo giapponese sugoroku, la versione &quot;Game of Life&quot; simile al monopolio piuttosto che la variante del backgammon. Quattro personaggi, controllati da giocatori umani o dall'IA del computer, si muovono su un tabellone che rappresenta una città, guadagnando denaro e punti lungo il percorso. I personaggi sono presi da altri giochi Laser Soft, in particolare dalla serie Cosmic Fantasy. La quantità di mosse è determinata dal lancio dei dadi. Campi speciali assegnerebbero al personaggio che atterra su di essi grandi quantità di denaro, l'opportunità di lanciare di nuovo i dadi o porterebbero a vari minigiochi che aumenterebbero i possedimenti del personaggio. Un altro tipo di campi porta a un negozio gestito dal gatto Nyan dei giochi Cosmic Fantasy, che offre carte speciali per soldi.
Summer Carnival '92 - Alzadick (Japan)	Dopo il mitico Recca su Famicom, Naxat Soft torna, questa volta su PC Engine, per un nuovo Carnevale Estivo. Per coloro che non sanno cosa sia il Summer Carnival, è l'equivalente dell'Hudson Caravan Stage. Questi concorsi hanno permesso ai giocatori di tutto il Giappone di competere e vincere premi. Il principio è semplice: giocare durante un tempo definito per ottenere il maggior numero di punti possibile. In questo caso, cosa c'è di meglio di un buon vecchio sparatutto! Alzadick fa pieno uso del principio del gioco a tempo... Tanto che viene da chiedersi perché potrebbe essere commercializzato... Magari solo per permettere ai giocatori di allenarsi per il torneo.
Summer Carnival '93 - NEXZR Special (Japan)	Rilasciato appositamente per il Carnevale estivo di Naxat Soft del 1993, Nexzr Special è una raccolta di fasi e modalità brevi che condividono il loro sistema di gioco e immagini di base con Nexzr. La modalità normale introduce nemici regolari familiari e alcuni nuovi boss. La &quot;Modalità Carnevale&quot; contiene le modalità Score Attack e Time Attack, che richiedono entrambe al giocatore di concentrarsi sul raggiungimento del punteggio più alto piuttosto che semplicemente sulla sopravvivenza. Perciò la difficoltà in questi modi è più clemente; consentono più continue e hanno power-up più generosamente posizionati. Queste modalità offrono anche oggetti più distruttibili sullo schermo, poiché servono specificamente ad aumentare il punteggio.
Super Air Zonk - Rockabilly-Paradise (USA)	Dopo il successo di PC Denjin, il nostro eroe salta su CD con un gioco completamente nuovo e una colonna sonora completamente nuova. Sorvolando i vari paesaggi (puoi scegliere in quale ordine giocare i primi quattro livelli), ti imbatti in maremoti, robot giganti e una schiera generale di cattivi ma carini come ti aspetteresti. Le piante dei giochi originali per PC Kid sono ancora qui per fornire gioie come potenza di fuoco extra, fontane di faccine sorridenti o il minuscolo denjin che rende un po' più facile schivare i proiettili.
Super Albatross (Japan)	Super Albatross è un gioco di golf. Sono disponibili tre modalità: allenamento, match play e torneo. Il match play è essenzialmente una modalità storia che vede il giocatore nel ruolo di un giovane la cui madre è morta e che cerca di trovare conforto nel golf. In questa modalità, gli avversari devono essere sconfitti in modo lineare e le rotte sono dettate dalla storia. Nelle modalità allenamento e torneo il giocatore può scegliere tra sei diversi corsi. La modalità torneo è una competizione tra vari personaggi che sono apparsi come avversari nella modalità match play. Il gioco del golf stesso è sempre visto da una prospettiva dall'alto verso il basso e consente al giocatore di scegliere il tipo di mazza, nonché di regolare l'angolazione e la forza del tiro.
Super Daisenryaku (Japan)	Super Daisenryaku è uno dei tanti titoli della lunga serie strategica di guerra di SystemSoft. Le meccaniche di gioco sono basate su Daisenryaku II, ma molte delle mappe incluse sono esclusive di questa versione, incluse molte basate su Phantasy Star nella versione console di Sega. Non esiste una modalità campagna e tutte le mappe incluse possono essere giocate. Alcune mappe sono per due giocatori, altre per quattro e qualsiasi mappa può essere giocata con qualsiasi combinazione di giocatori umani e computer. Le versioni per computer dispongono anche di un editor.
Super Darius (Japan)	Super Darius è una conversione di Darius per il PC Engine CD e l'unico tentativo di conversione accurata del gioco per molti anni; utilizza persino registrazioni di musica ed effetti sonori direttamente dal PCB arcade! L'altra sua pretesa di fama è l'introduzione di tutti i 26 boss della bozza originale di Darius, alcuni dei quali sono stati visti in precedenza su materiale promozionale.
Super Darius II (Japan)	Super Darius II è un Darius II aggiornato rilasciato per il TurboGrafx-CD con un set completamente nuovo di boss, importanti modifiche ai livelli e una colonna sonora completamente arrangiata che include nuove canzoni.
Super Mahjong Taikai (Japan)	Super Mahjong Taikai è il seguito di Mahjong Taikai. La struttura e il gameplay del gioco sono quasi identici a quelli del suo predecessore. Tra le differenze c'è la possibilità di selezionare un ritratto del personaggio principale (maschio o femmina) e alcuni personaggi storici aggiuntivi contro cui competere: ad esempio, il signore della guerra giapponese medievale Oda Nobunaga è ora affiancato da Toyotomi Hideyoshi e Tokugawa Ieyasu, famoso storico personaggi della stessa epoca. Anche il roster dei personaggi moderni (in particolare sviluppatori come Kou Shibusawa) è stato ampliato. Come nel gioco precedente, è possibile accedere alla modalità grande torneo solo dopo che il giocatore è sufficientemente avanzato nella classifica.
Super Raiden (Japan)	Una conversione del classico sparatutto arcade, Raiden segue le convenzioni del genere con capsule colorate di potenziamento che danno armi diverse una volta raccolte. Raiden è uno dei grandi di tutti i tempi negli annali della storia degli sparatutto. Non sono solo la grafica e i suoni eccellenti, ma il gameplay coinvolgente che ti rende dipendente per anni. È anche in grado di suscitare momenti da far rizzare i capelli e le abilità di schivata dei proiettili sono spinte all'estremo
Super Real Mahjong P.V Custom (Japan)	Super Real Mahjong PV è il quinto capitolo della serie di strip mahjong. Non c'è una storia di fondo nel gioco; il giocatore viene semplicemente presentato a tre ragazze delle superiori - Mizuki, Aya e Akira - che lo sfidano al gioco del mahjong. La modalità principale del mahjong è quella della varietà uno contro uno; dopo ogni giro completato con successo la ragazza si toglie una parte dei suoi vestiti.
Super Real Mahjong PII-III Custom (Japan)	Super Real Mahjong PII & PIII è una compilation che contiene Super Real Mahjong PII e Super Real Mahjong PIII, che sono stati rilasciati solo nelle sale giochi come giochi separati. Entrambi i giochi sono partite di mahjong uno contro uno abbastanza semplici; il giocatore non può selezionare l'avversario e il gioco finisce quando si perde un round di mahjong. La compilation presenta una grafica e un'animazione migliorate, nonché modalità di gioco aggiuntive: mahjong a quattro giocatori (nelle versioni per computer) e modalità contro, in cui il giocatore può selezionare gli avversari (nella versione PC Engine / TurboGrafx CD).
Super Real Mahjong PIV Custom (Japan)	Originaria delle sale giochi, questa puntata della serie Super Real Mahjong mette il giocatore nel ruolo di un membro di un club di mahjong che gareggia contro tre avversarie. I round vinti dal giocatore portano a animazioni di spogliarsi; tuttavia, mentre la versione per computer ha una nudità esplicita, le versioni per console sono censurate. Tutte le versioni hanno gli stessi avversari, filmati e regole di gioco. La versione per computer aggiunge una modalità contro in cui le ragazze possono competere l'una contro l'altra, mentre la versione Super Famicom (SNES) ha una cosiddetta &quot;modalità puzzle&quot;, che rivela parti di un puzzle mentre il giocatore vince i round di mahjong.
Super Real Mahjong Special - Miki Kasumi Shouko no Omoide yori (Japan)	Questa puntata della serie Super Real Mahjong presenta i personaggi titolari Mika, Kasumi e Shōko come avversari del mahjong. Non c'è una storia di fondo nel gioco e nessuna modalità aggiuntiva: il giocatore seleziona semplicemente uno dei personaggi e gioca a mahjong finché lui o la ragazza non finiscono i soldi. Le immagini delle ragazze vengono sbloccate man mano che il giocatore accumula vittorie.
Super Schwarzschild (Japan)	Super Schwarzschild è uno spin-off della serie Schwarzschild. Lo scenario del gioco è basato su quello di Schwarzschild II. La storia è molto più elaborata e specifica del personaggio; a differenza del gioco precedente, c'è una trama lineare avanzata attraverso dialoghi e filmati in stile anime. Il giocatore prende il controllo di Alcion, il principe ereditario del regno di Auraclume, che è costretto a interrompere i suoi studi all'estero e tornare nel suo paese per difenderlo da un nemico infido.
Super Schwarzschild 2 (Japan)	Il seguito di Super Schwarzschild offre uno scenario originale che si svolge dopo la Grande Guerra dei Somari. Come altri giochi di Schwarzschild, è ambientato nel 40° secolo e ritrae una complessa situazione politica e militare all'interno di uno star system. Gli eventi del gioco si svolgono all'interno o intorno al regno di Istramu, un tempo potente, che è stato gravemente indebolito dalla morte del re. I leader temporanei si sono sostituiti a vicenda e l'instabilità ha portato a una rivolta globale nello spazio circostante. Il giocatore assume il ruolo di vari personaggi appartenenti al movimento di resistenza.
Sword Master (Japan)	Una notte, un viaggiatore solitario e dall'aspetto cupo che si fa chiamare Ascia appare in un pub alla periferia del castello di Satania. Incontra Althea, una ragazza di un villaggio i cui abitanti sono stati massacrati dagli orchi. I due si recano al castello, dove incontrano il re di Satania, e vengono a conoscenza di un antico e potente artefatto che ora ha causato la resurrezione di un potente demone. Axe rivela la propria eredità demoniaca, ma è disposta a unire le forze con il popolo del regno e combattere contro i suoi parenti...
SydMead's TerraForming (USA)	In Terraforming, la razza umana è fuggita nelle profondità dello spazio dopo che la Terra è diventata inabitabile. Di conseguenza, viaggiano da un pianeta all'altro nel tentativo di trovare un pianeta abbastanza adatto da trasformarsi in una nuova Terra. Lungo la strada incontrano razze aliene che devono distruggere nel tentativo di sopravvivere e continuare la razza umana.
Sylphia (Japan)	Sylphia è ambientata in un ambiente ispirato alla mitologia greca. L'eroina del gioco era una fanciulla senza paura che ha cercato di proteggere la sua città natale dall'assalto dei mostri. Ma anche il suo potere non fu sufficiente, e fu uccisa... Toccata dal suo sacrificio, la dea Atena la fece rivivere come una semi-dea volante. Ripristinata a nuova vita, Sylphia può ora scatenare la sua ira sui mostri e sui loro sostenitori.
Tadaima Yuusha Boshuu-chuu (Japan)	Tadaima Yūsha Boshūchū è un titolo semi-umoristico che incorpora elementi di gioco di ruolo e strategia. Il gioco si svolge in una terra fantasy medievale popolata da varie razze; Quando la terra viene conquistata da invasori demoniaci, il re lascia andare la sua responsabilità e affida il compito della liberazione nelle mani di un gruppo di eroi. Quattro giocatori (umani o controllati dall'IA) selezionano i loro personaggi, ognuno dei quali rappresenta una razza esotica, e li portano in una missione per liberare la terra.
Taiheiki (Japan)	Taiheiki è un gioco di strategia a turni basato sull'omonima epopea storica giapponese del 14° secolo. Come il libro, il gioco ritrae la lotta tra la Corte del Nord, governata dal decadente H?j? clan (poi tradito dal loro vassallo Ashikaga Takauji) e la corte meridionale dell'imperatore Go-Daigo. Il gameplay ha forti elementi di grande strategia ed è simile alla serie di &quot;simulazione storica&quot; di Koei. Il giocatore può scegliere di controllare le forze del Nord o del Sud, scegliendo le azioni per il leader e tutti i suoi vassalli. Il giocatore può scegliere di impegnarsi nella diplomazia con i governanti di altre province, firmare accordi e gestire e navigare gli eserciti. Il combattimento si svolge su una griglia dall'alto verso il basso separata, sulla quale il giocatore guida i soldati a turni. Le battaglie individuali procedono automaticamente, il loro esito in base agli attributi del partecipante.
Tanjou - Debut (Japan)	Tanjou - Debut mette il giocatore nel ruolo di un agente di una compagnia musicale, che deve lavorare con tre potenziali star dell'intrattenimento: tre ragazze di nome Aki, Kumi e Saori. All'inizio del gioco, il giocatore vede le statistiche di ogni ragazza e la descrizione della sua personalità. Quindi inizia la formazione. La maggior parte del gioco viene speso per pianificare i programmi per le ragazze. Praticare abilità musicali, lavorare, fare vacanze: tutto influenza le statistiche delle ragazze. È importante mantenere le ragazze felici e ridurre il loro stress; allo stesso tempo, trascorrere le vacanze senza praticare diminuirà le tue capacità professionali. Mantenere il giusto equilibrio è la chiave qui.
Tecmo World Cup Super Soccer (Japan)	Tecmo World Cup Super Soccer è molto diverso dall'omonimo Tecmo World Cup Soccer. In questo gioco di calcio (calcio) i giocatori possono scegliere tra competere per la Coppa del Mondo o partecipare al torneo del campionato giapponese. Sono disponibili solo otto squadre internazionali (Brasile, Argentina, Giappone, Inghilterra, Francia, Spagna, Italia e Germania). Prima dell'inizio di una partita, i giocatori possono scegliere tra tre strategie generali per la squadra: normale, offensiva o difensiva. È inoltre possibile selezionare le condizioni meteorologiche (normale, pioggia o neve) e la durata della partita. Il gioco stesso è giocato da una prospettiva in terza persona che cambia leggermente tra isometrica e dall'alto verso il basso a seconda della situazione.
Tenchi Muyou! Ryououki (Japan)	Tenchi Muyō! Ryō-ōki è basato sulla serie manga e anime Tenchi Muyo, in particolare sui 20 episodi OVA Tenchi Muyo: Ryo-ohki (stesso nome del gioco, ma con una romanizzazione ufficiale leggermente diversa). La storia è incentrata su un ragazzo apparentemente normale Tenchi Masaki, che vive in campagna sulla Terra. Dopo aver liberato accidentalmente un pirata spaziale di nome Ryoko, la sua modesta casa attira l'attenzione di persone potenti dallo spazio, tra cui un ufficiale della Polizia Galattica, un famoso scienziato e due sorelle di una famiglia reale in cerca del loro fratellastro scomparso da tempo . Presto Tenchi scopre la verità sulla sua identità e sui suoi super poteri, ma non riesce ancora a gestire una famiglia con cinque giovani donne attraenti, alcune delle quali sembrano avere un interesse speciale per lui...
Tenchi o Kurau (Japan)	Nato nella sala giochi, Dynasty Wars è un gioco ispirato e costruito nell'era dei Tre Regni della storia cinese e più specificamente basato sull'adattamento della storia del manga Tenchi o Kurau. Il giocatore adotta l'identità di un antico guerriero cinese. A cavallo, deve eliminare tutti i suoi avversari, principalmente fanteria e arcieri.
Tengai Makyou - Deden no Den (Japan)	Deden no Den è una versione promozionale di Bomberman '94 con distribuzione limitata. Il gioco era disponibile solo tramite la newsletter di Hudson al loro Caravan Tournament. Contiene solo un livello del gioco completo (solo modalità da 2 a 5 giocatori), ma sostituisce il personaggio titolare con Kabuki Danjūrō, un personaggio popolare di Tengai Makyō Giochi. I giocatori controllano fino a cinque Kabuki con abiti di colore diverso.
Tenshi no Uta (Japan)	Kearu, un giovane guerriero della terra di Erin, è incaricato dal suo anziano del villaggio di proteggere Krea, una giovane ragazza che è stata trovata da piccola vicino all'ingresso del villaggio. Alla giovane coppia viene affidato il compito dal re di recuperare e consegnare un fiore magico noto come Eureka. Tuttavia, sulla strada per il castello, vengono attaccati da un mostro alato, che porta via Krea. Kearu si rende conto che questo rapimento non è stato accidentale e ha qualcosa a che fare con la misteriosa origine di Krea.
Tenshi no Uta II - Datenshi no Sentaku (Japan)	Il destino è un giovane il cui compito è pattugliare il suo villaggio e proteggerlo dai mostri. Un giorno, mentre sono di pattuglia, Fate e la sua amica Shion incontrano una misteriosa ragazza nella vicina torre. Riusciva solo a ricordare che il suo nome era Rhianna, ma nient'altro sulle sue origini e su come fosse finita in questa torre. Poco dopo, il villaggio viene attaccato da mostri e bruciato. Il destino, Shion e Rhianna scappano e il destino promette a Rhianna che l'aiuterà a ritrovare la memoria e a trovare la verità sul suo passato.
TerraForming (Japan)	In Terraforming, la razza umana è fuggita nelle profondità dello spazio dopo che la Terra è diventata inabitabile. Di conseguenza, viaggiano da un pianeta all'altro nel tentativo di trovare un pianeta abbastanza adatto da trasformarsi in una nuova Terra. Lungo la strada incontrano razze aliene che devono distruggere nel tentativo di sopravvivere e continuare la razza umana.
Todd's Adventures in Slime World (Japan)	Mentre voli con la tua astronave, atterrerai su un pianeta interamente coperto di melma. Tu e un amico esplorate il labirintico pianeta della melma, armati di una pistola ad acqua e di tutti i tipi di gadget che troverete lungo la strada nel tentativo di ritrovare la via d'uscita. Il mondo di gioco è un gigantesco labirinto con strane aree nascoste e molte idee originali per il layout. A seconda della modalità di gioco, stai cooperando o gareggiando con il tuo &quot;amico&quot; per trovare e arrivare prima a un'uscita. A causa delle enormi dimensioni dei mondi di melma (circa 6 voci tra cui scegliere), i giochi spesso richiedono diverse ore per essere completati.
Tokimeki Memorial (Japan)	Tokimeki Memorial è un gioco di simulazione di appuntamenti sviluppato e pubblicato da Konami. È stato diretto da Yoshiaki Nagata, con Koji Igarashi che ha contribuito alla sceneggiatura. Pubblicato originariamente su PC Engine nel 1994 solo in Giappone, questo gioco è stato successivamente adattato per PlayStation, Sega Saturn, Super Famicom (come Tokimeki Memorial: Densetsu no Ki no Shita de), Game Boy Color, PlayStation Portable e mobile. Le versioni PlayStation e Sega Saturn intitolate Tokimeki Memorial: Forever With You sono remake che includono un nuovo filmato introduttivo, grafica e audio migliorati e nuovi minigiochi
Top o Nerae! GunBuster Vol. 1 (Japan)	Top o Nerae! GunBuster Vol.1 è basato sull'anime Gunbuster; serie di OAv di Gainax. All'inizio del 21° secolo, l'umanità ha scoperto una razza di alieni simili a insetti mentre colonizzava lo spazio conosciuto. Gli alieni stanno gradualmente avanzando verso la Terra con l'obiettivo di sradicarla. Per contrastare questo, gli umani hanno sviluppato mech giganti che possono essere controllati da piloti addestrati. La storia del gioco segue da vicino il primo capitolo dell'anime, concentrandosi sulla giovane pilota Noriko Takaya e sui suoi primi passi verso la padronanza della sua pericolosa professione.
Top o Nerae! GunBuster Vol. 2 (Japan)	Top o Nerae! GunBuster Vol.2 è il sequel diretto del primo episodio basato sulla serie Gunbuster. Continua la storia iniziata nel primo capitolo, seguendo le avventure della giovane pilota mecha Noriko Takaya quando supera il test ed è ammessa nella squadra di combattimento dei mech, inviata in missione per impedire a una razza insettoide di alieni di distruggere la Terra.
Travel Eple (Japan)	Travel Epuru (o Travel Apple) è un gioco d'azione simile a un puzzle ispirato a Bomberman. Giochi nei panni di Epuru, l'eroina del gioco, e dovrai affrontare un nemico faccia a faccia ad ogni livello usando armi, ma anche trappole e bonus ((guarigione, teletrasporto, ecc.) disponibili sul posto. I livelli sono &quot; open&quot;, a differenza di Bomberman, e puoi muoverti liberamente attraverso di essi. Il gioco è diviso in diversi mondi composti da diversi livelli, l'ultimo è uno scontro contro il boss. I bei filmati vengono per decorare i progressi tra ogni mondo. Il gioco può essere giocato con due persone.
Travellers! Densetsu o Buttobase (Japan)	La più famosa storia eroica del passato si chiama &quot;Knights of Legend&quot;. È una storia di eroi che scesero all'inferno, sconfissero il Re Demone e salvarono i sette mondi da un grave pericolo. Questa storia è ora insegnata in tutte le scuole per i giovani avventurieri, che desiderano diventare eroi e sconfiggere i servi dell'inferno una volta per tutte. Coloro che sono già laureati sono chiamati &quot;viaggiatori&quot;; quattro di loro sono gli eroi del gioco: due giovani uomini e due giovani donne. Guidati dall'impavido spadaccino Ufuru, i viaggiatori iniziano a vagare per la terra in cerca di avventura...
TV Show, The (Japan)	The TV Show è una commedia d'azione simile a Bomberman nel concetto. Il gioco contiene una modalità scenario (giocatore singolo) e una modalità contro (fino a quattro giocatori). Entrambe le modalità offrono sette personaggi tra cui scegliere. I personaggi sono a tema comico e includono una studentessa iperattiva, un ninja corazzato e altri. Non c'è una vera storia dietro questi personaggi; ognuno viene fornito con una breve sequenza introduttiva che porta invariabilmente alla loro ammissione a uno spettacolo televisivo alieno, in cui devono sconfiggere i nemici e raccogliere premi.
Uchuu Senkan Yamato (Japan)	Uchuu Senkan Yamato è basato sulla serie anime Space Battleship Yamato, nota anche come Star Blazers. Gli eventi del gioco seguono quelli degli episodi iniziali. Alla fine del 22° secolo, gli alieni Gamila bombardano la Terra con meteoriti radioattivi. Di conseguenza, la superficie del pianeta diventa inabitabile e gli umani iniziano ad abitare sottoterra. Usando le rovine della corazzata giapponese della seconda guerra mondiale Yamato, gli umani costruiscono una potente astronave e possono finalmente affrontare gli alieni in uno scontro diretto.
Urusei Yatsura - Stay with You (Japan)	Urusei Yatsura: Stay with You è basato sulla serie manga di Rumiko Takahashi. Il protagonista è Ataru Moroboshi, uno studente delle superiori che evoca accidentalmente l'amore nel cuore di Lum, la principessa di una razza aliena simile a un demone. Il gioco non racconta gli eventi iniziali del manga e invece è costruito come un episodio, assumendo la familiarità del giocatore con la storia generale e i personaggi. L'ex fidanzata di Ataru, Shinobu, scompare in circostanze misteriose. Ataru e Lum devono esplorare l'edificio del liceo e scoprire cosa è successo a Shinobu.
Valis II (USA)	Valis II ha la stessa trama di base della sua controparte computerizzata: Rogles, il tiranno del mondo magico Vecanti, è stato sconfitto e un nuovo imperatore di nome Megas sta terrorizzando i suoi abitanti. Spetta alla studentessa giapponese Yuko vestire i panni del Soldato Valis e sconfiggere Megas. nnPer quanto riguarda il gameplay, questa versione differisce in modo significativo dalle versioni per computer. Sebbene abbia sei fasi che terminano con gli stessi boss nemici, il design dei livelli, il layout e molti nemici regolari sono diversi. Questa versione rimuove completamente anche due caratteristiche di gioco chiave della versione per computer: la possibilità di equipaggiare diverse armi e armature e le fasi dello sparatutto volante a scorrimento laterale.
Valis III (USA)	Dopo che Yuko ha sconfitto i malvagi Rogles, la pace è scesa sulla Terra e sul magico mondo di Vecanti. Ma una nuova minaccia è sorta: un uomo enigmatico di nome Glames dal Mondo Oscuro, possessore di una spada di nome Leethus, sta progettando di conquistare sia la Terra che Vecanti, convinto che non ci sia altro modo per salvare il suo mondo dalla distruzione imminente. Una giovane ragazza del Mondo Oscuro di nome Cham fugge da Glames e chiede a Yuko di aiutarla a fermarlo con l'aiuto della sua spada Valis. nnCome i suoi predecessori della serie, Valis III è un gioco d'azione platform a scorrimento laterale. A differenza delle puntate precedenti, il giocatore può controllare tre personaggi nel gioco: Yuko, Cham (che usa una frusta e combatte in modo simile ai protagonisti di Castlevania) e la principessa Valna di Vecanti, che è fisicamente più debole, ma può lanciare magie più potenti. Ciascuno dei personaggi può equipaggiare armi diverse e ha accesso ai propri incantesimi.
Valis IV (Japan)	Re Asfal dal Mondo Oscuro aveva un figlio di nome Galgear, che ereditò da lui un anello magico e di conseguenza divenne pazzo. Il principe fu imprigionato, ma riuscì a liberarsi, rapire Valna, la regina di Vecanti, e insediarsi come nuovo sovrano della Terra dei Sogni. Cham, il leader della resistenza contro Galgear, sente la voce di Yuko, l'ex soldato Valis che ora è diventato una dea, dicendole che uno dei membri della resistenza, una ragazza di nome Lena, è l'erede della spada Valis. Lena e sua sorella Amu decidono di salvare Valna e trovare un modo per fermare Galgear. nnCome i suoi predecessori, Valis IV è un platform d'azione. È simile al gioco precedente in quanto consente al giocatore di controllare tre diversi personaggi: Lena, Amu e Asfal. Ciascuno dei personaggi brandisce un'arma unica (spada Valis per Lena, boomerang per Amu e tridente lancia per Asfal) e ha accesso ai propri incantesimi elementali (tuono per Lena, fuoco per Amu, ghiaccio per Asfal).
Vasteel (USA)	Il pianeta che governa il Sistema Solare Vasteel si chiama Belose. Gli imperatori della dinastia Faracia governano il pianeta da centinaia di anni. Tuttavia, l'ultimo imperatore si rivelò piuttosto impopolare tra il popolo e iniziò a parlare di cambiare il sistema di governo. Inaspettatamente, l'imperatore si ammala gravemente e muore poco dopo. Suo figlio maggiore, Faliall, viene proclamato erede. Tuttavia, il fratello minore di Faliall, Stefan, si prende cura dei desideri della gente semplice ed è disposto a cambiare le cose. Inizia così la sanguinosa guerra tra i due fratelli per il potere e la giustizia...
Vasteel 2 (Japan)	Vasteel 2 è formalmente un sequel di Vasteel; è anche ambientato nell'omonimo sistema solare futuristico immaginario e si occupa principalmente di battaglie strategiche tra robot. Tuttavia, la sua storia non è direttamente collegata a quella del predecessore. L'eroe principale è un ragazzo di nome Voice Knuckles, che gode di una vita tranquilla con sua madre e la sua ragazza Diggy. Ma il crudele imperatore Agares attacca il suo pianeta e distrugge la casa di Voice, uccidendo sua madre nel frattempo. Il ragazzo giura vendetta. Aiutato dalla sua ragazza e dai suoi amici, assembla un esercito ribelle composto da combattenti che navigano su robot giganti ed è determinato a sconfiggere Agares a tutti i costi.
Virgin Dream (Japan)	Si tiene un &quot;Pretty Girl Contest&quot;, che è più di un normale concorso di bellezza: entro un anno, una ragazza dovrebbe diventare una star. La bellezza conta, ma anche l'abilità. In qualità di manager di una delle ragazze che vuole partecipare al concorso, il giocatore deve fare tutto ciò che è in suo potere per raggiungere l'obiettivo e aiutare il discepolo a raggiungere la celebrità! Virgin Dream è ciò che viene comunemente chiamato simulazione di vita, un genere reso popolare da giochi come la serie Princess Maker. Il giocatore gestisce la vita della giovane con un obiettivo preciso in mente, che deve essere scelto dal menu principale. La ragazza può sforzarsi di diventare una cantante, una fotomodella, un'insegnante di scuola, ecc. Il giocatore quindi cerca di modificare le sue statistiche di conseguenza per raggiungere l'obiettivo.
Where in the World Is Carmen Sandiego (Japan) (En,Ja)	Inizi come un detective alle prime armi il cui compito è rintracciare un gruppo di ladri che rubano i tesori più preziosi del mondo. Dopo ogni briefing di assegnazione, ti verrà data una scadenza per catturare il ladro che ha rubato l'artefatto utilizzando indizi che riguardano la tua conoscenza della geografia. nnIl gioco è una versione aggiornata dell'originale Where in the World is Carmen Sandiego?, con grafica migliorata, effetti sonori e schemi di controllo aggiuntivi, come il supporto del joystick per piattaforme di computer.
Winds of Thunder (Japan)	Nella terra un tempo pacifica di Maestrale, la leggenda narra di un coraggioso cavaliere di nome Drak che ha sigillato un dio malvagio di nome Deoric sotto i sei continenti della terra. Tuttavia, la pace non dura mai. L'Impero Garuda ha invaso le terre di Maestrale e i sei Generali Oscuri, guidati da Sornbul, hanno conquistato i continenti. L'ambizione di Sornbul non è altro che quella di resuscitare Deoric e far precipitare la terra nel caos. nnDuran, discendente di Drak, è l'unico che può fermare il folle piano dell'Impero Garuda e, con il potere delle armature mistiche di Drak, si dirige a fermare Sornbul ad ogni costo.
Wizardry I, II (Japan)	Wizardry I-II contiene le prime due puntate della serie Wizardry: Proving Grounds of the Mad Overlord e Knight of Diamond. Entrambi i giochi sono stati trasferiti sulla console CD PC Engine (TurboGrafx) con vari miglioramenti, non rilasciati separatamente. In effetti, i due giochi sono fusi in uno solo, in quanto il giocatore può giocarci entrambi continuamente direttamente dal menu principale. nnSebbene i giochi siano piuttosto fedeli nel gameplay e nella progettazione grafica alle versioni originali per computer, i miglioramenti sono abbastanza significativi da considerare questa versione un remake. Analogamente alla versione NES/Famicom, i dungeon hanno una grafica semplice, a differenza degli originali per computer con le loro linee vettoriali. Gli sprite nemici sono anche più dettagliati e occupano una porzione più ampia dello schermo.
Wizardry III, IV (Japan)	Wizardry III?IV contiene due giochi di ruolo della serie Wizardry: Legacy of Llylgamyn e The Return of Werdna. Entrambi i giochi sono stati trasferiti sulla console CD PC Engine (TurboGrafx) con vari miglioramenti, non rilasciati separatamente. Il giocatore inizia automaticamente a giocare a Legacy of Llylgamyn; è possibile accedere a The Return of Werdna tramite l'opzione &quot;Utility&quot; nel menu della città. Sebbene i giochi siano piuttosto fedeli nel gameplay e nella progettazione grafica alle versioni originali per computer, i miglioramenti sono abbastanza significativi da considerarlo un remake. nnA differenza degli originali per computer con le loro linee vettoriali, i dungeon ora hanno una grafica semplice. Anche gli sprite nemici vengono disegnati in modo più dettagliato.
Wizardry V - Heart of the Maelstrom (Japan)	Dopo che il globo di L'Kbreth è stato utilizzato per riportare la pace nella terra di Llylgamyn, nella regione emerge una nuova minaccia. Strane energie malevole sono state avvistate sotto il Tempio dei Saggi. Queste energie - chiamate &quot;Maelstrom&quot; dagli abitanti locali - possono essere sigillate da una persona conosciuta come il Guardiano. Sfortunatamente, quest'ultimo è stato imprigionato da un misterioso potere o persona chiamata solo SORN. Un gruppo di coraggiosi avventurieri cerca il sommo sacerdote G'bli Gedook, il guardiano del globo di L'Kbreth, che spiega loro che devono liberare il Guardiano e alla fine sconfiggere il male al suo interno. nnWizardry V: Heart of the Maelstrom ritorna al concept di gioco dei primi tre capitoli della serie, abbandonando l'insolita premessa del suo predecessore.
Wonder Boy III - Monster Lair (Japan) (Rev 3)	Sentendosi più simile al primo Wonder Boy che al secondo, Monster Lair è un frenetico gioco di piattaforme a scorrimento automatico. I livelli sono divisi in due fasi, la prima è una fase platform, la seconda una fase sparatutto che termina con un boss. Durante il gioco la tua energia conta alla rovescia, quindi devi continuare a raccogliere frutta per ricaricarti. Ci sono una varietà di armi da collezionare: laser, colpi sparsi, scudi rotanti e così via, ma anche questi hanno un timer e non durano a lungo, quindi il cambio di arma è frequente per evitare di rimanere con il tuo colpo di spada a corto raggio di base. Il gioco è uno o due giocatori simultanei.
World Heroes 2 (Japan)	I combattenti del torneo che viaggiano nel tempo sono tornati! Gli otto personaggi originali del gioco precedente ritornano, insieme a sei nuovi personaggi selezionati da diverse epoche e luoghi nel corso del tempo. Chi o cosa c'è dietro questo nuovo torneo? Per scoprirlo, il combattente più forte deve sconfiggere tutti gli avversari, vincere il titolo e affrontare colui che ha tutte le risposte. nnIl secondo gioco di World Heroes presenta nuovi livelli e musica, nonché animazioni e grafica migliorate. I combattenti ora possono riflettere le mosse dei proiettili sui loro avversari e invertire i tiri normali se il tempismo del giocatore è giusto. Anche la modalità Death Match del gioco originale è tornata, ma con una nuova funzionalità: la barra della vita aumenterà o diminuirà quando il combattente infligge o riceve danni. Se il giocatore riesce a portare la barra della vita del suo combattente al 100%, il nemico perderà.
Wrestle Angels - Double Impact (Japan)	Wrestle Angels: Double Impact è simile nel concetto a Wrestle Angels V1, essendo una simulazione di business con incontri di wrestling a turni tra giovani donne attraenti. Il gioco ha tre modalità: esibizione, gestione della squadra e debutto di nuovi giocatori. La modalità Esibizione consente al giocatore di scegliere tra un'ampia varietà di lottatori e competere in modalità singola, doppia o tag team (sei lottatori). Il debutto di un nuovo giocatore mette il giocatore nel ruolo di famosi lottatori del franchise, guidandoli attraverso sessioni di allenamento e una serie di partite. nnLa gestione del team è la modalità più ampia del gioco. In questa modalità, il giocatore assume il ruolo di un manager che deve assemblare una squadra di lottatori per competere nei campionati regionali giapponesi. Nuovi lottatori possono essere scelti da atleti noti, o &quot;scoperti&quot; per strada, con vari effetti.
Wrestling Universe - Fire Pro Joshi - Dome Choujo Taisen - Zenjo vs. JWP (Japan)	Molto prima che la WWE introducesse gli incontri di wrestling delle Divas, in Giappone c'era una faccenda più seria, in cui l'abilità di wrestling era più importante delle protesi mammarie e le partite erano &quot;reali&quot; (per quanto riguarda il wrestling) invece di combattere con i cuscini o reggiseni e lotte di mutandine. nnIn questo gioco della Fire Pro Series, è disponibile il cast della promozione All Japan Women's Pro-Wrestling, che lotta per vincere la cintura rossa, il premio più alto della federazione. È anche possibile combattere in partite singole, tornei, Battle Royal e partite a eliminazione. È presente la consueta gamma di opzioni in CAW, essendo possibile creare 16 nuovi Wrestler. nnIl gameplay, come al solito è la serie, è drammaticamente diverso rispetto alla maggior parte dei giochi occidentali. Ogni lottatore ha un sacco di mosse, classificate da deboli a forti. Sebbene sia possibile collegarne uno qualsiasi da situazioni aperte, mentre si lotta solo quando l'avversario è già sconfitto, le mosse più potenti possono essere utilizzate con successo.
Xak (Japan)	Xak I?II è una versione migliorata dei primi due giochi della serie Xak:nnXak: L'arte del palcoscenico visivonnXak II: L'ascesa della Luna RossannPiù che una semplice compilation, questa versione è stata sviluppata da zero, con una grafica più dettagliata, nuove composizioni musicali, doppiaggio e nuove scene tagliate, inclusa un'introduzione comune per entrambi i giochi. L'interfaccia migliorata del secondo gioco è ora presente anche durante il primo. Anche se dal punto di vista del gameplay questa versione è molto simile all'originale, ci sono anche alcune lievi modifiche: i nemici sono più aggressivi e talvolta appaiono in punti diversi rispetto all'originale. Sebbene questa versione contenga entrambi i giochi, vengono trattati come un gioco lungo ed è possibile iniziare a giocare al secondo solo dopo aver completato il primo.
Xak III - The Eternal Recurrence (Japan)	Il grande eroe Latok, discendente del dio della guerra Duel, è tornato nella sua città natale Fearless, dove vive pacificamente con sua madre. Ma un giorno, un messaggero porta una terribile notizia: il castello di Farland è stato attaccato, il re, la principessa e innumerevoli soldati brutalmente uccisi. Zomu Dizae, il terzo e ultimo demone comandante del mondo oscuro Zekisis (Latok ha sconfitto gli altri due, Badu e Gospel), è arrivato. È aiutato dal perfido Negromante, che ha trasformato i soldati di Farland in mostri. Riuscirà Latok a sconfiggere il male ancora una volta?
Yamamura Misa Suspense - Kinsenka Kyouezara Satsujin Jiken (Japan)	Kinsenka Kyouezara Satsujin Jiken è basato su una serie di romanzi dell'autrice di romanzi polizieschi giapponese Misa Yamamura. Il popolare protagonista dei romanzi, l'ispettore Sōsuke Kariya, appare nel gioco come uno dei personaggi; ma l'eroina principale e il personaggio del giocatore è Yuko Kobayakawa, una giornalista che lavora per una rivista gastronomica. Durante un viaggio a Kyoto partecipa a una festa e assiste al misterioso omicidio della moglie separata di un ricco uomo. Yoko decide di restare e aiutare le autorità a indagare sul crimine.
Yami no Ketsuzoku - Harukanaru Kioku (Japan)	Harukanaru Kioku è una rivisitazione dei precedenti giochi Yami no Ketsuzoku. La trama di base segue gli eventi iniziati nella prima puntata, ma è raccontata in un modo completamente diverso, con scene, dialoghi, ecc. diversi. Ad esempio, il gioco inizia poco prima dell'inizio del primo capitolo e contiene conversazioni tra il protagonista Miyu Izawa e la vittima dell'omicidio Marie, che non erano presenti nella storia originale. Anche lo stile visivo del gioco è abbastanza diverso, con una grafica brillante simile a un anime atipica delle voci precedenti.
YaWaRa! 2 - A Fashionable Judo Girl! (Japan)	Basato sul manga e sulla successiva serie anime Yawara: A Fashionable Judo Girl, questo gioco può essere considerato un sequel di Yawara!, poiché i suoi eventi si svolgono dopo la conclusione della trama precedente. Questa volta, il giocatore controlla Fujiko Itou, una delle eroine della serie originale, un'ammiratrice di Yawara. Dopo aver vinto un importante concorso internazionale, Yawara sente di non poter sopportare la fama, desiderando tornare alla vita normale e lasciare il judo. Sconvolta da questa decisione, Fujiko decide di allenarsi e diventare una maestra di judo, per convincere Yawara a tornare. nnA differenza del gioco precedente, che era interamente un &quot;fumetto digitale&quot;, Yawara 2 ha tre diverse modalità di gioco. La parte dell'avventura in stile giapponese si svolge in modo simile al predecessore e alla maggior parte degli altri giochi di questo stile: il giocatore ha alcuni verbi tra cui scegliere da un menu; sceglierli tutti uno per uno fa avanzare invariabilmente la storia. Questa parte è pesante su scene tagliate non interattive.
YaWaRa! A Fashionable Judo Girl! (Japan)	Basato sul manga Yawara! A Fashionable Judo Girl, il gioco segue la storia di Yawara Inokuma, la nipote adolescente di un famoso maestro di judo. Mentre sta cercando di avere una vita normale, suo nonno insiste affinché lei studi l'arte marziale del judo e ha difficoltà a decidere quale sarà il suo obiettivo nella vita. Il protagonista del gioco è uno dei personaggi minori del manga, un giovane giornalista di nome Matsuda. Vedendo come Yawara picchia senza sforzo un aggressore per strada, Matsuda decide di scoprire chi è la &quot;ragazza meravigliosa&quot;, sentendo che diventerà una famosa star dello sport. nnIl gioco è quello che è comunemente noto come fumetto digitale, ovvero un gioco di avventura in stile giapponese senza enigmi e con possibilità di interazione di base molto limitate.
Yokoyama Mitsuteru Shin Sangokushi - Tenka wa Ware ni (Japan)	Tenka wa Ware ni è basato sul manga Sangokushi di Mitsuteru Yokoyama, esso stesso un adattamento della rivisitazione di Eiji Yoshikawa del classico romanzo cinese Romance of the Three Kingdoms di Luo Guanzhong. In quanto tale, il gioco include elementi della trama e alcuni personaggi aggiunti da Yoshikawa o Yokoyama, ma per la maggior parte rimane fedele alla trama generale del romanzo cinese e quindi agli eventi storici effettivi dell'era dei Tre Regni. nnIl gameplay è simile a quello della serie Romance of the Three Kingdoms di Koei, incentrato sulla grande strategia e sulla gestione del paese, nonché sulle battaglie tattiche. Non è possibile selezionare lo scenario, ma il giocatore può scegliere tra più signori della guerra dei tre regni. Il giocatore gestisce quindi la provincia sotto il controllo del signore della guerra selezionato. È necessario prendersi cura della popolazione e dell'esercito, acquistare provviste, addestrare ufficiali e pubblicare editti. La diplomazia gioca un ruolo importante: si possono fare patti e accordi, ed è anche possibile acquisire nuovi alleati attraverso vari mezzi.
Ys Book I & II (USA)	Ys: Book I & II contiene remake migliorati di due giochi: Ys: The Vanished Omens e il suo sequel, Ys II: Ancient Ys Vanished - The Final Chapter. Le versioni avanzate non sono state rilasciate separatamente. nnI giocatori controllano un giovane eroe dai capelli rossi di nome Adol Christin, il cui compito è trovare i sei libri di Ys, un'antica terra paradisiaca misteriosamente scomparsa molto tempo fa. Si dice che chiunque possieda i sei libri possa accedere a Ys. Nel primo gioco, Adol è alla ricerca dei libri e per entrare in Ys. Il secondo gioco si svolge nella stessa Ys e Adol deve sconfiggere un male ancora più grande e liberare la terra. nnQuesta versione offre audio di qualità CD migliorata, grafica di qualità superiore e nuovi filmati in stile anime.
Ys I & II (Japan)	Ys: Book I & II contiene remake migliorati di due giochi: Ys: The Vanished Omens e il suo sequel, Ys II: Ancient Ys Vanished - The Final Chapter. Le versioni avanzate non sono state rilasciate separatamente. nnI giocatori controllano un giovane eroe dai capelli rossi di nome Adol Christin, il cui compito è trovare i sei libri di Ys, un'antica terra paradisiaca misteriosamente scomparsa molto tempo fa. Si dice che chiunque possieda i sei libri possa accedere a Ys. Nel primo gioco, Adol è alla ricerca dei libri e per entrare in Ys. Il secondo gioco si svolge nella stessa Ys e Adol deve sconfiggere un male ancora più grande e liberare la terra. nnQuesta versione offre audio di qualità CD migliorata, grafica di qualità superiore e nuovi filmati in stile anime.
Ys III (Japan)	Dogi, amico di lunga data di Adol Christin, desidera tornare nella sua città natale di Redmont dopo aver sentito di strani disordini che stanno accadendo lì. Sempre alla ricerca di un'avventura, Adol si unisce a lui e scopre presto la causa di questo nuovo male. nnYs III: Wanderers di Ys si allontana dal sistema di battaglia &quot;urtare contro i nemici&quot; dei primi due giochi, consentendo ad Adol di controllare la sua spada in una varietà di direzioni. Oltre a cambiare il sistema di battaglia, la prospettiva del gioco passa a una vista a scorrimento laterale, al contrario di quella dall'alto verso il basso dei giochi precedenti. Adol ha anche la capacità di saltare ora. Una novità nella serie è l'uso di anelli magici, che conferiscono ad Adol diverse abilità di potenziamento come la guarigione e lo scudo. Il gioco utilizza anche vari oggetti chiave trovati lungo il percorso per risolvere enigmi minori e far progredire la storia.
Ys III - Wanderers from Ys (USA)	Dogi, amico di lunga data di Adol Christin, desidera tornare nella sua città natale di Redmont dopo aver sentito di strani disordini che stanno accadendo lì. Sempre alla ricerca di un'avventura, Adol si unisce a lui e scopre presto la causa di questo nuovo male. nnYs III: Wanderers di Ys si allontana dal sistema di battaglia &quot;urtare contro i nemici&quot; dei primi due giochi, consentendo ad Adol di controllare la sua spada in una varietà di direzioni. Oltre a cambiare il sistema di battaglia, la prospettiva del gioco passa a una vista a scorrimento laterale, al contrario di quella dall'alto verso il basso dei giochi precedenti. Adol ha anche la capacità di saltare ora. Una novità nella serie è l'uso di anelli magici, che conferiscono ad Adol diverse abilità di potenziamento come la guarigione e lo scudo. Il gioco utilizza anche vari oggetti chiave trovati lungo il percorso per risolvere enigmi minori e far progredire la storia.
Ys IV - The Dawn of Ys (Japan) (Rev 3)	The Dawn of Ys è uno dei due giochi rilasciati con il titolo di Ys IV, l'altro è Ys IV: Mask of the Sun della Tonkin House. I due giochi condividono la stessa storia di base, ma presentano molte differenze riguardo a eventi concreti, luoghi, dettagli di gioco, ecc. Gli eventi del gioco si svolgono poco dopo quelli descritti in Ys II e prima degli eventi di Ys III: Wanderers da Ys. nnAll'inizio del gioco, Adol e il suo amico tornano nella città di Minea, dove è iniziato il primo gioco. Il malvagio Lord Darm è stato sconfitto ed è ora di rilassarsi e trascorrere del tempo con gli amici, ma non per molto. Un nuovo male sta sorgendo e Adol decide di salpare per la terra d'oltremare di Celceta per indagare su questi eventi. nnYs IV ritorna allo stile di gioco utilizzato nel primo e nel secondo gioco. L'area di gioco è vista da una prospettiva dall'alto verso il basso e il giocatore attacca i nemici correndo contro di loro per causare danni.
Yuu Yuu Hakusho - Yami Shoubu!! Ankoku Bujutsu-kai (Japan)	Ankoku Bujutsukai è basato sul manga Y? Y? Hakusho, che racconta la storia di un giovane delinquente di nome Yusuke Urameshi che muore e si reincarna come ricompensa per una buona azione che ha commesso, servendo ulteriormente come &quot;detective della malavita&quot; e risolvendo misteri legati ai demoni. Questo adattamento del manga segue l'arco narrativo &quot;Dark Tournament&quot;, in cui i membri della squadra di Yusuke affrontano il potente demone Toguro. nnNonostante la sua premessa, che ricorda un gioco di combattimento contro, Ankoku Bujutsukai è uno sparatutto in stile arcade. Il giocatore seleziona uno dei cinque personaggi (Yusuke, Hiei, Kurama, Kuwabara o Genkai) e viene quindi portato a una serie di sparatorie uno contro uno in un ordine predeterminato. Il nemico è visto da una prospettiva in prima persona e il giocatore muove un cursore per mirare e sparare.
Zan - Kagerou no Toki (Japan)	Kager? no Toki segue Yasha Enbukyoku come il prossimo gioco della serie Zan. nnA differenza del gioco precedente, Kager? no Toki non contiene forze soprannaturali (demoni), e si concentra invece su eventi concreti del periodo Sengoku in Giappone, più precisamente del XVI secolo, un periodo della storia giapponese che è stato segnato da continue guerre e leader famosi come Oda Nobunaga o Tokugawa Ieyasu.
Zero 4 Champ II (Japan)	Zero4 Champ II è un sequel di Zero4 Champ. Questa volta, un giovane pilota di strada giapponese è stato sconfitto da un americano che sostiene che il livello del Giappone non è all'altezza. Feriti i suoi sentimenti, il giovane si avventura negli Stati Uniti, cercando di guadagnare abbastanza soldi e partecipare a gare per difendere il suo orgoglio nazionale.
Zero Wing (Japan)	Zero Wing è un gioco sparatutto orizzontale in cui il giocatore controlla uno ZIG, una capsula di salvataggio rilasciata dopo che la sua nave principale è stata attaccata e distrutta dai malvagi cyborg CATS, decisi a conquistare il mondo. nnCome la maggior parte dei giochi del genere, ci sono tre armi con codice colore: rosso (scatter), verde (homing) e blu (laser). Ogni arma ha tre livelli di potenza e per ottenerli è necessario raccogliere potenziamenti simili in sequenza. Tuttavia, ciò che rende unico il gioco è la possibilità di utilizzare un raggio di trazione per intrappolare un nemico e poi scagliarlo contro i suoi coetanei, distruggendoli.
