#key	synopsis
1943 Kai (Japan)	1943 Kai est un shoot'em up sorti sur arcade et adapté ensuite sur PC Engine. Il s'agit d'un shoot'em up vertical jouable à deux. Pour ce qui est du gameplay c'est du classique, on shoot et on évite de se faire descendre. Les bonus apparaissent à l'écran sous forme de « POW » et à chaque fois que vous tirez dessus ils changent.
21 Emon - Mezase! Hotel Ou (Japan)	Au XXIeme siècle, alors que l'humanité a atteint un niveau technologique avancée et voyage dans l'espace, Emon est propriétaire d'un hôtel qui n'a pas changé depuis plus de 200 ans ! Aussi, plus personne n'y vient et devant cet état de fait, des amis, propriétaires d'un luxeux hotel de l'espace vont convier notre héros a y séjourner quelques temps. Ce qui va lui donner quelques idées pour moderniser ses affaires et attirer des clients particuliers : les extra-terrestres... Adapté du manga éponyme de Fujiko Fujio (l'auteur du célébre Doraemon et de Ninja Hattori Kun entre autre) et de la série TV qui en découle, 21emon est un jeu de stratégie original qui vous met dans la peau d'un gestionnaire d'hotel un peu particulier.
Aero Blasters (USA)	Le joueur contrôle un vaisseau et élimine tous les ennemis qui se présentent devant lui. A la fin de chaque niveau, un boss apparaît et laisse peu de place à l'erreur. Évitez les obstacles avec soin pour espérer en sortir vivant où jouer en coopération avec un ami pour une expérience accrue.
After Burner II (Japan) (En)	After Burner II est un jeu d'action sur Turbografx. Le jeu vous met aux commandes d'un puissant F-14 Tomcat afin d'abattre tous vos ennemis lors des différentes missions. Plusieurs armes sont à votre disposition : une mitraillette Vulcan Fire ainsi qu'un nombre limité de missiles.
Air Zonk (USA)	Air Zonk sur TurboGrafx est un shoot'em up dans lequel vous devez éliminer vos adversaires grâce à vos tirs et une armada de bombes. Abattez chaque boss de fin de niveau pour libérer un des amis d'Air Zonk qui, une fois avec vous, pourront lancer de super attaques notamment s'ils sont combinés. Abattez les fleurs d'une certaine couleur pour ramasser des bonus qui font que vous serez plus puissant et gagnerez ainsi plus de points.
Alien Crush (USA)	Alien Crush est un jeu de flipper sur Turbografx. Le titre s'inspire grandement du thème de la science-fiction et des aliens qui viennent en permanence vous mettre des bâtons dans les roues afin de vous faire perdre la boule.
All Star Power League (Japan)	Contrairement aux jeux de base-ball moderne, « World Class Baseball » n'inclut pas de stats de la saison ou les équipes des ligues majeures de Baseball ou les joueurs ; au lieu de cela, il dispose d'équipes telles que les pommes de New York et les Ninjas de Tokyo et les joueurs nommés brique et Fuka. En frappant, le jeu se joue du point de vue de la norme catcher, mais il passe à une vue d'oiseau lorsque la balle est frappée. Ce qui rend ce jeu spécial est l'intelligence artificielle, qui est forte et s'ajuste afin qu'il vous défie toujours.
Andre Panza Kick Boxing (USA)	Dans André Panza Kick Boxing, devenez le meilleur combattant de la discipline. Après avoir choisi votre représentant parmi plusieurs personnages issus de pays différents et possédant des caractéristiques propres, vous devez l'entraîner afin d'être prêt pour les combats. Il faut bien faire attention à ne pas perdre un match, car à chaque défaite, les caractéristiques du boxeur chutent.
Aoi Blink (Japan)	Vous avez trois personnages et vous pouvez choisir entre eux, certains ont la capacité de sauter très haut, tandis que d'autres ont un meilleur tir ... Le jeu est divisé en différentes zones que vous rejoignez grâce à la carte principale. Aoi Blink (ou &quot;Blue Blink&quot;) est un jeu de plateforme mignon qui parvient à trouver sa place parmi la multitude de Beat em all sur PCE, tres joli visuellement et agréable a jouer. C'est aussi parait il un celebre Manga au pays du soleil levant.
Appare! Gateball (Japan)	Appareil Gateball est un jeu de croquet. L'objet du jeu est de frapper la balle à travers de petites portes sur le sol dans un certain ordre et en moins de coups possible. Pour frapper la balle le tir doit d'abord être aligné. puis la puissance du tir doit également être réglée. Pour régler la puissance, le joueur doit arrêter un curseur qui se déplace de gauche à droite en continu.
Armed F (Japan) (En)	Armed Formation F est un jeu directement adapté de la borne d'arcade par Big Don et c'est vrai que dés les premières minutes de jeu, on reconnaît le &quot;Nichibutsu style&quot;: rythme de jeu assez lent, sprites de petites tailles mais nombreux, beaucoup de phase de pilotage, possibilité de mettre ses modules en formation. L'adaptation est correcte mais graphiquement, le jeu a beaucoup perdu: exit les couleurs pastels, on a ici quelque chose de plus brut.
Artist Tool (Japan)	Logiciel de création de dessins. Cette Hucard permet de se servir des accessoires dédiés comme l'Illust Booster, le Print Booster et le Photo Reader.
Atomic Robo-Kid Special (Japan) (En)	Atomic Robokid Special sur Nec propose une version revue est corrigée de cette imparfaite version originale. Si le hit point reste toujours aussi énorme, les développeurs ont cette fois intégré une barre de vie, qui permet de se faire toucher pas mal de fois avant de perdre une vie. Et rien que ça, ça change tout ! Les niveaux ont également un peu changé, ils sont maintenant plus découpés. On en compte une vingtaine. Le but alterne entre trouver la porte de sortie (sans forcément battre tous les ennemis, un comble !), ou se confronter à un bon gros boss qui prend bien de la place à l'écran.
Ballistix (USA)	Ballistix est un jeu de sport futuriste mettant en scène deux joueurs armés de fusils lançant des billes. Le but et d’'envoyer une bille noir dans le but adversaire à l’aide de votre fusil à bille.
Bari Bari Densetsu (Japan)	C'est à l'origine un manga de 38 volumes crée en 1983 par Shuichi Shigeno qui imaginait par la suite le manga &quot;Initial D&quot;. L'histoire est celle de Gun Koma et de ses amis prenants toujours plus de risques sur la route en moto. Deux modes de jeu, le &quot;Travel Mode&quot; ou bien le WGP &quot;World Grand Prix&quot;. Dans le premier mode vous vous entrainez et avez le choix entres 16 circuits. Dans le second c'est la compétition et vous devez vous qualifiez parmi les 7 premiers pour espérer faire la course... il y a aussi un système de password, ce qui vous permet de reprendre ou vous en étiez. Les motos peuvent être &quot;customisées&quot; suivants les conditions atmosphériques, le type de circuit, et tous les éléments du moteurs peuvent être changés comme les suspensions, freins ...
Barunba (Japan)	Barunba est le jeu à avoir dans sa catégorie. Shoot'em up multidirectionnel, il vous emmènera dans des mondes très variés. Sa jouabilité est exemplaire. Grace au bouton select vous avez la possibilité de choisir vos armes qui se boost indépendemment l'une de l'autre suivant les bonus que vous récoltez.
Batman (Japan) (En)	Batman sur Turbografx est un jeu d'action/plates-formes s'inspirant du film Batman sorti en 1989. Six niveaux sont disponibles (dont deux avec des phases de tir), parmi lesquels Gotham City, le Musée Flugelheim ou encore la Cathédrale. Battez-vous et utilisez les nombreux gadgets de Batman pour vous hisser jusqu'au Joker et lui faire mordre la poussière.
Battle Lode Runner (Japan) (En)	Le titre d'action/réflexion Battle Lode Runner sur Turbografx-16 reprend le même principe que le premier jeu en ajoutant une option multijoueur pour que 5 joueurs puissent s'amuser en même temps. Chacun tente alors de récupérer le plus d'or possible tout en évitant les ennemis qui rôdent.
Battle Royale (USA)	Un jeu de catch avec des matchs de type &quot;last-man-standing&quot; jusqua'a 5 joueurs. Le jeu comporte trois niveaux de difficulté, cinq lutteurs à choisir, et deux modes de jeu. Pour les joueurs solo, seul le mode tournoi, avec 15 consécutifs est possible, commençant par un un contre un et continuant jusqu'à un match complet de cinq hommes. Dans le deuxième mode, le nombre de concurrents peut être librement défini pour un seul match.
Benkei Gaiden (Japan)	Benkei Gaiden est un RPG de style japonais traditionnel, placé dans un environnement qui rappelle le Japon de l'époque féodale, avec des éléments surnaturels tels que des monstres etc.Les textes sont en Japonnais.
Bikkuriman World (Japan)	Bikkuriman World sur PC Engine est un jeu d'action/plates-formes dans lequel vous incarnez Wonder Boy dont la tâche principale est d'éliminer le dragon Meka qui terrorise les habitants de Monster Land. Ce jeu introduit la notion de pièces d'or qui peuvent être ramassées sur les monstres. Ces dernières vous permettront d'acheter de l'équipement aux marchands, rendant votre personnage plus efficace.
Blazing Lazers (USA)	Pilotez votre vaisseau à travers les niveaux du jeu et utilisez des capsules d'armes à votre disposition sur le stage pour décupler votre puissance de tir. Affrontez des boss gigantesques et débloquez des engins supplémentaires...
Bloody Wolf (USA)	Bloody Wolf, c'est un jeu d'action militaire. Vous y incarnez un membre d'un commando parti retrouver le président dont l'avion s'est écrasé en pleine jungle. Vous pouvez choisir entre deux personnages mais malheureusement vous ne pouvez pas jouer à deux comme sur la version arcade. Bonne guerre !!
Bomberman '93 (USA)	Bomberman '93 sur la Turbografx est un jeu d'action/réflexion dans lequel on se sert de bombes pour faire exploser ses adversaires au sein de plateaux parsemés de bonus et de pièges. Faites exploser vos pétards à distance ou donnez un bon coup de pied pour les envoyer à l'autre bout de la carte, tous les moyens sont bons !
Bomberman '93 - Special Version (Japan)	Bomberman '93 sur la Turbografx est un jeu d'action/réflexion dans lequel on se sert de bombes pour faire exploser ses adversaires au sein de plateaux parsemés de bonus et de pièges. Faites exploser vos pétards à distance ou donnez un bon coup de pied pour les envoyer à l'autre bout de la carte, tous les moyens sont bons !
Bomberman '94 (Japan)	Mega Bomberman est un jeu d'action sur Turbografx. Dans le mode solo à vous de distiller vos bombes afin de libérer le passage, détruire vos ennemis et récupérer les bonus qui ornent les niveaux. Différents types de kangourous pourront vous prêter main forte sur certains tableaux et le mode multijoueurs permet de faire son choix parmi neuf personnages différents.
Bomberman (USA)	Le premier Bomberman de la PC Engine, est un des premiers disponibles sur console de salon. Le principe du jeu est simple, vous dirigez un petit personnage qui doit, à l'aide de bombes, se débarrasser des ennemis présents dans les niveaux. Une fois les ennemis détruits, un petit carré bleu apparaît et il vous suffira de marcher dessus pour être téléporté vers le prochain niveau. Disposant d'un mode solo, certes intéressant, c'est le mode multijoueurs qui fera le succès de la série. Dans cette version PC Engine on peut jouer jusqu'à cinq simultanément, et là, les parties deviennent extrêmement fun, du pur bonheur. Évidement les bonus sont déjà de la partie.
Bomberman - Users Battle (Japan)	Le premier Bomberman de la PC Engine, est un des premiers disponibles sur console de salon. Le principe du jeu est simple, vous dirigez un petit personnage qui doit, à l'aide de bombes, se débarrasser des ennemis présents dans les niveaux. Une fois les ennemis détruits, un petit carré bleu apparaît et il vous suffira de marcher dessus pour être téléporté vers le prochain niveau. Disposant d'un mode solo, certes intéressant, c'est le mode multijoueurs qui fera le succès de la série. Dans cette version PC Engine on peut jouer jusqu'à cinq simultanément, et là, les parties deviennent extrêmement fun, du pur bonheur. Évidement les bonus sont déjà de la partie.
Bonk 3 - Bonk's Big Adventure (USA)	Après avoir fait les beaux jours de la PC Engine pendant plus de 3 années de suite. Bonk est de retour pour un 3eme épisode tout aussi coloré et sympathique que le second mais avec encore plus de fun et de pouvoir !
Bonk's Adventure (USA)	Disponible sur PC Engine, PC Kid (Bonk's Adventure ou BC Kid sur d'autres supports) est un jeu de plates-formes vous mettant dans la peau d'un homme préhistorique se frayant un chemin à grands coups de boule. Kongo Zilla ou encore la &quot;tête de tracteur&quot; ne sont que quelques-uns des ennemis décalés que l'on peut rencontrer dans cette aventure qui a initialement fait les beaux jours de la console.
Bonk's Revenge (USA)	Bonk's Revenge, aussi connu sous le nom de Pc Kid 2, est logiquement la suite de Pc kid premier du nom. Le personnage principal a été redessiné avec bonheur. L'animation est encore plus fluide que dans le premier volume, et les couleurs sont plus nombreuses. Les petites créatures qui peuplent le monde de Pc Kid sont absolument géniales et vont de la danseuse à patins psychopate jusqu' aux fleurs sauvages qui sautillent, en passant par des dinosaures façon Tex Avery. Votre arme ? Le crâne musclé de Pc Kid et ses coups de boules tonitruants. On s'amusera à contempler notre héros se transformer en fille où en dégénéré surpuissant pour le bien du petit peuple préhistorique. Vive Pc kid !!!
Bouken Danshaku Don - The Lost Sunheart (Japan)	Allez, montez vite dans votre avion, il faut une fois de plus sauver le monde ! The Lost Sunheart - passons sur le nom japonais impossible à retenir pour nous-autres européens - est un shoot très bien scénarisé. Les cut-scènes sont assez pauvres graphiquement mais ont le mérite d'être présentes et d'expliquer bien des choses... en japonais uniquement. Cette fois, c'est une machine folle qu'il va falloir arrêter. La maniabilité est à l'image de nombreux shoots sur PC Engine : sans faille. Le tout reste très classique. Certains power up vous permettent de changer votre tir. Il n'y a par contre pas de smart bomb. Il est également possible de régler sa vitesse en appuyant sur Select.
Boxyboy (USA)	Casse tête plutôt génial et addictif : magasinier aux gros bras oeuvrant dans un entrepôt, vous devez rassembler et/ou pousser des cartons à des endroits biens définis, avec obstacles et voies sans issue à la pelle, une vraie prise de tête ce titre (à l'origine de multiples variantes, bien que propriété exclusive de la société japonaise Thinking Rabbit).
Bravoman (USA)	Bravoman est un jeu de plates-formes/action qui se compose de rien moins que vingt-deux stages (contre trente-deux pour la version arcade !), certains gardés par un boss. Cela dit mettons tout de suite un bémol : si les niveaux sont nombreux, il n'y a par contre qu'une demi-douzaine d'environnements (forêt de bambous, ville, fonds marins, etc.), chacun étant donc réutilisé dans de nombreux niveaux. Hitoshi Nakamura est un salary man nippon tout ce qu'il y a de plus ordinaire, une sorte de Gaston Lagaffe au Pays du Soleil Levant. Mais un beau jour, une créature alien venue de la planète Alpha lui annonce qu'un certain Dr. Bomb menace de détruire la Terre, à l'aide d'une arme aussi improbable que létale. Cependant, l'extraterrestre vous confie trois objets (un bâton, une pièce et une fourche) qui vous transforment par quelque macgyverisation futuriste en un super-héros nommé Bravoman.
Break In (Japan) (En)	Choisissez parmi six jeux de billard comme 9-ball, Rotation ou Carom (un jeu qui se joue sans poches !) Le mode Simulation permet de calculer le coup parfait ou sélectionnez le mode Action pour découvrir ce qui a cloché avec vos coups manqués. Break In donne la possibilité à tous les joueurs, des débutants aux experts, de profiter du billard en mettant à leur disposition tout ce dont ils ont besoin pour s'amuser ! Et ce n'est pas tout, vous pouvez opter pour le mode Technique pour pratiquer les coups d'angles ou les coups spéciaux ! L'ordi vous assistera pour parfaire vos compétences. Avec Break In, vous deviendrez pro en un rien de temps !
Bubblegum Crash! (Japan)	Jeu issu de l'univers de bubblegum crisis sur pc engine. Une aventure qui se passe en rpg texte. De beau graphismes et animations. L'univers semble assez intéressant.
Bull Fight - Ring no Hasha (Japan)	Bull Fight - Ring no Haja est une jeu de boxe, le mode &quot;Champion&quot; se présente comme une belle adjonction carriériste au classique mode &quot;Survival&quot; (= un simple tournoi par pool, auquel plusieurs joueurs humains peuvent participer), puisqu'il faudra y gérer sa progression et gravir un à un les échelons de la gloire, de l'entraînement dans le gymnasium pourri jusqu'au titre de Champion du Japon, Champion d'Orient, ... le climax étant évidemment la ceinture suprême de Champion du Monde. L'autre mode de jeu, &quot;Fighting&quot;, s'inspire davantage des scènes d'entraînement lorsque Rocky, en bon baroudeur qu'il est, se forge à la dure dans les rues de Philadelphie.
Burning Angels (Japan)	Très typé manga, ce petit shoot'em up vous met aux commandes de vaisseaux armés jusqu'aux dents et pilotés par de jolies demoiselles. Burning Angel propose un semblant de scénario : vous incarnez deux nanas qui doivent partir à l'assaut de vilains méchants qui ont kidnappé vos copines scientifiques. Très bateau, cela permet de donner une occasion de plus de rentrer dans le tas de tous ces petits vaisseaux. Durant le jeu, on peut récupérer des capsules avec une étoile dessus, au bout d'un certain nombre, la jauge de spécial devient pleine et une pression sur le bouton Select permet de fusionner les deux vaisseaux, vous rendant invincible et très puissant durant quelques instants.
Cadash (USA)	Cadash est un jeu d'action/plates-formes sur Turbografx avec des éléments de jeu de rôle. La belle Princesse Salasa a été kidnappée par l'infâme Mage Balrog. Le Roi demande votre aide pour la ramener et détruire Balrog. Choisissez votre classe (Combattant, Prêtresse, Ninja ou Mage) et avancez à travers les niveaux en faisant le ménage parmi les monstres pour gagner des niveaux et de l'expérience.
Champion Wrestler (Japan) (En)	La PC Engine possède de nombreuses simulations de catch dans sa ludothèque et parmi elles, on retrouve un jeu édité par Taito : Champion Wrestler. Très proche de Pro Wrestling sur NES, ce jeu vous présente 8 catcheurs qu'on aimerait pas rencontrer le soir au coin d'une rue. Vous pouvez jouer seul contre la machine, mais vous pouvez réunir quelques copains pour des matchs à 2 ou à 4. Une fois sur le ring, le but est bien sûr de flanquer tous les coups possibles à votre adversaire. Selon la position des catcheurs, les boutons déclenchent telle ou telle prise. Quand ils sont face à face, on se limitera aux coups de pied et de poing, mais chaque champion dispose en plus d'un coup spécifique assez ravageur.
Champions Forever Boxing (USA)	Ali, Foreman, Frazier, Holmes et Norton - cinq des plus grands championnats du monde de boxe poids lourds! Choissisez en un ou combattez-les.Bougez,frappez, envoyez des rafales de crochets et uppercuts. Protégez-vous en bloquant les punchs. Provoquez l adversaire. faites des matchs d'exhibition ou une carrière entière de 15 ans.Battez ces 5 légendes et devenez champion pour toujours.
Chase H.Q. (USA)	Chase H.Q trouve indéniablement son inspiration dans Out Run, mais avec un concept différent : un jeu de gendarme et de voleur à la sauce course poursuite. Vous incarnez un membre du département des enquêtes spéciales de &quot;Chase Headquarters&quot; et êtes chargé de traquer des fugitifs en fuite avant de les mettre hors d'état de nuire. Vous avez à votre disposition une voiture (vue de derrière) et il y a un compte à rebours avant la fin duquel vous devez atteindre le fugitif. Cette tâche est souvent rendue plus difficile par la circulation sur la route et les choix d'emprunter deux routes, l'une d'elles est plus lente et le risque est de tomber derrière la voiture ennemie. Une fois la voiture ennemie rattrapée, le joueur bénéficie de temps de bonus supplémentaire bonus pendant lesquelles il doit entrer en collision avec la voiture un certain nombre de fois.
Chew-Man-Fu (USA)	Chew Man Fu sur Turbografx est un puzzle-game où le but est de placer des orbes dans les réceptacles prévus à cet effet en donnant des coups de pieds dedans. Il y a 4 orbes de couleurs aux propriétés différentes. L'orbe rouge est le plus puissant, tandis que l'orbe noir détruit plus rapidement les murs. L'orbe bleu possède une meilleure élasticité et rebondit plus longtemps. L'orbe vert possède des caractéristiques moyennes en attaque, destruction de murs et force de rebond.
Chibi Maruko-chan - Quiz de Piihyara (Japan)	Le personnage populaire Chibi Maruko-chan fait son retour sur PC Engine avec ce jeu d'action / quiz habilement présenté. Choisissez votre difficulté et partez dans la rue. . . Mais méfiez-vous car il y a des oiseaux, des chats et des robots désagréables qui veulent vous zapper
Chikudenya Toubei - Kubikiri Yakata Yori (Japan)	Chikudenya Toubei est un jeu d'aventure initialement sorti sur MSX2 en 1989 et porté sur PC Engine l'année suivante. Le joueur utilise un menu de commandes pour se déplacer, ramasser des objets, parler aux PNJ et autres étapes nécessaires.
China Warrior (USA)	Sous ses airs de Bruce Lee, votre personnage devra se défaire de divers ennemis dans les quatre niveaux de trois chapitres chacun. La jouabilité s´avère encore une fois particulièrement simpliste puisque vous pourrez soit donner des coups de poings ou des coups de pieds à trois niveaux différents (bas, haut, en l´air).
Circus Lido (Japan) (En)	Vous incarnez un petit caméléon qui doit faire le ménage dans une quarantaine de niveaux. Pour vous déplacer, impossible de sauter. Vous devez utiliser votre langue pour arriver à vos fins. Le premier bouton vous permet de gober les monstres et de les recracher, comme dans Bubble Bobble. Sauf que cette fois, vous devez les envoyer sur des plantes carnivores pour les éradiquer définitivement. Dans Circus Lido, impossible de sauter, vous devez utiliser l'autre bouton pour sortir votre langue une fois de plus afin de vous hisser par l'intermédiaire de cordes. Il s'ensuit une maniabilité assez originale, mais qui n'arrive pas à se départir de l'ombre du hit de Taito. C'est dommage, car tout au long des niveaux on prend plaisir à trouver les solutions. En effet, le jeu tient plus du puzzle game que du jeu d'action. Mieux vaut réfléchir avant de jouer, sous peine de se bloquer.
City Hunter (Japan)	City Hunter (Nicky Larson en France) est l'adaptation de la série animée dans un jeu d'aventure/action où il faut résoudre des énigmes. Armé de son célèbre python 357 Magnum, Ryo va donc évoluer à travers des couloirs d'immeubles, des laboratoires des entrepôts ou encore un bateau ou il croisera un bon nombre d'ennemis comme des yakuzas ou encore des femmes militaires armées jusqu'aux dents...
Columns (Japan)	Le principe de Columns est très simple : aligner verticalement, horizontalement ou en diagonale, au moins 3 gemmes de la même couleur. Les joyaux apparaissent par groupe de 3 et une pressions sur le bouton 1 ou 2 permet d’intervertir leur sens. Lorsqu'’il y a trop de bijoux, et que le suivant n’a plus l’'espace nécessaire pour sortir, c’est le fatidique game over.
Coryoon (Japan)	Vous incarnez un petit dragon, et votre mission est de délivrer votre belle princesse aux prises avec le Prince des démons qui l'a transformée en petite fille. Trois sortes d'armement viendront vous aider dans votre quête destructrice, sous forme de boules de couleur avec trois niveaux de puissance : rouge -&gt; flammes, bleu -&gt; éclairs bleus, jaune -&gt; la foudre. Il est possible également, à la manière de R-Type, de concentrer son tir en maintenant le bouton enfoncé, mais il est en général peu utilisé car, d'un côté, il est finalement peu destructeur, et d'un autre, il oblige une attente trop longue vu la floppée d'ennemis nous arrivant sur le dos.
Cratermaze (USA)	Cratermaze est un titre d'action dans lequel vous dirigez Opi qui, pour capturer le grand méchant de l'histoire, peut voyager dans le temps. Soixante niveaux sont à traverser de cette manière, en éliminant les ennemis devant vous. A vous les temps modernes, la préhistoire, les samouraïs, le futur... Vous sauvez un de vos amis tous les quinze niveaux et affrontez des boss de temps à autre.
Cross Wiber - Cyber Combat Police (Japan) (En)	Le joueur dirige un policier du Cyber Combat Police qui doit arrêter le Dr. Sozumi. Il est à noter que l'univers du jeu s'inspire très clairement de la série X-Or avec un héros policier revêtant une armure de combat pour combattre le crime. Le jeu mêle différents genres : action, plates-formes ainsi que quelques phases de shoot sur une moto volante. Le jeu comporte douze niveaux dont deux sous forme de shoot them up. Outre les classiques coup de poing et coup de pied, le joueur peut utiliser trois armes différentes : un pistolet, un boomerang et une épée. Chacune de ces armes peut être améliorée sur plusieurs niveaux (au total, six pour le pistolet, et trois pour chacune des deux autres armes).
Cyber Cross (Japan)	Dans Cyber Cross vous dirigez un jeune héro dans ce SENTAÏ THEM ALL qui a pour mission de sauver le monde des méchants ... A l'instar d'un Renegade et autre Kung fu, vous allez affronter au cours de ce périple une multitude de méchants et pas beau se présentant sous forme d'insectes mutants avant d'affronter à chaque fin de niveaux, le Boss de Fin et de lui démonter la tronche dans la règle de l'art ^^ Pour cela, vous débutez le jeu en tant que simple jeune disposant d'un coup de poing et d'un coup de pied. Grâce au bonus que vous récolterez lors de votre épopée, vous vous transformerez en un X-OR like des temps moderne, en un super héro en collant moulant de couleur flashie (bleu,rouge, vert) tel un JO FRAZIER des grands soirs ... A vous dès lors en fonction de la couleur de votre armure, les boomerangs jaunes, les épées de Jedi et autres pistolets laser ... (sachez que vous avez aussi la possibilité de charger des coups spéciaux)
Cyber Dodge (Japan) (En)	Jeu de dodgeball futuriste avec un choix d'équipes fantastiques et une collection variée de terrains.
Cyber Knight (Japan)	En l'an 2352, l'humanité a colonisé l'espace et des guerres entre colonies ont éclatées. Après une attaque par des Pirates de l'espace, les survivants de l'équipage du vaisseau Swordfish se retrouvent dans une région de la galaxie inconnue. Explorant des planètes, ils doivent lutter à l'aide de leur mecha de combat contre des extraterrestres mécaniques - les Berserkers.
Cyber-Core (USA)	Cyber Core nous conte, une fois n'est pas coutume, l'invasion de la Terre par une bande d'audacieux extraterrestres. Cependant, les Terriens bricolaient un p'tit vaisseau spatial de derrière les fagots... Nous sommes ici en présence d'un shoot 'em up, un shmup vertical qui se tient durant huit niveaux qui vous mèneront chacun dans l'antre d'un boss redoutablement perfide. Vous allez ainsi survoler un océan, une ville, une forêt, un désert, un canyon...
Daichi-kun Crisis - Do Natural (Japan)	Daichi est une vache qui doit sauver 7 régions d'une sorciére qui ravage leur ecosystéme en développant l'agriculture et en replantant des arbres... Un jeu de rôle adapté de la version PC qui connu un immense succès et qui inspirera beaucoup un certain &quot;Harvets Moon&quot; quelques années plus tard. Un jeu culte au Japon.
Daisenpuu (Japan) (En)	Twin Hawk est un shoot'em up sur PC Engine. Tirez, esquivez et tirez de nouveau. Si la bataille vous file entre les doigts, faites appel à un de vos escadrons de soutien et augmentez votre puissance de tir. Il n'y a pas de demi-mesure dans cette bataille, c'est du tout ou rien !
Darius Alpha (Japan) (En) (SG Enhanced)	Darius Alpha est un &quot;spin-off&quot; de Darius édité à à peine 1000 exemplaires, et était à l'époque le prix d'un concours organisé pour les possesseurs des Darius de la PCE. Le jeu reprend tous les gardiens des zones des Darius précédents et vous octroie généreusement trois malheureuses vies et un seul et unique crédit afin d'en détruire le plus possible. autrement dit, c'est pas un pari gagné d'avance !
Darius Plus (Japan) (En) (SG Enhanced)	La principale originalité de Darius en arcade se situait dans son gigantesque écran (qui faisait grosso modo trois fois la taille d'un écran normal !) ; ici ce n'est bien entendu plus le cas. Alors, Darius Plus ne peut plus se distinguer que par sa durée de vie, puisque l'aventure s'étale sur vingt-six niveaux. Cependant, émettons tout de même un léger bémol : vous n'aurez pas à traverser tous ces stages pour voir la fin du jeu. En vérité, à chaque fin de niveau, vous pourrez décider de vous envoler vers le haut ou le bas, ce qui vous mènera à deux niveaux distincts. Concrètement, les stages portent une lettre de A à Z. Une fois que vous avez fini le niveau A, vous pourrez vous rendre dans la zone B si vous prenez la direction haute, ou dans la C si vous prenez la basse. Et ainsi de suite jusqu'à ce que mort s'ensuive. Et la mort, croyez-moi, peut arriver au moindre tournant.
Darkwing Duck (USA)	Darkwing Duck est un jeu de plates-formes sur TurboGrafx. Vous incarnez un canard masqué Darkwing Duck qui doit sauver sa ville St Canard du crime. Pour arriver à vos fins, il vous faudra affronter différents méchants.
Davis Cup Tennis (USA)	Un jeu de tennis très abordable, il est sorti en 1992. Jusqu'à quatre joueurs peuvent participer simultanément à une partie. Une vision moins aérienne que Final Match Tennis le différencie de ce dernier ainsi qu'un gameplay très correct.
Dead Moon (USA)	Après qu'une météorite se fut échouée sur la Lune, une forme de vie nouvelle a été découverte. Forcément, il sont très méchants, alors il faut aller leur péter la gueule. Le gameplay se base en grande partie sur celui de Super Star Soldier ou Final Soldier, avec quatre armes différentes matérialisées par quatre couleurs. Attention à toujours prendre la même couleur sous peine de recommencer avec une nouvelle arme à la force la plus faible ! D'autres options permettent d'avoir des modules qui tournent autour de votre vaisseau ou encore des missiles. Dans Dead Moon, aucune barre de vie, seulement lorsque vous vous faites toucher, vous perdez des options, de la puissance de tir, etc. Lorsque vous vous faites toucher avec un tir minimal, vous perdez une vie. Vous recommencez alors sans temps mort là où vous aviez explosé une seconde plus tôt. C'est seulement lors de l'utilisation d'un continue que l'on doit forcément recommencer le niveau.
Deep Blue (USA)	Shmup relativement connu sur PC Engine non pas par son excellence mais plutôt par sa médiocrité, Deep Blue vous fait incarner un poisson abyssal, chose informe, on a vu mieux niveau charisme. D’'ailleurs, plus qu'un shmup, c’est plutôt un &quot;evite them all&quot; car les ennemis rencontrés ne tirent jamais, ils se contentent de foncer sur vous. Vous allez affronter des nuées de poissons, de poulpes, de méduses, des ’étoiles de mer et j’'en passe. Le jeu ne s’'embarrasse pas de fioriture, juste un écran titre et basta, pas d'’options, rien. On appuie sur Start et c’'est parti.
Detana!! TwinBee (Japan)	Detana!! TwinBee sur TurboGrafx/PC Engine est un shoot'em up montrant deux personnages, Pastel et Light, dans leur périple pour sauver la princesse Melora. Le jeu adopte un style graphique très mignon et c'est à travers six niveaux que vous devez vous frayer un passage entre ces créatures aux allures rigolotes.
Devil's Crush (USA)	Devil Crash (Devil's Crush chez nous) est la suite officielle d'Alien Crush, et en reprend les bonnes idées en les améliorant. Le thème des Aliens a été abandonné au profit d'une ambiance medievalo-fantastique, avec sorciers, dragons et autres bestioles indéfinissables mais peu ragoûtantes. De plus, cette fois-ci le flipper compte 3 tables au lieu de deux, et la transition est (enfin) réalisée à l'aide d'une scrolling, ce qui améliore grandement la visibilité et donc la jouabilité. Enfin, Devil Crash reprend le système des stages bonus, et l'améliorant : ces stages sont plus nombreux (sept en comptant le combat final), et plus difficiles, ce qui les apparente à des combats contre des boss.
Die Hard (Japan)	Basé sur la série d'action explosive avec notre Bruce Willis international, Die Hard est un jeu d'action sur Turbografx. En période de Noël, John McLane aime se retrouver dans des situations extrêmes. En effet notre héros se retrouve coincé dans une tour prise en otage par le machiavélique Hans Gruber. Ne disposant au début que de son Beretta de service, John va devoir monter les étages du gratte-ciel pour récupérer des armes plus lourdes sur ses ennemis afin de déjouer les plans du bandit.
Digital Champ - Battle Boxing (Japan)	Montez sur le ring et de lutter contre les adversaires étrangement familier dans ce jeu de boxe à la première personne. Bloquez et esquivez avec le D-Pad tout en utilisant les boutons pour frapper avec les poings gauche ou droit. Maintenez le bouton enfoncé et vous obtenez un coup plus puissant, mais il nécessite plus de temps et de précision pour être efficace.
Don Doko Don! (Japan)	Don Doko Don! est un jeu de plateformes largement inspiré de Donkey Kong. Au travers d'une centaine de tableaux, vous devrez tuez tout vos ennemis en solo ou en coopération. Tous les 10 niveaux un boss de plus en plus difficile s'opposera à vous.
Doraemon - Nobita no Dorabian Night (Japan)	Dans cette aventure, il semble que Doraemon doive explorer le temps, puisqu'il traversera des environnements tels que la préhistoire ou la Chine antique. Doraemon évoluera à travers des niveaux rectilignes en scrolling horizontal, ou bien des forteresses truffées de passages secrets et d'élévateurs. Dans les nombreuses warp-zones que renferme le jeu, on dégotte un certain nombre de bonus.
Double Dungeons (USA)	Double Dungeons est un jeu d'exploration de donjons. Chaque donjon requiert la même stratégie : le joueur doit trouver et vaincre les monstres les plus faibles, se frayer un chemin jusqu'aux plus coriaces en devenant plus puissant grâce à l'expérience et en achetant un meilleur équipement (avec l'or collecté). Il faudra trouver les bonnes clés pour atteindre le boss, puis éliminer ce dernier pour terminer le donjon. Chaque histoire terminée permet d'obtenir un mot de passe, l'ensemble est nécessaire pour déverrouiller le donjon final.
Down Load (Japan)	Download surprend par la mise en scène; en effet, l'histoire est racontée via des intermèdes animé. L'ambiance est typiquement cyberpunk à la sauce japonaise. Le premier niveau, avec notre héros sur sa moto volante suivant une route goudronnée rappelle énormément le film Akira. Aux commandes de votre moto volante, vous allez parcourir les six niveaux qui sont tous subdivisés en plusieurs parties (3 ou 4), souvent ponctuées par des mi-boss. Avant chaque niveau, vous devez choisir votre arme principale et secondaire (en nombre limité pour cette dernière). Pendant le jeu, on peut aussi récupérer trois types de bonus aux fonctions suivantes: upgrader votre tir primaire, recharger votre tir secondaire et enfin, vous redonnez un peu de vie.
Dragon Egg! (Japan)	Vous incarnez une petite fille. Au départ vous devrez vous déplacer seule et frapper avec ce qui vous tombe sous la main. Mais en récupérant des sphères bleues, vous serez aidée par un dragon. Au départ tout petit, il se cache dans votre sac et vous permet de lancer quelques flamèches, qui portent tout de même un peu plus loin que votre bâton. Ensuite, le dragon grossira assez pour que vous puissiez lui monter sur le dos et sauter plus loin. Enfin, en tant que gros dragon, vous pourrez même planer durant quelques instants, sans parler de ses tirs beaucoup plus puissants. Les six niveaux qui composent le jeu se décomposent en deux ou trois tableaux, plus un boss.
Dragon Saber (Japan) (En)	Dragon Saber est la suite de Dragon Spirit, mais le titre est moins connu. Le gameplay n'a guère changé par rapport à l'original, les deux jeux étant des shoot'em up à défilement vertical dans lesquels vous contrôlez un dragon. Vous survolez des terres bâties, avec des rivières et leurs berges. Vous pouvez tirer sur des vagues d'ennemis ou bien les éviter. En tirant sur eux, vous obtenez des points supplémentaires ainsi que des bonus occasionnels. Les unités terrestres vous tirent également dessus, soyez vigilant.
Dragon Spirit (USA)	La principale originalité de Dragon Spirit est son gameplay à deux vitesses. En effet, vous jouez sur deux niveaux : contre les ennemis en l'air, et contre ceux au sol. Ainsi, vous avez une arme (un bouton) pour les uns, et une autre arme (l'autre bouton) pour les autres. Cela demande un autre type de concentration, et constitue la marque de fabrique de la série. Le monde mis en place est également assez original puisqu'il s'agit de la préhistoire. En effet, vous ne pilotez pas un avion en pleine guerre des étoiles, mais tout simplement un dragon. Vos tirs sont donc toujours plus ou moins des boules de feu. Le système d'upgrade est simple, avec des bonus à attraper qui font monter votre puissance de feu. D'autres permettent des gâteries comme le fait d'avoir deux têtes pour avoir deux tirs à la fois.
Dragon's Curse (USA)	Dragon's Curse sur TurboGrafx-16 est le 3ème volet de la série Wonder Boy. Une sombre malédiction s'est abattue sur notre pauvre héros qui s'est transformé en Méca Dragon. Anéantissez les 5 dragons pour lever la malédiction et sauver le royaume. Vous trouverez de nombreux équipements au cours de votre aventure, comme une épée qui brise les rochers ou une armure qui vous protège de la lave. Choisissez le bon équipement selon la situation à laquelle vous faites face.
Drop Off (USA)	Drop Rock est un casse brique mais présente quand même nombre d'originalités : tout d'abord, les blocs sont ici d'énormes grappes de fruits, qui descendent continuellement vers le bas de la cuve, un peu comme dans Tetris. Le but du jeu n'est pas d'empêcher que les pommes et autres melons n'arrivent au fond de la cuve, mais de faire en sorte qu'ils ne vous touchent pas, et que vous arriviez à survivre suffisamment longtemps pour en éradiquer les racines, sources du mal.
Dungeon Explorer (USA)	Dungeon Explorer est un jeu de rôle basé sur le combat et l'exploration de donjons lugubres. Le jeu propose huit classes de personnages, chacune possédant ses forces, ses faiblesses, et ses attaques spéciales. Dès lors, rétablissez le calme dans votre royaume et renvoyez les monstres envahisseurs d'où ils viennent.
Dungeons & Dragons - Order of the Griffon (USA)	Order of the Griffon se déroule dans l'univers de Mystara, un décor de campagne pour le jeu de rôle médiéval-fantastique Donjons et Dragons développé par TSR de 1980 à 1995 à travers différents suppléments. Très proche du gameplay de Pool of Radiance, Order of the Griffon offre trois types de vues distinctes. Une représentation tridimensionnelle de l'environnement en vision subjective est utilisée pendant l'exploration des donjons et les déambulations en ville, une vue du dessus très lointaine illustre les déplacements sur la carte et enfin un écran tactique avec une vue isométrique sert à la résolution des combats qui se fait au tour par tour.
Energy (Japan)	Le joueur manipule le jeune héros, qui peut tirer des boules d'énergie et sauter. Les attaques appauvrissent sa barre d énergie, qui se recharge progressivement par la suite. La barre de vie du héros ne peut être remplie que par des potions de guérison qui sont parfois abandonnées par les ennemis. Le garçon peut également recueillir des objets qui changent son attaque et / ou mettre à niveau ces attaques au niveau suivant.
Eternal City - Toshi Tensou Keikaku (Japan)	Eternal City: Toshi Tenso Keikaku est un jeu vidéo assez semblable dans le principe a Metroid sur Nintendo et a un degré moindre a Cyborg Hunter & Zillion sur Master System.On se démène dans un gigantesque labyrinthe afin de d'obtenir capacités et droits de passage permettant d'accéder aux zones suivantes.
F-1 Dream (Japan)	Jeu de course en vue aérienne qui vous emmène à travers la carrière d'un pilote voulant devenir champion de F1.
F-1 Pilot - You're King of Kings (Japan)	Vivez la course à bord d'un véhicule finement réglé sur les meilleures pistes de course partout dans le monde. Réglez votre voiture avant chaque course pour maximiser vos chances de gagner.Gardez un oeil devant et derrière à tout moment pour dépasser et bloquer vos adversaires.
F1 Circus '91 (Japan)	Des courses de F1 sur PC Engine, voilà qui est audacieux, pour sûr ! Heureusement, le label-qualité &quot;F1 Circus&quot;, presque aussi reconnu que le fameux &quot;label rouge&quot;, est là pour rassurer les joueurs les plus exigeants. On s'en serait douté, F1 Circus '91 (deuxième épisode sur les quatre que comprend la ludothèque PCE) En effet, comme c'est la coutume avec cette série, la représentation du jeu est vue d'avion, Reste que la représentation aérienne ne gâche rien, permettant au jeu d'être archi-speed (pour une F1, le contraire aurait été regrettable) et en même temps bien technique comme il faut.
F1 Circus '92 (Japan)	F1 Circus '92 - The Speed of Sound reprend le gameplay des opus précédents. Il s'agit donc d'un jeu de course automobile en vue de dessus qui mélange l'aspect arcade (vitesse, jouabilité immédiate), et des éléments de simulation (réglages, gestion des dégâts). Les menus sont sobres et efficaces. Le jeu mélange anglais et japonais. Ce dernier point n'est pas bloquant car il n'intervient que rarement, lors de phases facilement compréhensibles.
F1 Circus (Japan)	Un jeu à essayer, un très bon gameplay assez difficile, une vue de dessus originale car c'est le circuit qui pivote et non la voiture, un peu déconcertant au début mais on s'y fait. Les adversaires sont coriaces mais pas imbattables, profitez des essais libres pour memoriser le circuit de manière à ne pas vous retrouver en queue de peloton. La série est une référence sur PCE.
F1 Triple Battle (Japan) (En)	Jeu de course pour basé sur la classe de course Open-wheel Formula One. L'écran est divisé trois fois horizontalement et permet de jouer jusqu'à trois joueurs simultanément. Lorsqu'il s'agit d'un seul joueur ou de deux joueurs, la partie supérieure de l'écran affiche une carte du parcours. Le jeu comporte un mode de Championnat du Monde, un mode entraînement et le mode multijoueur.
Falcon (USA)	Lorsque vous montez dans le cockpit du F-16 Fighting Falcon, préparez-vous pour le «combat de votre vie» alors que le puissant Falcon F-16 vous emmène à travers le ciel à mach2. Système d'armes précis, affichage tète haute ,les commandes de cockpit et les caractéristiques globales de vol en font l'ultime des simulations. Les MiGs ennemis que vous rencontrez sont très ingénieux et compétents. Et si cela ne suffit pas, défiez un autre pilote dans l'option tête-à-tête via le lien informatique direct. Des images graphiques 3D des bâtiments, des forêts, des autoroutes et des ponts clignotent lorsque vous volez à la vitesse du son à seulement 150 pieds au-dessus du pont. Que vous soyez un pilote novice ou un véritable «top gun», FALCON est fait pour vous!
Fantasy Zone (USA)	Aux commandes du fameux Opa Opa, un genre de capsule ailée, vous devez nettoyer chaque niveau avant de pouvoir affronter le boss. Les options sont disponibles dans des magasins qui apparaissent de temps à autre mais il va falloir les payer en récoltant les piécettes que laissent échapper les ennemis trucidés.
Fighting Run (Japan)	Jeu d'action qui comporte un mélange insolite de courses et de combats. Le joueur prend le contrôle d'un robot bipède humanoïde, engagé dans une série de courses mortelles contre d'autres adversaires.Chaque joueur peut attaquer le joueur adverse afin de gagner la course et marquer des points. En mode solo, le joueur doit tout d'abord choisir une piste et un adversaire. Puis des points doivent être alloués pour augmenter les capacités diverses, de vitesse et puissance de l'armure. Ensuite, la course est prête à débuter - chaque coureur peut se déplacer librement autour de la piste, frapper les autres ou utiliser des attaques spéciales recueillies le long du chemin (tels que éclairs, grenades, etc.). Chaque robot est également livré avec une barre de vie et la course est terminée dès qu'elle atteint zéro.
Final Blaster (Japan) (En)	Shoot'em up hardcore, Final Blaster est à réserver aux as de la gâchette, de ceux qui devront l'apprivoiser avant de pouvoir pleinement le savourer. Développé par Namco, Final Blaster est un shoot vertical somme toute très classique. Malgré son côté horizontal, il rappelle énormément un certain R-Type. Non pas qu'il faille retenir par coeur les éléments de chacun des sept niveaux que compte le jeu, mais plutôt sur la progression : votre vaisseau est très lent (malgré que sa rapidité soit réglable à tout moment), alors que les ennemis ne se gênent pas pour vous foncer dessus.
Final Lap Twin (USA)	Final Lap Twin sur TurboGrafx est un jeu de courses de Formule 1 affichant en permanence deux voitures à l'écran : vous et votre principal concurrent (ou un second joueur en multi). Un mode de jeu permet d'engranger de l'argent pour améliorer votre voiture, en lui achetant un nouveau moteur ou de nouveaux pneus par exemple.
Final Match Tennis (Japan)	Final Match Tennis sur TurboGrafx/PC Engine vous permet de disputer de grands matchs de tennis en vous permettant de réaliser tous les coups que l'on peut faire en réalité. Avec la possibilité de placer la balle n'importe où sur le court, il n'y a pas de tactique gagnante puisqu'elles peuvent toutes se montrer payantes.
Final Soldier (Japan) (En)	Final Soldier est un shoot'em up sur Turbografx se déroulant dans un XXIIIe siècle où les envahisseurs du futur ont soudainement attaqué la Terre. Pour s'y opposer, des scientifiques créent un guerrier incarné par le joueur. Un armement varié est mis à sa disposition : lasers, rayons, missiles... avec à chaque fois trois attaques possibles.
Final Soldier - Special Version (Japan) (En)	Final Soldier est un shoot'em up sur Turbografx se déroulant dans un XXIIIe siècle où les envahisseurs du futur ont soudainement attaqué la Terre. Pour s'y opposer, des scientifiques créent un guerrier incarné par le joueur. Un armement varié est mis à sa disposition : lasers, rayons, missiles... avec à chaque fois trois attaques possibles.
Fire Pro Wrestling - 2nd Bout (Japan)	Sortie 2 ans plus tard, qu'apporte cette suite de Fire Pro Wrestling sur PC Engine ? Eh bien pas grand chose honnêtement ! Notons cependant que si la réalisation graphique reste du même tonneau, quasiment tous les sprites et toutes les illustrations de sélection des personnages ont été re-déssinées. Les illustrations sont d'ailleurs pour la plupart particulièrement réussies et reproduisent quasi parfaitement la vraie star qui se cache derrière les noms, encore une fois, volontairement incorrects puisque le jeu ne dispose d'aucune licence.
Fire Pro Wrestling - Combination Tag (Japan)	Ce premier Fire Pro Wrestling est peut-être le meilleur jeu de catch disponible sur une console de salon lors de sa sortie. Sa panoplie impressionnante de coups, son mode 4 joueurs et surtout son gameplay exemplaire et innovateur en font une expérience de choix pour ceux qui se seraient lassés de l'amusant Pro Wrestling sur Nes qui, depuis sa sortie en 1986, pouvait être considéré comme la référence du genre.
Fire Pro Wrestling 3 - Legend Bout (Japan)	C'est dans ce troisième épisode sur la console de Nec et Hudson Soft que l'une des caractéristiques marquantes de la série se manifeste pour la première fois : l'éditeur de personnages. Le mode Edit est donc la principale nouveauté de cet épisode. Pour le reste, les améliorations sont minimes mais suffisantes pour garantir un plaisir de jeu encore meilleur.
Formation Soccer - Human Cup '90 (Japan) (En)	Formation Soccer - Human Cup '90 est un jeu de football sur PC Engine. Dans ce jeu vous avez le choix entre le mode Exhibition (qui consiste à faire un seul match contre un adversaire) et le mode Human Cup (qui vous oppose à 16 équipes consécutives). Ce jeu préfigure la version Super Nintendo qui sortira 2 ans plus tard.
Formation Soccer - On J.League (Japan)	Formation Soccer on J. League est un jeu de football développé par Human Entertainment en 1994. Le jeu reprend les grandes lignes de son prédécesseur (Formation Soccer - Human Cup '90). Les équipes de la J. League sont ici mises à l'honneur. Une J. League qui venait tout juste d'être créer.
Fushigi no Yume no Alice (Japan)	Alice in Wonderdream sur PC Engine est un jeu de plates-formes inspiré par l'oeuvre de Lewis Carrol : Alice au Pays des Merveilles. Jouez le rôle de la petite fille et parcourez plusieurs niveaux en détruisant les nombreux ennemis qui se dressent devant vous. Chaque monde est composé de trois zones et d'un boss à abattre.
Gai Flame (Japan)	Jeux de stratégie au tour par tour, avec des robots humanoïdes géants. Le joueur contrôle une armée de robots géants et tente de détruire les ennemis.
Gaia no Monshou (Japan)	Tous se déroulent sur le continent Gaia. Deux camps se font la guerre, Light and Dark, la lumière et les ténèbres, le bien et le mal. Le mal est représenté par le royaume de Velzeria et son roi Böser et le bien par le royaume d'Elthlead et le roi Sieghart. Ce sont des noms qu'on retrouve aussi dans le jeu Langrisser sur MegaDrive, même s'il n'est plus question de Gaia. Pas de surprise, le joueur incarne le bien. Comme un mode 2 joueurs est aussi de la partie, on pourra demander à un ami diabolique d'incarner le mal. Après une présentation succincte qui nous donne un aperçu de nos troupes, on choisit un mode de jeu. Là encore, ils vont par trois: Scenario, Construction et Campagne, qui est le mode principal et en théorie le plus prenant. Les deux autres peuvent être configurés humain contre humain et même ordinateur contre ordinateur, mais encore faut-il accrocher au principe de base.
Galaga '90 (USA)	Galaga '90 sur PC Engine est un shoot dans lequel vous dirigez un vaisseau en prise avec de nombreux ennemis. Il est possible que votre vaisseau se divise en deux ou trois s'il est touché et qu'il se reconstitue par la suite. Voyagez à travers diverses dimensions et ramassez des armes et autres bonus pour avoir une chance de vous en sortir vivant. L'avenir de la galaxie se joue dans votre cockpit.
Ganbare! Golf Boys (Japan)	jeux en Vue de haut avec un zoom chaque fois que le joueur est sur le green, avec le 'hit the sweet spot' système de jauge de puissance standard à la plupart des simulateurs de golf. Il dispose d'un total de deux parcours, avec 18 trous chacun.
Gekisha Boy (Japan)	On ne compte pas beaucoup de jeux vidéo ou le but du jeu est de prendre des photographies. Gekisha Boy (ou Photograph Boy) sur Pc Engine en fait partie et le moins que l’on puisse dire, c’est que ce titre est très fun. Il faut avoir les yeux partout sans cesse afin de ramener le meilleur scoop pour le journal (photos de soucoupe volante, Superman, etc…) et satisfaire un rédacteur en chef très exigeant. Avec les nombreux clins d’œil présents tout au long du jeu, vous n’aurez pas le temps de vous ennuyer. Son style graphique particulier ainsi que son humour omniprésent en font un jeu très agréable à parcourir, et ce même encore de nos jours.
Genji Tsuushin Agedama (Japan)	Vous devrez une nouvelle fois tout détruire sur votre passage. Le jeu oblige votre personnage à avancer perpétuellement. A vous donc d'avoir un bon timing, pour passer les divers obstacles se présentant sur votre chemin tout en exterminant vos ennemis les plus rédhibitoires. Pour votre attaque, une jauge est mise en place, vous permettant d'accéder à 5 armes différentes représentées chacune par une couleur. Certains de vos ennemis détiennent des cartes pouvant remplir votre jauge d'une de ces couleurs, afin d'acquérir l'une de ces précieuses armes.
Genpei Toumaden (Japan)	Vous incarnez un samurai, Taira no Kagekiyo, connu historiquement au Japon, qui vient d'être ressuscité. Vous serez alors mêlé à la bataille de Dan-no-ura, l'une des batailles majeures de la guerre du Genpei, en 1185. On traversera d'autres endroits bien connus comme la rivière Sanzu, sorte de rivière de la vie dans Final Fantasy VII, ou le Styx de la mythologie grecque, c'est à dire l'antichambre de la mort. Le jeu se base donc sur une trame historique, ce qui est certainement l'un des points forts et fait que les joueurs ont pu accrocher.
Ghost Manor (USA)	Dans une explosion terrifiante, l'horreur d'une autre dimension saisit votre ville autrefois paisible. Les créatures grises s'en prennent aux innocents. Les morts se lèvent pour errer dans les rues. Toute résistance tombe! Mais hé, pas de problème, vous avez un plan!. Maintenant, prenez votre hache, parce que c'est plein de démons et de surprises horribles! Montez sur le superbe Skull Slammer et recherchez leur chef Orb gamut. Découvrez sa faiblesse et soyez un héros. Si vous ne le faites pas, vous serez de la poussière.
Gokuraku! Chuuka Taisen (Japan)	Vous incarnez un mage sur son petit nuage volant qui évolue donc dans une ambiance Asie médiévale du plus bel effet, avec des incongruités notoires comme des bols de riz à descendre... Graphiquement, on se rapproche de ce qui s'était fait sur la borne, avec un côté un peu plus dessin animé bienvenu. Le gameplay pose quelques originalités : vos ne disposez que d'un tir principal. Des items vous permettent d'augmenter sa puissance. Jusque là, tout est normal. Là où c'est un peu plus sympathique, c'est que l'autre bouton vous permet de vous retourner afin de tirer dans l'autre sens !
Gomola Speed (Japan) (En)	Gomola Speed part avec un postulat de base littéralement excitant, à savoir entourer des boules avec sa queue. Non, ce n'est pas une simulation X, mais plutôt de chenille : voilà qui est quand même nettement plus classe. En fait, vous dirigez Gome qui, dans chaque niveau, doit retrouver les parties de son anatomie, boulotter toute la nourriture (qui se présente sous la forme de petites boulettes, appelées Kyûs - &quot;boules&quot; en japonais), et finalement prendre la poudre d'escampette grâce à une porte de sortie cachée ici ou là (et qui n?apparaît que quand tous les Kyûs ont été mangés)...
Gradius (Japan) (En)	La planète Gradius subit les attaques des Bactérions. Le célèbre vic viper doit infiltrer la forteresse Xaerous et éliminer le bio-ordinateur central. Un scénario simple qui révèle l'essence même du shmup: tirer sur tout ce qui bouge pour au final détruire le seul cerveau du jeu! Cette version PC Engine possède un mode deux joueurs successif ainsi qu'un cinquième niveau inédit. Celui-ci prend place sur une planète couverte par des dinosaures squelettiques
Gunboat (USA)	Gunboat est un jeu d'action/simulation sur TurboGrafx. Vous contrôlez un navire de guerre de l'US Army durant différents conflits. Le bateau comprend un équipage de quatre personnes : le capitaine, l'artificier, le technicien et le marin. Attention à les garder en vie pour continuer vos missions.
Gunhed - Special Version (Japan) (En)	Pilotez votre vaisseau à travers les niveaux du jeu et utilisez des capsules d'armes à votre disposition sur le stage pour décupler votre puissance de tir. Affrontez des boss gigantesques et débloquez des engins supplémentaires...
Hana Taaka Daka! (Japan)	Hana Taaka Daka! se présente sous la forme d'un shoot'em up horizontal très original...et surtout carrément déjanté. Déjà, il faut bien admettre que le héros change de l'ordinaire : le joueur dirige en effet le tengu, avec son long nez si caractéristique. Voilà qui nous change des vaisseaux et autres robots de combat. La majorité des ennemis est elle aussi sortie des classiques de la culture asiatique, avec les tanukis, les hommes-tortues, etc...
Hanii in the Sky (Japan)	Hanii In The Sky est un shoot'em up particulièrement barré, comme sait si bien nous en donner la petite console de NEC. La grande originalité du jeu vient de son tir orientable ! Vous tirez avec un bouton, tandis que l'autre sert à faire tourner l'arme. Une bonne idée, mais qui se révèle être un vrai cauchemar durant son utilisation. Eh oui, votre arme ne peut tourner que dans le sens des aiguilles d'une montre, ce qui devient très vite laborieux.
Hanii on the Road (Japan)	Il pourrait ressembler à un préservatif, mais Hany est un petit gars actif. Après Hany in the sky (publié l'année précédente), Hany on the road est un jeu d'action d ressemblant fortement à Shockway Rider.
Hatris (Japan) (En)	Hatris est un puzzle game moins populaire que Tetris mais tout aussi addictif. Vous êtes dans une fabrique de chapeaux et le but du jeu est d'empiler par groupe de 5, des chapeaux qui tombent du haut de l'écran 2 par 2. Vous devez les empilez sur 6 têtes de mannequins statiques en bas de l'écran. Une fois que vous avez réuni le même chapeau par pile de 5, ils disparaissent en vous donnant un certain nombre de points. Lorsque vous avez empilé un groupe de chapeau 5 fois, vous obtenez un visage qui s'affiche dans une fenêtre à droite de l'écran. La difficulté des niveaux est progressive au fur et à mesure que vous progressez dans l'aventure.
Heavy Unit (Japan) (En)	Heavy Unit lorgne clairement du côté de R-Type, tout en insistant sur ce qui fait la particularité du titre d'Irem : la mémoire. En effet, ici cet aspect du jeu est poussé à son paroxysme : si votre vaisseau n'est pas placé correctement, c'est la mort assurée. Le jeu est donc extrêmement difficile dans les premières parties, mais avec un peu d'expérience, on apprend peu à peu la configuration des niveaux pour progresser plutôt correctement. L'autre originalité du titre, c'est la possibilité de se transformer. Tout comme le feront des Macross plus tard, grâce à certaines options vous pouvez transformer votre vaisseau en gros mecha. Il est bien plus puissant, mais également beaucoup plus gros et constitue donc une bien meilleure cible pour les adversaires. Les plus prudents éviteront donc cette transformation pour se concentrer sur le jeu en lui-même.
Hisou Kihei X-SERD (Japan)	Hisou Kihei X-Serd est un jeu de stratégie où la majorité des unités sont des mechas ou des robots. Dans chaque scénario, les Serds - une ligue de méchas d'attaque spécialisée - sont déployés à partir de leur navire HQ Altea. Les Serds ont tous des noms de code à une seule lettre et des spécialisations différentes: par exemple, le G-Serd utilise une épée laser pour des attaques de mêlée dévastatrices et peut se déplacer rapidement, tandis que le B-Serd est capable d'attaques de mortier à longue portée mais est limité en mouvements.X-Serd est le plus puissant de l'équipe.
Hit the Ice - VHL - The Official Video Hockey League (USA)	Hit the Ice est un jeu de hockey sur glace résolument tourné vers l'action puisque vous pouvez (devez ?) frapper les membres de l'équipe adverse afin de prendre l'avantage. Le mode solo inclus un championnat, et mode un contre un ainsi qu'un entrainement aux tirs. Hit the Ice est également jouable à deux joueurs.
Honoo no Toukyuuji - Dodge Danpei (Japan)	Jeu de Dodgeball avec des séquences de style anime et même un mode histoire de style RPG. Basé sur le manga du même nom.
ImageFight (Japan) (En)	Une mystérieuse forme de vie extraterrestre se répand dans la galaxie et tente de conquérir le monde. Elle a pris le contrôle de la base lunaire et menace de s'abattre sur la Terre. Les humains ont envoyé l'avion de combat le plus avancé pour s'opposer aux extraterrestres : l'OF-1. L'OF-1 a la capacité de changer de vitesse à tout moment et d'équiper différentes armes et nacelles. L'OF-1 est le dernier espoir de l'humanité ! ImageFight est un jeu de tir spatial de haut en bas à défilement vertical. Dans chaque niveau, il y aura des vaisseaux ennemis, des tourelles, des robots et d'autres machines tirant des projectiles ou essayant de vous éperonner.
Impossamole (USA)	Impossamole est un jeu de plates-formes sur TurboGrafx-16. Monty Mole s'est fait capturer par les aliens via leur rayon tracteur. Ces derniers souhaitent que Monty visite 5 planètes à la recherche de parchemins sacrés. Vous devez donc parcourir les niveaux et éliminer vos ennemis à l'aide d'armes que vous trouverez en cours de route.
J.J. & Jeff (USA)	Les deux héros de l'affaire, Ken-Chan et Kato-Chan (rebaptisés JJ et Jeff pour les besoins du marché américain), sont deux présentateurs japonais qui animaient une émission satirique dans les années 80, et qui inspirèrent l'émission américaine «America's funniest home videos». Tout un programme... Dans ce jeu de série B, les voilà transformés en détectives amateurs à la recherche d'un homme très riche qui a été enlevé. Seul l'un de ces deux olibrius pourra partir en mission, et son collègue fera dès lors tout son possible pour lui mettre des bâtons dans les roues. En pratique, on a donc affaire à un WonderBoy-like tout à fait classique, où l'objectif est d'arriver à la fin du niveau après avoir sauté sur de très nombreuses plates-formes, rossé de petits animaux d'apparence inoffensive et collecté des bonus fruitiers afin que la vitalité du personnage ne tombe pas à zéro.
J.League Greatest Eleven (Japan)	J-League Greatest Eleven présente les dix équipes de la ligue de soccer japonaise à partir de sa saison 1993 inaugurale. Il y a un mode d'exhibition avec le soutien de quatre joueurs et un mode de ligue où 1 ou 2 joueurs peuvent jouer contre l'ordinateur.
Jack Nicklaus' Turbo Golf (USA)	Jack Nicklaus' Greatest 18 Holes of Major Championship Golf est un jeu de sport sur TurboGrafx. Vous devez remporter tous les circuits de golf les plus célèbres du Monde. Le jeu peut s'apprécier en multijoueur jouable jusqu'à quatre.
Jackie Chan's Action Kung Fu (USA)	Dans ce jeu de plateaux multidirectionnel, vous dirigez Jackie Chan, sprite de bonne taille avec une grosse tête, au travers des six niveaux proposés. Vous évoluerez tout d'abord dans la campagne, vous traverserez des grottes, vous embarquerez à bord d'une barque, vous irez poursuivre vos aventures dans un pays de glace, etc... Les niveaux sont ponctués de petites grenouilles qui, en les frappant, nous crachent un coup spécial utilisable seulement huit fois ( il existe au total quatre coups spéciaux différents).
Jaseiken Necromancer (Japan)	Il ya longtemps, les dieux ont combattu les démons dans une bataille cosmique. Pour assurer la victoire, les dieux devaient sacrifier une partie de leur nature divine, et forger une 'Épée Sacrée du Mal'.
Jigoku Meguri (Japan)	Jigoku meguri ou encore Bonze adventure est un de ces titres, qui utilisent le folklore japonais pour proposer une aventure pas forcément originale mais qui a au moins le mérite de dépayser grâce à l'utilisation de symboles ou de visages totalement inconnus mais souvent très attirants. Ici le personnage principal, héros de son état, est un moine bouddhiste revêtant l'habit traditionnel et utilisant les perles de son chapelet comme des projectiles mortels pour toute créature du monde souterrain. Ces perles, qui peuvent augmenter en taille grâce à certains bonus, sont disponible en trois couleurs, jamais sélectionnables mais dont il est bon de se soucier au moment de récolter les sus-dits bonus.
Jinmu Denshou (Japan)	Jinmu Denshou est un jeu d'action dans lequel le joueur marche vers l'horizon tandis que les ennemis volent vers lui. Il ressemble à Sega Space Harrier, son inspiration est claire, mais une différence majeure est que le personnage principal est un samouraï qui est généralement limité à attaquer les ennemis avec son épée. Après une mise à niveau, il est capable de tirer des projectiles et il peut également charger une attaque et la libérer pour causer une quantité importante de dommages.
Juuouki (Japan)	Altered Beast sur Turbografx est un beat'em all inspiré de la mythologie grecque. Le joueur incarne un héros ressuscité par Zeus afin de venir en aide à sa soeur Athena. Pour ce faire, vous devez affronter des hordes de morts-vivants et de démons, chaque niveau se ponctuant par un boss. Vous pouvez augmenter vos chances en vous transformant en animal sauvage, fort de nouvelles capacités d'attaque et de défense.
Kaizou Choujin Shubibinman (Japan)	Shubibinman est un jeu plus complexe qu'il n'y parait. A priori, il s'agit d'un jeu mettant en scène deux persos (un type et une nana) qui sont des écoliers japonais. Comme tout écolier japonais, ils ont quelques petits pouvoirs. Dans le cas présent, ils peuvent se transformer en super guerriers avec armures et épées lasers à la X-OR. Ils doivent lutter contre l'empire du mal qui menace notre terre et plus particulièrement le Japon.
Kattobi! Takuhai-kun (Japan)	Kattobi! Takuhai-kun ('Fury! Delivery Boy') est un jeu d'action / conduite .Le joueur est un livreur qui doit faire une série de livraisons de plus en plus surréalistes à travers la ville, quittant parfois le pays et se mettre dans les ennuis avec le trafic de drogue. À mesure que le joueur termine son travail, il peut utiliser ses gains pour acheter de meilleurs véhicules de livraison à deux roues, passer d'un vélo à un cyclomoteur une moto.
Keith Courage in Alpha Zones (USA)	Keith Courage in Alpha Zones est un jeu de plates-formes/action constitué de sept niveaux, eux-mêmes divisés en deux zones chacun. La deuxième zone ne nous épargnant pas le traditionnel combat contre le boss. Dans la pratique, vous contrôlez Keith, qui peut se déplacer, s'accroupir et ouvrir les portes, mais aussi sauter et frapper à l'épée. Et puis au bout d'un moment vous ne pourrez plus avancer. Il y aura une sorte de promontoire sur lequel vous pourrez grimper, et en appuyant sur la direction haute vous vous téléporterez ailleurs. En l'occurrence, vous revêtirez votre armure, Heureusement, sous forme de mécha, Keith se déplace vraiment plus vite, saute plus loin et frappe plus fort.
KickBall (Japan)	Kickball est un jeu de sport comique.Il ressemble au base-ball. Il comporte sept personnages - dont chacun représente une équipe d'athlètes identiques - chacun avec leur propre coup de pied spécial. Ces personnages comprennent également les deux protagonistes de la série Kaizou Choujin Shubibinman: Tasuke et Kyapiko (ou Arnold et Sonia, comme ils sont connus dans Shockman). Chaque équipe a également un stade assigné qui correspond à leur thème: l'équipe de phoque, par exemple, ont un stade avec un plancher de glace.
Kiki Kaikai (Japan) (En)	Kiki Kaikai est surtout connu pour son adaptation sur Super Nintendo, nommée Pocky & Rocky. Cette version PC Engine, sortie plus tôt, est une adaptation de la version arcade beaucoup plus proche de l'original. Vous incarnez une chamane de l'école Shinto qui doit venir à bout des démons qui commencent à pulluler dans notre monde. En vue de dessus, vous vous déplacez dans toutes les directions. Vous pouvez également tirer dans toutes les directions vos churikens. Une épée vous permet de balancer un coup plus large, pratique lorsqu'une horde de monstre vous assailli. Chaque niveau est conclu par un boss généralement coriace.
King of Casino (USA)	Jeu pour les gros assoiffés des casinos illuminés, avec du poker, du blackjack, des machines à sous et même de la roulette.
Klax (USA)	Le principe de Klax est simple. Vous verrez apparaître, sur un tapis, des tuiles de couleur qui avancent vers le joueur. En fin de parcours, vous pourrez, à l'aide d'une pelle, récupérer ces tuiles et les jeter dans un panier (capable de recevoir 5 tuiles en largeur sur 5 en hauteur) prévu à cet étage. Le tout étant de ne pas faire les choses n'importe comment. En effet, si vous arrivez à placer dans le panier 3 tuiles de même couleur soit côte à côte, soit empilées les unes sur les autres, soit en diagonale, vous ferez alors un klax ! Le résultat, les tuiles formant le klax disparaissent. Ainsi, vous éviterez de remplir le panier trop rapidement ce qui, dans le cas contraire, vous mènera tout droit vers le game over fatidique.
Knight Rider Special (Japan)	Knight Rider spécial est un jeu d'action basé sur la série télévisée K2000. Il est similaire à la version NES, mais est joué dans une perspective à la troisième personne. Le joueur prend le contrôle de KITT, la voiture qui parle. Le but principal du jeu est de terminer chaque course dans le délai. Cependant, la présence d'autres voitures et de camions (qui peuvent tirer sur KITT) rendent cela difficile. Ceux-ci peuvent être surmontées, soit en leur tirant dessus avec l'un des systèmes d'armes intégrés, en sautant sur eux avec le turbo boost ou simplement en les dépassant. Faite également attention de ne pas sortir de la route. Les capacités de KITT peuvent être améliorées au cours de la partie.
Kore ga Pro Yakyuu '89 (Japan)	Jeu de baseball pour le PC Engine et le premier de deux jeux avec la marque Kore ga Pro Yakyuu, suivi de Kore ga Pro Yakyuu '90. Il comporte les douze équipes de l'organisation Nippon Professional Baseball comme en 1989. Le jeu ressemble à la plupart des jeux de baseball de l'époque, avec une perspective de derrière le batteur lors du lancer et une vue du haut vers le bas lors du fielding.
Kore ga Pro Yakyuu '90 (Japan)	Jeu de baseball pour le PC Engine et le second de deux jeux avec la marque Kore ga Pro Yakyuu Il comporte les douze équipes de l'organisation Nippon Professional Baseball. Le jeu ressemble à la plupart des jeux de baseball de l'époque, avec une perspective de derrière le batteur lors du lancer et une vue du haut vers le bas lors du fielding.
Kyuukyoku Tiger (Japan) (En)	Twin Cobra sur TurboGrafx est un shoot'em up en scrolling vertical dans lequel vous dirigez un hélicoptère et devrez détruire tout ce qui vous barrera la route : tanks, tourelles, hélicoptères de combat... Vous avez aussi la possibilité de changer de type d'armes quand vous le souhaitez entre un tir omnidirectionnel, un laser, etc.
Legend of Hero Tonma (USA)	Tonma sur TurbografX est un jeu mélangeant l'action et l'aventure dans lequel vous dirigez le jeune apprenti de Merlin. On vous apprend un beau jour que vous êtes en fait un prince dont la mission est d'aller sauver votre bien-aimée des griffes d'un grand méchant. Affrontez les nombreux dangers durant 7 niveaux afin d'atteindre la forteresse où est retenue captive la princesse. Évitez les pièges et détruisez les ennemis tout en récoltant les pièces et les objets contenus dans les coffres.
Legendary Axe II (USA)	Paru sur PC Engine, Dark Legend est un jeu d'action / plates-formes où vous incarnez un barbare bien décidé à sauver son honneur. Traversez sept niveaux sombres et infestés de créatures malsaines, dont auront raison votre épée, hache ou masse d'armes...
Legendary Axe, The (USA)	The Legendary Axe est un jeu d'action/plates-formes qui va vous demander de traverser six niveaux gardés chacun par un boss. Avant de parvenir jusqu'à lui, vous devrez abattre tout ce qui se dresse en travers de votre route, et croyez bien que je ne parle pas simplement d'arbres. Ce, même si votre parcours commence dans une forêt. Vous traverserez ensuite une caverne, une montagne ou encore des ruines, en jouant le robot-mixeur sur les membres de la tribu Jagu.
Lode Runner - Lost Labyrinth (Japan)	Lode Runner est un jeu de plate-forme réflexion qui a été adapté sur la plupart des supports de l'’époque. Le but du jeu est de ramasser tous les lingots d’'or du niveau, tout en évitant de vous faire toucher par les ennemis présents. Une fois tous les lingots en poche, vous devez regagner le haut du niveau où vous attend une échelle qui vous permet de passer au niveau suivant. Pour vous défendre, un seul moyen, creuser le sol autour de vous. Lode Runner est un classique des jeux de plate-forme réflexion au même titre que Donkey Kong ou Bubble Bobble.
Maerchen Maze (Japan)	Adaptation connue du hit d'arcade, cette version de Marchen Maze fait quelques concessions techniques; le jeu reste le même : aussi difficile qu'excellent. Les niveaux sont en gros les mêmes, et le joueur habitué aura plaisir à retrouver les boss du jeu original. Le monde mis en place est repris à celui d'Alice au Pays des Merveilles. Le tout est remis à la sauce jeux vidéo old school : un méchant lapin à kidnappé la gentille, et vous devrez la délivrer, ou quelque chose dans le genre. Le tout est l'occasion d'avancer dans des labyrinthes où l'idée principale est de ne pas tomber dans le vide.
Magical Chase (USA)	Après avoir commis une bêtise, le plus simple est souvent de la réparer soi-même ! C'est en tout cas la méthode choisie par Ripple, une jeune sorcière encore en cours de formation, qui par curiosité, a jeté un oeil dans le livre interdit, en dépit de la promesse faite à sa maîtresse de ne jamais y toucher. A peine Ripple avait-elle ouvert le livre que six démons en sont sortis ! Aidée par deux amies (deux elfes-étoiles), elle part donc explorer les six stages du jeu pour enfermer à nouveau les six démons dans le livre, et ainsi éviter de se faire transformer en grenouille par la sorcière chargée de lui apprendre la magie.
Mahjong Gakuen - Touma Soushirou Toujou (Japan)	Jeu de mah-jong. Le mah-jong est un jeu de société d'origine chinoise qui se joue à quatre joueurs, avec des pièces appelées tuiles. Associant tactique, stratégie, calcul et psychologie, ainsi qu'une part plus ou moins importante de chance selon la règle jouée.
Mahjong Gakuen Mild - Touma Soushirou Toujou (Japan)	Jeu de mah-jong. Le mah-jong est un jeu de société d'origine chinoise qui se joue à quatre joueurs, avec des pièces appelées tuiles. Associant tactique, stratégie, calcul et psychologie, ainsi qu'une part plus ou moins importante de chance selon la règle jouée.
Mahjong Gokuu Special (Japan)	Jeu de mah-jong. Le mah-jong est un jeu de société d'origine chinoise qui se joue à quatre joueurs, avec des pièces appelées tuiles. Associant tactique, stratégie, calcul et psychologie, ainsi qu'une part plus ou moins importante de chance selon la règle jouée.
Mahjong Haouden - Kaiser's Quest (Japan)	Mahjong Haouden: Kaiser's Quest (&quot;Mahjong Overlord: Kaiser's Quest&quot;) est un jeu de mahjong sorti exclusivement pour PC Engine. Le jeu propose une poignée de héros RPG alors qu'ils tentent d'éliminer les différents monstres et vilains qui ont conquis leur royaume. Pour vaincre ces monstres, le joueur doit les battre dans les jeux de mahjong. Le joueur a trois personnages parmi lesquels choisir au départ, et d'autres deviennent disponibles plus tard. Le côté mahjong du jeu propose un mode standard un contre un. Le joueur doit gagner quelques parties pour obtenir 100% des points disponibles, et davantage de points peuvent être gagnés en fonction de la manière dont le joueur a gagné.
Mahjong Shikaku Retsuden - Mahjong Wars (Japan)	Jeu de mah-jong. Il comporte deux modes: dans le premier le joueur prend des adversaires différents dans les jeux individuels, tandis que dans l'autre le joueur se promène dans un monde de RPG avec des parties de mahjong comme les «batailles».
Maison Ikkoku (Japan)	Maison Ikkoku est un jeu d'aventure graphique basé sur un menu japonais basé sur les séries d'anime et de manga. Les joueurs contrôlent Yusaku Godai et devront l'aider à trouver une photo secrète qui a été cachée par le gérant. Godai devra soudoyer les habitants, qui se déplacent constamment dans la maison pour avoir accès à la chambre de Kyoko. Mais même si Godai arrive dans la salle du directeur et essaie de regarder la photo encadrée, il se passera toujours quelque chose qui forcera Godai à quitter la pièce. Ainsi, après de multiples tentatives, Godai prend la décision logique (ou non) de rassembler des photos de tous les habitants de la pension pour que Kyoko lui montre la photo. Le jeu permet au joueur de se déplacer entre différents endroits de la pension et de la ville, en manquant constamment d'argent et rencontrant tous les acteurs de la bande dessinée originale, y compris Nikaido qui n'apparaissait pas dans l'anime.
Makai Hakkenden - Shada (Japan)	À sa sortie en 1987, Ancient Ys Vanished: Omen a eu un retentissement énorme sur le jeu vidéo japonais et, à la manière de Dragon Quest l'’année précédente, il a donné naissance à de nombreux clones plus ou moins assumés. Sorti sur PC Engine le 1er avril 1989 – ça ne s'’invente pas ! – Makai Hakkenden Shada est pour rester poli la « réponse » de Data East au hit de Falcom. Mais pour l'’être un peu moins, comme le site Hardcore Gaming 101 qui l'’aborde dans sa rubrique hebdomadaire dédiée aux navets, ce RPG tient plutôt du plagiat avec des portions entières de la carte recopiées sans vergogne ! Il est néanmoins basé sur le roman Nanso Satomi Hakkenden composé de 106 volumes (!) publiés au dix-neuvième siècle, et qui met en scène huit samouraïs à l’époque Sengoku, demi-frères descendant tous d’un chien… Mais en dehors de ce contexte, la seule originalité du titre repose dans le fait que l’on mourra instantanément si l’on tente de quitter une zone sans avoir accompli toutes les tâches demandées !
Makai Prince Dorabocchan (Japan)	Makai Prince Dorabocchan est un jeu de plates-formes qui emprunte énormément au Kid Dracula de Konami, à commencer par le design étonnamment proche du héros. Il s'agira de traverser six niveaux, conclus bien évidemment par le combat contre un boss, et proposant également un boss de mi-parcours la plupart du temps. C'est au travers d'une forêt, d'une ville, d'un désert ou encore d'une caverne que vous exterminerez à tour de bras les ennemis qui se présentent à vous, à commencer par les chauve-souris.
Maniac Pro Wres - Asu e no Tatakai (Japan)	Un jeu de catch stratégique qui permet au joueur de mettre en place ses propres mouvements pour diversifier l'approche stratégique de chaque match.
Metal Stoker (Japan) (En)	Metal Stoker est ce que l'on appelle généralement &quot;un shoot'em up multi-directionnel&quot;. Comprenez que c'est votre vaisseau qui défini le scrolling, et que vous pouvez aller dans les directions que vous voulez. C'est donc un hybride entre des jeux comme Alien Breed ou Rambo III avec un côté shoot'em up extrêmement prononcé.
Military Madness (USA)	Vous êtes sur la lune. Juste après le cratère tout proche se trouvent les forces de l'axe. Vous êtes dominé en arme et en personnel, mais peut-être pas surpassé. Montrez-nous pourquoi vous portez ces barrettes, commandant! Rien d'autre qu'une intelligence stratégique ne mènera à bien cette offensive pour achever l'ennemi avant qu'il ne lance leur missile S.A.M. vers la Terre. Déployez des hommes et des machines, puis supervisez la bataille qui se déroule sous vos yeux. Des enjeux élevés, de l'action intense, une folie totale. MILITARY MADNESS!
Mizubaku Daibouken (Japan)	Connu sous le nom de Liquid Kid, ou encore de Super Water Bomb, nous voilà en face de l'adaptation NEC de ce jeu d'arcade rigolo. Ici, on ne se bat pas en sautant sur ses ennemis, en leur filant des coups de boule, ou autre moyen barbare : on leur balance des bombes à eau, comme à l'école. Et là, on peut dire que toute l'ambiance du jeu est résumée : Super Water Bomb est un jeu marrant, un jeu fun, un jeu plaisant et, après tout, on ne lui en demande pas plus.
Momotarou Densetsu Gaiden - Dai-1-shuu (Japan)	Jeu de rôle où vous pouvez choisir de jouer l'un des trois personnages des histoires de Peachboy.
Momotarou Densetsu II (Japan)	Momotarou traverse le monde avec ses compagnons animaux NPC, résoud les problèmes de chaque nouvelle ville ou village,qu'il traverse. Après avoir réussi à résoudre les problèmes de démons, la ville le remercie avec des célébrations. Momotarou peut rencontrer un grand nombre d'alliés, qui le suivent sur la carte du monde. Plutôt que de forcer Momotarou à fouiller chaque nouvel emplacement, ils peut envoyer ses compagnons animaux en l'éclaireur.
Momotarou Densetsu Turbo (Japan)	L'histoire commence au bord d'une rivière, lorsque une grand-mère faisant sa lessive (on a déjà fait plus rêveur comme conte !) récupère une grosse pêche qui flottait sur le cours d'eau. Bien décidée à n'en faire qu'une bouchée, la bonne femme se met à table avec son sympathique mari, quand, ô surprise, la pêche éclate pour laisser &quot;éclore&quot; le jeune Momotaroh ! Une fois la majorité atteinte, tel un Moïse rescapé des eaux, Momotaroh, prince des pêches, décide d'aller sauver son pays de la menace démoniaque qui pèse sur ses habitants. Go, Momotaroh, et montre-leur que tu es le meilleur !
Momotarou Katsugeki (Japan)	Momotarou Katsugeki est un épisode hors-série de la série des Momotarou Dentetsu, qui a fait les beaux jours de la PC Engine, entre autres, série elle-même basée sur une vieille légende d'un garçon retrouvé dans une pêche géante. Momotarou Katsugeki est un jeu de plates-formes, dans lequel vous devrez amener Momo à traverser huit niveaux, représentés en début de partie sur une carte de la région (le chemin est linéaire). Chaque stage se termine invariablement par le combat contre un boss, le dernier vous demandant même de tous les affronter à la suite.
Monster Pro Wres (Japan)	Jeu dans lequel vous choisissez un monstre et combattez d'autres monstres dans des batailles à tour de rôle. Il est remarquable pour ses animations humoristiques de batailles, comme l'apparition d'une douzaine de têtes à l'écran et des mortels qui déchirent littéralement des monstres.
Morita Shougi PC (Japan)	Deux joueurs se battent sur une grille de 9x9, votre légion d'un côté contre les forces adverses de l'autre côté. Comme les échecs, les pions sont en première ligne, et les chevaliers,le fou se tiennent à l'arrière. Le but du jeu est de battre le roi. Morita Shogi est différent car il propose une version animée, un peu comme 'Battle Chess'. Vous pouvez toujours jouer en mode normal ou combattre un autre joueur en utilisant GT link.
Moto Roader (USA)	Moto Roader sur Turbografx est un jeu de courses de motos jouable à plusieurs. Participez aux huit courses tout en améliorant chaque pièce de votre véhicule. Après une course, vous recevez des points et de l'argent en fonction de votre classement. Le vainqueur est le joueur qui possède le plus de points à la fin. Si vous n'avez plus d'essence, vous êtes obligé d'abandonner et si tous les participants tombent en panne la partie est terminée.
Moto Roader II (Japan) (En)	Moto Roader II est un jeu de courses de motos jouable à plusieurs. Participez aux huit courses tout en améliorant chaque pièce de votre véhicule. Après une course, vous recevez des points et de l'argent en fonction de votre classement. Le vainqueur est le joueur qui possède le plus de points à la fin. Si vous n'avez plus d'essence, vous êtes obligé d'abandonner et si tous les participants tombent en panne la partie est terminée.
Mr. Heli no Daibouken (Japan)	Le principe de jeu est assez original puisque, même si on est clairement dans un shoot'em up, on y retrouve aussi des éléments de run'n jump, voir même de plate-forme. Chacun des six niveaux se déroule ainsi : un level gardé par un demi boss qui mène à un labyrinthe qui se termine par le combat contre le vrai boss. Le scrolling est multi-directionnel, et se déplace tantôt seul, tantôt selon vos mouvements. Votre petit hélicoptère est soumis aux lois de l'attraction. Vous pouvez même vous poser, dans ce cas, vous ne balancerez plus de missiles avec le second bouton, mais poserez des petites bombes bien pratiques pour faire péter les briques qui révèlent souvent des cristaux qui servent d'argent. Régulièrement dans le niveau, vous pourrez trouver des bloc vous proposant d'acheter des upgrades. A vous de faire le choix des bons bonus afin de faciliter votre progression. Il n'est pas rare de devoir choisir entre un upgrade de tir et une barre de vie toute neuve.
Naxat Open (Japan)	Naxat Open se présente comme un jeu de golf ordinaire, pas particulièrement riche, ni élaboré, mais qui saura testé votre patience. Situons d'emblée l'un des trois grands points faibles du jeu, la présence d'un seul parcours de 18 trous; c'est un peu léger sans être vraiment surprenant. En revanche, aucun reproche sur sa taille, il est grand et réaliste puisque tous les trous sont disposés à proximité les uns des autres et s'étendent sur un seul et même périmètre, comme un vrai parcours.
Naxat Stadium (Japan)	Jeu de baseball avec de mignons petit personnages.
Nazo no Mascarade (Japan)	Jeu d'aventure qui se passe dans un manoir en 1921.
Necros no Yousai (Japan)	RPG japonais traditionnel. Il est basé sur la ligne de jouets du même nom, qui était l'une des nombreuses marques de «shokugan» ou «jouets alimentaires» - petites figurines emballées avec des bonbons qui étaient destinés aux enfants. La ligne de jouet représentait le sorcier maléfique Neclos / Necros, les huit champions héroïques envoyés pour le vaincre. Le jeu alterne entre une vue du haut pour parler aux PNJ et explorer des villes et des donjons et une vue en première personne pour le combat.
Nekketsu Koukou Dodgeball-bu - PC Bangai Hen (Japan)	Un jeu de &quot;Ballon prisonnier&quot; qui a bénéficié d'une réalisation soignée, les attaques sont multiples et la maniabilité plutôt bonne. A deux ce jeu vous comblera de longues heures et en solo, la machine vous donnera du fil à retordre.
Nekketsu Koukou Dodgeball-bu - PC Soccer Hen (Japan)	Nekketsu Koukou Dodgeball Bu Soccer PC Hen est mieux décrit comme un jeu de baston où il faut marquer des buts que comme un jeu de foot. Deux modes principaux composent Nekketsu Koukou Dodgeball Bu Soccer PC Hen. Le premier, Tournament, vous envoie seul ou avec un ami en pleine coupe du monde où vous devez battre 12 autres équipes pour devenir champion. Le second mode, VS Match, vous permet de disputer un match de 20 minutes de 2 à 4 joueurs.
Neutopia (USA)	Le maléfique Dirth vient de kidnapper la princesse Aurora et c'est à vous, Jazeta, de la retrouver. Vous devrez au préalable explorer huit donjons pour mettre la main sur autant de médaillons qui vous permettront de battre votre ennemi. Neutopia est un jeu de rôle action sur PC Engine très proche dans l'esprit d'un épisode de la série Zelda.
Neutopia II (USA)	Neutopia II sur PC Engine est un petit jeu mêlant action et aventure dans lequel le joueur doit lutter contre les forces du mal. Arpentez le pays et traversez des donjons pour combattre des monstres qui vous laissent de l'argent pour que vous puissiez acheter des armes et de l'équipement nécessaires à votre quête. Affrontez moult ennemis et boss pour être digne de votre père dont la réputation n'est plus à faire.
New Adventure Island (USA)	New Adventure Island sur Turbografx est un jeu d'aventure dans lequel vous incarnez un jeune sauvageon qui galope de gauche à droite en évitant divers obstacles. En plus des ennemis, vous devez vous nourrir en permanence car votre personnage perd de la vie en se déplaçant. A vous de faire en sorte de ne pas mourir d'inanition.
NewZealand Story, The (Japan) (En)	The New Zealand Story sur PC Engine est un jeu de plates-formes. Le joueur contrôle Tiki, un kiwi dont l'objectif est de secourir ses amis kidnappés par un léopard de mer. Chaque niveau achevé permet de sauver l'un des siens. Pour se défendre, le joueur peut user de flèches comme arme de base, puis acquérir des bombes, des lasers, ou encore des boules de feu.
NHK Taiga Drama - Taiheiki (Japan)	jeu de stratégie basé sur l'un des programmes historique de NHK, connus collectivement sous le nom de Taiga Drama, en particulier l'épisode de 1991 basé sur Taiheiki, un roman du 14ème siècle qui se situe entre les années 1319 à 1367 et concerne une guerre Entre la Cour du Sud de l'Empereur Go-Daigo à Yoshino et la Cour du Nord d'Ashikaga Takauji à Kyoto.Le but du jeu est de vaincre ses adversaires en déployant et en organisant drd forces armées pour mieux lutter contre l'attaque de l'ennemi. Lorsque deux unités se rencontrent, il ya des scènes animées semblable à ceux de la série Advance Wars.
Night Creatures (USA)	Le jeu se compose de plusieurs scènes différentes, d'une ville, d'une cour, d'une forêt, etc. Vous pouvez voyager d'une scène à l'autre de façon non linéaire. Vous devez déterminer la façon la plus rapide de trouver les armes et les capacités dont vous avez besoin pour battre Hecate. Il y a plusieurs bossn aussi. Après avoir battu un boss, vous gagnez la capacité de vous transformer en animal, comme un loup ou un hibou.
Ninja Ryuuken Den (Japan) (En,Ja,Zh)	Ninja Gaiden (Shadow Warriors sur d'autres supports) est un beat'em all sorti sur TurboGrafx-16. Vous êtes Ryu, un ninja moderne, et vous devez partir en Amérique pour découvrir qui a tué votre père. Vos recherches vous conduiront dans un scénario surnaturel.
Ninja Spirit (USA)	Votre père a été tué par un esprit ninja qui s'est échappé en prenant l'apparence d'un loup. Votre soif de vengeance vous plonge dans un monde maléfique et surnaturel! Les terribles forces du côté obscur vous attaquent de toutes parts! Manœuvrez vos armes incroyables contre Hanzo le démon et l'Ogre aux deux haches. Faites appel au pouvoir mystique de vos Alter Egos ... des incarnations de l'ombre de votre propre esprit vengeur qui combattent à vos côtés! Vous trouverez la vengeance que vous recherchez ... ou votre propre destruction!
Ninjawarriors, The (Japan)	Le tyran Benglar se sert de son pouvoir pour laver le cerveau de tous ses prisonniers, et il semble désormais invincible. Cependant, la Résistance a trouvé une nouvelle arme, des machines capables de penser et de combattre : les Ninjas Warriors. Dans le beat'em all The Ninja Warriors sur TurboGrafx, le joueur peut choisir parmi 3 héros : Ninja, Kunoichi ou Kamaitachi. Chacun se joue différemment et possède une super-attaque personnelle.
Obocchama-kun (Japan)	Tiré du manga éponyme, vous allez incarner Chama Obo, un jeune garçon issu d'une famille de riche Japonais. Un beau jour, une immense montagne en en forme de tortue fait son apparition. On raconte que cette montagne était la demeure des ancêtres des Obo et qu'un trésor fabuleux s'y trouverait. D'après la légende, l'irruption de cette montagne annonce pourtant un mauvais présage et serait amorcée par une profanation. Le jeune Chama ne supporte pas cette idée et promet à son père, prêt à appeler l'armée, qu'il ira botter les fesses des intrus. Avec ses amis, il se rend donc dans les montagnes, pressé d'en découdre. Malheureusement, peu après le début de leur périple, ses compagnons se font enlever par des forces obscures... et, ça, ce n'était pas prévu au programme !
Off the Wall (USA) (Proto)	Off the Wall est un casse-brique multijoueur qui n'est jamais sorti officiellement pour le PC Engine. Seul un prototype est en circulation.
Okaasan to Issho - Niko Niko Pun (Japan)	Trois amis animaux (un chat, un koala et un perroquet) se retrouvent perdus sur une île déserte. Les trois lascars découvrent un bébé dragon affamé. Il se mettent donc en devoir de secourir le nourrisson, et partent à la chasse aux fruits, car tout le monde sait que les dragons sont frugivores. Le but est simple : vous avancez en ligne droite, vous récupérez trois fruits d'une même variété et vous les donnez au dragon à la fin. Le dragon grandit, et vous permet par on ne sait quel miracle de quitter l'île. Vous repartez donc et tombez sur une autre île, où il faudra sauver un autre dragon, et ainsi de suite jusqu'à ce que mort s'ensuive.
Operation Wolf (Japan)	Operation Wolf est un jeu de tir sur Turbografx adapté de la célèbre borne d'arcade. Vous êtes un mercenaire envoyé dans la jungle par le gouvernement américain pour sauver des otages retenus par des guérilleros locaux. Traversez 6 missions et sauvez un maximum de gens avec votre mitrailleuse et vos grenades pour obtenir la meilleure fin possible et la plus grosse prime remise par le Président des États-Unis himself !
Ordyne (USA)	Un an après sa sortie en arcade, Ordyne arrive sur PC Engine. Imaginez, votre copine a été kidnappée par le gros méchant de service ! Ni une ni deux, vous vous précipitez dans votre vaisseau pour aller flinguer ce vilain. Loin des vagues intergalactiques, on se trouve ici en présence d'un cute'em up, c'est à dire à shoot mignon tout plein. Tout se déroule horizontalement, et tout au long de sept niveaux somme toute classiques (ciel avec ses nuages, caves et grottes, etc.) qui vont jouer de leurs aspérités pour vous donner la vie dure.
Out Live (Japan)	Une découverte très importante a été récemment faite sur la planète Laffra dans des ruines antiques sur un site d'excavation contenant des reliques d'une autre civilisation, avec une technique qui serait certainement bénéfique pour le grand empire intergalactique. Mais une organisation mystérieuse qui s'appelle &quot;Mars&quot; a commencé à créer de l'agitation sur la planète. Votre chef vous envoie, pilotant un robot de combat connu sous le nom de &quot;FW&quot;, dans les profondeurs des ruines, pour faire face aux ennemis et récupérer les connaissances précieuses.
OutRun (Japan) (En)	OutRun permet au joueur de parcourir des terrains variés au volant d'une Ferrari, avec une passagère, sur une série de circuits courts. Le jeu se joue juste au-dessus et à l'arrière de la voiture. Les routes sont pleines de virages serrés et de dangers, dont le contact peut provoquer des tonneaux et faire perdre du temps au joueur. Sur chaque tronçon de piste, il y a un embranchement qui permet au joueur de choisir la direction qu'il souhaite prendre. Au total, le joueur doit parcourir cinq tronçons de circuit sur les quinze que compte le jeu.
Override (Japan) (En)	Parmi la pléthore de shoot'em up à scrolling vertical disponible sur la PC Engine, Override, lui, joue la carte de la rapidité du gameplay. En effet, ça dépote sec, les ennemis arrivent de tous les côtés et foncent littéralement sur vous, les tirs fusent et il faut une bonne dose de réflexe pour survivre dans cette bataille qui s’étend sur six niveaux. Pour cela, vous avez à votre disposition un arsenal fort attrayant bien que classique; l’obtention des armes se fait par le ramassage de bonus de couleurs différentes qui greffent deux modules à votre vaisseau dont le comportement diffère selon la couleur. Il est aussi possible d’upgrader le tir principal, et on dispose d’un super tir que l’on charge en cessant de tirer.
P-47 - The Freedom Fighter (Japan) (En)	P47 Thunderbolt : The Freedom Fighter est un jeu d'action sorti sur TurboGrafx-16. Pilotez les plus fameux avions de la Seconde Guerre mondiale dans des missions explosives.
Pac-Land (USA)	Pac-Land est un jeu de plates-formes sur TurboGrafx. Contrairement à la tradition, ce jeu Pac-Man est en vue de profil. Le héros doit rapporter une fée à Fairy-Land puis revenir chez lui. Mais les fantômes ne l'entendent pas de cette oreille et feront tout pour arrêter la boule jaune dans son périple. Le jeu comporte 16 niveaux et peut être pratiqué à deux joueurs.
Pachio-kun - Juuban Shoubu (Japan)	Vous êtes face à une espèce de flipper disposé à la verticale. A l'aide d'une poignée disposée sur votre droite, vous propulsez par dizaine et de façon continue des petites billes en acier que vous aurez acheté préalablement. A partir de là, vous ne pouvez plus influencer le parcours des billes. Celles-ci accomplissent un chemin le long du flipper et finissent leur courses dans diverses cuvettes qui rapportent des... billes... qui du coup, repartent dans le flipper... et ainsi de suite.
Parasol Stars - The Story of Bubble Bobble III (USA)	Parasol Stars est un jeu d'action/plates-formes sur TurboGrafx/PC Engine. Bub et Bob, qui ont gardé leur forme humaine du précédent épisode, doivent défaire le terrible &quot;Chaostikahn&quot; et tuer tous les ennemis présents dans la multitude de stages. Les deux garçons ne sont armés que de parasols.
Parodius Da! - Shinwa kara Owarai e (Japan) (En)	Parodiant Gradius et tous les jeux du genre, Parodius est un shoot'em up sur Turbografx. Vous avez le choix entre quatre créatures et objets volants et devez parcourir les niveaux avec une vue de profil, en tirant sur tout ce qui bouge. L'aspect parodique permet de remplacer les univers futuristes et tragiques par des ennemis fantaisistes et des mondes pleins de couleurs.
Populous (Japan) (En)	Populous vous propose de vous mettre dans la peau du Créateur. Commandez une civilisation et venez à bout des populations sous la joute de dieux adverses. En tant que Dieu, vous pouvez modeler les reliefs à votre aise, jeter des sorts, commander vos troupes et fabriquer des héros pour influencer les masses, et ce, dans plus de 500 mondes.
Power Drift (Japan) (En)	Power Drift est un jeu de courses sur TurboGrafx-16. Vous devez choisir entre 12 pilotes différents pour concourir sur 5 circuits. Vous devez obligatoirement finir dans les trois premiers pour accéder à la course suivante.
Power Eleven (Japan)	Power Eleven est un jeu de foot avec 12 aux totales: Argentine, Allemagne, France, Italie, Uruguay, Brésil, Angleterre, Colombie, Pays Bas, URSS, Espagne et le Japon. La vue est de dessus comme Kick Off avec des sprites joliment dessinés. On joue avec deux boutons: un bouton action (pour tirer, passer, lober, tacler, tout faire quoi) et un autre pour utiliser la cosmo énergie du joueur. En effet, chaque footballeur possède une jauge de réserve d'énergie utilisable pour courir plus vite et pour frapper plus fort par exemple.
Power Gate (Japan)	On incarne un avion de chasse qui doit une fois de plus sauver le monde. Votre vaisseau a de touts petits tirs, que l'on peut notamment rehausser avec des missiles à l'image d'un Gradius. La comparaison s'arrête là, cas le level design est clairement à la ramasse. Les boss s'inspirent également de nombreux jeux du genre, et il est clair que lorsque l'on compare le jeu à un Un Squadron par exemple, il ne fait pas long feu.
Power Golf (USA)	Comme son nom l'indique, Power Golf sur TurbografX vous emmène sur 18 greens et vous propose trois golfeurs. Choisissez votre club avec parcimonie, ajustez votre swing, faites attention au vent et tentez de remporter le tournoi proposé. Un mode match play permet de jouer à deux et un mode Compétition gère intelligemment les handicaps pour proposer un challenge pour deux ou trois joueurs.
Power League '93 (Japan)	Sentez l'herbe fraîchement coupée, écoutez les rappels de l'arbitre et préparez-vous à l'action! Power League '93 est une incroyable aventure sportive à travers la saison internationale de baseball de 1993! Sélectionnez votre équipe et ensuite jouer contre l'ordinateur.
Power League 4 (Japan)	Mettez vos compétences de base-ball de classe mondiale à l'épreuve en jouant contre les meilleures équipes du monde!
Power League 5 (Japan)	Power League V, est le cinquième jeu de la série. Le premier de ces jeux a été localisé en Amérique du Nord comme World Class Baseball, qui est également le nom alternatif de la série. Il a été suivi par Super Power League et Power League '93, tous deux sortis en 1993.
Power League II (Japan)	Prenez part à l'action au coeur d'un match de Baseball. Battez toutes les autres équipes et devenez le vrai champion du monde de Baseball.
Power League III (Japan)	Devenez une vraie superstar de baseball en sélectionnant votre équipe et en affrontant les meilleures équipes du monde.
Power Tennis (Japan)	Ce jeu de tennis vous propose les modes Singles, Doubles et World Tour. Vous avez le choix entre 26 joueurs avec pour moitié des joueuses. Chacun de ces joueurs/ses ont leurs propres spécificités: service-volée, jeu en fond de court, gaucher.. Trois type de court sont disponibles: le dur, le gazon et la terre battue.
Pro Yakyuu World Stadium '91 (Japan)	Ce jeu avec ses personnages super déformés a plus le style Arcade plutôt qu'une simulation sérieuse du sport. Le joueur peut toujours personnaliser les équipes avant les matchs, et il peut y avoir un maximum de quatre joueurs humains par partie. Le joueur peut également choisir de regarder deux adversaires CPU se défier.
Pro Yakyuu World Stadium (Japan)	Le jeu comport dix équipes - neuf basées librement sur des clubs pro de base-ball japonais , et l'équipe de Namco dont la liste est remplie de personnages des jeux plus vieux de Namco. Ni les équipes ni les noms ne sont sous licence (ce qui n'est arrivé qu'en 1992), et certaines des équipes sont des amalgames de clubs réels - l'équipe 'R', abréviation de 'Railways', est constituée à partir d'un mélange de joueurs des trois clubs appartenant à rail companies: les Kintetsu Buffaloes (disparus en 2004), les Nankai Hawks (maintenant Fukuoka Softbank Hawks) et Hankyu Braves (maintenant les Buffalo Orix). Il y a aussi quelques équipes cachées accessibles via mot de passe.
Psycho Chaser (Japan) (En)	Psycho Chaser est un shoot pédestre. A l'image d'un Pocky & Rocky ou encore Rambo III, vous voyez votre personnage du dessus dans un shoot vertical. Cette fois, vous incarnez un robot. Vous disposez de plusieurs types de tirs que vous pouvez changer à loisir en appuyant sur le second bouton - le premier servant à mitrailler, bien entendu. Chacune des quatre armes à votre disposition a ses capacités propres, avec principalement l'angle de tir. En effet, les vagues d'ennemis arrivent de tous les côtés, et utiliser le tir adéquat sera souvent votre seul salut pour vous en sortir. Entre les niveaux, vous gagnez des points d'expérience qui vous permettent d'augmenter la puissance de vos armes, à la manière d'un RPG.
Psychosis (USA)	Psychosis en téléchargement sur TurboGrafX est un shoot'em up à scrolling horizontal. Votre âme a été emmenée dans une dimension parallèle par un démon et vous devez combattre pour la récupérer. Tout en traversant les 5 niveaux, vous trouverez diverses aides sur votre chemin. Vous gagnerez même un nouveau vaisseau tous les 50 000 points.
Puzzle Boy (Japan)	Vous êtes dans une salle et vous devez atteindre la sortie qui est située de l'autre côté. Seulement voilà, différents obstacles sont disposés sur votre chemin et il convient de les déplacer de manière à vous ouvrir un passage. Plus on progresse dans le jeu, plus les problème sont complexes et il est très facile de se retrouver bloqué. De plus, dans certains tableaux, il faut réfléchir vite, car le temps vous est compté.
Puzznic (Japan) (En)	Le défi dans chaque niveau de Puzznic est de manœuvrer une sélection de blocs pour les mettre en place de manière à les éliminer tous, en les faisant entrer en contact avec des blocs de même style. Vous contrôlez une croix directionnelle qui peut déplacer un bloc vers la gauche ou la droite, ce qui peut le faire tomber s'il n'y a pas de bloc sous l'espace qu'il occuperait. La résolution des niveaux présente de nombreuses complications. Les plates-formes mobiles signifient que vous devez déplacer un bloc à un moment donné, ou dans un ordre particulier, pour éviter qu'elles ne soient bloquées. Dans certaines situations, il y a un nombre impair d'un certain type de bloc - pour les résoudre, il faut positionner deux des blocs à une distance l'un de l'autre, de sorte qu'un déplacement entraîne le contact d'une pièce avec deux autres, et l'élimination immédiate des trois.
R-Type (USA)	R-Type sur Turbografx est un shoot'em up retraçant les guerres intersidérales entre les terriens et l'empire Bydo. Vous contrôlez un vaisseau spatial, le R 9 et débutez armé d'un simple canon apte pour détruire les ennemis les plus fragiles. Par la suite, vous installez différents canons sur votre vaisseau, chacun étant recommandé pour un type de structure particulière.
R-Type I (Japan) (En)	R-Type sur Turbografx est un shoot'em up retraçant les guerres intersidérales entre les terriens et l'empire Bydo. Vous contrôlez un vaisseau spatial, le R 9 et débutez armé d'un simple canon apte pour détruire les ennemis les plus fragiles. Par la suite, vous installez différents canons sur votre vaisseau, chacun étant recommandé pour un type de structure particulière.
R-Type II (Japan) (En)	Avant tout, R-Type I et II ne sont pas deux jeux différents. En fait R-Type I réunit les quatres premiers niveaux du R-Type d'arcade, R-Type II réunit donc les quatres derniers. Pourquoi avoir divisé ce shoot mythique en 2 jeux distincts? Peut-être par manque de place sur les Hucard, ou peut- être par de bien compréhensibles raisons commerciale. Ce jeu est l'une des meilleures versions existantes de ce légendaire shoot'em up, elle est d'une grande fidélité à tous les niveaux. Quelques petits changements existent comme pour prouver la puissance technologique de la console: les sprites sont plus grands qu'en arcade, le champs d'action également, ce qui a pour conséquence la présence d'un petit scrolling vertical qui suit notre vaisseau, absent dans la version originale; l'action, enfin, est encore plus speed. Autrement, si la difficulté reste raisonnable dans R-Type I, elle est beaucoup plus elevé dans R-Type II.
Rabio Lepus Special (Japan)	Un lapin qui part à la rescousse pour sauver son roi et sa reine, déguisés en lapin, voici encore un jeu totalement débile mais finalement plutôt intéressant à jouer. Comme l'indique la mention &quot;Special&quot; dans le nom du titre, Rabio Lepus Special est une version quelque peu remaniée de l'original sorti en arcade. Ainsi, on passe de douze à six niveaux. Attention toutefois, on ne se retrouve pas avec la moitié du jeu (comme pour les versions NEC de R-Type par exemple), mais bel et bien d'un mix de l'ensemble du jeu original, chaque niveau reprenant des ingrédients de plusieurs levels du jeu original.
Racing Damashii (Japan)	Appelé aussi Racing Spirit, ce soft nous met dans la peau d'un pilote de moto de courses. Contrairement à un titre comme Hang-On de Sega, il s'agit là d'un jeu lorgnant sur la simulation. Fort de notre grande expérience en cyclomoteur et en scooteur, le joueur est invité à chevaucher un de ses bolides à 2 roues afin de réaliser de grandes performances. D'emblée, plusieurs modes nous sont proposés d'entrée jeu. Le mode Japan Grand Prix est comme son nom l'indique un championnat se déroulant au pays du soleil levant. Vient ensuite un mode Endurance, et le mode Test Run qui fait office de training. Il va falloir choisir son pilote, et sa moto, qui est paramétrable, mais pas à souhait. Cadre, freins, pneus, moteur peuvent être modifiés.
Raiden (USA)	Raiden est un shoot'em up sur Turbografx. En l'an 2090, la Terre est à la merci de puissants extraterrestres et le vaisseau supersonique Raiden est le seul espoir de l'humanité. Vous avez été choisi pour en être le pilote et il faut à tout prix détruire les forces ennemies à travers plusieurs niveaux se terminant tous par un énorme boss.
Rastan Saga II (Japan) (En)	Rastan Saga II est un jeu d'action / plates-formes sur Turbografx. Un groupe maléfique s'est emparé d'un bâtiment sacré : le Skyscraper et compte bien s'en servir pour conquérir le monde. Vous incarnez un féroce guerrier et vous devez parcourir plusieurs niveaux en prenant soin de démolir tous vos ennemis. Les boss de fin de niveau laissent derrière eux des gemmes, indispensables pour progresser dans le jeu.
Rock-On (Japan)	Dans Rock On, il n'y a pas d'invasion à repoussez, pas de monde à sauver, juste le légendaire trésor « FISA » que vous vous faites un devoir de trouver pour être reconnu comme le plus grand chasseur de trésor de l'Univers. Ce sont les Anciens qui détiennent ce fameux bien et ils ne sont pas vraiment disposés à facilité votre tâche et vous allez devoir batailler pour l'obtenir.
Ryuukyuu (Japan)	Solitaire / Poker, c'est certainement une combinaison étrange, mais c'est exactement ce qu'est ce jeu. C'est encore plus intéressant lorsque vous réalisez qu'il y a aussi une touche de bingo dans ce jeu. Votre objectif est de tirer des cartes cachées de l'une des quatre piles différentes et de les répartir en cinq &quot;mains&quot; différentes qui sont comptabilisées selon les valeurs traditionnelles du poker. Cependant, les mains peuvent être marquées dans n'importe quelle combinaison... verticale, horizontale ou diagonale sur le plateau de jeu... (c'est là que l'élément bingo entre en jeu).
S.C.I. - Special Criminal Investigation (Japan)	Chase H.Q. II : Special Criminal Investigation sur TurboGrafx reprend le même mélange d'action et de courses que le premier volet. Vous devez retrouver et arrêter cinq voitures de malfrats. Le profil des suspects est défini en amont de chaque mission et la tâche qui vous incombe est de les dénicher parmi la circulation. Pour les appréhender, percutez leurs véhicules de manière à leur faire perdre le contrôle, tout en respectant le temps imparti.
Sadakichi Seven - Hideyoshi no Ougon (Japan)	Adakichi Seven: Hideyoshi no Ougon est un jeu d'aventure en mode texte sur une histoire idiote d'une organisation connue sous le nom de N.A.T.T.O (natto est un plat japonais) et d'un chef espion déterminé à l' arrêter. Plusieurs allusions à la franchise 007 sont faites tout au long du jeu, y compris la scène d'ouverture vue du canon d'un pistolet et le héros jetant son chapeau sur un porte manteau.
Salamander (Japan) (En)	Salamander (ou LifeForce sur d'autres supports) est un shoot'em up sur PC Engine. A bord de votre vaisseau sévèrement armé, vous devez progresser dans les niveaux en tirant sur tout ce qui bouge jusqu'au boss final. Une option multijoueur permet de jouer à deux en même temps.
Samurai-Ghost (USA)	Samurai Ghost sur TurbografX est un jeu d'action dans lequel vous incarnez un manieur de sabre parti étouffer la racine du mal. Traversez sept zones pour arriver à votre but et combattez des hordes d'ennemis sans oublier de collecter des bonus pour augmenter votre puissance. Un gardien vous attend à la fin de chaque zone et vous devrez le vaincre pour progresser.
Sekigahara (Japan)	Le jeu représente la bataille de Sekigahara, qui établira plus tard le shogunat de Tokagawa et la fin de l'ère Sengoku au Japon. Le joueur déplace ses différentes unités de samouraï en alternance avec l'ordinateur.
Sengoku Mahjong (Japan)	Sengoku Mahjong se déroule pendant &quot;la Warring States period&quot;, une époque tumultueuse où divers seigneurs de guerre se sont battus pour gouverner le pays. Dans ce jeu, ils le font en défiant leurs rivaux au Mahjong.
Shanghai (Japan)	Shanghai est une adaptation vidéoludique du jeu de Mahjong. Il s'agit de la première adaptation de la sorte ! Ce jeu de réflexion chinois mobilise 144 tuiles avec des symboles différents. Le but est de les retirer sous la contrainte de plusieurs règles : les tuiles se retirent par paires identiques et uniquement si elles sont assez proches les unes des autres. Shanghai génère des planches aléatoires lorsque vous débutez une nouvelle partie.
Shinobi (Japan)	Shinobi sur Turbografx est un jeu d'action dans lequel vous incarnez un guerrier ninja. L'objectif est de libérer des otages qui deviennent jouables par la suite. Chaque guerrier possédant son propre style de combat, le joueur peut donc diversifier sa stratégie à son aise en fonction des spécificités du niveau à accomplir.
Shiryou Sensen - War of the Dead (Japan)	Le principe de ce jeu est simple : vous parcourez une carte en traversant différents donjons ou forêts et des ennemis viennent vous attaquer de façon aléatoire faisant apparaitre l'écran de combat. Comme Zelda 2, les combats se déroulent de gauche à droite ou de droite à gauche avec la possibilité de fuir à tout moment en partant à l'extrémité de l'écran. Sur le principe donc, le deuxième Zelda de la famicom et le jeu sur la console de Nec sont très similaires. Les différences résident surtout dans le choix des armes, vous aurez ainsi la possibilité d'utiliser des pistolets ou autre fusils dans Shiryô Sensen alors que le jeu de Nintendo se limite à une épée (à peine magique en plus !). Le Pc Engine étant largement plus puissant que la Famicom, les graphismes et la fluidité des deux jeux n'ont rien à voir, c'est beaucoup plus agréable sur la console de Nec.
Shockman (USA)	Shockman est un shoot'em up sur Turbografx dans lequel vous incarnez deux héros chargés de retrouver un professeur disparu. Le titre est divisé en huit niveaux alternant action et shoot. Un boss vous attend à la fin de chaque niveau. Anéantissez le boss puis déplacez-vous vers un endroit précis pour terminer le niveau. Terrassez certains ennemis pour obtenir des objets. Deux joueurs peuvent s'entraider en mode coopération, mais ils partagent alors la même jauge de vie.
Shougi Shodan Icchokusen (Japan)	Le jeu comporte deux modes: Le mode standard qui implique de jouer contre différents adversaires au shogi à différents niveaux de difficulté. Le mode histoire mène le joueur à travers une campagne dans la peau du légendaire japonais Momotaro, en concurrence avec oni et d'autres ennemis à shogi.
Shougi Shoshinsha Muyou (Japan)	Jeu de shogi intégralement en Japonnais.
SideArms (USA)	Side Arms Hyper Dyne sur Turbografx est un shoot'em up à défilement horizontal dans lequel vous jouez le lieutenant Harry. Vous devez sauver la terre des mercenaires envahisseurs de Bozon. Il faut dans un premier temps atteindre le territoire ennemi avant d'y éliminer toute trace de résistance.
Silent Debuggers (USA)	Il y a 1 an, la grande station spatiale cargo &quot;OHME&quot; a été abandonnée à la suite d'un incident obscur. Incarnez un &quot;DEBUGGER&quot; puis lancez-vous sur la trace d'un insaisissable trésor qui se trouverait à bord... D'innombrables pirates de l'espace ont tenté avant vous de relever ce défi mais n'ont plus jamais reparu. Parviendrez-vous à surmonter les mille dangers qui vous attendent au cœur de cette station fantôme ? &quot;LEON&quot; et le jeune &quot;DEBUGGER&quot; (personnage principal) sont envoyés sur &quot;OHME&quot; pour enquêter et percer le secret qui entoure la mystérieuse station. Votre but est d'explorer &quot;OHME&quot; et d'atteindre le niveaux le plus bas (&quot;LEVEL 6&quot;) dans la limite du temps imparti pour prendre le contrôle de l'ordinateur et l'empêcher de s'autodétruire. Vous devez éliminer tous les ennemis du niveau pour accéder au prochain. Utilisez vos détecteurs sonores et thermiques pour trouver tous les monstres.
Sindibad - Chitei no Daimakyuu (Japan)	Un RPG qui se joue de façon similaire à Dragon Quest dans lequel le joueur gère une équipe d'aventuriers dans des combats au tour par tour.
Sinistron (USA)	Sinistron (Violent Soldier) est un jeu à la R-Type, à scrolling horizontal. Le tout est donc basé sur des passages millimétrés et autres parties de niveaux qu'il vaudra mieux apprendre par coeur pour pouvoir les passer sans problème. L'armement est toutefois différent de ce que l'on trouve dans la série d'Irem. Ainsi, les modules viennent se coller contre votre vaisseau pour ne pas en bouger. En chargeant son tir, on déclenche un champ protecteur, qui permet également de toucher les ennemis, mais ce dernier ne ratisse vraiment pas large, si bien qu'on ne l'utilise pas souvent. La principale originalité vient de l'avant de votre vaisseau. Sorte de bec d'acier, vous pourrez l'ouvrir en appuyant sur le bouton secondaire, et ainsi l'utiliser en tant qu'arme en frôlant les ennemis. Pour pouvoir l'ouvrir en grand, il vous faudra récupérer plusieurs options. Du coup, le jeu vous demande régulièrement de frôler les adversaires afin d'utiliser vos modules ou votre bec pour les flinguer, car votre tir est souvent un peu léger en terme de puissance.
Skweek (Japan) (En)	Les Skweek ont vécu en harmonie pendant des siècles, un peuple pacifique par nature, jusqu'à l'arrivée de Pitark. Il a ruiné leur terre rose vif en enlevant la couleur, et ce n'est qu'après sa mort qu'ils ont eu l'occasion de nettoyer la terre. Votre travail consiste à parcourir les continents et à nettoyer chacun d'entre eux. Skweek peut se déplacer dans les quatre directions et est armé d'un simple pistolet, dont les tirs ricochent avant de toucher les ennemis : les Schnoreuls (avec qui le contact est instantanément fatal). Certaines cases contiennent des flèches qui vous obligent à prendre une direction particulière, il y a aussi des blocs que vous devez éviter. Les blocs de bombes font exploser les blocs environnants. Les blocs de raccourcis vous permettent de vous déplacer vers un autre bloc de type téléporteur.
Soldier Blade (USA)	Détruisez l'ennemi, l'armée Zeograde!! À la recherche de nouvelles ressources, la flotte de reconnaissance s'enfonce dans l'espace lointain. Mais quatre mois après le début de leur mission, toute communication est interrompue. Puis, subitement, trois ans plus tard ... la flotte est de retour, mais elle a été envahie par des formes de vie extraterrestres. A présent, ils sont venus attaquer la terre. Mais pas de panique. Soldier Blade entre en scène. Équipé d'une arme à distorsion miniature, le combat peut commencer! Vous devenez membre de l'équipe &quot;Super Interception Airforce&quot;, et détruisez l'ennemi!
Soldier Blade - Special Version (Japan) (En)	Détruisez l'ennemi, l'armée Zeograde!! À la recherche de nouvelles ressources, la flotte de reconnaissance s'enfonce dans l'espace lointain. Mais quatre mois après le début de leur mission, toute communication est interrompue. Puis, subitement, trois ans plus tard ... la flotte est de retour, mais elle a été envahie par des formes de vie extraterrestres. A présent, ils sont venus attaquer la terre. Mais pas de panique. Soldier Blade entre en scène. Équipé d'une arme à distorsion miniature, le combat peut commencer! Vous devenez membre de l'équipe &quot;Super Interception Airforce&quot;, et détruisez l'ennemi!
Somer Assault (USA)	Vous incarnez un Slinky (ou Ondamania) dans son combat contre la terrible sorcière. Elle a utilisé ses pouvoir pour invoquer 12 serviteurs, chacun représentant un signe du zodiaque, pour conquérir le monde. Vous devrez ainsi traverser les 12 niveaux de jeu et abattre le serviteur qui sanctionne chacun d’entre eux. Enfin, la sorcière vous attendra, mais méfiez-vous des apparences, ce n’est peut-être pas elle la véritable menace… Le fait d’incarner un Slinky vous ouvre les portes à un nouveau genre de gameplay. En effet, vous vous déplacerez uniquement le long des murs. Vous pourrez également sauter (ce qui vous permettra de coller à un mur qui se trouverait juste en face), et tirer, la position dans laquelle vous vous trouverez (coin intérieur ou extérieur, 2 côtés à plat ou sur un seul côté, en cours de déplacement) conditionnant votre direction de tir.
Son Son II (Japan)	Dans SonSon II sur TurboGrafx, le joueur retrouve Son Goku, le héros du premier volet. A travers 7 niveaux, il faudra vaincre de multiples ennemis et ne pas oublier d'aller à la boutique pour acheter des objets plus puissants.
Sonic Spike - World Championship Beach Volleyball (USA)	Le joueur prend le rôle d'une équipe de volley-ball avec deux athlètes (qui ont des caractéristiques différentes) pour tenter de gagner un tournoi.Les commandes n'offrent aucune surprise: le joueurs déplace un athlète sur le terrain et utilise deux boutons pour sauter et frapper.
Space Harrier (USA)	Le personnage dirigé à la troisième personne peut courir ou voler, et doit éviter les obstacles et tirs ennemis. Faites preuve d'adresse pour arriver au terme des 18 niveaux, chacun se terminant par un affrontement avec un boss.
Space Invaders - Fukkatsu no Hi (Japan)	A l'écran titre, on trouve deux menus, permettant de s'essayer à différentes versions du jeu. La première, c'est bien entendu la version originale. Passons donc à la seconde version, refaite par Taito pour l'occasion. Il faut affronter trois vagues d'ennemis à la suite pour passer au niveau suivant. Entre les niveaux, on change parfois de vaisseau, et le décors évolue, mais seulement au niveau graphique et il n'influence en rien sur le gameplay. La seule différence est que dans certains niveaux on trouve des obstacles qui permettent de se protéger. Comme dans l'original, ces protections s'effritent pour disparaître lorsqu'elles ont pris trop de tirs de votre part ou de la part du camp adverse.
Spin Pair (Japan) (En)	Rares sont les consoles qui ne possèdent pas un clone de Tetris dans leurs ludothèques. Et, avec Spin Pair, la PC Engine ne déroge pas à la règle. Qui dit Tetris, dits objets qui tombent dans une cuve. Dans Spin Pair, ce sont des formes géométriques regroupées par 2, un peu comme des dominos. Chaque forme possède une partie ombrée et un partie claire. Le but est de réunir des objets de même forme dont les ombrages se complètent. Les 2 pièces s'imbriquent alors l'une dans l'autre et disparaissent. Pendant la chute des objets, vous pouvez modifier la position des ombres et intervertir les 2 pièces.
Spiral Wave (Japan)	Le joueur dirige un vaisseau spatial vers différentes planètes, conversant avec les aliens indigènes et les combattant occasionnellement.Le jeu comporte une partie qui se passe dans le cockpit du navire, où les décisions sont prises, et une partie shoot 'em up. Grâcea ux combats, le joueur gagne de l'énergie qui peut être consacré à la modernisation de son vaisseau.
Splatterhouse (USA)	Splatterhouse sur PC Engine est un titre d'action où vous dirigez Rick, un étudiant en parapsychologie qui est parti avec sa fiancée Jennifer à la recherche du Docteur West. Mais celle-ci se fait kidnapper et c'est à vous de la sauver. Combattez sans relâche les hordes d'ennemis ainsi que les monstrueux boss qui vous attendent à la fin des sept niveaux.
Stratego (Japan)	Le jeu de société Stratego est une version plus élaborée de Capture the Flag. Chaque joueur commence par 40 pièces; Composées par le drapeau, 5 bombes, et un assortiment de 9 types d'unités militaires. Après que ceux-ci ont été placés, chaque joueur joue à sont tour.
Street Fighter II' - Champion Edition (Japan)	Street Fighter II' : Special Champion Edition sur Turbografx vous lance dans l'arène pour cette nouvelle déclinaison de la saga de Capcom. Dans ce jeu de baston, vous retrouvez huit combattants de légende ainsi que les quatre boss qui sont débloqués dès le début du jeu (Balrog, Sagat, Vega et M. Bison). Maîtrisez chacune des techniques propres aux personnages dans ce titre à la jouabilité nerveuse et aux coups ravageurs.
Super Metal Crusher (Japan) (En)	Jeu de stratégie où vous concevez un robot en lui attribuant des points à différentes stats, puis laissez-le se battre avec un adversaire pendant que vous regardez.
Super Momotarou Dentetsu (Japan)	Jeu de société basé sur le héros du folklore japonais du même nom. C'est le deuxième jeu de la série Momotarou Dentetsu et le premier à sortir sur une console 16 bits - le PC Engine - d'où le &quot;Super&quot; dans le titre. Plusieurs années après sa sortie de PC Engine, Super Momotarou Detetsu a également été publié sur le Nintendo Famicom et Game Boy. Il a reçu une suite dans Super Momotarou Dentetsu II et un grand nombre de successeurs.Le jeu se concentre sur la corporation immobilière naissante de chaque joueur, permettant aux joueur de déplacer à tour de rôle leurs trains autour du plateau pour acheter des propriétés , des commerces, des ressources. De la même façon que Monopoly ou Itadaki.
Super Momotarou Dentetsu II (Japan)	Le jeu se concentre sur la corporation immobilière naissante de chaque joueur, permettant aux joueur de déplacer à tour de rôle leurs trains autour du plateau pour acheter des propriétés , des commerces, des ressources. De la même façon que Monopoly ou Itadaki.
Super Star Soldier (USA)	Super Star Soldier sur Turbografx est un shoot'em up spatial sur un écran à défilement vertical. En mode normal, abattez les ennemis qui apparaissent tout au long de votre progression. Détruisez le boss pour compléter le niveau. Récoltez les capsules de même couleur pour augmenter la puissance de votre arme et ériger un bouclier autour de votre vaisseau. En mode Carvan, obtenez le meilleur score en 2 ou 5 minutes.
Super Volleyball (USA)	Un jeu de volleyball indor pour un ou deux joueurs. Le mode single player offre deux options de jeu: jeu normal et World League. Choisir le jeu normal oppose le joueur contre l'ordinateur en un seul jeu. Choisir World League oppose le joueur contre toutes les autres équipes disponibles. Une sauvegarde par mot de passe est disponible dans ce mode.
Susanoou Densetsu (Japan)	Le jeu est basé sur l'histoire du manga, qui n'a jamais été réellement terminée. Le joueur contrôle Susano-o dans sa forme éveillée et voyage dans un monde post-apocalyptique pour traquer et vaincre les démons qui avaient causé la fin du monde. Tandis que dans les villes, le joueur peut parler aux PNJ, prendre des quêtes, se reposer dans les auberges et acheter des articles et du matériel auprès des vendeurs. Sur la carte du monde, le joueur peut voir des monstres errer autour et entrera en combat si elles s'approchent trop près. Ces combats sont entièrement tactiques et exigent que le joueur se déplace autour d'une grille invisible et utiliser la commande de combat sur les ennemis.
Takeda Shingen (Japan)	Takeda Shingen fait son chemin à travers diverses régions du Japon médiéval abattant tous ceux qui s'opposent à lui avec son katana. Les ennemis morts déposent de l'argent qui peut être dépensé pour des améliorations et des potions.
Takin' It to the Hoop (USA)	Takin 'it to the Hoop est un jeu de basket-ball avec des graphismes comiques. Le joueur participe à une ligue, à des play-offs ou à un seul match et choisit l'une des huit équipes américaines avec douze athlètes. La performance de l'équipe pendant un match ne dépend pas seulement de la capacité du joueur, mais aussi des statistiques de l'athlète (par exemple, l'agilité ou le dribble) et de leur énergie. L'énergie diminue au cours d'un match.
TaleSpin (USA)	Avec les héros de Disney, Captain Baloo et Kit Cloudkicker partez à l'aventure. Imaginez, vous cherchez le trésor perdu d'Ionia, et le sorcier docteur Watusi vous poursuit! Pouvez-vous le vaincre pour aller défier le Vautour de fer et aller aux grottes de glace de Thembria? Êtes-vous assez courageux pour défier ShereKhan pour le trésor? Decouvrez les sept niveaux palpitants et 150 écrans remplis de danger!
Tatsujin (Japan) (En)	Truxton sur TurboGrafx est un shoot'em up dans l'espace. A bord de son vaisseau, le joueur doit se défaire de nombreux ennemis venus en découdre. Des capsules peuvent être ramassées afin d'améliorer votre engin, ce qui ne sera pas du luxe lors des affrontements contre les boss à la fin de chaque niveau.
Tatsunoko Fighter (Japan)	Tonkin House présente un autre jeu de plateforme assez mignon. Armé d'un chapeau mou et d'un long bâton, il faut courir, sauter et se frayer un chemin à travers divers niveaux remplis d'araignées, de boules de feu et de voyous, sans doute au nom de l'honneur et de la justice.
Tenseiryuu - Saint Dragon (Japan) (En)	Saint Dragon est un shoot'em up sur PC Engine. Vous contrôlez une sorte de dragon en lévitation et vous devez faire mordre la poussière aux armées des monstres cyborgs. Ces derniers comptent en effet réduire toutes les races de la galaxie en esclavage. Pour contrer ces sombres plans, vous pouvez cracher du feu et des lasers sur vos ennemis, mais aussi récupérer toutes sortes de bonus qui garnissent votre inventaire.
Terra Cresta II - Mandoler no Gyakushuu (Japan) (En)	Terra Cresta 2 est un épisode exclusif à la PC Engine. Il reprend pas mal de bases du premier épisode, déjà développé par Nichibutsu, en 1985. Le jeu n'est pas un remake, mais propose pas mal de choses sous forme d'hommage au premier épisode (notamment l'un des derniers niveaux qui reprend le premier de la version arcade). On retrouve le gameplay original, à savoir que les power up se font par l'intermédiaire de nouveaux vaisseaux, jusqu'à cinq. En début de partie, vous pouvez choisir chaque disposition en fonction du nombre de vaisseaux. Durant la partie, vous avez le choix de les disposer escadrille, ou le tout concentré sur un seul et même engin, qui voit donc ses capacités offensives décuplées. Lorsque vous vous faites toucher, vous perdez l'un de vos vaisseaux. Si vous n'en avez plus qu'un, vous perdez une vie.
Thunder Blade (Japan) (En)	Thunder Blade sur Turbografx est un shoot'em up dans lequel vous prenez les commandes d'un hélicoptère de combat. Deux types de niveaux sont proposés, classiques en vue de haut, ou plus novateurs en vue à la troisième personne. Si l'angle de caméra change, l'objectif reste le même, réduire en miettes tout ce qui se met sur votre passage.
Tiger Road (USA)	Tiger Road sur TurboGrafx est un jeu d'action dans lequel vous incarnez Lee Wong qui doit sauver le village du terrible Ryo Ken Oh. Les écrans défilent horizontalement et plusieurs chemins sont possibles pour arriver à vos fins. Différents bonus peuvent être ramassés pour venir à bout des nombreux ennemis qui tentent de vous arrêter.
Time Cruise (USA)	Time Cruise est un jeu de flipper avec une histoire. L'histoire d' un scientifique au nom d'Eric qui un jour entend une voix prétendant être un extraterrestre qui lui apprends le secret pour voyager dans le temps. Après plusieurs années de construction, la machine a voyager dans le temps est terminée et Eric part sur une quête pour voyager à travers le temps et rencontrer son ami extraterrestre. Le but du jeu, comme beaucoup d'autres dans le genre, est d'atteindre et une certaine quantité de points dans une des plusieurs tables de flipper qui s'étendent dans différentes périodes des temps préhistoriques jusqu'à l'avenir.
Timeball (USA)	Blodia (ou &quot;Timeball&quot;) est un jeu de puzzle par Hudson Soft et il est basé sur une idée originale de Brøderbund. Le jeu propose une petite boule de cristal qui roule lentement à travers un labyrinthe de tuyaux. Le but du jeu est de faire glisser ces tuyaux afin que la balle reste sur la bonne voie. Une option &quot;Turbo&quot; est également disponible pour accélérer la balle. Les quinze premières étapes peuvent être sélectionnées depuis le début et le jeu propose un total de cent puzzles différents. Un mélange entre un jeu de taquin et pipemania.
Titan (Japan) (En)	Titan sur Turbografx est un jeu de casse-briques où le joueur se retrouve coincé dans une expérience. Pour s'en sortir, il doit faire sortir une boule de chaque niveau, ou détruire tous les blocs présents. Le joueur ne contrôle pas directement la sphère, mais un petit module pour faire ricocher la balle comme on le souhaite.
Toilet Kids (Japan)	L'introduction de Toilet Kids est claire : vous incarnez un jeune garçon qui se prend d'une envie de déféquer durant la nuit... Une fois sur le trône, des martiens arrivent et vous entraînent dans une aventure incroyable dans un monde de chiottes. Globalement, le sytème de jeu est identique à celui de Xevious (c'est à dire que vous pouvez tirer en l'air comme au sol), sauf qu'au lieu de vous balader au milieu de trucs grisâtres et informes à shooter des vaisseaux tout aussi ennuyeux, c'est bel et bien à des gros étrons que vous aurez affaires. Et les bougres, ils en veulent ! Entre les mouches à merde, les avions péteurs, les zigounettes volantes et autres rôts nocifs, vous allez être emmerdé (arf...) ! Heureusement, en plus des bouteilles de javel (aux senteurs de roses !) qui font office de méga-bombe, un second-joueur pourra participer à l'opération &quot;grand-nettoyage&quot; : giga-planant !
Tower of Druaga, The (Japan)	A l'origine sorti sur borne d'arcade en 1984, The Tower of Druaga est un Action-RPG, basé sur les mythologies babylonniennes et summériennes. Vous incarnez donc Gilgamesh, et devez, à la force de votre épée, délivrer Ki du grand démon Druaga, au sommet de sa tour. Dans des niveaux labyrinthiques, vous contrôlez un petit personnage en prise avec d'innombrables ennemis, qu'il doit combattre ou éviter. Le but est de collecter divers objets et de trouver la clé qui permet de passer au niveau suivant.
Toy Shop Boys (Japan) (En)	Dans Toy Shop Boys, un affreux vous a volé tous vos joujoux et ça vous mets grave en colère: vous décidez avec trois de vos potes d'aller récupérer vos biens. Vous l'aurez compris, l'originalité principale de ce shoot, c'est l'univers dans lequel il va se dérouler: dans des décors plutôt champêtres parsemé de ci de là par des legos et autres rails de trains électriques, vous allez combattre des canards en plastique, des avions radio-commandés, des soldats de plomb et j'en passe. Les boss eux même sont de gros jouets, ours en peluche ou robot.. Vous êtes à la tête d'une escadrille de trois gamins que l'on peut contrôler à tour de rôle par simple pression sur un bouton; chacun dispose d'une arme particulière.
Tricky Kick (USA)	Dans Tricky Kick, votre but sera de donner des coups de pieds dans divers objets ou animaux, afin de les faire se rencontrer par paire pour les éliminer. Un jeu qui demande pas mal de reflexion. On peut aussi revenir un coup en arrière..
Tsuppari Oozumou - Heisei Ban (Japan)	Tsuppari est un mouvement effectué par des lutteurs Sumo pour repousser leur adversaire hors du ring. Le jeu fonctionne comme n'importe quel autre combattant basé sur un tournoi: Le joueur doit combattre une série d'adversaires de plus en plus difficile jusqu'à ce qu'il atteigne le sommet et soit déclaré Yokozuna: Le plus haut rang de Sumo.
Tsuru Teruhito no Jissen Kabushiki Bai Bai Game (Japan)	Promenez vous dans les écrans de statistiques de ce jeu de simulation de management économique.Dans ce jeu, vous devez faire un certain montant d'argent à un moment donné afin que vous d'acceder au prochain «scénario».
Turrican (USA)	Le démon à trois têtes Morgul a influencé les rêves des gens pour créer des cauchemars, mais plus récemment, ces cauchemars sont devenus réels. Seul Turrican peut les sauver dans ce shoot-em up rapide à défilement latéral. Il comporte 5 mondes et 13 niveaux de jeu endiablés. Le concept du jeu est simple : il suffit de sauter, de tirer et d'explorer. Cependant, ce jeu met l'accent sur la recherche et l'utilisation des 10 armes différentes que Turrican peut collecter.
TV Sports Basketball (USA)	Le jeu propose des matchs de basket à cinq. Le joueur peut jouer contre l'ordinateur (contrôler les joueurs ou un entraîneur) ou jouer avec une autre personne (en mode versus ou coopératif). Le joueur peut choisir de contrôler le même joueur pendant tout le match ou celui qui est actuellement en possession de la balle.
TV Sports Football (USA)	Vous êtes dans une simulation football américain.De l'action rapide et furieuse pour un maximum de 5 joueurs! Battez-vous à pendant une saison complète pour gagner le championnat de la ligue!
TV Sports Hockey (USA)	Jouez à n'importe quel poste même gardien, avec un contrôle total. Faites l'expérience du maniement de la crosse, des coups et des blocks.
Valkyrie no Densetsu (Japan)	Valkyrie no Densetsu sur PC Engine est un jeu de rôle/action dans lequel le joueur incarne une Valkyrie. Vous faucherez du monstre au cours de 7 niveaux accompagné de vos amis Xandra et Koakuman pour repousser les forces du mal. Le titre propose aussi quelques éléments de jeu de rôle, comme des phases de dialogue et la possibilité d'acheter différentes armes et armures avec l'argent récolté.
Veigues - Tactical Gladiator (USA)	Les aliens ont encore une fois envahit la Terre et c'est aux commandes d'un robot super armé que vous allez les combattre. Veigues Tactical Gladiator vous met donc dans la peau d'une espèce de robocop équipé de trois armes différentes, longue portée, courte portée et tir au sol. Il vous est également possible de voler momentanément. A la fin de chaque niveau, vous récoltez des points d'expérience qui vous permettent d?augmenter les capacités de votre robot.
Victory Run (USA)	Victory Run sur TurboGrafx est un jeu de course automobile dont le but est bien évidemment d'arriver premier. Terminez les 8 Special Stage dans le temps imparti pour terminer la course, chaque SS complété donnant droit à un bonus de temps sur le circuit normal. Le temps excédé est déduit de votre temps bonus. Si ce dernier atteint 0, c'est un game over.
Vigilante (USA)	Vigilante est un beat-em-up à défilement latéral. Il met en scène un personnage coriace qui parcourt les rues pour combattre le gang des Rogues qui a kidnappé sa petite amie Maria. Le jeu propose cinq lieux distincts, tels que les rues de la ville et un dépotoir, avec de nombreux voyous aux caractéristiques différentes. Vous vous battez avec vos poings, vos pieds et une chaîne, debout, accroupi ainsi que des attaques sautées. Chaque niveau comporte un boss final qui nécessite une tactique spécifique. Les ennemis surgissent continuellement des côtés gauche et droit de l'écran jusqu'à ce que le boss soit atteint. Il faut donc avancer à un rythme soutenu pour atteindre la fin du niveau avant que le temps ne soit écoulé. Lorsque les ennemis s'approchent trop près, ils agrippent le personnage et des pressions rapides à gauche et à droite sont nécessaires pour le libérer, car il est alors vulnérable aux attaques.
Volfied (Japan) (En)	Dans le puzzle-game Volfied (aussi appelé Ultimate Qix) sur PC Engine, vous devez guider un marqueur pour grignoter petit à petit l'écran. Lorsque le marqueur s'aventure au centre de l'écran, il laisse un trait derrière lui. Chaque zone fermée que vous aurez dessinée sera alors validée. Votre but est de valider un certain pourcentage de l'écran. Mais attention, des ennemis rôdent ! Faites donc attention à ce qu'ils ne touchent ni votre marqueur ni votre ligne pour ne pas perdre de vie.
W Ring - The Double Rings (Japan) (En)	Les influences de W Ring sont assez bizarres et disparates. Ce shoot n'a visiblement aucun rêve de grandeur, il se veut juste être un bon divertissement. Les développeurs ont donc préféré s'inspirer de certaines oeuvres plutôt que de tenter de créer leur propre univers à partir de rien. Le gameplay est très ordinaire. On évolue horizontalement, mais avec une grosse marge en haut et en bas par le biais d'un scrolling vertical. On récupère des powerup pour booster son tir en flinguant un type d'adversaire bien particulier, bref du déjà vu, mais efficace. Tout comme dans la série Star Soldier, l'upgrade d'arme se fait en fonction de la couleur de l'item, ce qui permet au final d'avoir cinq types d'armes différents. On trouve énormément de ce genre de modules d'upgrade dans le niveau. Lorsque l'on se fait toucher, on perd son arme, et si on est déjà avec le tir minimal, on perd une vie.
Wai Wai Mahjong - Yukai na Janyuu-tachi (Japan)	Jeu de Mahjong avec des personnages complètement fous.
Wallaby!! (Japan)	Ce jeu se joue d'une façon similaire à un certain nombre de simulateurs de courses de chevaux , mais les chevaux sont remplacés par des kangourous et wallabies et les cavaliers par des lapins. Le joueur choisit un lapin et peut soit élever des marsupiaux pour la course ou simplement parier sur ceux appartenant à d'autres lapins.
Winning Shot (Japan)	Winning Shot a été le tout premier jeu basé sur le sport à être sorti sur PC Engine / Turbogfrafx-16. Jusqu'à quatre joueurs peuvent jouer, mais en raison de la nature du golf, chaque joueur prend alternativement son tours en fonction de la distance du trou. Le jeu a beaucoup de caractéristiques semblables aux jeux de golf de cette époque.
Wonder Momo (Japan)	Dans Wonder Momo sur PC Engine vous incarnez Momo, une héroïne de show pour enfants, et devez vous battre contre différents aliens et criminels. L'action se déroule sur une scène de théâtre et vous devez impressionner le public grâce à vos exploits. A l'aide de certaines améliorations, vous pouvez vous transformer en Wonder Momo et utiliser un hula hoop pour défaire vos ennemis.
World Circuit (Japan)	Quatre modes de course sont disponibles : 1. Course libre : Parcourez le circuit comme bon vous semble, en apprenant à connaître les courbes et les lignes droites ainsi que les réglages de votre voiture. 2. Course de vitesse : Participez à une saison de courses dans quatre catégories - novice, classe B, classe A et Super A - sur des circuits connus (Fuji, Suzuka) et moins connus (Family Park, Namcot-ring), en vous disputant la première place. 3. Course d'endurance : Courir autour d'une piste pour voir qui abandonnera le dernier. 4. Mode spectateur : Il ne s'agit pas d'un véritable mode de course, mais il vous permet de suivre n'importe quelle voiture de n'importe quelle catégorie sur n'importe quel circuit. Lorsque vous heurtez des objets ou que vous poussez trop votre bolide , vous devez vous arrêter au stand, où vous recevrez des statistiques sur chaque pièce de la voiture et pourrez choisir de la réparer. Une partie de ce réalisme est toutefois annulée par le fait que les voitures ne peuvent jamais entrer en collision. Il est tout à fait possible de foncer sur un adversaire sans que les deux voitures soient endommagées.
World Class Baseball (USA)	Contrairement aux jeux de base-ball moderne, « World Class Baseball » n'inclut pas de stats de la saison ou les équipes des ligues majeures de Baseball ou les joueurs ; au lieu de cela, il dispose d'équipes telles que les pommes de New York et les Ninjas de Tokyo et les joueurs nommés brique et Fuka. En frappant, le jeu se joue du point de vue de la norme catcher, mais il passe à une vue d'oiseau lorsque la balle est frappée. Ce qui rend ce jeu spécial est l'intelligence artificielle, qui est forte et s'ajuste afin qu'il vous défie toujours.
World Court Tennis (USA)	Choisissez de jouer en simple ou en double, seul ou avec 3 amis sur l'herbe, la terre battue, ou le dur. Vous pouvez effectuer des lobs, slicer la balle, ou simplement frapper.
World Jockey (Japan)	World Jockey est un jeu de course de chevaux, on a notamment un mode &quot;Family Game&quot; qui lui même est un sous-mode du mode &quot;Jockey Play&quot;, où vous choisissez le nombre de courses que vous voulez faire ( quatre, huit, douze ou seize ). La folie de l'hippodrome commencera à s'emparer de vous, dès l'écran des paris, où l'on choisit sur quels chevaux on veut miser ! Pour les non-initiés, sachez que l'on mise sur le couple dont on pense qu'il sera le vainqueur (à moins d'être franchement stupide...) et qu'il est possible, pour multiplier ses chances de gain, de parier sur trois couples différents. Chaque cheval a sa côte, qui lui est attribuée en fonction de ses attitudes face au terrain sur lequel il va courir et de ses performances précédentes. Sans vouloir vous ennuyer avec des formules mathématiques, sachez également qu'en cas de victoire, votre gain sera inversement proportionnel à la côte du couple vainqueur... Logique.
World Sports Competition (USA)	Sorti pendant la période des Jeux Olympiques de Barcelone, cette production Hudson reprend le principe de l'ancêtre Track And Field et autre Dailey Thomson Olympic Challenge, à savoir la simulation multi-épreuves. Ces dernières sont classées en six catégories et, au total, on ne compte pas moins de dix-huit épreuves (100 mètres, tir à l'arc, lançer du poids, natation, aviron ...).
Xevious - Fardraut Densetsu (Japan)	Xevious est une légende du shoot. Malheureusement, il n'a pas vraiment évolué. Seules quelques améliorations le démarquent de la version arcade. Le jeu comporte donc deux versions : la version arcade, totalement identique à l'originale, et une version spéciale pour la console de Nec nommée Fardraut. L'original est donc identique à la version arcade. Avec une difficulté progressive, des musiques inexistantes et des niveaux qui s'enchainent sans temps mort. La version Fardraut n'est pas spécialement plus évoluée. On a quelques cut-scenes avec des images fixes pour conter l'histoire entre les niveaux et des musiques plus dignes de la PC Engine. Côté gameplay, on a même droit à des upgrades de vitesse et de puissance de tir... Mais les gens de chez Namco ont décidé que la première version était bien trop simple, et on rehaussé énormément la difficulté !
Yo' Bro (USA)	La ville de Los Angeles est envahie! Seulement Lil Bro ', peut la sauver. Le gang maléfique de Ratz déclenche un flot de créatures et de dispositifs tueurs. Trouvez des armes incroyablement cool pour lutter contreeux. Détruisez leurs machines à tremblement de terre et leurs méchantes plantes mangeuses d'hommes avec des roquettes et des grenades.
You-You Jinsei (Japan)	Uu Yuu Jinsei, ou Victory Life, est une simulation de jeu de plateau qui partage plus que quelques similitudes avec &quot;Le Jeu de la vie&quot; de Milton Bradley, parmi lesquelles les pièces du joueur en forme d'automobile et le parcours du joueur à travers différentes étapes de la vie via une série d'evénements aléatoires.
Youkai Douchuuki (Japan)	Quel produit bizarroïde que ce Youkai Douchuuki ! Un jeu de plates-formes complètement atypique, réellement mystique, entièrement basé sur les rites et croyances shintoïstes et qui, en ce sens, ressemble beaucoup à Hell Explorer. Sur le papier, le principe même du jeu respecte tous les poncifs du genre, et propulse Ghost Travel Story au rang de Son Son II de seconde zone. Un petit gars qui se promène dans des forêts, des cavernes, des lacs, et qui saute de nuages flottants en nuages flottants, voilà ce à quoi on a droit en jouant à ce titre. Pour se défendre de la faune hostile qui lui veut des noises, le héros pourra balancer des petites boulettes d'énergie, toujours utiles, ou pourra, en échange d'un petit temps de concentration, générer une grosse praline. Super, et original en plus de ça.
Zero4 Champ (Japan)	Zero4 Champ est inspiré des courses de rue urbaines japonaises. Son nom provient de la distance de course traditionnelle (de 0 à 400 mètres). Un mode versus permet aux joueurs de s'affronter ou d'affronter l'IA dans des courses en vue subjective. Cependant, le mode principal du jeu est le mode histoire, qui comporte de forts éléments de simulation. Le joueur incarne un jeune pilote qui participe à des tournois et monte progressivement en grade. Il est possible d'acheter des pièces détachées ou des véhicules entiers, ainsi que de personnaliser les voitures. L'argent est obtenu grâce à des prix ou en effectuant des travaux à temps partiel. Ces emplois sont parfois conçus comme des mini-jeux ; par exemple, le travail d'agent de sécurité consiste à inspecter des pièces dans un environnement à la première personne. Il est également possible de jouer à des jeux d'arcade simples tels que UFO catcher ou Turbo Racing.
Zipang (Japan) (En)	Zipang est l'adaptation PC Engine de Solomon's Key. Dans ce jeu, vous dirigez un petit magicien devant sortir d'un labyrinthe dans un temps limité. Pour cela, il lui faut trouver la clef de la porte de sortie puis se rendre à la dite porte. Chaque niveau libéré illuminera un district du Japon (après tout Cipang est l'ancien nom de ce pays) plongé dans les ténèbres. Vous disposez pour vous permettre d'accomplir votre tâche d'une baguette magique permettant de créer ou de détruire des blocs gris. Cela vous permettra de vous déplacer jusqu'à des endroits inaccessibles ou de tuer les monstres qui seraient assez imprudents pour s'aventurer sur ces blocs (il suffit de les détruire, les monstres seront tués par la chûte).
