#key	synopsis
1552 Tenka Tairan (Japan)	1552 Tenka Tairan est un jeu de stratégie de guerre en temps réel . Se déroulant pendant l'époque Sengoku de l'histoire japonaise. Les trois scénarios de campagne sont définis, respectivement, dans les années 1552, 1582 et 1600. Le joueur est placé au c?ur de la situation dite de gekokujou , lorsqu'un ambitieux daimyo (seigneur féodal) commence à renverser ses supérieurs, ce qui entraîne une guerre mondiale pour la domination au Japon. Le joueur contrôle un seigneur de guerre, en choisissant l'un des personnages historiques disponibles ou en créant son propre personnage. La création de personnage est de style Ultima; on pose une série de questions au joueur et en fonction de la réponse le général contrôlé par le joueur disposera de statistiques différentes.
3x3 Eyes - Sanjiyan Henjou (Japan)	3x3 Eyes : Sanjiyan Henjyo est un jeu d'aventure sur TurboGrafx/PC Engine. Il se base sur l'univers du manga et de l'anime 3x3 Eyes. Pai, une jeune fille de la tribu des sanjiyan, des démons à trois yeux d'origine chinoise, veut redevenir humaine. Elle rencontre un adolescent japonais, Yakumo Fuji, qu'elle transforme involontairement en esclave immortel à son service et qui cherchera lui aussi à redevenir humain.
A.III. - A Ressha de Ikou III (Japan)	A.III est le troisième volet de la série A-Train. Il s'agit d'une simulation de gestion ferroviaire sur PC Engine qui vous donne les commandes d'une compagnie de trains. A vous de prendre les bonnes décisions pour faire prospérer votre entreprise et la placer en tête du secteur.
Addams Family, The (USA)	Basé sur le film &quot;La Famille Adams&quot; le joueur y dirige Tully Alford, l'avocat tordu de la famille Addams. Il découvre que quelque part dans le manoir familial, un grand trésor est entreposé dans un coffre-fort. Il décide alors de s'aventurer dans le manoir et de récupérer le trésor. Comme la plupart des autres jeux basés sur &quot;la famille Addams&quot;, il s'agit d'un jeu d'action à défilement horizontal. La seule arme de Tully est un parapluie qui tire des coups d'énergie sur les ennemis. Tully peut aussi sauter et se baisser pour éviter les coups ennemis. Le gameplay consiste principalement à explorer les salles accessibles et à collecter les clés nécessaires pour ouvrir d'autres portes. Certaines salles contiennent des trésors et des bonus, tandis que d'autres sont infestées de monstres ou exigent du joueur qu'il triomphe d'un boss ennemi pour avancer.
Advanced V.G. (Japan)	Advanced Variable Geo est un jeu de combat composé uniquement de combattantes ! Vous aurez ainsi le choix entre 9 filles : Yuka Takeuchi une serveuse et l'héroïne du jeu, Chiho Masuda une fille Ninja, Manami Kusunoki une fille étrange et mignonne avec des gants de chat, Jun Kubota, Satomi Yajima, Ayako Yuki , Elirin, Kaori Yanase et Reimi Jahana. 3 Mode de jeu sont au programme : le mode normal , le mode VS et le mode histoire . L'histoire du jeu est assez inhabituelle: des serveuses de différents restaurants s'affrontent dans de grands tournois en utilisant de puissantes super-attaques et des techniques de combat spéciales. A noter que seule Yuka est jouable dans le mode histoire !
Adventure Quiz - Capcom World + Hatena no Daibouken (Japan)	Adventure Quiz est une compilation de deux jeux précédemment publiés dans les salles d'arcade : &quot;Capcom World&quot; et &quot;Hatena? no Daiboken&quot;. Les deux jeux se ressemblent beaucoup: le joueur doit lancer des dés pour avancer sur un plateau . En fonction du résultat, le personnage avance d'un certain nombre de cases , ce qui conduit à différents défis de quiz. Le joueur doit répondre à une série de questions dans un délai déterminé, en choisissant la bonne réponse parmi les nombreuses (en général quatre) disponibles. Un jeu à deux joueurs est également possible. Lorsqu'il atteint la dernière case d'un &quot;monde&quot;, le joueur doit faire face à un &quot;chef ennemi&quot; (généralement un personnage de jeux populaires de Capcom, tels que Side Arms, Forgotten Worlds, etc.). Les thèmes des questions sont variés, allant de l'histoire et la géographie à la culture populaire japonaise, en passant par des thèmes très spécifiques (tels que le vélo).
Ai Chou Aniki (Japan) (SADS, SAES)	Ai Cho Aniki est un jeu d'action sur TurboGrafx CD. Dans ce shooter à défilement horizontal, vous incarnez un bodybuilder à choisir parmi les deux personnages secondaires du précédent jeu Cho Aniki. A l'inverse, les personnages principaux de Cho Aniki passent ici au second plan et apparaissent de temps en temps pour donner des bonus à votre athlétique héros vêtu d'un slip de bain.
Akumajou Dracula X - Chi no Rondo (Japan)	Castlevania : Rondo of Blood sur TurboGraphx CD est un jeu d'aventure/action dans lequel vous incarnez Richter Belmont qui part au secours de sa fiancée enlevée par Dracula. Au fil des niveaux, vous rencontrez de viles créatures et vous devez vous servir de votre précieux fouet pour les vaincre. Mais attention, à la fin de chaque niveau un boss vous attend. Un bon timing et de bons réflexes ne seront pas de trop pour en venir à bout.
Alnam no Kiba - Juuzoku Juuni Shinto Densetsu (Japan) (FAAT)	Arunamu No Kiba est un jeu de rôle au tour par tour ! Kenbu est un jeune guerrier qui s'entraîne à changer de forme (son peuple possède la capacité de se transformer en bête). Un jour, son village natal est attaqué par un monstre hideux ressemblant à une araignée. Le meilleur ami et mentor de Kenbu meurt en le protégeant. Le jeune héros tue alors le monstre, mais peu de temps après, il doit quitter le village et découvrir qui ou quoi se cache derrière cette attaque. Kenbu rencontre d'autres héros et ensemble ils doivent faire cesser le mal qui menace le monde entier.
Alshark (Japan)	Alshark est un jeu de rôle de science-fiction comportant plusieurs caractéristiques distinctives. Le joueur contrôle un groupe de cinq personnages maximum explorant un vaste monde constitué de plusieurs systèmes solaires chacun avec ses propres planètes et stations spatiales . La navigation dans l'espace se fait à l'aide du vaisseau spatial Atlia, qui peut être équipé de diverses armes, moteurs etc. De temps en temps, le joueur s'engage dans un combat spatial aléatoire contre des navires ennemis. Ces combats sont automatiques par défaut, mais le joueur peut également choisir de contrôler le navire et de tirer avec ses armes manuellement.
Ane-san (Japan)	Ane-San est un beat 'em up mettant en vedette une distribution exclusivement féminine ; vous commencez avec trois personnages (Ai, Chika et Makoto), tous membres d'un gang et vous combattez d'autres gangs pour étendre votre territoire. Selon qui vous utilisez pour battre les boss (généralement Ai), certains d'entre eux vous rejoindront par la suite. Chaque personnage joue légèrement différemment et a un coup spécial différent. Si un des personnage est mis KO dans un stage , il doit passer une journée à récupérer (une journée équivaut en fait a un stage) avant de pouvoir être utilisé à nouveau. Si tous les personnages sont KO en même temps, le jeu est terminé. En plus du mode de base Ane-San comporte deux mini-jeux et vous pouvez personnaliser la salle de Ai (qui donne également à vos personnages diverses améliorations de statistiques). Parfois, Ai a des rêves étranges entre les étapes; cela semble être aléatoire.
Aoki Ookami to Shiroki Mejika - Genchou Hishi (Japan)	Jeu de stratégie à la sauce mongole. Vous devez piétiner vos ennemis au combat et équilibrer votre économie en recrutant et en entraînant des soldats , en organisant votre gouvernement etc. Jusqu'à ce que vous ayez tout maîtrisé autour de vous.
Asuka 120% Maxima - Burning Fest. Maxima (Japan)	Asuka 120% Maxima Burning Fest est un jeu vidéo de combat. Le décor est un lycée réservé aux filles ! 11 personnages jouables sont au programme y compris le boss caché (le seul combattant masculin du jeu) . Chaque fille représente un partie différente du programme de l'école, comme la chimie, le softball, le volleyball , le tennis etc . Chaque combattantes utilisant une arme lié a son programme pour venir a bout de son adversaire , ainsi nous aurons par exemple Tamaki la tenniswoman qui se sert de sa raquette et ses balles pour frapper son adversaire , en passant par Megumi la petite cheerleader toute kawai se défoulant avec ses pompons ou encore Kumi la gymnaste attaquant avec son ruban etc .
Atlas, The - Renaissance Voyager (Japan)	Jeu d'aventure/stratégie historique dans lequel vous vous déplacez sur une carte du monde à la recherche de diverses créatures et artefacts.
Aurora Quest - Otaku no Seiza in Another World (Japan)	Aurora Quest est un RPG. Vous y incarnez Otaku-chan, un homme dans un pays contrôlé par un groupe de cinq femmes appelé Aurora Avec vos compagnons de voyage, Jonjon et Nekketsu, vous vous frayez un chemin à travers une histoire de science-fiction humoristique.
Avenger (Japan)	Avenger est un Shoot'em Up Shooter a défilement vertical qui vous permet de contrôler un hélicoptère . Avancez au cours de nombreuses phases de chaos. Le système d'arme est légèrement différent de la norme; vous choisissez le type d'arme au début du niveau (primaire, secondaire et spéciale) et vous le conservez jusqu'au début du niveau suivant. Pendant le jeu, vous ne recevez que peu de puissance pour améliorer vos armes ou votre bouclier ! .
Babel (Japan)	Babel est un JRPG situé dans un monde futuriste. Zell et son groupe voyagent dans le monde entier, visitant de grandes villes et rencontrant de nombreux ennemis apparaissant au hasard. Pendant les batailles au tour par tour chaque personnage peut utiliser diverses attaques avec différentes armes ainsi que des techniques spéciales. La fenêtre de combat affiche les mouvements animés des membres du groupe. Contrairement à la plupart des jeux de rôle les personnages ne reçoivent pas de points d'expérience après avoir vaincu leurs ennemis , seul de l'argent est gagné. Les personnages montent de niveau en fonction de la progression du joueur dans le récit.
Baby Jo - The Super Hero (Japan)	Baby Jo Going Home ou également connu sous le nom de : &quot;Baby Jo Super Hero&quot; est un jeu de plateforme à défilement horizontal. Jo peut ramasser des hochets qui peuvent être lancés sur des ennemis (tels que des abeilles, des tondeuses à gazon ou des araignées). En plus de veiller à la perte de santé du bébé (représentée par un visage de plus en plus larmoyant), la couche du bébé devient plus humide avec le temps et la soif augmente également. Si la couche devient trop humide ou que le bébé a trop soif, le joueur perd immédiatement une vie. Il est donc important de ramasser des biberons et des couches propres.
Bakuden - Unbalance Zone (Japan)	Bakuden: Unbalance Zone est un jeu d'aventure avec un ton humoristique dans lequel le joueur contrôle un garçon qui joue un jeu vidéo et qui un jour reçoit la visite quatre hommes étranges qui lui disent qu'il doit s'aventurer dans une réalité différente. Le héros improbable est transporté à l'ère préhistorique, où il doit redresser la situation avec la tribu locale et une faune dangereuse.
Bakushou Yoshimoto Shinkigeki (Japan) (FABT)	Le jeu est basé sur la série télévisée humoristique Yoshimoto no Shinkigeki qui elle même est basée sur un spectacle d'humour théâtral populaire à Osaka et dans ses environs. Les personnages du jeu ressemblent aux acteurs de l'émission télévisée et / ou aux personnages qu'ils jouent. Le spectacle consiste en de courts épisodes qui représentent des situations comiques et ne sont pas liés les uns aux autres. La même chose peut s'appliquer au jeu: il n'ya pas de véritable histoire mais seulement une série de situations hilarantes et intentionnellement impossibles dans lesquelles se trouvent les protagonistes.
Basted (Japan)	Basted est un jeu d'action vue de dessus mettant en scène deux héroïnes. Le déroulement du jeu est classique, la progression alterne entre villes et donjons, avec des combats vus de côté où vous choisissez le contrôle d'une des deux héroïnes, chacune disposant de capacités exclusives, donnant ainsi un léger aspect tactique au jeu. Enfin l'histoire est ponctuée de nombreuses et très belles séquences animées dans le plus pur style CD-ROM2.
Battle Shanghai - Dragon's Eye (Japan)	Jeu de mah-jong . Effacez le tableau en retirant toutes les tuiles par paires , vous ne pouvez enlever que les tuiles libres de se déplacer à gauche ou à droite.
Bazar de Gozarre no Game de Gozarre (Japan)	Bazaru de Gozaru no Game de Gozaru est un jeu de réflexion mettant en vedette un singe nommé Bazaru. Le concept du jeu est très proche de celui de Lemmings: la tâche du joueur est de &quot;programmer&quot; les actions du héros afin de traverser en toute sécurité une scène pleine de pièges et de dangers. Contrairement à Lemmings, il n'y a qu'un seul primate à contrôler dans ce jeu ! Le joueur demande généralement au singe quoi faire à des endroits spécifiques (qui sont mis en évidence par des points d'exclamation dans le niveau). Au début, les niveaux sont courts et simples et le singe ne peut effectuer qu'une seule action. Au fur et à mesure que le jeu avance, les énigmes deviennent de plus en plus complexes, de même que le nombre d'actions que le singe doit effectuer pour atteindre la fin du niveau.
Beyond Shadowgate (USA)	Beyond Shadowgate sur TurboGrafx est un jeu d'aventure faisant suite à Shadowgate. Vous incarnez le Prince Eric, descendant du héros du premier épisode, et héritier légitime du trône. Mais lorsque votre père le roi est assassiné, son premier ministre vous fait jeter au cachot. A vous de retrouver votre place dans le royaume.
Bikkuriman Daijikai (Japan)	Bikkuriman Daijikai est une adaptation sur PC Engine de la franchise Bikkuriman. Il s'agit ici d'un jeu de type encyclopédie/quizz sur l'univers de Bikkuriman. Le but est de collectionner des stickers en répondant à diverses questions, jusqu'à obtenir le sticker permettant de passer au niveau suivant, et ainsi de suite. Il s'agit d'un des tous premiers jeux CD-Rom2, et également l'un des premiers à proposer des doublages.
Bishoujo Senshi Sailor Moon (Japan)	Bishoujo Senshi Sailor Moon est une bande dessinée numérique basée sur la célèbre série animée.Choisissez votre personnage et jouez l'histoire de son point de vue. Les chansons &quot;Koisuru Otome wa Makenai&quot; et &quot;Onaji Hoshi ni Umareta Futari Dakara&quot; ont été écrites spécialement pour ce jeu. Une version abrégée de chaque chanson est apparue dans le jeu, tandis que des versions complètes étaient disponibles sur le single &quot;Sailor Moon: PC Engine Theme Songs&quot;.
Bishoujo Senshi Sailor Moon Collection (Japan)	Bishoujo Senshi Sailor Moon Collection est une succession de mini-jeux allant de matchs de janken (pierre-papier-ciseaux) en passant par des quiz .
Black Hole Assault (Japan)	Blackhole Assault prend place au 22ème siècle, la technologie de la Terre avance au point où l'exploration du système solaire immédiat est non seulement possible, mais nécessaire en raison de ressources limitées. Les humains tentent de récolter les ressources de tout le système solaire, mais ont rencontré des problèmes avec des envahisseurs extraterrestres. C'est à une petite force humaine qui reconnaît et comprend la menace d'affronter les extraterrestres.
Blood Gear (Japan)	Blood Gear est un jeu de rôle / action. Le système de jeu général est un peu similaire à celui de la série Exile: l'exploration de la ville est effectuée à partir de la vue standard &quot;RPG-like&quot;, tandis que toutes les zones hostiles sont présentées sous forme de niveaux à défilement horizontal, parfois avec des structures de plate-forme élaborées. Le joueur combat les robots ennemis en temps réel, comme dans un jeu d'action classique à défilement horizontal. Les équipements motorisés contrôlés par les joueurs peuvent être équipés de diverses armes. Les armes de mêlée et à distance (pistolets, fusils d'assaut, pistolets laser, etc.) peuvent être achetées dans les magasins ou trouvées lors de l'exploration de zones hostiles. La santé est rétablie avec des kits de réparation d'efficacité variable, qui peuvent également être achetés, trouvés ou abandonnés au hasard par des ennemis.
Bomberman '94 (Japan) (Demo)	Bomberman '94 Taikenban est en fait une démo du jeu Bomberman 94 sorti sur PC Engine au format HuCard. Seuls 10 000 exemplaires de cette démo ont été distribués par Hudson, notamment lors d'un Caravan Stage.
Bomberman - Panic Bomber (Japan) (FAAT)	Panic Bomber rappelle quelque peu les jeux Puyo Puyo : au lieu de blocs abstraits de type Tetris, de petites têtes colorées tombent et doivent être disposées en rangées de trois (verticalement ou horizontalement), en les faisant pivoter et en les associant à d'autres têtes de la même couleur. Bomberman avance automatiquement sur une &quot;carte du monde&quot;, en battant ses adversaires dans des concours de blocs qui tombent de manière linéaire.
Bonanza Bros. (Japan)	Mobo et Robo Bonanza sont en train de regarder leur émission de télévision préférée lorsque l'image se met à crépiter et qu'apparaît à l'écran l'ombre d'un mystérieux inconnu. Ce personnage leur demande de collecter certains objets qu'il a placés à l'intérieur de divers bâtiments pour en tester la sécurité. S'ils ramènent les objets avec succès, Mobo et Robo seront récompensés. Tous deux déclarent qu'ils feront le travail en seulement trois minutes. Cependant, ils sont loin de se douter que chaque bâtiment est truffé d'agents de sécurité qui donneront l'alerte s'ils sont pris en flagrant délit. Vous devez donc collecter tous les trésors avant de quitter les bâtiments et tirer sur tous les agents de sécurité qui se trouvent sur votre chemin. N'oubliez pas que vous êtes limité dans le temps. Une carte du jeu vous aidera à localiser les trésors.
Bonk III - Bonk's Big Adventure (USA)	Bonk est de retour! Ce nouvel opus a apporté à la série de nombreux nouveaux éléments de jeu, notamment des bonbons qi font rétrécir et grandir le joueur et un mode multijoueur coopératif. L'histoire est similaire à celle des autres jeux Bonk, mettant le personnage du joueur en face de Evil King Drool et de nombreux nouveaux ennemis dans le royaume des dinosaures.
Brandish (Japan)	Brandish sur TurboGraphx est un jeu de rôle dans lequel vous incarnez un voyageur nommé Varik, accusé d'un meurtre qu'il n'a pas commis et traqué par un chasseur de primes. Votre objectif est d'aider Varik à s'échapper d'un sombre labyrinthe souterrain habité par des monstres abominables. Tout au long des 5 niveaux du jeu, des marchands vous proposent des armes et des sorts magiques utiles à votre survie.
Browning (Japan)	Browning est un shooter à défilement horizontal. Le joueur contrôle un robot géant équipé d'un seul fusil (avec des munitions illimitées), et doit combattre des vagues d'ennemis (principalement de type robotique), et éventuellement un Boss. Le robot contrôlé par le joueur a la capacité de survoler dans le niveau (le joueur doit appuyer plusieurs fois sur un bouton pour que le robot garde la hauteur). Les points de vie du robot dépendent de l'état de son bouclier. Lorsque le robot reste immobile, l'énergie du bouclier se recharge lentement. La perte totale d'énergie du bouclier rend le robot si vulnérable que le coup suivant le détruit.
BuilderLand - The Story of Melba (Japan)	Builderland, un autre jeu occidental converti par Micro World sur la PC Engine, avec un concept similaire à celui de l'illustre Lemmings, le jeu requiert une réflexion et des réactions tout aussi pointues. Le but est d'escorter votre petit personnage à travers la vaste aire de jeu sans qu'il soit coincé, brûlé, mangé par des moutons, etc. Pour cela, vous pouvez ramasser et déplacer divers objets éparpillés dans le paysage tels que des blocs pour remplir les trous ou créer des pentes utiles, des bombes pour détruire des zones de la carte et ainsi de suite. Pendant tout ce temps, votre ami à la tête rouge avance avec une rapidité alarmante vers son destin. Heureusement, vous pouvez geler l'action pour vous donner un peu de répit et pour jongler entres les divers éléments a votre disposition !
Burai - Yatsudama no Yuushi Densetsu (Japan)	Burai - Yatsudama No Yuushi Densetsu est un RPG. Avant que les huit héros ne s'unissent pour leur voyage ultime, vous jouez leurs histoires d'introduction. Vous voyagez sur la carte du monde, visitant des villes et des cachots. Les combats sont basés sur le tour par tour. Les ennemis apparaissent au hasard. Chaque héros a ses propres techniques uniques à utiliser dans les batailles.
Burai II - Yami Koutei no Gyakushuu (Japan)	Dans cette suite directe de Burai, vous contrôlez encore une fois les huit héros tous issus d'une race, d'une culture et d'un lieu différents. Parmi eux se trouve un combattant intrépide de la nation des reptiles, une sorcière humaine, un frère et une s?ur appartenant à une tribu de créatures intelligentes ressemblant à des chiens, un dieu dragon en argent et bien d'autres. Vous jouez les histoires personnelles des héros ainsi que leur lutte unifiée. Vous déplacez les personnages sur la carte du monde de haut en bas, visitant des villes et des donjons et combattant des ennemis apparaissant au hasard dans un combat au tour par tour .
Buster Bros. (USA)	Le joueur dirige un personnage confiné dans un tableau de la taille de l'écran dans lequel des boules géantes rebondissent, menaçant le personnage. Celui-ci peut seulement se déplacer à gauche et à droite et lancer des grappins vers le haut à la perpendiculaire pour faire éclater les boules. Lorsqu'une grosse boule est touchée, elle se divise en deux autres boules de taille intermédiaire, qui elles-mêmes se divisent ensuite en deux petites boules, lesquelles peuvent être détruites pour de bon. Plus une boule est petite, plus son rebond est de faible d'amplitude et plus le timing pour passer dessous la boule est serrée. Le but du jeu est de détruire les boules avant la fin du temps imparti sans être touché.
CAL II (Japan)	Cal II est un jeu d'aventure . Vous lisez le texte et pouvez parfois choisir entre différentes actions. En outre, il existe une &quot;carte du monde&quot; sur laquelle vous naviguez avec votre personnage , visitant différents endroits dans l'ordre que vous préférez. Vous êtes Wataru Ishibashi, un lycéen du Japon moderne. Jusqu'à récemment, vous meniez une vie normale appréciant la relation avec votre charmante petite amie Mika. Mais peu de temps avant la cérémonie de remise des diplômes, vous avez eu une vision étrange que vous pensiez être un rêve. Mais lorsque vous êtes contacté par Vénus, la déesse de l'amour, vous réalisez que Mika a été enlevée par Aeon la déesse du temps, puis transférée dans le Royaume des temps. Vous devez maintenant voyager dans le monde de rêve légendaire des belles déesses et ramener Mika.
CAL III - Kanketsu-hen (Japan)	Cal III est un jeu d'aventure et la suite de &quot;Cal II&quot; , avec de nouvelles caractéristiques visuelles. Le joueur interagit avec les personnages et dispose de plusieurs options de dialogue ou actions parmi lesquelles choisir. Il n'y a pas d'autre interaction avec l'environnement et les progrès sont strictement linéaires. La plupart des choix sont optionnels et seuls quelques-uns mènent à Game Over. Deux années ont passé depuis que Wataru Ishibashi, un lycéen ordinaire du Japon d'aujourd'hui, a visité le monde magique des belles déesses et a sauvé sa petite amie Mika. Il semble qu'il puisse enfin profiter d'un moment de paix avec sa bien-aimée. Mais un jour, sa vieille amie Ches (une jolie petite fée ressemblant à un chat) apparaît dans sa chambre et l'appelle pour se rendre dans le monde des dieux. Il semble que la déesse de l'amour, Vénus, ait des problèmes en raison des événements imprévus qui ont conduit au déclenchement de la guerre de Troie. Wataru est sur le point de commencer une nouvelle aventure dans le monde des dieux et des cultures anciennes.
Camp California (USA)	Camp California est un jeu d'aventure/action sur fond de musique des &quot;Beach Boys&quot; , cest un spin-off de &quot;Yo Bro&quot; le jeu de skateboard sorti deux ans plutôt sur PC Engine et qui utilisait également de la musique des &quot;Beach Boys&quot;.
Cardangels (Japan)	Cardangels est un jeu de cartes . Quatre types de jeux de cartes sont disponibles: poker, blackjack, speed et babanuki (une variante du pouilleux). Une introduction semblable à une machine à sous détermine les jeux qui sont joués et contre quels adversaires. Le joueur peut sélectionner le nombre de tours (minimum de dix) nécessaires pour gagner une partie et avancer vers le prochain adversaire. Le mode &quot;jeu libre&quot; permet au joueur de choisir activement le type de jeu, mais le nombre d'adversaires disponibles est plus faible. Les adversaires se déshabillent après avoir perdu une partie. Cependant ils conservent leurs sous-vêtements il n'y a pas de nudité explicite dans le jeu.
CD Battle - Hikari no Yuushatachi (Japan)	Marre de discuter avec vos amis pour savoir qui a le meilleur goût en musique? Voici un moyen de régler le problème avec ce jeu de combat basé sur l'arène qui utilise votre collection de CD de musique pour combattre! Le concept est simple. Chaque joueur insère un CD et le jeu utilise ces informations pour générer trois combattants. Vous affrontez ensuite une zone aléatoire, choisissant tour à tour de choisir de vous battre ou d'utiliser l'un de vos mouvements d'attaque spéciaux. Le gagnant est le dernier en lice.
CD Denjin - Rockabilly Tengoku (Japan)	Super Air Zonk sur TurboGrafx est un shoot'em up dans lequel vous devez éliminer vos adversaires grâce à vos tirs et une armada de bombes. Abattez chaque boss de fin de niveau pour libérer un des amis d'Air Zonk qui, une fois avec vous, pourront lancer de super attaques notamment s'ils sont combinés. Abattez les fleurs d'une certaine couleur pour ramasser des bonus qui font que vous serez plus puissant et gagnerez ainsi plus de points.
Chiki Chiki Boys (Japan)	La vie paisible des habitants d'Alurea bascule lorsque le roi est tué par un dragon, répandant par la même occasion des monstres sur les terres. Heureusement les deux fils jumeaux du souverain sont là pour secourir tout le monde. Les jumeaux disposent de deux attaques principales : l'épée et la magie. Faites en bon usage pour espérer l'emporter contre les forces du mal.
Chou Aniki (Japan) (FAAT, FACT)	Dans Cho Aniki : Super Big Brothers sur Turbografx, le joueur contrôle Idaten ou Benten, deux guerriers célestes qui luttent pour mettre un terme au règne tyrannique de l'empereur Constructeur. Aidés par les robustes Adon et Samson, les deux guerriers ont pour mission de défaire l'armée impériale au fil des cinq niveaux proposés.
Chou Eiyuu Densetsu - Dynastic Hero (Japan)	The Dynastic Hero (Wonder Boy in Monster World) sur TurboGrafx CD est un mélange de jeu de rôle et d'action dans lequel vous incarnez un prince chargé de délivrer un royaume entier tombé sous le joug d'une armée d'insectes. Votre personnage peut enrichir ses capacités en améliorant son équipement : épée, bouclier, bottes et armure. Gagnez de l'expérience en remportant des combats et répartissez-la entre les points d'attaque, de défense, et les points spéciaux.
Chou Jikuu Yousai Macross - Eien no Love Song (Japan)	Super Dimension Fortress Macross: Eternal Love Song se déroule au tour par tour. Le joueur déplace ses unités sur la carte afin de combattre les unités ennemis. Les combats se basant sur des statistiques, il faut choisir l'appareil le plus adapté en fonction de l'ennemi rencontré. Chaque victoire apporte de l'expérience rendant le chasseur plus efficace.
Chou Jikuu Yousai Macross 2036 (Japan)	Chou Jikuu Yousai Macross 2036 est un shoot'em up à défilement horizontal se déroulant dans l'univers de Macross II. 26 ans après la fin de la Première Guerre Spatiale la faction Zentradi, assoiffée de revanche contre la Terre, rassemble une armée. Les Terriens se préparent aux combats pour les stopper aidés de leurs chasseurs VF-1SR Valkyrie.
Color Wars (Japan)	Color Wars est un jeu de réflexion dans lequel jusqu'à quatre joueurs tentent de gagner en plaçant des balles colorées sur des poteaux, en convertissant les balles adjacentes à leur couleur. Chaque étape consiste en un écran 3D rotatif contenant un nombre de pôles de même hauteur. Les joueurs jouent à tour de rôle en plaçant des balles sur ces pôles. Les boules adjacentes (horizontalement, verticalement ou en diagonale) peuvent être &quot;capturées&quot; et ainsi changer de couleur. Les points sont attribués par balle de chaque couleur. La manche se termine lorsqu'il n'y a plus de place sur les poteaux pour mettre les balles et que le joueur qui a le plus de points gagne.
Cosmic Fantasy - Bouken Shounen Yuu (Japan)	Cosmic Fantasy: Bouken Shounen Yuu est un jeu de rôle publié par Nippon Telenet, sorti au Japon en 1990.
Cosmic Fantasy 2 (USA)	Le gameplay consiste en une exploration des donjons, avec un point de vue aérien et des batailles au tour par tour. La prévisibilité des batailles constitue l'un des traits distinctifs: tous les ennemis, même les boss, sont incapables d'utiliser des sorts, des objets ou des coups spéciaux, et sont limités à une attaque normale à chaque tour. En outre, ni les ennemis ni les personnages-joueurs ne peuvent manquer d'attaques et il n'y a pas de coups critiques en dehors de certaines armes qui déclenchent des attaques de sorts à tour de rôle.
Cosmic Fantasy 2 - Bouken Shounen Ban (Japan)	Le gameplay consiste en une exploration des donjons, avec un point de vue aérien et des batailles au tour par tour. La prévisibilité des batailles constitue l'un des traits distinctifs: tous les ennemis, même les boss, sont incapables d'utiliser des sorts, des objets ou des coups spéciaux, et sont limités à une attaque normale à chaque tour. En outre, ni les ennemis ni les personnages-joueurs ne peuvent manquer d'attaques et il n'y a pas de coups critiques en dehors de certaines armes qui déclenchent des attaques de sorts à tour de rôle.
Cosmic Fantasy 3 - Bouken Shounen Rei (Japan)	Cosmic Fantasy 3: Bouken Shounen Rei est le troisième volet de la série de jeux de rôle animés de science-fiction Cosmic Fantasy. Il s'agit d'un RPG de style japonais traditionnel proposant un combat en perspective à la première personne au tour par tour. Les ennemis apparaissent au hasard. Rei et les autres membres du groupe peuvent exécuter divers types d'attaques physiques et techniques lors de combats, chacun ayant ses propres forces et faiblesses. Le jeu propose des scènes cinématiques de style anime . Au lieu d'emplacements séparés liés par une &quot;carte du monde&quot; traditionnelle, le jeu propose un monde continu dans lequel les emplacements sont parfaitement reliés les uns aux autres.
Cosmic Fantasy 4 - Ginga Shounen Densetsu - Gekitou-hen (Japan)	Deuxième chapitre de Cosmic Fantasy 4 : c'est maintenant au tour de Van, l'autre grand héros de Cosmic Fantasy et le protagoniste de Cosmic Fantasy 2, de combattre les forces du mal qui menacent la paix de la galaxie. Van se réveille après un cauchemar qui le poursuit après avoir quitté sa planète d'origine .
Cosmic Fantasy 4 - Ginga Shounen Densetsu - Totsunyuu-hen (Japan)	Le quatrième volet de la série RPG de science-fiction comprend deux parties, ce jeu étant la première. Dans ce jeu, le joueur reprend le contrôle du héros original de la série, le chasseur cosmique Yu, sa charmante camarade Saya et leurs amis. Quelque chose ne va pas sur la planète Kazarin: la princesse Saria a été kidnappée et Yu arrive sur la planète pour examiner de plus près cette affaire, tandis que Saya accepte de se faire passer pour la princesse pendant un moment afin de garantir une enquête sereine. Cependant, leur quête va bien au-delà de l'enquête sur l'enlèvement: ils devront bientôt faire face aux quatre rois célestes, des démons qui contrôlent les éléments à partir desquels l'univers est construit.
Cyber City Oedo 808 - Kemono no Alignment (Japan)	Kemono no Zokusei est un jeu d'aventure basé sur la série animée Cyber ??City Oedo 808 de Yoshiaki Kawajiri. Les événements de l'anime et du jeu se déroulent en 2808. La criminalité informatique est devenue monnaie courante et la police a rétabli une ancienne habitude féodale japonaise consistant à engager des condamnés particulièrement dangereux pour traquer les criminels. Le joueur prend le contrôle de l'un de ces condamnés, Shunsuke Sengoku, le protagoniste principal de l'anime. Il doit retrouver ses compagnons, l'ex-boxeur et hacker aveugle Gogol, et l'efféminé Benten, afin de mener à bien une mission qui lui a été confiée par la police et de réduire éventuellement sa peine en prison.
Daisenpuu Custom (Japan)	Version CD du jeu de tir de Toaplan sur la Seconde Guerre mondiale. Bien qu'il soit sur CD, il est inférieur à la version HuCARD.
Daisenryaku II - Campaign Version (Japan)	Daisenryaku II: Campaign Version est un jeu de stratégie de guerre au tour par tour. Jusqu'à quatre joueurs s'affrontent , représentée par des armées de couleurs différentes (bleu, rouge, vert, etc.). et jaune); les belligérants produisent des unités et des véhicules et les naviguent sur une grille hexagonale en essayant d'occuper les principales villes et ports de l'ennemi. Le jeu comprend une campagne principale avec une introduction et des informations générales sur les pays fictifs impliqués dans le conflit. En outre, au moins une douzaine de cartes jouables sont incluses, certaines représentant des zones géographiques réelles.
Davis Cup Tennis, The (Japan)	Jeu de tennis avec plusieurs modes de jeu notamment : match d'exhibition , match en double, tournoi, entraînement et la Coupe Davis elle-même.
De-Ja (Japan)	DE-JA est un remake du jeu sur ordinateur du même nom, une aventure de détective/mystère de style japonais avec des scènes pour adultes. Le remake comporte des graphiques de qualité supérieure; certains lieux ou personnages ont été redessinés à partir de zéro . Le doublage a été ajouté aux dialogues. Certaines cinématiques ont été ajoutées ou modifiées en incluant des séquences animées.
Dead of the Brain 1&2 (Japan)	Dead Of The Brain 1&2 est une compilation de jeux déjà parus sur divers systèmes, notamment les PC japonais. Cette version est la dernière sortie commerciale officielle sur PC Engine. Il s'agit d'un jeu d'aventure horrifique.
Death Bringer - The Knight of Darkness (Japan)	Bien qu'il s'agisse d'un jeu japonais, Death Bringer ressemble plus au RPG occidental de son époque qu'à ses homologues japonais, bien qu'il présente des graphismes de caractère de style anime. Il est moins axé sur les événements que les jeux japonais et se concentre sur l'exploration. Le gameplay est un peu similaire au RPG de Pandore du même nom, même si les deux jeux ne sont pas liés. Les zones amicales et hostiles sont des environnements pseudo-3D, semblables à des labyrinthes, comme dans les jeux Bard's Tale. Les rencontres ennemies, cependant, sont traitées de manière plus semblable à celles d'Ultima: les ennemis apparaissent sur l'écran d'exploration et la bataille ne commence que si le personnage du joueur s'approche de l'ennemi. les héros et les ennemis se déplacent, mais le joueur ne peut pas naviguer manuellement dans les personnages: il est uniquement possible de lancer des commandes telles que &quot;Attaque&quot;, &quot;Utiliser la magie&quot;, etc. Le jeu a un cycle jour/nuit. Les membres du parti (jusqu'à trois, à l'exclusion du héros) doivent être recherchés dans différentes villes, plutôt que de rejoindre le héros pour des raisons liées à l'intrigue.
Dekoboko Densetsu - Hashiru Wagamanmaa (Japan)	Ce jeu de courses tout mignon vous permet de jouer avec jusqu'à 5 joueurs en même temps (en utilisant le multi-tap). L'objet est de faire la course sur des parcours variés à défilement automatique en évitant toute sorte d'objets étranges comme les baigneuses nues, les robots géants, les clones Rambo . À la fin de chaque course, des points sont attribués pour votre position finale et vous pouvez les dépenser pour améliorer votre voiture avec un choix d'armes à utiliser contre vos adversaires.
Dennou Tenshi - Digital Ange (Japan)	Bande dessinée numérique de style Anime. Quatre belles soeurs : Foltjunia, Eindebelle, Leamuroda et Crealidelle combattent une race extraterrestre diabolique connue sous le nom de Bestia dans l'espace lointain, en se transformant en puissantes machines robotiques. Un jour, Foltjunia est attaqué et finit par perdre connaissance sur le trottoir d'une des villes du Japon, . Là, elle est retrouvée par un élève du secondaire, Takaya. Il semble que Foltjunia ait perdu ses capacités de transformation. Ses s?urs décident de rester quelque temps avec Takaya, se faisant passer pour des lycéennes, ce qui complique grandement la vie sociale et romantique du jeune homme.
Doraemon - Nobita no Dorabian Night (Japan)	Basé sur la célèbre franchise Doraemon, Nobita no Dorabian Night suit les aventures du chat robotique titulaire, qui tente de sauver ses amis de différentes époques. Comment est-ce arrivé? Naturellement, à cause de Nobita, meilleur ami de Doraemon. Quelque chose a mal tourné quand Nobita a montré à ses amis une machine à remonter le temps, ils se sont donc retrouvés coincés dans des mondes hostiles, et maintenant, c'est à Doraemon de les sauver! Le jeu est un jeu de plateforme traditionnel. Doraemon doit se frayeer un chemin à travers les niveaux et éliminent les ennemis qui tentent de l'arrêter. Doraemon commence avec un pistolet ordinaire, mais peut plus tard trouver d'autres armes, notamment un lanceur de boules de bowling et un pistolet paralysant. Il peut également collecter divers bonus, tels qu'une invincibilité limitée, une vitesse élevée, un objet qui gèle tous les ennemis au même niveau pendant un court laps de temps, etc. Il est possible de changer d'armes et de bonus à tout moment.
Double Dragon II - The Revenge (Japan)	Les Double Dragons - Billy et Jimmy Lee - sont de retour pour venger la perte de Marion ! Dans leur quête pour vaincre les méchants Shadow Warriors, le duo d'arts martiaux est mis au défi dans 9 missions incroyables, affrontant des gangs de rue impitoyables, des ninjas portant des nunchakus et des guerriers mutants géants ! L'action non-stop serpente à travers les chantiers de construction, les ruelles et les cachettes sous-marines avec des cages d'ascenseur secrètes, des plafonds à pointes et des griffes mécaniques acérées comme des rasoirs !
Doukyuusei (Japan) (Rev 3)	Dans Doukyuusei, le joueur joue le rôle d'un lycéen dans une ville japonaise. Ses parents viennent d'emménager dans un grand manoir situé dans un bon quartier. Le garçon doit aller dans sa nouvelle école, mais son esprit n'est préoccupé que par un seul sujet : les jolies filles. Au lieu d'étudier sérieusement, Takurou décide d'explorer la ville et d'en apprendre davantage sur ses habitantes. Doukyuusei est plus interactif que la plupart des autres jeux d'aventure japonais, utilisant l'interface pointer-cliquer (avec des icônes contextuelles pour parler, toucher, etc.) et proposant une navigation libre de haut en bas à travers la ville et le bâtiment de l'école. Le héros peut entrer dans des restaurants, des boutiques, des cafés, etc. Il est également possible de prendre un train pour se rendre dans un autre quartier et l'explorer.
Down Load 2 (Japan)	Download 2 est un jeu de tir horizontal. Cette suite suit la même formule que le premier jeu - plonger dans des mondes cybernétiques informatisés - mais propose également l'un des scénarios les plus électrisants jamais écrits. Le cerveau d'Adolf Hitler a été numérisé dans un ordinateur central par des terroristes et Syd, un cyber-plongeur d'élite, s'embarque dans un voyage périlleux pour arrêter et détruire la menace qui se profile. À bord de son vaisseau et avec l'aide de l'adorable Deva, Syd traverse neuf zones infestées d'ennemis muni de quatre armes différentes: un canon vulcain multidirectionnel, des faisceaux laser larges, des lasers à tête chercheuse et un canon à foudre de courte portée. Chaque arme peut être activée trois fois au total en collectant des nacelles « P » qui apparaissent à l'écran, tandis que les nacelles « S » augmentent la vitesse globale du vaisseau.
Downtown Nekketsu Koushinkyoku - Soreyuke Daiundoukai (Japan)	Downtown Nekketsu Koushinkyoku - Soreyuke Daiundoukai est un portage d'un épisode de la série Kunio-Kun paru sur Famicom. Cette fois il ne s'agit plus d'un beat'em all mais d'une compétition entre quatre différents gangs qui vont s'affronter dans diverses épreuves sportives (courses, balle au prisonnier, combat). Le jeu peut être joué à plusieurs, ce qui augmente grandement son intérêt. Son excellente réalisation en fait un titre qui mérite d'être essayé.
Downtown Nekketsu Monogatari (Japan)	C'est un remake de River City Ransom de la NES pour le PCE. Il provient de Technos à l'origine ici il a été converti par Naxat Soft. C'est un beat 'em up avec peu d'éléments RPG; vous pouvez acheter des articles comme de la nourriture, des boissons, du café et d'autres objets qui vous aideront dans votre aventure. Tuer un ennemi vous rapporte des pièces. Vous pouvez sauvegarder votre jeu à tout moment. Les personnages sont petits mais les fonds sont colorés et bien dessinés.
Dragon Ball Z - Idainaru Son Gokuu Densetsu (Japan) (FABT)	Idainaru Son Goku Densetsu présente Gohan racontant à Goten les combats de son père décédé, Goku, ainsi que d'autres personnages. Le jeu illustre les sept plus grandes batailles de Goku: combattre le Mercenaire Tao, défier Tien Shinhan au tournoi mondial d'arts martiaux, détruire le roi Piccolo, combattre Piccolo lors du 23e tournoi mondial d'arts martiaux, protéger la Terre de Vegeta, sauver Namek de Frieza et sacrifier sa vie. sauver le monde de Perfect Cell. Le jeu ne permet pas au joueur de contrôler complètement Goku, mais de choisir s'il est en mode offenssif ; défensif ; en mise sous tension ou en course. Il y a aussi des cinématiques qui peuvent se produire au milieu d'une bataille.
Dragon Half (Japan)	Basé sur le manga/anime . Dragon Half est un style de jeu de société similaire au 21 Emon ou à certains titres de Peachboy. Vous progressez autour d'un tableau en lançant un dé, en concurrence avec d'autres joueurs contrôlés par des humains ou par l'ordinateur. Atterrir sur des carrés de couleurs différentes a des effets différents. Certaines d'entre eux provoquent des événements spéciaux, d'autres déclenchent des séquences de combat animées nécessitant des pressions de bouton précises pour un impact maximal.
Dragon Knight & Graffiti (Japan)	Jeu de rôle fantastique avec des nuances hentai.
Dragon Knight II (Japan)	Strawberry Fields - un pays magique peuplé presque exclusivement de belles jeunes filles (si l'on ne compte pas le vieux sage et quelques autres exceptions masculines). Tout allait bien dans cet endroit paisible, jusqu'à ce que la méchante sorcière Mesaana enlève certaines des charmantes habitantes du pays et leur jette une malédiction, les transformant en monstres hideux. C'est alors qu'entre en scène Takeru Yamato (que vous connaissez peut-être sous le nom de Desmond, le héros de Knights of Xentar), un jeune aventurier qui se trouve à Strawberry Fields à ce moment-là. Takeru apprend que pour lever la malédiction, il faut trouver trois écritures sacrées, enfouies dans trois dangereux donjons. Voilà un travail pour notre aventurier, d'autant plus que les filles secourues lui seront probablement très reconnaissantes !
Dragon Knight III (Japan)	Cette version de Dragon Knight III est basée sur la version ordinateur antérieure. Tout en conservant l'histoire, le style graphique et la disposition de base des lieux, cette version présente des différences de gameplay substantielles. Les combats ne se déroulent pas en temps réel, mais au tour par tour, et utilisent une perspective différente ; les ennemis rencontrés au hasard sont combattus à la première personne, dans un style RPG japonais traditionnel semblable à celui de Dragon Quest. Le design des ennemis est également très différent, de nombreux monstres de la version originale ont été remplacés par des personnages féminins. Les graphismes des zones en vue de dessus ont été légèrement améliorés. Cette version censure également le contenu pour adultes. Les scènes sont toujours suggestives, mais il n'y a plus de nudité explicite. Certaines des scènes ont été complètement redessinées, éliminant même les activités sexuelles implicites.
Dragon Slayer - The Legend of Heroes (USA)	Dragon Slayer : The Legend of Heroes est un jeu de rôle sur PC Engine. Vous incarnez le Prince Selios. Lors d'une épreuve destinée à faire de vous un guerrier, le royaume de votre père est attaqué par des monstres. Trahi de toutes parts par vos anciens alliés, vous devez recruter des compagnons afin de libérer votre pays.
Dragon Slayer - The Legend of Heroes II (Japan)	Des années ont passé depuis que le prince Selios, le héros du premier jeu, a vaincu le dieu démon Agunija dans la bataille ultime. La paix est revenue sur la terre d'Iseruhasa. Selios a épousé sa bien-aimée Dina, et ils ont eu un enfant, qu'ils ont appelé Atlas. À l'âge de quinze ans, Atlas était déjà un solide guerrier, grâce aux leçons de son maître Lowel. Tout semblait paisible dans le pays, jusqu'à ce que deux guerriers repèrent d'étranges créatures près de la capitale. C'étaient... des hommes dans des combinaisons spatiales ! Bien sûr, les guerriers ne pouvaient pas le savoir et les ont pris pour des monstres. Les mystérieux étrangers ont-ils des intentions pacifiques, ou sont-ils une nouvelle menace pour le royaume ?
Dungeon Explorer II (USA)	Cette suite de Dungeon Explorer se joue exactement comme le premier volet. Vous avez choisi votre personnage parmi une variété de stéréotypes de fantaisie et vous êtes présenté dans une aventure à la gantaise. Le format CD permet d'avoir de plus grand et une plus grande variété de niveaux ; de nouveaux domaines et personnages s'ouvrant à vous au fur et à mesure de votre progression.
Dungeon Master - Theron's Quest (USA)	Des bêtes terriblement brutales! Des pièges perfides du mal! L'aventure d'une vie est ici .... La quête de Theron !! Le monastère de Ya-Brodin est tombé dans le culte des morts et la Fraternité des Lumières, les véritables gardiens de la magie, ont été massacrés. Les Sept Grands Trésors sont maintenant entre les mains d'êtres fétides qui ne reculeront devant rien pour conserver leurs pouvoirs énormes. Mais Theron, avec un courage incroyable, a décidé de rechercher le culte des morts et de reconquérir les trésors. S'il réussit, il deviendra un grand seigneur. Sinon le pays verra des ténèbres éternels.
Dynastic Hero, The (USA)	The Dynastic Hero (Wonder Boy in Monster World) sur TurboGrafx CD est un mélange de jeu de rôle et d'action dans lequel vous incarnez un prince chargé de délivrer un royaume entier tombé sous le joug d'une armée d'insectes. Votre personnage peut enrichir ses capacités en améliorant son équipement : épée, bouclier, bottes et armure. Gagnez de l'expérience en remportant des combats et répartissez-la entre les points d'attaque, de défense, et les points spéciaux.
Efera & Jiliora - The Emblem from Darkness (Japan)	Efera And Jiliora - The Emblem From Darkness est un action RPG comportant un couple de filles que 2 joueurs peuvent jouer simultanément. .
Eikan wa Kimi ni - Koukou Yakyuu Zenkoku Taikai (Japan)	Sinulation de baseball. Pratiquement incompréhensible si vous ne parlez (lisez) pas couramment le japonais. Souris compatible.
Eiyuu Sangokushi (Japan)	Jeu de stratégie oriental.
Emerald Dragon (Japan)	Dans Emerald Dragon: le joueur prend le contrôle d'Atrushan, un dragon bleu qui vit dans le monde des dragons. Un jour, lui et ses amis découvrent une épave de navire près d'une montagne. Après avoir examiné l'épave, les dragons trouvent un enfant humain - une petite fille. La sage White Dragon, la chef des dragons, leur dit qu'elle s'appelle Tamryn et qu'elle jouera un rôle important dans leur vie. La fille ne se souvient de rien et grandit avec les dragons. Mais à quinze ans, elle décide de retourner dans son pays d'origine, le monde humain. Peu de temps après le départ de Tamryn, Atrushan se rend compte qu'il ne peut supporter la séparation et demande au Dragon Blanc de lui permettre d'aller chercher Tamryn dans le monde humain. Mais un maléfice maléfique a été placé sur les dragons - ils ne peuvent pas apparaître parmi les humains sous leur véritable forme. Atrushan accepte de devenir un humain et se rend dans le monde humain ...
Exile (USA)	Après avoir vaincu le calife, Sadler retourne dans son village natal, accueilli par ses compagnons assassins. Un espion des Croisés a été repéré à l'extérieur du village, en suivant sa trace, Sadler rencontre le puissant chef des Templiers. Voyageant ensemble dans différents pays du monde, ils tentent de trouver un mystérieux artefact sacré qui pourrait mettre fin aux guerres de religion. Le jeu se déroule dans une version fictive du Moyen-Orient et d'autres régions du monde au 13e siècle. Les déplacements et l'exploration se font dans la vue aérienne traditionnelle des RPG, tandis que les combats et les donjons sont des labyrinthes à défilement latéral. Des points d'expérience sont attribués en battant les ennemis. La montée en niveau augmente automatiquement les attributs de Sadler. Sadler se bat à l'épée et peut également lancer des sorts offensifs et réparateurs. Les armes, armures et objets peuvent être achetés et vendus dans les villes.
Exile - Toki no Hasama e (Japan)	Après avoir vaincu le calife, Sadler retourne dans son village natal, accueilli par ses compagnons assassins. Un espion des Croisés a été repéré à l'extérieur du village, en suivant sa trace, Sadler rencontre le puissant chef des Templiers. Voyageant ensemble dans différents pays du monde, ils tentent de trouver un mystérieux artefact sacré qui pourrait mettre fin aux guerres de religion. Le jeu se déroule dans une version fictive du Moyen-Orient et d'autres régions du monde au 13e siècle. Les déplacements et l'exploration se font dans la vue aérienne traditionnelle des RPG, tandis que les combats et les donjons sont des labyrinthes à défilement latéral. Des points d'expérience sont attribués en battant les ennemis. La montée en niveau augmente automatiquement les attributs de Sadler. Sadler se bat à l'épée et peut également lancer des sorts offensifs et réparateurs. Les armes, armures et objets peuvent être achetés et vendus dans les villes.
Exile - Wicked Phenomenon (USA)	Sadler revient en tant que principal protagoniste et personnage principal de la série. Sa première tâche étant de rechercher ses amis dans les villes voisines. À la différence des épisodes précédents de la série, Sadler est l'un des personnages jouables possibles: le mignon mais mortel Rumi, le fort Kindi et le mystique Fakhyle suivent notre héros dans sa quête et peuvent être contrôlés. Le jeu suit la même formule que ses prédécesseurs et alterne combats et explorations. La première partie permet à Sadler de se promener dans les villes, de parler aux villageois ou d'acheter du nouveau matériel. Les phases de combat sont des scènes classiques de hack-and-slash se déroulant dans d'innombrables endroits hostiles: le joueur doit affronter ennemis, boss et gagner de précieux points d'expérience et des pièces d'or.
Exile II - Janen no Jishou (Japan)	Sadler revient en tant que principal protagoniste et personnage principal de la série. Sa première tâche étant de rechercher ses amis dans les villes voisines. À la différence des épisodes précédents de la série, Sadler est l'un des personnages jouables possibles: le mignon mais mortel Rumi, le fort Kindi et le mystique Fakhyle suivent notre héros dans sa quête et peuvent être contrôlés. Le jeu suit la même formule que ses prédécesseurs et alterne combats et explorations. La première partie permet à Sadler de se promener dans les villes, de parler aux villageois ou d'acheter du nouveau matériel. Les phases de combat sont des scènes classiques de hack-and-slash se déroulant dans d'innombrables endroits hostiles: le joueur doit affronter ennemis, boss et gagner de précieux points d'expérience et des pièces d'or.
F1 Circus Special - Pole to Win (Japan) (FABT)	F1 Circus Special est un jeu de course de Formule 1. Les joueurs peuvent choisir entre un mode de championnat du monde qui suit le parcours d'un pilote à travers les parcours disponibles du jeu de manière linéaire; un mode d'essai qui permet aux joueurs de choisir n'importe quel parcours ainsi que de modifier les règles et les conditions de course ; et un mode time attack !
F1 Team Simulation - Project F (Japan)	Simulation de gestion de course de Formule 1.
Faceball (Japan)	Faceball 2000 est un jeu de tir à la première personne. Vous contrôlez un modèle physique H.A.P.P.Y.F.A.C.E. ou un support physique holographique assisté pour l'embarquement actif informatisé. Les graphiques consistent en des couloirs ombragés. Les ennemis sont tous des formes géométriques simples avec des visages souriants. Bien que les graphismes soient simples, ils permettent une totale liberté de mouvement, contrairement à Wolfenstein 3-D.
Faerie Dust Story - Meikyuu no Elfeene (Japan)	Faerie Dust Story - Meikyuu No Elfeene est un RPG classique qui met en scène la chanteuse et actrice japonaise Tomomi Nishimura. Après avoir été transportée dans un monde féérique dont elle devra protéger les habitants, l'héroïne aura pour mission de trouver le chemin du retour.
Fantastic Night Dreams - Cotton (USA)	Cotton: Fantastic Night Dreams est un shoot'em up. Ce qui distingue Cotton: Fantastic Night Dreams des autres jeux du même genre, c'est son graphisme coloré et brillant et son personnage principal, Cotton. Le jeu se déroule également dans un monde fantastique et fantasmatique au lieu de prendre part dans l'espace comme dans beaucoup d'autres jeux de tir. Le jeu peut être comparé à d'autres jeux fantastiques de Shoot'em up comme Parodius. Le joueur contrôle Cotton, une jeune sorcière sur un manche à balai. Le joueur doit détruire différents monstres et éviter de se faire tirer dessus. Le joueur peut collecter des bonus pour améliorer son armement et déclencher une attaque plus puissante contre l'ennemi. Le joueur a des vies représentées par une flèche. Le joueur a trois vies et n'a droit qu'à un hit par vie.
Far East of Eden - Tengai Makyou - Fuun Kabuki-den (Japan)	Far East Of Eden - Tengai Makyou - Fuun Kabuki-den est un épisode spin-off de la série Far East of Eden. C'est un RPG qui se concentre sur le personnage loufoque et décalé de Kabuki Danjuro. Pour le reste, le déroulement du jeu est similaire à l'épisode Maru.
Far East of Eden - Tengai Makyou - Ziria (Japan) (Hibaihin)	Far East of Eden : Ziria sur PC Engine vous permet d'incarner Ziria, un des derniers descendants du légendaire Clan du Feu qui avait été envoyé au Jipang, un pays proche du Japon médiéval, pour sauver le monde du terrible Masakado. Bien que le mal fut scellé, il est sur le point d'être à nouveau libéré et c'est à vous que revient le devoir de l'arrêter !
Far East of Eden - Tengai Makyou II - Manji Maru (Japan)	Far East of Eden II : Manjimaru sur PC Engine est un jeu de rôle dans lequel vous contrôlez Majinmaru, un jeune guerrier qui a été choisi pour éliminer le mal qui sévit dans un Japon médiéval alternatif, basé sur l'image que se faisait l'Europe du pays à l'époque.
Farjius no Jakoutei - Neo Metal Fantasy (Japan)	Farjius No Jakoutei - Neo Metal Fantasy est un RPG sorti en 1992 et qui se déroule dans un univers futuriste. Il s'agit d'un RPG classique dans sa progression et ses combats, qui propose quelques séquences animées.
Faussete Amour (Japan)	Dans un village, une jeune fille nommée Koruku vivait paisiblement avec sa soeur et ses amis. Mais tout bascula quand un démon connu sous le nom de Goatbone apparu. Grâce à ses pouvoirs, il transforma en monstres terrifiants les amis de Koruku et kidnappa sa soeur. Un mystérieux vieillard désespéré offrit à Koruku une armure ainsi que des pouvoirs magiques. La jeune fille est prête à s'aventurer dans le repaire maléfique afin de libérer sa soeur... mais pourra-t-elle combattre ses propres amis qui obéissent maintenant à la parole de leur sombre maître ?
Fiend Hunter (Japan)	Fiend Hunter est un Action/RPG sorti en 1993. Le jeu se joue de côté, avec une maniabilité du style Prince Of Persia, ce qui procure au héros une grande panoplie de mouvements. Le but du jeu est d'éliminer les démons qui se présentent à vous, étant donné que vous êtes chasseur de démons. Les combats se déroulent en temps réel. Le jeu propose également de très belles scènes cinématographiques. Bien qu'entièrement japonais, ce jeu reste jouable pour quelqu'un ne comprenant pas cette langue.
Fighting Street (USA)	Fighting Street sur Turbografx (ou Street Fighter sur les autres supports) est l'adaptation du célèbre jeu de combat alors disponible en bornes d'arcade. Choisissez un personnage et partez affronter des combattants dans 5 pays différents afin de défier Sagat et devenir le meilleur combattant du Monde. Un mode Versus est disponible dans lequel vous pourrez affronter vos amis.
Final Zone II (USA)	Final Zone 2 est un shmup pédestre vu de dessus dans le style d'Ikari Warriors ou Red Alert sorti sur la même machine. C'est la suite de Final Zone, sorti sur Megadrive. Le jeu vous laisse le choix entre plusieurs protagonistes qui devront user des différentes armes et options disponibles pour éliminer les nombreux ennemis et véhicules armés qui vous feront face. Le jeu contient quelques séquences animées.
Flash Hiders (Japan)	Dans Flash Hiders, il existe trois modes de jeu différents: un mode scénario, un &quot;mode avancé &quot; et un mode versus.Alors que le mode scénario limite le joueur à l'utilisation du protagoniste Bang Vipot, le &quot;mode avancé&quot; lui permet d'utiliser son personnage préféré.Bien que le jeu nécessite l'exécution de la Super System Card, il est recommandé d'installer Arcade Card Pro/Duo dans la PC engine pour que le jeu fonctionne à la vitesse voulue.Si le jeu est joué avec une manette à deux boutons, une légère pression sur le bouton poing ou pied donne une attaque faible tandis que maintenir le bouton enfoncé permet d'exécuter une attaque plus forte.S'il est joué avec un contrôleur à six boutons, quatre attaques de base allant du coup de poing faible au coup de pied puissant sont attribuées aux quatres premiers boutons. Chaque combattant a trois autres jauges en plus de sa santé; la force des attaques, la vitesse du joueur et la ténacité de la défense.Flash Hiders a une suite en 1995 intitulée Battle Tycoon: Flash Hiders SFX , qui est également sortie exclusivement au Japon, mais qui a été développée pour Super Famicom .
Forgotten Worlds (USA) (En,Ja)	La Terre était un endroit prospère, avec de grandes villes et une nature intacte jusqu'à l'arrivée des extraterrestres ! Avec le feu et les bombes, ils ont dévasté le monde et tout rasé. C'est à toi de chasser les aliens et de reconquérir la planète. Affronte le Seigneur de fer et évite le dangereux souffle de feu du &quot;Dust Dragon&quot; ! Combats les créatures les plus diverses dans Forgotten Worlds et montre-leur ce qu'il en est ! Explore les différents niveaux et bats le boss pour continuer ta mission. Améliore ton arsenal entre et récupère ta planète d'origine en défiant les extraterrestres !
Formation Soccer 95 della Serie A (Japan)	Revivez les grandes heures du Calcio dans cette version du célèbre Formation Soccer dédié à la saison 95/96 du championnat italien. Le classique de Human est donc ici adapté à la manière des épisodes dédiés à la J-League, avec une ambiance 100% issue du championnat en question.
Fushigi no Umi no Nadia - The Secret of Blue Water (Japan)	Fushigi no Umi Nadia est un jeu d'aventure sorti uniquement au japon en 1993. C'est un jeu d'aventure sous forme de comic animé où vous revivez l'histoire du manga dans une succession de dialogues. L'histoire prend place juste après la destruction du Nautilus. L'équipage se retrouve coincé sur une île mystérieuse, ce qui correspond au scénario de l'animé a partir de l'épisode 25, où Grandis et les voleurs de bijoux ont déjà rejoint Jean et Nadia dans leurs voyages avec le capitaine Nemo sur son sous-marin &quot;Nautilus&quot;. Après une scène dramatique qui en révèle plus sur le passé d'Electra, l'équipage est échoué sur une île mystérieuse. Nadia et ses amis décident alors d'explorer l'île et vont découvrir une civilisation antique et vont faire la connaissance d'une étrange jeune fille blonde, Fizis, pourchassée par un Néo Atlante qui en veut aussi à Nadia, Gobeline. Le jeu joue principalement comme une bande dessinée interactive ou un roman visuel, bien qu'il contienne des éléments d'aventure tels que des commandes verbales. Cependant, ces commandes sont généralement très clairsemées et il n'y a pas de sous-menus avec des objets ou des personnes avec lesquels interagir. Le jeu avance linéairement, et la contribution du joueur est en grande partie réduite à choisir entre plusieurs endroits à explorer en premier. Il y a aussi un mode quiz distinct où le joueur répond aux questions posées par les personnages de la série en SD.
Gain Ground SX (Japan)	Gain Ground SX sur Turbografx est un jeu alliant action et stratégie. Les missions proposent deux types d'objectifs, traverser une zone sans mourir ou tuer l'intégralité des ennemis. Pour ce faire, vous disposez de différentes unités possédant leurs propres caractéristiques et la stratégie consiste à choisir judicieusement quel soldat serait le plus efficace dans une situation donnée.
Galaxy Deka Gayvan (Japan)	Galaxy Deka Gayvan est un beat'em up. Vous incarnez seul ou à deux joueur Hiro et Michiko,, deux agents envoyés pour éliminer le criminel Ballas qui menace la paix sur terre. Au fil du jeu, vous accumulez de l'énergie qui permet de se transformer en super héros (Gayvan et Mittchi). Ils deviennent alors plus fort et ont accès à de nouveaux coups spéciaux. Un mode VS est également disponible.
Garou Densetsu 2 - Aratanaru Tatakai (Japan) (FABT, FACT, FAET, FAFT)	Fatal Fury 2 sur PC Engine est un jeu de combat innovant dans lequel les personnages peuvent évoluer sur deux plans différents. Il est possible de passer de l'arrière à l'avant de l'écran, pour notamment esquiver les attaques adverses. Les trois personnages jouables disposent de techniques diverses et variées, dont une qui permet d'attaquer les deux plans en même temps afin d'être sûr d'envoyer son rival au tapis.
Garou Densetsu Special (Japan) (FABT)	Fatal Fury Special (Garou Densetsu Special au Japon) est un jeu vidéo de combat 2D développé et édité par SNK en 1993. Il est le troisième épisode de la série Fatal Fury. Aux huit personnages jouables du second épisode s'ajoutent huit nouveaux. Trois combattants issus de Fatal Fury (Duck King, Tung Fu Rue et Geese Howard) et les quatre boss de Fatal Fury 2 (Billy Kane, Axel Hawk, Laurence Blood et Wolfgang Krauser). Le seizième combattant, Ryo Sakazaki, jouable uniquement en mode versus, est à débloquer avec un code une fois qu'on l'a vaincu.
Gate of Thunder (Japan) (FACT, FADT)	Gate of Thunder sur TurboGrafx est un shoot horizontal spatial dans lequel vous dirigez un vaisseau chargé d'éliminer ses adversaires. Manoeuvrez votre Hunting Dog à travers sept niveaux dans lesquels se cachent de nombreux bonus pouvant vous aider à vaincre les boss de fin de stage. Soyez vifs et adroits si vous ne voulez pas être touché et finir en Game Over.
Gate of Thunder + Bonk's Adventure + Bonk's Revenge (USA)	Gate of Thunder sur TurboGrafx est un shoot horizontal spatial dans lequel vous dirigez un vaisseau chargé d'éliminer ses adversaires. Manoeuvrez votre Hunting Dog à travers sept niveaux dans lesquels se cachent de nombreux bonus pouvant vous aider à vaincre les boss de fin de stage. Soyez vifs et adroits si vous ne voulez pas être touché et finir en Game Over.
Genocide (Japan)	La vie est devenue de plus en plus compliquée au 22ème siècle. Les humains ont construit un super-ordinateur connu sous le nom de MESIA, en lui confiant la tâche de surveiller tout ce qui se passe sur la planète. Cependant, l'ordinateur est devenu de plus en plus mégalomaniaque, et a finalement décidé de conquérir la Terre avec des machines mortelles de sa propre production. Au milieu du 23ème siècle, l'humanité s'engage dans une bataille décisive contre MESIA. Leurs espoirs reposent sur Ken Ryugasaki, qui pilote la puissante mecha Tracer lors de son voyage vers le repaire du super-ordinateur. Le génocide est un jeu d'action à défilement latéral. Le joueur contrôle Tracer, qui peut se battre avec une arme de mêlée semblable à une épée et sauter. Plus tard dans le jeu Tracer acquiert &quot;Betty&quot;, une arme puissante qui peut tirer dans huit directions. Le gameplay est assez simple; il n'y a pas de power-ups, et la majeure partie du jeu consiste à survivre à des assauts continus d'ennemis.
Gensou Tairiku Auleria (Japan)	Vous commencez le jeu comme un guerrier sans nom (vous pouvez nommer le héros comme vous le souhaitez). Il retourne dans son village natal, seulement pour le trouver brûlé, et sa femme bien-aimée morte. Agenouillée sur sa tombe, le guerrier jure de se venger, mais cette quête s'avère bientôt aller au-delà, les forces démoniaques menaçant la terre! Gens? Tairiku Aurelia est un RPG d'action à défilement latéral. Vous contrôlez le guerrier (et d'autres personnages que vous pouvez contrôler plus tard dans le jeu) en le déplaçant à travers les plates-formes - villes, forêts, donjons, etc. Dans les villes, vous pouvez parler aux gens pour faire avancer la parcelle. Dans les zones sauvages, vous combattez les ennemis en attaquant physiquement ou en utilisant des sorts magiques en temps réel. Vous pouvez également sauter dans ce jeu. Vous obtenez des points d'expérience pour vaincre les ennemis, gagner des niveaux et renforcer la magie.
Ginga Fukei Densetsu Sapphire (Japan)	Dans le futur, les voyages dans le temps sont devenus monnaie courante. Les organisations criminelles ont commencé à utiliser cette science avancée afin de s'échapper dans différentes périodes du temps et éviter d'être capturées. Pour contrer cela, une unité de police spéciale appelée « Burning Rabbits » a été créée pour lutter à travers le temps et l'espace. Ginga Fukei Densetsu : Sapphire est un jeu de tir à défilement vertical. Le joueur peut choisir entre quatre personnages féminins différents, chacun pilotant un vaisseau différent : Sapphire est l'équilibre entre force et vitesse ; Charlotte est la plus rapide, mais aussi la plus faible ; Helen est la plus lente et la plus forte ; Jasmine est la deuxième plus forte et la deuxième plus lente. Les vaisseaux se distinguent également par les propriétés de leurs armes. Chaque vaisseau peut collecter des bonus rouges, verts ou bleus ; la collecte d'un bonus de la même couleur améliore l'arme en cours d'utilisation.
Ginga Ojousama Densetsu Yuna (Japan) (FAFT)	Les fanas de &quot;Sailor Moon&quot; et consorts seront assurément comblés de retrouver dans Galaxy Fraulein Yuna l'ambiance chère au genre &quot;Magical girl&quot;, où se mêlent petits tracas de tous les jours et luttes farouches contre les galactico-racailles. A ce propos, les duels se font à l'aide de quelques menus, où l'on se contente de choisir la fuite, l'attaque, la défense... Vu que tout le reste de l'aventure se fait également via l'intermédiaire de menus, il va sans dire que la compréhension de la langue nippone est fortement conseillée pour tirer la quintessance d'un tel titre. Car même s'il est tout à fait possible de finir Galaxy Fraulein Yuna sans percuter une once de Japonais, on perd quand même une ENORME partie de l'intérêt en route. Reste les écrans graphiques -parfois fort réussis- qui, de leur côté, devraient contenter tout le monde... contrairement aux musiques, malheureusement assez insipides.
Ginga Ojousama Densetsu Yuna 2 - Eien no Princess (Japan) (FAAT)	Il s'agit du deuxième jeu de la série sur la lycéenne Yuna Kagurazaka, qui combat le crime dans des batailles cosmiques. Eien no Princess continue l'histoire du premier opus. Yuna a vaincu les 13 Servants of Darkness et leur chef, Lia, est devenue une amie, luttant seule contre la criminalité dans une émission télévisée de super-héros. La vie semble se poursuivre normalement, le seul problème étant Erika, une collégienne qui se considère comme la plus grande rivale de Yuna. Elle défie Yuna au combat, mais tous deux sont repérés par le vaisseau-vedette titulaire &quot;Eternal Princess&quot;, commandé par la jolie princesse Mirage, dont le rôle est d'arrêter la violence dans toute la galaxie. Ce qui commence par un malentendu se termine par une menace sérieuse pour la Terre ... Eien no Princess est ce qu'on appelle habituellement un &quot;roman visuel&quot;. La majeure partie du jeu consiste à emmener automatiquement le joueur à différents endroits, où il regarde l'histoire se dérouler, accompagné de texte et de doublage. Parfois, il est nécessaire de cliquer sur un verbe de menu (par exemple, &quot;Regarder ...&quot;), ce qui ne veut pas dire grand-chose, car le menu n'offre aucun choix. Il y a cependant quelques batailles au tour par tour dans le jeu, avec différentes attaques à choisir, telles qu'attaque, défense, spéciale, etc.
Ginga Ojousama Densetsu Yuna HuVIDEO CD (Japan)	Les fanas de &quot;Sailor Moon&quot; et consorts seront assurément comblés de retrouver dans Galaxy Fraulein Yuna l'ambiance chère au genre &quot;Magical girl&quot;, où se mêlent petits tracas de tous les jours et luttes farouches contre les galactico-racailles. A ce propos, les duels se font à l'aide de quelques menus, où l'on se contente de choisir la fuite, l'attaque, la défense... Vu que tout le reste de l'aventure se fait également via l'intermédiaire de menus, il va sans dire que la compréhension de la langue nippone est fortement conseillée pour tirer la quintessance d'un tel titre. Car même s'il est tout à fait possible de finir Galaxy Fraulein Yuna sans percuter une once de Japonais, on perd quand même une ENORME partie de l'intérêt en route. Reste les écrans graphiques -parfois fort réussis- qui, de leur côté, devraient contenter tout le monde... contrairement aux musiques, malheureusement assez insipides.
Go! Go! Birdie Chance (Japan)	Go!Go!Birdie Chance est un jeu de golf de style anime. Le joueur contrôle les étudiantes du secondaire qui forment une équipe de golf et souhaitent rester invaincues. Le mode histoire contient de longues cinématiques textuelles, illustrant la lutte des filles contre un golfeur arrogant, avec des matchs de golf qui se déroulent comme dicté par l'intrigue. Le mode libre permet à un ou deux joueurs de sélectionner l'un des trois personnages féminins disponibles et de s'affronter entre eux ou avec l'IA de l'ordinateur. Il est possible de sélectionner les types de clubs de golf, le terrain de parcours, les types de frappe et la main forte du joueur. La force et la direction du tir sont déterminées en arrêtant une barre mobile au bon moment.
God Panic - Shijou Saikyou no Gundan (Japan)	God Panic est un Shoot'em up totalement barré comme on en trouve de temps en temps sur PC Engine. Le jeu étant (forcément) en japonais, je ne peux pas trop vous en dire sur l'histoire. C'est assez dommage, car vu le rendu, le tout doit être vraiment débile. Dans ce shoot horizontal, vous incarnez donc un personnage volant qui doit dézinguer un bon paquet d'adversaires dans un but obscur. L'armement est très classique. Les items sont à récupérer en passant sur des coffres - pour une fois, pas besoin de bousiller certains ennemis pour les avoir. Vous pouvez ainsi récolter du speed up, du power up, et même de précieux points de vie. Car God Panic se veut très permissif, le jeu est clairement grand public et le terminer ne demandera pas une grosse implication de la part du joueur. Vous avez donc une barre de vie, ainsi qu'une barre de smart bomb juste en dessous. Vous pouvez ainsi vous faire toucher plusieurs fois avant de mourir.
Godzilla (USA)	Cette interprétation de Godzilla prend la forme d'un jeu de combat, mais à la place des artistes martiaux habituels, les joueurs contrôlent d'horribles monstres de la lignée traditionnelle Toho. Le système de combat est similaire à celui des autres jeux de combat, avec différentes combinaisons de boutons pour exécuter différents mouvements. Naturellement, le schéma normal « coup de poing - coup de pied » est modifié pour s'adapter aux formes et aux particularités biologiques des monstres. Par exemple, les monstres à queue peuvent utiliser des attaques de rotation de la queue ; les monstres cracheurs de feu ont une attaque de feu à distance, etc. La plupart des monstres ont un mouvement qui consiste à tenir l'adversaire et à lui sucer le sang.
Godzilla Bakutou Retsuden (Japan)	Cette interprétation de Godzilla prend la forme d'un jeu de combat, mais à la place des artistes martiaux habituels, les joueurs contrôlent d'horribles monstres de la lignée traditionnelle Toho. Le système de combat est similaire à celui des autres jeux de combat, avec différentes combinaisons de boutons pour exécuter différents mouvements. Naturellement, le schéma normal « coup de poing - coup de pied » est modifié pour s'adapter aux formes et aux particularités biologiques des monstres. Par exemple, les monstres à queue peuvent utiliser des attaques de rotation de la queue ; les monstres cracheurs de feu ont une attaque de feu à distance, etc. La plupart des monstres ont un mouvement qui consiste à tenir l'adversaire et à lui sucer le sang.
Goetzendiener (Japan)	Dans Gotzendiener on se retrouve avec une aventure en 3D isométrique rappelant, non sans un certain émoi, le mémorable The Immortal. La représentation graphique est claire, affûtée, sans fioritures, avec des formes géométriques simples et des angles plus vivants que morts, histoire que personne ne se perde dans cet environnement tout en perspective. A noter cependant que l'on nous impose l'utilisation des diagonales et non des quatre directions cardinales du paddle, ce qui n'est pas forcément le summum de l'ergonomie. Ce petit bémol mis de côté, c'est le carton-plein pour cette vue de 3/4, très fonctionnelle, peu commune sur PC Engine, et qui continue de différencier un peu plus Götzendiener des autres titres sur ce support. Dommage que la partie sonore ne soit pas au diapason, les musiques, bien qu'acceptables, auraient méritées d'être lues directement sur le CD...
Golden Axe (Japan)	Ce jeu est un portage du célèbre Golden Axe, grand succès en arcade à la fin des années 80 signé Sega, et également porté sur les consoles Sega. C'est un beat'em all à ambiance médiévale/fantastique qui vous donne le choix entre incarner un guerrier, une amazone ou un nain. Chaque personnage dispose d'une attaque magique qui peut être améliorée, et certaines des créatures rencontrées peuvent être chevauchées. Bien qu'il s'agisse d'un classique du jeu vidéo, cette version PC Engine est une déception tant les différences avec la version arcade ou Megadrive sont nombreuses.
Gradius II - Gofer no Yabou (Japan)	Gradius II est la suite de Gradius, shmup révolutionnaire pour son époque. Ce deuxième épisode propose le même système de jeu : l'armement du Vic Viper est évolutif avec les options que vous ramassez. A vous d'upgrader la vitesse et le tir de votre vaisseau. Petite nouveauté par rapport au 1er épisode : vous avez cette fois le choix entre 4 schémas d'évolution différents, pour donner un peu stratégie et de rejouabilité à l'ensemble. Comme son ainé, ce Gradius II est un classique, et comme son ainé; il a été adapté sur beaucoup de supports. Cette version PC Engine est néanmoins très fidèle à l'arcade.
GS (Ghost Sweeper) Mikami (Japan)	GS Mikami est un jeu d'aventure japonais. Il est présenté comme un épisode à part entière de la série animée Ghost Sweeper Mikami. Vous suivez les aventures de Reiko Mikami qui part à la rescousse de son âme suite à un affrontement avec un puissant démon. Le jeu ne propose comme action que d'observer et de parler avec les différents protagonistes, ainsi qu'un jeu de carte du style &quot;pierre-feuille-ciseaux&quot; intervenant lors de certaines confrontations, ou pouvant être joué librement.
Gulclight TDF 2 (Japan)	Gulclight TDF2 est un jeu tactique au tour par tour et un suivi de T.D.F .. Il n'y a pas d'informations d'arrière-plan dans le jeu en plus de la notion de TDF2, une organisation composée d'avions et de méchas combattant une race extraterrestre appelée Plea. Le gameplay est assez simple: le joueur est présenté avec un écran isométrique assez petit et doit y naviguer avec une poignée de combattants, attaquant un extraterrestre lorsqu'il est sur la case adjacente. Les mechas et les véhicules contrôlés par les joueurs sont de différents types: certains sont puissants mais ont une man?uvrabilité limitée, d'autres ont une grande amplitude de mouvement mais une armure faible, etc. Les batailles sont affichées sur un écran séparé et les deux parties échangent une attaque.
Gyuwambler Jiko Chuushinha - Gekitou 36 Janshi (Japan)	Gyuwanburaa Jikochuushinha - Gekitou 36 Janshi est un jeu de mahjong basé sur le manga du même nom de Masayuki Katayama. Le jeu suit les règles de mahjong traditionnelles avec quatre participants, le joueur en compétition contre trois adversaires contrôlés par l'IA. Il y a un mode tournoi qui peut être sauvegardé, et un mode libre dans lequel le joueur contrôle le protagoniste du manga et rivalise avec n'importe quelle combinaison des 36 personnages disponibles.
Gyuwambler Jiko Chuushinha - Mahjong Puzzle Collection (Japan)	Gambler Jiko Chuushinha - Mahjong Puzzle Collection n'est pas un jeu de Mahjong, comme le titre l'indique, c'est un jeu de puzzle qui utilise des tuiles de mahjong. Le joueur est présenté avec une planche pleine de tuiles de mahjong; le but est de faire correspondre des tuiles identiques par paires, les faisant disparaître. Seules les tuiles qui n'ont pas d'obstacles (c'est-à-dire d'autres tuiles) sur leur chemin l'une par rapport à l'autre peuvent être appariées. Les nouvelles tuiles sont ajoutées par le jeu sur les cases adjacentes aux cases supprimées. Le joueur doit anticiper afin de compléter le puzzle, évitant les situations impossibles à gagner. Il y a neuf planches différentes, avec des carreaux placés dans différents modèles de difficulté variable. De plus, il y a quatre niveaux de difficulté, mesurés par la limite de temps permise pour chaque casse-tête (le niveau le plus facile n'a aucune limite de temps). Les personnages du manga Jiko Ch?shinha peuvent être sollicités un nombre limité de fois.
Hataraku Shoujo - Tekipaki Working Love (Japan)	Tekipaki: Working Love est un jeu de simulation quelque peu similaire à la série Graduation, mais avec un système beaucoup moins complexe avec des &quot;working girls&quot; au lieu d'étudiantes. Les graphismes du jeu ont été dessinés par l'artiste manga Izumi Takemoto. Le cadre est le 23ème siècle et le joueur doit s'occuper de trois filles de différentes planètes: Naomi, Hikaru et Edalt. L'objectif est de faire en sorte que les filles s'acquittent avec succès de leurs tâches (essentiellement des tâches de type secrétaire) tout en ayant du temps libre pour se reposer. À chaque activité, certains paramètres (endurance, intelligence, etc.) de la fille augmenteront et diminueront. Les trois filles ayant des paramètres différents dès le début, il est important de comprendre leur personnalité et de trouver le juste équilibre entre travail et loisirs. Les filles ont également un paramètre «fidélité», qui augmente généralement lorsque le joueur leur laisse un jour de congé.
Hatsukoi Monogatari (Japan) (Rev 1)	Un étudiant japonais ordinaire trouve une disquette dans la rue; Utilisant son ordinateur pour charger des données, il convoque miraculeusement Foltjunia, une guerrière intergalactique qui combat le mal dans son armure robotique avec trois compagnons. Cependant, Foltjunia a perdu ses pouvoirs et, par conséquent, reste avec le héros, lui donnant des conseils sur la façon de conquérir l'amour d'un camarade de classe. Après un bref prologue avec un gameplay d'aventure, la majeure partie de Hatsukoi Monogatari consiste en une simulation managériale sur le modèle des jeux Princess Maker, mais avec des options plus limitées et aucun élément RPG. Le joueur gère l'horaire quotidien du héros, divisé en deux segments: l'école et la maison. Les activités comprennent l'étude, les conversations avec les élèves ou les enseignants, les emplois à temps partiel, le repos, les conversations téléphoniques, les achats, l'achat de cadeaux, etc. Chaque activité augmente ou diminue certains des paramètres du héros. Le niveau global peut être évalué sur un écran spécial, et le but est de l'augmenter en équilibrant les statistiques avec diverses activités
Hawk F-123 (Japan)	Après avoir doté la PC Engine de ses deux plus mauvais shoots en hucard, Pack In Video revient pour pourrir la version CD... Et vous devenez le résultat? Parfaitement! C'est nul! Voilà encore un test qui n'aura pas duré longtemps. Pour ceux qui aiment se faire mal, sachez que le principe est clairement repris sur Power Gate, l'une des deux daubes déjà disponibles en hucard au moment de la sortie de ce CD. On retrouve donc cette ambiance beauf américaine de l'armée de l'air, mal dessinée, mal animée et fade au possible. C'est simple, si on ne fait pas attention, on croirait se retrouver devant une resucée à la sauce CD, comme pour Raiden et Super Raiden ou Darius et Super Darius pour ne citer qu'eux. Finalement, ce n'est que le premier niveau qui est repris à Power Gate. Pour le reste, c'est autre chose. Mais finalement, qui a eu le courage de terminer le premier niveau de Power Gate? Car en plus de proposer un intérêt frôlant le zéro absolu, Hawk-123 se paye le luxe d'être assez difficile! En effet, les adversaires bougent beaucoup et votre cadence de tir n'est vraiment pas très élevée. Du coup, on passe sont temps à les louper. Exit le côté puissance qui sied à tout bon shoot'em up ! Ici vous allez morfler sévère... Hawk F-123 est à classer aux côté d'autres moisissures comme Legion, bien que ce dernier soit finalement un cran au dessus.
Hellfire S - The Another Story (Japan)	Également sorti sur Megadrive, Hellfire se veut beaucoup plus accessible sur PC Engine. On retrouve tout ce qui fait le jeu d'arcade original : nos deux héroïnes parties pour sauver le monde, des décors fins et variés, etc. Toute la finesse du gameplay vient du fait que vous pouvez orienter votre arme. Pas de tir secondaire donc, le deuxième bouton vous servant à changer l'angle de tir : vers l'avant, l'arrière, en haut et en bas, et en diagonales. Le level design vous impose tout au long de chaque partie de jouer là dessus. Toutefois, ce sont les boss qui vont vraiment vous obliger à changer d'arme très régulièrement. Il n'y à qu'à voir le boss du premier niveau pour s'en convaincre : a vous tourner autour, vous devrez tirer chacun de ces points faibles avec une arme bien précise. Et c'est également là que Hellfire S joue sont va-tout : il est très technique et demande de bien viser. Il n'est donc pas rare de devoir apprendre certains passages pour savoir exactement comment passer sans encombres. Le jeu est également très connu sur Megadrive. Ce dernier a marqué bien des joueurs de part sa difficulté totalement abusée, en faisant l'un des shoots les plus difficiles de la 16 bits de Sega. Avec cette version PC Engine CD, Hellfire, qui se nomme au passage Hellfire S, voit son challenge clairement revu à la baisse. De plus, cette version PC Engine - CD oblige - se voit agrémentée d'une introduction en images fixes très agréable et de musiques d'excellentes qualité. Encore une fois, c'est du grand Toaplan. Cette version PC Engine est clairement à privilégier face une cartouche Megadrive excellente techniquement, mais bien trop difficile.
High Grenadier (Japan)	Bon, histoire de remplir, sachez que High Grenadier est un wargame dans le style de... North&South. On a ainsi une carte générale, avec différentes locations que se partagent deux camps adverses, et des phases de combat pour rendre le tout un peu plus trépidant. Mais là où North&South était un titre extrêmement bien pensé, attractif et surtout super fun (merci le mode 2-joueurs), High Grenadier n'est qu'un insipide simulateur d'ennui. Déjà, il faut bien reconnaître que l'aspect graphique de la chose se révèle assez repoussant. Les teintes verdatres à profusion ne laissent planer aucun doute sur l'aspect 100% militariste du jeu et, même si l'on n'achète pas un wargame pour jouer dans l'univers gentimment rigolo de Doraemon, on apprécie profiter de la palette de couleurs de sa console... surtout lorsqu'il s'agit d'autre chose que d'une GameBoy. Du coup, difficile de s'accrocher à un jeu dans lequel tout semble fade et paresseux. De plus, le système de jeu n'est ni riche, ni innovant, et encore moins excitant puisqu'il consiste grossièrement à choisir ses troupes, recruter des généraux et envahir les camps adverses. Pour ce faire, on commence par sélectionner les unités qui participeront aux combats, pour ensuite regarder passivement le déroulement des évènements (à la manière de Langrisser). Malheureusement, à une époque où les joueurs peuvent s'essayer à Dragon Force, il semble difficile pour ce High Grenadier, vide de toute dimension stratégique, de se faire une place au soleil. Les phases de gestion quasi-inexistantes, les kanjis à foison et le piètre enrobage général contribuent à rendre ce titre de Telenet sans grand intérêt. Dans un genre plus ou moins similaire, l'excellent Nectaris ou sa non-moins excellente suite Neo Nectaris devraient faire leur office...
Hihou Densetsu - Chris no Bouken (Japan)	Un scientifique nommé Arnold Steiner fait des recherches sur la civilisation antique d'Indios en Amérique centrale. Cependant, après une découverte révolutionnaire, Steiner disparaît mystérieusement. Sa fille Chris voyage en Amérique centrale à la recherche de son père et entre dans un monde intimidant de monstres et de conspirations. Hih? Densetsu: Chris no B?ken est un jeu de plateforme. Chris est armé d'un poignard et ne peut utiliser aucune autre arme ou gadget pour se protéger. Cependant, le poignard peut être amélioré en recueillant des orbes colorés tombés par des ennemis. Selon leur combinaison, le poignard peut être utilisé comme une arme à longue portée, tirant des projectiles ou agissant comme un boomerang. La santé du protagoniste est mesurée avec des c?urs; une étape doit être redémarrée si Chris est à court de cinq d'entre eux. Les ennemis laissaient parfois des c?urs et des pièces de monnaie derrière eux; celle-ci ajoute une vie supplémentaire à Chris si elle recueille une quantité suffisante. Un ennemi patron attend à la fin de chaque deuxième étape. Les autres caractéristiques comprennent les plates-formes en mouvement et en voie de disparition, les pièges mortels tels que les pointes, la conduite de chars miniers et une limite de temps stricte pour chaque étape. L'histoire est avancée à travers des cinématiques de style anime entre les étapes.
Himitsu no Hanazono (Japan)	Un lycéen nommé Kosuke a fait un rêve dans lequel il voyait une belle femme lui parler. Le lendemain matin, il découvre que sa nouvelle prof lui ressemble beaucoup. Kosuke se rend compte qu'elle est en fait un détective envoyé pour enquêter sur le meurtre d'une étudiante qui s'est produit dans le gymnase. Le jeune homme doit tout faire pour intégrer l'enquête, résoudre le mystère et peut-être impressionner la séduisante enseignante. Dans, Himitsu no Hanazono , il n'y a pas de commandes verbales ni de réelle interaction avec l'environnement. Les choix sont plutôt fréquents et assez nombreux . La plupart de ces choix n'affectent pas l'intrigue, bien qu'ils puissent modifier les dialogues ultérieurs. Le joueur peut également faire naviguer le protagoniste dans la cour de l'école et à l'intérieur du bâtiment principal de haut en bas, en visitant les lieux dans n'importe quel ordre.
Horror Story (Japan)	Originaire de l'arcade (où il était connu sous le nom de Demon's World pour le public occidental), Horror Story est un jeu de plateforme / shooter à défilement latéral à l'ancienne. La prémisse de base du gameplay est très simple: tirer et sauter votre chemin à travers de grandes quantités de monstres, vaincre le boss, passer au niveau suivant. Il n'y a aucun récit d'aucune sorte dans le jeu, et aucune scène coupée; le héros est un duc ressemblant à un duc Noukem à l'allure musclée et équipé d'armes à feu. L'écran défile en tout temps, même si le personnage du joueur ne bouge pas. Les niveaux sont presque entièrement linéaires, le seul choix étant parfois de rester sur le terrain ou de sauter vers les plateformes supérieures. Le mode coopératif à deux joueurs est disponible. Bien que le tir soit l'élément principal du jeu ici, le saut (en particulier le double saut) doit être utilisé librement pour guider le héros à travers les étapes de la plateforme et éviter et tuer les ennemis (puisque le saut sur la tête les élimine également). Les armes peuvent être changées en attrapant des power-ups, qui apparaissent comme des lettres flottantes et changeantes. Selon la lettre que le joueur décide de prendre, le héros aura différentes armes. Ces armes comprennent: un faisceau d'énergie constante de puissance modérée; lance-flammes; des bombes; un lance-grenades à courte distance de toutes sortes; et une arme à feu qui crache des boules de feu dans trois directions différentes. Comme son nom l'indique, le jeu a un thème d'horreur. Le jeu commence dans ce qui ressemble à l'ancien Japon, avec des démons japonais traditionnels, mais passe plus tard à l'horreur plus &quot;mainstream&quot;, avec des villes hantées, des fantômes, des zombies, des squelettes, etc
Hu PGA Tour - PowerGolf 2 - Golfer (Japan)	Power Golf 2: Golfer fait suite à Power Golf. Le jeu tente de simuler le golf de façon réaliste et contient de nombreuses fonctionnalités et variables qui influencent le gameplay. Il y a deux modes dans le jeu: Normal et Tournoi. En mode normal, jusqu'à quatre joueurs peuvent s'affronter l'un contre l'autre ou un adversaire informatique en stroke play, match play, driving range et putting green. De vrais parcours de golf japonais sont disponibles pour la sélection, avec des photos numérisées et des introductions. Le joueur peut choisir de contrôler les golfeurs japonais et choisir parmi une variété de clubs, ainsi que d'influencer manuellement le tir, la force de contrôle, l'angle et la partie exacte du ballon que le joueur souhaite frapper. Le mode Tournoi est essentiellement un jeu de simulation managérial. Le joueur prend le contrôle d'un golfeur dans une ville sans nom. L'objectif est d'accumuler assez de monnaie et de célébrité, ainsi que d'augmenter les attributs personnels du golfeur afin de participer à des tournois. La monnaie est obtenue en effectuant des tâches à temps partiel, par ex. comme cadet dans les matchs de golf, ou en jouant aux machines à sous. Le joueur peut également visiter les magasins pour acheter des clubs et d'autres équipements de golf. Il y a un calendrier dans le jeu qui garde la trace des tournois et incorpore également des événements aléatoires (tels que des accidents). Il est également possible d'envoyer le golfeur en vacances lorsqu'il est trop fatigué de travailler ou de pratiquer le golf.
Human Sports Festival (Japan)	Human Sports Festival est une compilation qui contient trois jeux de sport inédits: Fine Shot Golf est un jeu de golf pouvant accueillir jusqu'à quatre joueurs avec une exposition, un tournoi et un mode d'entraînement. Il est possible de choisir les types de club et (dans le mode pratique) terrain de golf. Le jeu est joué à partir d'une perspective à la première personne, et nécessite que le joueur arrête une barre mobile au bon moment pour réguler la force du court. Formation Soccer: Human Cup '92 est un jeu de football descendant qui permet au joueur de choisir une équipe internationale parmi plusieurs équipes européennes et américaines. Le comportement de la formation et du gardien de but peut être personnalisé. Cependant, aucune gestion détaillée des joueurs n'est présente. Le mode championnat permet à un ou deux joueurs de rivaliser avec l'ordinateur. Final Match Tennis Ladies est de style similaire à Final Match Tennis, mais avec des joueuses de tennis remarquables (leurs noms sont légèrement modifiés). Il est possible de choisir l'un des trois types de courts de tennis disponibles, ainsi que de passer par le tournoi Open d'Australie contrôlant un concurrent dans un système de coupe.
Hyaku Monogatari - Honto ni Atta Kowai Hanashi (Japan)	Hyaku Monogatari est un jeu vidéo hommage au jeu de société Hyaku Monogatari Kaidankai, populaire à l'époque d'Edo (17ème - milieu du 19ème siècle) au Japon. Le jeu consistait à se rassembler la nuit, à allumer une centaine de bougies et à raconter des histoires d'horreur, éteignant les bougies une par une jusqu'à ce que la pièce devienne complètement sombre. Le jeu contient une centaine d'histoires d'horreur racontées de façon linéaire à travers des textes, des photos numérisées et des effets sonores. La plupart des histoires sont très courtes et non interactives. Les exceptions impliquent généralement des choix visuels de type roman de lieux ou des réponses à des situations, qui affectent parfois la conclusion de l'histoire. Un épisode récurrent implique de visiter divers endroits dans la région de Tokyo et d'examiner des cas criminels et des histoires de fantômes.
Hyper Dyne - SideArms Special (Japan)	Cette version CD-ROM2 (le jeu existe aussi en HuCARD) porte la mention &quot;Special&quot;, et que l'on peut donc s'attendre à quelques petits bonus ici ou là. Et en Intéressons nous au préalable à la version classique, petit bijou de shoot'em up rustique, qui a déjà fait le bonheur des plus âgés d'entre-vous. La version proposée se contente être une adaptation fait de bonus, on se retrouve tout simplement avec deux jeux en un : le Side Arms standard, et une version antédiluvienne nommée d'ailleurs Side Arms B.C. (Before Christ !). Une fois qu'on en a fini le mode &quot;Standard&quot;, rien ne sert d'enlever les couverts puisque l'on peut directement enchaîner sur le &quot;Before Christ&quot;. Quand y en a plus, y en a encore : Paic Citron et Side Arms Special, même combat. Cette &quot;cheap-édition&quot;, propose le même jeu, sauf qu'on y a viré les colorants mais rajouté un max de conservateurs. De ce fait, c'est devenu bêtement plus laid, mais aussi fichtrement plus dur. Dans cette histoire, on se retrouve donc avec un jeu graphiquement plus proche d'une Master System que d'une PC Engine, avec les phases à scrolling vertical en moins, et l'obligation de recommencer une partie du niveau à chaque fois que l'on perd une vie. Le système d'armement a également été revu, avec de nouveaux flingues (aussi peu impressionnants que les précédents), une jauge de charge-beam, et l'impossibilité de passer d'une arme à une autre à n'importe quel moment. Ah oui, et puis les boss ont été refaits !
Hyper Wars (Japan) (SAAS)	Après que les humains se soient aventurés dans l'espace, ils ont commencé à y construire des colonies. Il est devenu de plus en plus difficile de les entretenir, et des robots spéciaux connus sous le nom de &quot;Bidroids&quot; ont été inventés pour faire le dur labeur. Cependant, les colonies commencèrent à se faire la guerre, et les Bidroïdes furent utilisés à des fins militaires. Lorsque la paix fut finalement atteinte, les dirigeants décidèrent que les bidroïdes pouvaient continuer à fonctionner comme des machines de combat, mais dans des championnats amicaux plutôt que dans des guerres meurtrières. Hyper Wars est avant tout une simulation managériale; Le combat de robot lui-même est calculé en fonction de la façon dont le joueur a créé et maintenu ses robots. Le joueur contrôle un manager d'une équipe qui concourt dans une ligue, avec des horaires, des stades, etc. Le joueur reçoit un budget initial avec lequel il peut créer les premiers modèles de robot et les entraîner. Chaque robot peut être créé en fusionnant différentes parties (&quot;humain&quot;, &quot;bête&quot;, &quot;oiseau&quot;, etc.). Après la création, il est nécessaire d'équiper le robot avec des armes et d'améliorer ses paramètres en payant pour l'entraînement. Lorsque le joueur se sent prêt, les robots peuvent être pris pour combattre les arènes et participer au tournoi.
Iga Ninden Gaiou (Japan)	Pendant la période d'Edo au Japon, les clans ninja d'Iga et de K?ga se battaient entre eux. Un mystérieux étranger nommé Doppelgen Hauser, aidé par les ninjas K?ga, a enlevé la princesse Mayura. Un ninja Iga nommé Hattori Ga? a juré de rattraper le criminel et de sauver la princesse, mais les ninjas du clan K?ga feront tout ce qui est en leur pouvoir pour l'arrêter. Iga Ninden Ga? est un jeu d'action à défilement latéral très lâche basé sur des événements historiques, avec beaucoup d'anachronismes et d'éléments surnaturels. Ga? utilise principalement son épée pour vaincre les ennemis; il peut aussi sauter et attaquer dans les airs. Parfois, il est nécessaire de sauter par-dessus des fosses sans fond ou d'autres obstacles pour avancer. Appuyer sur le bouton d'attaque chargera un compteur spécial qui permettra à Ga? de lancer des couteaux sur les ennemis. En outre, Ga? possède des attaques spéciales tout-écran puissantes qui viennent en quantités limitées. Les ennemis peuvent abandonner des charges pour de telles attaques, des articles de rétablissement de la santé et d'autres bonus. Les étapes se terminent généralement par des batailles de boss, après quoi le héros accède à de nouvelles armes et armures.
ImageFight II - Operation Deepstriker (Japan)	Image Fight 2 est la suite directe du premier épisode. Il est donc réservé à la même élite de joueurs, de ceux qui ont une patience en or et une dextérité hors norme.C'est un shoot pour les hardcore gamers, de ceux qui n'ont pas peur de passer des heures et des heures sur la même portion de jeu afin de pouvoir passer à la suite. La fameuse Penalty Aera est toujours de la partie. Son principe est d'une débilité sans nom, mais est clairement présent pour remonter une difficulté pourtant déjà au taquet. A la fin d'un niveau, si vous n'avez pas flingué plus de 90% des adversaires, vous passez dans ce niveau d'une difficulté extrême. Comme si cela ne suffisait pas, à chaque vie perdue on recommence au début du niveau, et à chaque nouveau niveau, on perd tout l'armement acquis !
In Magical Adventure - Fray CD - Xak Gaiden (Japan)	L'histoire de Fray se déroule entre les événements de Xak et ceux de Xak II. Pendant Xak, Fray ne pouvait pas utiliser la magie et était plus ou moins une jeune fille sans défense qui a été sauvée par le héros de la série Xak, Latok Kart. Après avoir été sauvée, Fray s'intéresse romantiquement à Latok et décide que si elle peut devenir utile à Latok et l'aider dans ses quêtes, peut-être Latok s'intéressera-t-il à elle romantiquement en retour. Fray est un jeu d'action simple. Les combats se déroulent en temps réel, Fray se déplaçant sur une carte à défilement vertical automatique, tout comme les monstres. Elle dispose de notes d'attaque et de défense, et peut passer d'un style d'arme à projectile à un autre, ainsi qu'utiliser des attaques spéciales et des objets de soin.
Inoue Mami - Kono Hoshi ni Tatta Hitori no Kimi (Japan)	Mami Inoue est une &quot;idol&quot; japonaise, qui a connu un petit succès au début des années 90. Dans le jeu &quot;Mami Inoue Kono Hoshi ni Tatta Hitori no Kimi&quot;, sous-titré en français &quot;Je ne l'oublierai jamais, ma petite fille Mami&quot;, vous pourrez passer vos journées avec cet &quot;idol&quot;, ce dont rêverait evidemment tous les fans de Mami Inoue. Vous pourrez ainsi aller à l'école avec elle, l'accompagner au shopping, etc...
IQ Panic (Japan)	IQ Panic est un jeu-questionnaire avec une histoire de fond. Un démon a kidnappé une fille d'un village paisible, et les anciens envoient un garçon nommé Gengor? pour la ramener, battant les serviteurs du démon en utilisant son intelligence et ses connaissances. Le jeu a une structure pseudo-RPG, avec une navigation top-down, overworld, villes, donjons, coffres au trésor, batailles aléatoires et de boss, etc. Cependant, les vrais éléments RPG sont très légers dans le jeu: il n'y a pas de leveling et la santé du protagoniste augmente automatiquement suite à une rencontre de boss dictée par un complot. Le noyau du gameplay sont les «batailles» de trivia contre les ennemis apparaissant au hasard. Chaque «ennemi» posera au héros une question dans une variété de sujets (langue anglaise, géographie, culture populaire, etc.). Si vous répondez correctement à la question dans la limite de temps, vous «tuez» l'ennemi, mais si vous donnez une mauvaise réponse, le PV du héros sera réduit d'un point. Les ennemis de patron offrent un choix de sujets et prennent plusieurs réponses correctes à la défaite. Quelques éléments peuvent être utilisés pour restaurer HP, réduire la limite de temps, retourner dans une ville, etc.
It Came from the Desert (USA)	Vous êtes Greg Bradley, un géologue installé depuis peu dans une bourgade appelée Lizard Breath au milieu du désert californien. Vous y découvrez une colonie de fourmis géantes qui menace d'envahir la ville. Vous avez quinze jours pour prouver l'existence des créatures, coordonner les opérations visant à empêcher l'invasion et détruire la reine des fourmis.
J. B. Harold Murder Club (USA) (En,Ja)	D'un point de vue gameplay, pas de miracle, Murder Club n'est dans le fond qu'un bête Digital Comic. Sauf que si l'on devait constituer l'arbre généalogique du genre, il serait sans doute beaucoup plus proche de Snatcher que de Tokimeki Memorial, ce qui explique pourquoi tant de joueurs pourtant habituellement peu enclins à apprécier cette catégorie de titres ont succombés aux charmes investigateurs de J.B.. Au coeur du système de jeu se trouve une carte avec toutes les destinations possibles ; de nouvelles venant bien sûr s'ajouter au fur et à mesure que l'enquête progresse. Dans chacun de ces lieux se trouve généralement une ou plusieurs personnes, que vous aurez le loisir de questionner à votre guise via des menus textuels sobres et efficaces. Si certaines déclarations vous semblent suspectes, libre à vous de demander un mandat à votre supérieur afin de procéder à une perquisition et récolter d'éventuelles pièces à conviction.
J. B. Harold Series 1 - Murder Club (Japan)	D'un point de vue gameplay, pas de miracle, Murder Club n'est dans le fond qu'un bête Digital Comic. Sauf que si l'on devait constituer l'arbre généalogique du genre, il serait sans doute beaucoup plus proche de Snatcher que de Tokimeki Memorial, ce qui explique pourquoi tant de joueurs pourtant habituellement peu enclins à apprécier cette catégorie de titres ont succombés aux charmes investigateurs de J.B.. Au coeur du système de jeu se trouve une carte avec toutes les destinations possibles ; de nouvelles venant bien sûr s'ajouter au fur et à mesure que l'enquête progresse. Dans chacun de ces lieux se trouve généralement une ou plusieurs personnes, que vous aurez le loisir de questionner à votre guise via des menus textuels sobres et efficaces. Si certaines déclarations vous semblent suspectes, libre à vous de demander un mandat à votre supérieur afin de procéder à une perquisition et récolter d'éventuelles pièces à conviction.
J.League Tremendous Soccer '94 (Japan)	Tremendous Soccer '94 est un jeu de football avec des joueurs licenciés et des équipes de la ligue japonaise de football (J.League). Il y a cinq modes dans le jeu: pré-saison (un jeu entre deux équipes dans la ligue), championnat (un mode saison), coupe (la coupe de football japonaise avec des tours éliminatoires), All-Star (équipes Ouest et Est dans un match), et PK Battle (coups de pied de pénalité entre les équipes). Le joueur peut réguler la force de l'IA de l'ordinateur et la durée d'une partie, ainsi que remplacer les joueurs et modifier les formations tactiques. Le gameplay est similaire à d'autres jeux de football top-down de l'époque, avec des contrôles simples et des mouvements automatiques effectués par les joueurs en fonction de la situation.
Jack Nicklaus Turbo Golf (USA)	Jack Nicklaus World Tour Golf est une simulation de golf 3D comportant un cours de 18 trous créé par Jack Nicklaus lui-même. Chacun des 18 trous proviennent de célèbres parcours du monde entier et incluent le numéro 8 à Pebble Beach, le numéro 18 à Muirfield, le numéro 12 à St. Andrews, le numéro 12 à Augusta, le numéro 10 à Riviera, et plus encore. Le gameplay est pour un à quatre joueurs et peut être un jeu de stroke ou un jeu de skins.
Jack Nicklaus' World Tour Golf - 162 Holes (Japan)	Jack Nicklaus World Tour Golf est une simulation de golf 3D comportant un cours de 18 trous créé par Jack Nicklaus lui-même. Chacun des 18 trous proviennent de célèbres parcours du monde entier et incluent le numéro 8 à Pebble Beach, le numéro 18 à Muirfield, le numéro 12 à St. Andrews, le numéro 12 à Augusta, le numéro 10 à Riviera, et plus encore. Le gameplay est pour un à quatre joueurs et peut être un jeu de stroke ou un jeu de skins.
Jantei Monogatari (Japan)	Une fille d'un lycée local, Y? Honj?, a été kidnappée par quelqu'un d'inconnu. Incapable d'aller à la police, la soeur de la fille, Mai, engage un enquêteur privé pour savoir ce qui lui est arrivé. Le seul élément de preuve est une photographie de la nuit de la disparition de Y?, où la fille disparue et trois autres élèves de la même école jouent à un jeu de mahjong. Jantei Monogatari est un hybride d'un jeu d'aventure japonais de style traditionnel et d'un jeu de mahjong régulier. Le joueur prend le rôle de l'enquêteur privé anonyme, et se déplace d'un endroit à l'autre via des menus, en parlant à différents personnages. L'enquête se passe en jouant au mahjong avec chaque suspect: gagnez et ils vous diront un peu plus de ce qu'ils savent. Au début, l'enquêteur peut seulement parler avec les trois filles sur la photo, mais comme il gagne des jeux de mahjong contre eux, il obtient des informations et de l'expérience qui lui permettent de trouver de nouveaux indices et de parler à plus de suspects. L'enquêteur devra jouer contre une douzaine d'adversaires différents dans sa tentative de découvrir ce qui est arrivé à la fille kidnappée.
Jantei Monogatari 2 - Uchuu Tantei Diban - Kanketsu-hen (Japan)	Une suite directe à Jantei Monogatari 2: Uch? Tantei Divan - Shutsud?-hen, le jeu continue l'intrigue globale, suite aux événements du jeu précédent. L'extraterrestre diabolique Dora et ses serviteurs sexy démoniaques descendent sur Terre, envoyant leurs subordonnés arrêter Divan et Marie. Divan doit utiliser ses capacités de transformation du robot pour les vaincre, ce qui ne peut être fait que lorsque vous jouez au mahjong. Le gameplay du mahjong dans cet épisode de la série est identique à celui de son prédécesseur, incluant la distribution des points et l'exécution de puissants mouvements de transformation pour prendre le dessus dans le round. Contrairement aux précédents jeux de la série, ce chapitre évite le gameplay d'aventure rudimentaire, avec de longues scènes non interactives entre les matchs de mahjong. Un autre changement est l'ajout d'un nouveau mode qui permet au joueur de rivaliser avec les adversaires du mode histoire à tout moment, sans passer par l'histoire.
Jantei Monogatari 2 - Uchuu Tantei Diban - Shutsudou-hen (Japan)	Uch? Tantei Divan est une suite de Jantei Monogatari, bien qu'il puisse être difficilement considéré comme une véritable suite en raison de son cadre et de ses thèmes entièrement nouveaux. Situé dans un environnement de science-fiction, le jeu place le joueur dans le rôle de Divan, un jeune homme qui possède la capacité de se transformer en un puissant être surnaturel, et est chargé par les autorités militaires de protéger la Terre contre une attaque démoniaque extraterrestre. Cela peut être fait seulement en battant les serviteurs maléfiques dans les jeux de mahjong. Bien qu'il comporte des éléments d'un jeu d'aventure de style japonais (commandes de verbes qui doivent être sélectionnées dans un menu pour déclencher la scène suivante), le jeu se concentre sur les matchs de mahjong contre les adversaires, qui sont dictés par l'intrigue. Le jeu utilise des règles de mahjong standard, à l'exception des pouvoirs de bonus qui peuvent être acquis pour les points distribués après chaque tour et utilisés dans les matchs suivants.
Jantei Monogatari 3 - Saver Angels (Japan)	Les événements de Saver Angels se déroulent après ceux décrits dans l'épisode précédent de la série, lorsque la paix sur Terre a déjà été restaurée grâce aux efforts de Divan et de Marie. Trois esprits cosmiques ont perdu leur chemin dans l'espace et doivent descendre sur Terre, prenant une forme corporelle. Ils entrent dans le corps de trois jeunes femmes récemment décédées: une dans un accident de la route, une autre dans une maladie, et la troisième - une fillette de dix ans - après s'être suicidée. Tous les trois étaient des joueurs de mahjong avides, et tous les trois sont maintenant rétablis et dotés de pouvoirs mahjong mystérieux. Une académie spéciale de Mahjong s'ouvre, et les anges de salut (comme le groupe commence à s'appeler lui-même) est prêt à vaincre tous les aliens et les démons dans cet ancien jeu chinois. Saver Angels restaure les éléments d'aventure qui étaient absents du jeu précédent, et les améliore même. Le joueur est maintenant capable de se déplacer dans la perspective de la première personne en pointant et en cliquant sur un point sur l'écran. En explorant les lieux, le joueur déclenche des scènes qui, à leur tour, mènent à des jeux de mahjong. Un &quot;mode mahjong&quot; spécial permet au joueur de choisir un adversaire du mode histoire et de le défier (ou lui) à un match de mahjong tout de suite.
Jim Power in Mutant Planet (Japan)	Jim Power est un héros qui, un jour, alors qu'il voyageait dans la forêt, a rencontré une faille dimensionnelle qui l'a conduit dans un nouveau monde étrange. Heureusement, Jim voyage toujours armé et il devra maintenant se frayer un chemin à travers plusieurs forteresse de monstres pour retrouver le chemin de la maison. Jim Power est un jeu de plateforme à défilement latéral, un jeu de tir à défilement latéral et un jeu de tir en vue de dessus selon le niveau. Jim Power peut sauter et dispose d'une arme à feu améliorable. Il doit combattre des ennemis, des boss et obtenir diverses clés pour progresser dans les niveaux. Jim dispose également d'une attaque &quot;Smart Bomb&quot; qui lui permet de nettoyer l'écran de ses ennemis. Dans les niveaux de tir, le vaisseau spatial de Jim ne peut que tirer et se déplacer sur l'écran en évitant les obstacles.
John Madden Duo CD Football (USA) (RE)	Comme vous pouvez vous en douter, c'est un jeu de football américain. A chaque fin d'action, une amimation vidéo apparait... c'est comme si vous étiez. Choisissez bien votre équipe et vos stratégies sur le terrain pour gagner la saison NFL.
Juuouki (Japan) (Rev 4)	Vous êtes un héros ressuscité des morts par le dieu Zeus pour sauver sa fille Athéna. Avec des paysages inspirés de la Grèce antique, vous devez combattre des hordes de morts-vivants et de démons, avec un boss à la fin de chaque niveau jusqu'à ce que vous rencontriez le dieu Neff, qui retient la fille captive. Le titre Altered Beast fait référence à vos capacités de métamorphose. Dans ce jeu de plateforme, vous pouvez collecter des boules d'esprit en battant des loups à deux têtes, vous permettant de muter en différentes bêtes comme un loup-garou, un dragon, un tigre, un ours et d'autres selon la version. Chaque forme, liée à un niveau, est dotée de capacités spéciales telles que le vol et de puissantes attaques, remplaçant facilement l'ensemble de coups de poing et de coups de pied dans votre forme humaine. Le jeu peut être joué en mode solo ou en mode co-op multijoueur sur le même écran.
Kabuki Ittouryoudan (Japan) (FAAT)	Le dernier jeu estampillé &quot; Tengai Makyo &quot; sur PC-Engine se révèle être un jeu de baston. Tengai Makyo Kabuki Itouryodan se présente donc comme un nième clone de Street Fighter, la touche Red en plus. Vous pouvez choisir parmi huit personnages, tous issus de la saga Tengai Makyo (le plus souvent de Kabuki Den) : Kabuki Danjuro, Okuni, Push, Zeami, Kikugoro, Manto-X, Mikoshi et Jingoro. Sur le plan des options, c'est on ne peut plus classique puisque la seul petite originalité (et encore...) se trouve être le Survival. En mode solo, l'aventure se conclue par deux boss, Garp et Anc, dont seul le premier est jouable à l'aide d'une astuce (ceux qui ont suivis auront donc compris qu'il y a, en tout et pour tout, neuf combattants jouables). C'est davantage au niveau de la réalisation que Kabuki Itouryodan étonne. En effet, c'est vraiment très propre à tous les niveaux : très colorés, les graphismes ne sont peut-être pas un modèle de finesse, mais sont mis en valeur par une animation extrèmement réussie. C'est d'ailleurs principalement sur ce point que la présence de l'Arcade Card se fait sentir. Quant à l'aspect sonore, on n'a pas grand chose non-plus à lui reprocher, chose de plus en plus rare dans un jeu de combat. Enfin, pour ne rien gâcher, la jouabilité est suffisament souple pour permettre quelque facéties pas piquées des hannetons...A noter au passage qu'on revient cinq ans en arrière en ce qui concerne le nombre de coups spéciaux puisqu'on en compte à peu près trois par personnage, plus une &quot;super attaque spéciale&quot;. Si du côté des RPG, la série des Tengai Makyo est intouchable, elle s'en sort également avec les honneurs sur le plan de la baston : Kabuki Itouryodan se place directement dans le peloton de tête des meilleurs jeux de combat sur PC-Engine, aux côtés de Street Fighter II', Flash Hiders et autre Fatal Fury Special.
Kagami no Kuni no Legend (Japan)	Kagami no Kuni no Legend est un jeu d'aventure à la première personne de style japonais. Le joueur interagit avec le monde du jeu en sélectionnant les commandes verbales d'un menu et en les combinant avec des objets ou des personnages. Des commandes telles que &quot;Examiner&quot; ou &quot;Parler&quot; apparaissent sur la plupart des écrans; Si un objet peut être pris, une commande appropriée est affichée après que le joueur a complètement examiné un emplacement. Il existe également un inventaire avec des éléments qui doivent être utilisés à des moments spécifiques; Cependant, il n'y a pas de véritables puzzles dans le jeu. La navigation est faite en sélectionnant la commande &quot;Déplacer&quot;. Dans quelques endroits, le joueur navigue sur le héros avec des boutons directionnels dans un environnement pseudo-3D. De mauvais choix peuvent parfois mener à un Game Over. La plupart des graphismes de fond et de personnages sont réalisés dans le style anime, à l'exception de Noriko elle-même, qui apparaît dans les photos numériques, parfois accompagnées de performances de chansons.
Kaizou Choujin Shubibinman 3 - Ikai no Princess (Japan)	Troisième jeu de la série de plates-formes d'action Shubibinman. Les cyborgs Tasuke et Kyapiko ont pris des vacances lorsqu'ils reçoivent un appel à l'aide de la princesse d'un monde extraterrestre. Naturellement, nos héros acceptent et font le voyage dans l'espace, où d'autres aventures de destruction de robots les attendent. Jeu d'action à défilement latéral dans lequel vous devez éliminer tous les ennemis de chaque étape grace à une lame énergétique et une petite collection d'attaques à distance.
Kakutou Haou Densetsu - Algunos (Japan)	Kakut? Ha? Densetsu Algunos est un jeu de combat. Il n'a pas d'histoire développée; plutôt, il raconte des histoires de fond des dix combattants que le joueur peut contrôler dans le jeu: Jenius, Asasin, Arcer , Samohan, Greeze, Orga, Lobo, Blocken, Jyobei ??et Daibuster. Le gameplay est un style de jeu de combat traditionnel (Mode Battle à deux joueurs ou mode Story); une différence importante est le fait que certains personnages utilisent des épées et d'autres armes plutôt que de se battre à mains nues. Les boutons traditionnels &quot;kick&quot; et &quot;punch&quot; sont appelés &quot;attaque courte&quot; et &quot;attaque longue&quot; ici; leur exécution est unique à chaque combattant.
Kawa no Nushitsuri - Shizen-ha (Japan)	Cet épisode de la série (River King) combine simulation de pêche et RPG traditionnel japonais.
Kaze Kiri - Ninja Action (Japan)	La princesse Shizuhime a été kidnappée par un groupe de ninja sous le commandement de Genbu et emmenée au château du maléfique Lord Hiei. Le courageux jeune ninja Kaze est convoqué par Lord Yoshikage et envoyé dans une mission dangereuse: infiltrer le château de Hiei, vaincre ses subordonnés et sauver Shizuhime.
Kaze no Densetsu Xanadu (Japan) (Demo)	Dragon Slayer est une série qui a toujours su se renouveler en proposant systématiquement des épisodes très différents les uns des autres. Preuve en est encore une fois avec ce huitième et dernier chapitre, Kaze no Densetsu Xanadu (dont une suite sortira l'année suivante) qui remet les compteurs à zéro en proposant à nouveau un produit totalement inédit. Il y a mille ans de cela, les paisibles terres d'Ishtaria furent dévastées par le terrible dragon maléfique Daldantys. Seul un héros du nom d'Aineas parvint à lui tenir tête et à le terrasser au terme d'un long combat. La pierre d'énergie infinie que portait la créature permit alors aux humains des générations suivantes d'utiliser la magie afin de développer et d'améliorer leur civilisation. Bien des siècles plus tard, tous les habitants ont oublié cette histoire ancienne dont le seul vestige est la carcasse du dragon sur la montagne où la bataille fit rage. Areios Alektor, le descendant de ce fameux héros est à la tête d'une troupe de cavaliers du royaume aux côtés de ses fidèles alliés Daimos et Noys. Mais lors d'un terrible affrontement contre une horde de créatures monstrueuses, ceux-ci se retrouvent encerclés et pris au piège. Daimos prend alors la décision d'attirer l'armée ennemie afin de permettre à Areios de fuir. Celui-ci se retrouvera ainsi séparé de son précieux compagnon.
Kiaidan 00 (Japan)	Vous aimez Goldorak et tous ces héros qui, dès qu'il y a du danger, enfourchent leur robot géant là où monsieur tout le monde monte sur sa mobylette pour se tracer comme un pourri ? Alors Kiaidan 00 est peut-être fait pour vous. Je dis bien peut-être, car pour apprécier Kiaidan 00 sur PC Engine, il faut accepter certains pré-requis. Le premier, c'est bien entendu d'être fan de Goldorak ou encore Evangelion. Ça, c'est la condition sine qua non. L'autre condition, c'est de savoir lire le japonais. Parce que c'est bien beau tout ça, mais encore faut-il pouvoir comprendre tout ce que l'on vous raconte dans le micro pendant que l'on combat vaillamment contre le boss du niveau. La dernière condition, c'est de ne pas être trop exigeant au niveau de ce que peut donner ce shoot'em up au niveau de son gameplay. Le scrolling est horizontal. Avec le bouton principal, on tire, avec un auto-fire intégré, ce qui s'avère bien pratique. Avec l'autre bouton, on peut changer son tir, histoire de trouver celui qui nous convient le mieux... Car il n'est pas vraiment nécessaire de changer de tir en fonction de l'action, cette dernière étant trop molle pour réellement accrocher le joueur. Et c'est bien là la principale faiblesse de Kiaidan 00 : sa mollesse. Certes, les musiques sont entrainantes et l'ambiance épique à souhait, mais au niveau du jeu proprement dit, il n'y a vraiment pas grand chose, si bien qu'on l'essaiera l'espace de quelques parties, histoire de voir ce qui peut bien se passer au niveau du scénario - qui ne semble pas lui non plus démontrer une originalité impressionnante - pour finalement remettre le jeu dans sa boite et finir fièrement dans votre collection de shoot'em up. Kiaidan 00 se destine aux amateurs des séries de méchas japonais. Malheureusement, le gameplay est tellement plat que cela ne suffit pas pour donner envie d'y rejouer de partie en partie
Kick Boxing, The (Japan)	Approuvé par André Panza, cette adaptation de jeu de boxe thaïlandaise comprend plus de 35 mouvements. Utilisez la salle d'entraînement pour renforcer les capacités de votre personnage jusqu'à ce que vous vous sentiez prêt à affronter un adversaire. Vous avez également la possibilité de personnaliser vos attaques. Lorsque vous êtes prêt, rendez-vous sur le ring pour affronter différents adversaires en essayant de devenir le meilleur kick boxer du jeu.
Kisou Louga (Japan) (FABT)	Un démon maléfique a émergé des ruines d'un temple sacré. Une jeune femme nommée Erena est persécutée par l'Empire militant Hielun, qui poursuit son propre agenda et est convaincu qu'Erena a un lien mystérieux avec les pouvoirs du démon. Cependant, un chevalier nommé Vaice et ses amis sauvent Erena et se préparent à la défendre, s'impliquant peu à peu dans un conflit armé à grande échelle. Kis? Louga est un jeu de stratégie au tour par tour. Le gameplay se compose entièrement de batailles, avec des cinématiques de style anime avançant l'histoire entre les missions. Le joueur navigue des caractères individuels dans des emplacements généraux. Un contact avec une unité ennemie initie une bataille séparée, où le joueur sélectionne les commandes (Attaque, Objet, Spécial, etc.) à partir d'un menu. Les châteaux jouent un rôle important pendant les batailles: les personnages peuvent retraiter et soigner dans un château contrôlé par un joueur, et la conquête d'un château ennemi est souvent requise ainsi qu'une partie de l'objectif de la mission. Les châteaux peuvent être défendus par des arcs, des catapultes, etc., et leurs portes doivent être détruites en les attaquant. Les missions impliquent souvent des batailles entre plusieurs côtés. Malgré les menus de type RPG, les statistiques individuelles et la gestion de l'équipement, il n'y a pas de véritables éléments de jeu de rôle dans le jeu, puisque les personnages ne se lèvent pas ou ne se renforcent pas d'une autre manière.
Kisou Louga II - The Ends of Shangrila (Japan)	The Ends of Shangrila est une suite directe de Kis? Louga. Vaice est sur le chemin de son pays d'origine Distoria quand il est témoin d'un groupe de bandits profanant un temple. Peu de temps après, il rencontre une jeune femme nommée Tifire, qui se décrit comme une autre Gardienne. Vaice et ses amis attirent rapidement la colère d'un empire puissant et doivent se battre pour leurs vies et le destin de ce qu'ils chérissent. Le gameplay est similaire à celui du jeu précédent, composé de batailles au tour par tour entre le parti de Vaice et diverses organisations ennemies. Les éléments de jeu de rôles ont été améliorés, avec un système de points d'expérience qui rend la croissance des personnages disponible. Comme dans le premier jeu, le contact avec un ennemi initie une bataille séparée. Ces batailles sont plus tactiques dans cet épisode, se déroulant sur un écran isométrique et permettant le mouvement des personnages.
KO Seiki Beast Sanjuushi - Gaia Fukkatsu - Kanketsu-hen (Japan)	Cette version marche sur une ligne fine entre une version mise à jour et un remake complet de KO Seiki Beast Sanj?shi: Gaia no Fukkatsu sur pc-98. Le jeu suit la même histoire pour la plupart du temps et contient les scènes coupées de la version originale D'autres scènes coupées et certains dialogues ont été ajoutées. Bien que la progression de l'histoire et les zones que les personnages doivent traverser pour avancer restent intacts la plupart du temps, le système de gameplay a reçu une révision, étant essentiellement développé à partir de zéro. La sensation &quot;RPG-lite&quot; de la version originale est maintenant quelque peu compensée par la possibilité d'équiper des armes et des armures, comme dans la plupart des RPG. Le moteur de combat a également été modifié. Au lieu des écrans de bataille isométriques de l'original, les batailles sont maintenant vues à partir de la perspective de la troisième personne.
Kuusou Kagaku Sekai Gulliver Boy (Japan)	Techniquement, c'est très réussi pour de la Pc Engine, au moins du niveau de Tengai Makyô: Manjimaru. Les sprites sont très mignons, et les décors sont fins et très colorés. Les combats normaux sont, il faut bien l'avouer, par contre assez moches. Seules quelques magies et l'artwork accompagnant l'attaque spéciale du héros sortent quelque peu du lot. En revanche les boss sont vraiment superbes, et il n'est pas rare qu'ils occupent tout l'écran. De plus selon leur état leurs sprites évoluent, c'est sympa! Et les boss sont les seuls ennemis bien animés. Pour de la Pc Engine, les cut-scenes sont bluffantes, à voir absolument! Concernant la bande son, le style tranche un peu avec celui des Tengai Makyô classiques, très japonais. Cela ne l'empêche pas d'être très réussie, et je suppose que certaines musiques sont directement issues de l'anime. Il y a de très nombreux doublages tout au long du jeu, qui cassent la monotonie des dialogues. On obtient donc une ambiance très &quot;manga&quot;, pour ce jeu dont la durée de vie avoisine les quarante heures, et que sa difficulté rendra inaccessible aux noobs de base. Le scénario est très bon et tient en haleine de bout en bout, il n'y a aucun temps mort.
L-Dis (Japan)	L-DIS est un jeu de tir à défilement horizontal avec des images de type dessin animé et des accents humoristiques. Au début, le joueur peut choisir entre trois configurations d'armes différentes. Les bonus sont obtenus en tirant sur les petites créatures jaunes ailées rencontrées dans les étapes. Ces bonus changent rapidement de propriétés et peuvent soit améliorer la puissance de l'arme principale, soit ajouter une arme secondaire, soit accorder au protagoniste des boucliers protecteurs ou des bombes capables d'éliminer tous les ennemis à l'écran. Des boss et mini-boss sont présents dans la plupart des niveaux.
Lady Phantom (Japan) (FABT)	Dans une galaxie appelée Urora, deux systèmes d'étoiles étaient engagés dans une guerre de domination prolongée: la fédération de Soron et l'empire Vado. Un traité de paix a été signé entre eux; mais les gouvernements des uns et des autres savaient que tôt ou tard il y aurait de nouveau la guerre. Les scientifiques de Soron ont développé une technique très avancée, insufflant à l'organisme humain des pouvoirs d'esprits. Cinq jeunes filles, sous le commandement de Jennifer Sylkis, ont été imprégnées de cette augmentation, ce qui leur a permis de piloter des robots de combat géants. Bientôt le combat pour la suprématie galactique commencera ... Lady Phantom est un jeu de stratégie au tour par tour. Le jeu consiste en des missions linéaires, qui amènent le joueur à de grandes batailles stratégiques; le but est généralement d'éliminer toutes les unités ennemies, bien que des objectifs de mission tels que l'atteinte d'une certaine zone ou l'empêchement d'un certain personnage clé de se faire tuer sont également présents. Le joueur commande les cinq combattants, en choisissant leur équipement avant chaque bataille. L'écran de bataille est composé d'hexagones; les personnages ont des tours en fonction de leur niveau d'agilité. Lorsque le personnage contrôlé par le joueur ou l'ennemi attaque l'un l'autre, une séquence de combat automatique s'ensuit.
Langrisser - Hikari no Matsuei (Japan)	l'histoire prend place il y a très longtemps, dans le royaume de Baltia, gouverné par le Roi Isaac. Ce dernier conserve scellé dans son château la fameuse épée sacrée Langrisser. Comme tout ne pouvait pas rester tranquille sans quoi la crédibilité du jeu en aurait pris un coup, le château se fait évidemment attaquer par les troupes de l'empire Daigoz, et l'épée fourbement subtiliser. Pour finir d'assombrir un scénario déjà pas franchement rose, le Roi se fait assassiner pendant la lutte, tandis que le jeune Ledin -vous !- s'échappe avec la princesse Nâmu, bien décidée à venger la mort de son père et à retrouver une Langrisser cachant bien des secrets... Langrisser est un Tactical-RPG. Le jeu se présente en fait comme une bête succession de combats, sans réelle phase d'exploration, et où le scénario progresse automatiquement entre chaque bataille. De par son déroulement, Langrisser se rapproche donc davantage des versions GameGear de Shining Force que des versions Megadrive. Les joueurs qui ne captent rien au Japonais et qui pestent à chaque fois qu'ils doivent explorer un village seront sans doute ravis. Quant aux japonisants, ou tout simplement ceux qui adorent rôder comme des loups dans le but de dénicher l'objet rare, ils seront sans doute déçu par le manque de liberté offert.
Laplace no Ma (Japan)	Laplace no Ma (Diable de Laplace) est un RPG de style japonais avec des éléments d'horreur, un peu similaire à Sweet Home pour NES. Contrairement à Sweet Home, ce jeu est plus orienté vers le gameplay RPG. Vous n'êtes pas coincé dans le manoir, mais pouvez le quitter, visiter la ville et acheter des fournitures. Plus tard, vous visiterez également d'autres endroits tels qu'un château, etc. Les batailles sont aléatoires, au tour par tour, et sont vues du point de vue de la première personne. Le héros du jeu peut recruter trois autres personnages à la fête des cinq disponibles. Chaque personnage (y compris le héros auquel vous assignez le genre et la classe) appartient à l'une des classes de cinq personnages: Dilettante, Moyenne, Détective, Scientifique ou Journaliste. Dilettante est un personnage polyvalent avec une magie défensive, Medium est une sorte de mage noir, Detective est un combattant au corps à corps, Scientist peut construire des machines puissantes pour exécuter diverses techniques, et le journaliste peut prendre des photos des monstres, qui est le seul façon d'obtenir de l'argent dans le jeu.
Laser Soft Visual Collection Vol. 1 - Cosmic Fantasy Visual-shuu (Japan)	Cosmic Fantasy Visual Collection Vol. 1 est une collection des scènes visuelles (cinématique) des jeux Cosmic Fantasy I & II pour la PC Engine CD.
Laser Soft Visual Collection Vol. 2 - Valis Visual-shuu (Japan)	Cosmic Fantasy Visual Collection Vol. 1 est une collection des scènes visuelles (cinématique) des jeux Cosmic Fantasy I & II pour la PC Engine CD.
Last Alert (USA)	Un bon gros jeu d'action où il ne faut pas réfléchir, ça se laisse toujours jouer. Le jeu reprend le principe d'un Rambo III ou d'un Commando. Comprenez que vous voyez votre personnage (un clone de John Rambo) du dessus et que vous devez canarder à tout va pour faire le ménage et arriver à la fin du niveau. L'ambiance se calque une fois de plus sur le film mettant en scène Stalone. Les décors traversés sont donc des jungles, des hangars, le tout très militarisé. L'armement est basique. On a un tir principal que l'on peut faire évoluer en changeant d'arme, ainsi que tout un tas d'armes secondaires allant de la grenade au lance-flammes. Ces tirs secondaires sont beaucoup plus efficaces. Le jeu n'est finalement pas si difficile que cela lorsque l'on a pris le pli. Les tirs sont parfois nombreux, mais toujours très lisibles et pas vraiment rapides. Du coup, on arrive à avancer sans trop de problème. Bien entendu, plus on progresse dans les niveaux, plus la difficulté devient élevée. Le soucis du jeu, c'est qu'il est assez monotone. Les adversaires sont toujours avec les mêmes sprites. Certains sont toujours placés au même endroit et ne réapparaissent pas une fois que vous les avez descendu tandis que d'autres arrivent à l'écran de façon aléatoire. Last Alert est un petit défouloir sans prétention, mais finalement agréable à jouer. La durée de vie n'est pas énorme, mais on s'en contentera.
Last Armageddon (Japan) (Rev 5)	La Terre a changé. Nous ne savons pas encore ce qui est arrivé à l'humanité, mais nous savons qu'elle a été éradiquée. La nouvelle Terre s'appelle Makai - le monde des démons. Des générations de créatures mythologiques habitent la planète, d'où l'être humain a mystérieusement disparu. Un jour, une vague d'énergie frappe la Terre. Les chefs des démons réalisent qu'une race extraterrestre robotisée venue de l'espace menace leur existence. L'explosion transforme la Terre en un terrain vague. De nombreux démons meurent dans le chaos de la destruction. C'est maintenant aux démons restants de repousser les envahisseurs extraterrestres, de ramener la paix à la race démoniaque, et peut-être d'en savoir plus sur le destin tragique de l'humanité.
Legend of Xanadu - Kaze no Densetsu Xanadu (Japan)	Dragon Slayer est une série qui a toujours su se renouveler en proposant systématiquement des épisodes très différents les uns des autres. Preuve en est encore une fois avec ce huitième et dernier chapitre, Kaze no Densetsu Xanadu (dont une suite sortira l'année suivante) qui remet les compteurs à zéro en proposant à nouveau un produit totalement inédit. Il y a mille ans de cela, les paisibles terres d'Ishtaria furent dévastées par le terrible dragon maléfique Daldantys. Seul un héros du nom d'Aineas parvint à lui tenir tête et à le terrasser au terme d'un long combat. La pierre d'énergie infinie que portait la créature permit alors aux humains des générations suivantes d'utiliser la magie afin de développer et d'améliorer leur civilisation. Bien des siècles plus tard, tous les habitants ont oublié cette histoire ancienne dont le seul vestige est la carcasse du dragon sur la montagne où la bataille fit rage. Areios Alektor, le descendant de ce fameux héros est à la tête d'une troupe de cavaliers du royaume aux côtés de ses fidèles alliés Daimos et Noys. Mais lors d'un terrible affrontement contre une horde de créatures monstrueuses, ceux-ci se retrouvent encerclés et pris au piège. Daimos prend alors la décision d'attirer l'armée ennemie afin de permettre à Areios de fuir. Celui-ci se retrouvera ainsi séparé de son précieux compagnon.
Legend of Xanadu - Kaze no Densetsu Xanadu II (Japan)	&quot;When the wind of Legend blows over again, it begin to make a new adventure...&quot;, voilà une entrée en matière classieuse de la part de Falcom qui, comme d'habitude, ne sort pas ses jeux du placard sans les avoir peaufiné jusqu'au dernier pixel. Et lorsque l'on écoute la musique qui accompagne l'écran-titre, boudiou, on a presque envie de pleurer tellement c'est bon ! Une petite balade au piano absolument sompteuse, qui justifierait à elle seule l'achat du jeu... si seulement ce dernier n'était pas vendu si cher (plus de 50 euros) dans les magasins de France et de Navarre. Ces considérations bassement matérielles de côté, plongeons nous donc directement dans ce dernier Dragon Slayer, comme de gros chakos que nous sommes !
Legion (Japan) (Rev 4)	Legion sur PC Engine CD de NEC pourrait bien être au shoot ce que le diable est au bon dieu. Ne soyons pas satanique, juste intolérant envers un jeu dont en se demande bien comment il a pu être édité. L'ambiance est assez particulière. L'idée de mettre une voix off au début de chaque niveau était assez intéressante (et constituait le seul argument pour sortir le jeu sur CD), mais au final cela en rajoute une couche à un jeu déjà imbuvable. La voix est en anglais, mais d'une platitude totalement abusée. Cela était certainement voulu, histoire de faire style Alien. Pourtant, on ne passe pas beaucoup de temps à essayer de comprendre ce que le narrateur baragouine : les ennemis arrivent dans tous les sens, et à une vitesse ahurissante ! Ce shoot'em up horizontal réussi la prouesse de faire pire que Raiden en terme de rapidité, rien que ça ! Sauf que bien sûr, c'est injouable. Pas mal de passages sont impossibles à passer sans perdre de vie, et le tout est bien trop rapide pour être mémorisé par coeur. Bien entendu, quand on se fait toucher, on recommence à poil... On est plus sur du shoot de réflexe ici. Toutefois, rien à voir avec un manic shooter, on serait plus en présence d'un R-Type en version accélérée. Vous imaginez donc que la difficulté est incroyablement élevée. Le nombre de vie et de continus est élevé et on dispose d'un instant respawn, mais rien n'y fait : c'est trop dur. On aura donc deux choix : hurler et exploser tout ce qui passe à votre portée, ou vous marrer, comme quand on matte un nanar à la télévision. Car oui, pour résumer, Legion est un nanar, de ceux que l'on joue avec des potes, une bière à la main, histoire de rigoler tant c'est mal foutu. Graphiquement c'est très moyen, on a une énorme impression de déjà vu. Les musiques sont bien pires. Elles n'utilisent pas le support CD et sont aussi fades que le jeu en lui-même. Legion est certainement l'un des pires shoots de la PC Engine.
Lemmings (Japan)	Votre tâche est de sauver les Lemmings à travers 120 niveaux. Ces créatures marchent aveuglément à travers le monde dans l'espoir d'atteindre la sécurité à la fin du niveau - malheureusement, ces niveaux comprennent des bosses abruptes, des trous dans le sol, des obstacles et des rivières parmi d'autres dangers. Vous contrôlez non pas un lemming individuel, mais un pointeur, qui peut être déplacé sur n'importe lequel des Lemmings. Un panneau de sélection de fonctions qui peuvent être assignées à un Lemming permet l'escalade, le flottement etc. Vous devez cliquer pour sélectionner la fonction appropriée, puis cliquer sur Lemming pour l'activer. Chaque niveau a une gamme de compétences différente, une quantité différente de Lemmings et un pourcentage différent de cible pour progresser.
Linda^3 (Japan) (Rev 1)	Un astéroïde s'approche de la planète Neo Kenya. Les scientifiques préviennent que la planète pourrait être complètement anéantie par elle. Dans une tournure des événements la plus inattendue, une divinité connue sous le nom d'Anubis a parlé aux gens et leur a demandé de sauver les animaux de la planète avant que les astéroïdes ne l'atteignent. Anubis a envoyé aux humains un énorme vaisseau - une version agrandie de l'Arche de Noé - et a exigé qu'un homme et une femme consacrent leur temps à sauver les animaux. Toute une équipe spéciale a été affectée au projet. Ken est l'un des plus jeunes membres de l'équipe, et il est envoyé sur la grande mission pour sauver les animaux, avec son amour d'enfance, la belle Linda. Cette prémisse quelque peu inhabituelle s'est traduite dans la mécanique du gameplay. Bien que Linda³ soit avant tout un RPG de style japonais - avec une «carte du monde» top-down, des villes, des combats au tour par tour, un leveling simple, des histoires et des personnages, etc. Il n'y a pas d'ennemis aléatoires dans le jeu; ils marchent visiblement sur l'écran, et un contact avec eux déclenche des batailles familières au tour par tour (vue de la première personne). Les animaux hostiles ne doivent pas être tués, mais capturés. Ils peuvent ensuite être utilisés dans les villes pour une variété de choses, y compris l'amélioration des armures et des armures, de la nourriture, etc. L'économie animale est essentielle à la progression de l'intrigue du jeu; en fait, au tout début du jeu, le jeu offre trois niveaux de difficulté sélectionnables, qui sont déterminés par le nombre d'animaux que Ken doit sauver pour terminer la mission. À côté des animaux hostiles, il y a aussi certains types d'animaux (comme les chiens) qui vont se joindre à la fête et se battre aux côtés de Ken et Linda.
Loom (USA)	Le jeu suit Bobbin Threadbare, un jeune homme de 17 ans qui appartient au clan des Tisserands. Le Conseil des Anciens est attaqué et les aînés sont transformés en cygnes. Vous devez trouver les responsables et rétablir l'ordre dans la Guilde. Il apprend à utiliser ses pouvoirs magiques à travers sa quenouille et qu'il sauve finalement le monde du Seigneur du Chaos, qui démêlait le métier à tisser (la source de pouvoir pour les membres de la guilde des tisserands). Tout le gameplay repose sur l'utilisation de sorts musicaux pour interagir avec l'environnement.
Lord of Wars (Japan)	Lord of Wars est un jeu de stratégie de chars au tour par tour. Le joueur peut choisir entre un scénario et un mode d'entraînement. Il est possible de sélectionner les commandants et les types d'unités; En mode Entraînement, le joueur peut également choisir entre trois types de cartes différentes, tandis qu'en mode scénario, l'armée contrôlée par le joueur avance sur une carte donnée de manière semi-linéaire, chaque emplacement étant représenté par un drapeau, dans le but de conquérir l'ensemble. région. Toutes les unités dans le jeu sont des réservoirs de différents types. Le joueur peut les personnaliser et assigner des tactiques générales concernant leur progression et leur comportement de combat. Lorsqu'un tank contrôlé par un joueur et un char ennemi se rencontrent sur des cases adjacentes sur le champ de bataille, une bataille automatique s'ensuit, les résultats étant calculés en fonction des statistiques du char.
Lords of the Rising Sun (USA)	Combattez à l'époque de la Guerre Genpei, une guerre civile qui a opposé deux familles de nobles, les Minamoto et les Taira, entre 1180 et 1185 au japon. Japon, 12ème siècle. Après que votre père a été assassiné, vous vous êtes mis en quête de devenir Shogun pour restaurer l'honneur de votre famille. Vous avez le choix d'incarner un des deux frères Minamoto (le stratège Yoritomo ou le guerrier Yoshitsune) qui ont juré de venger la mort de leur père, ou Kiyomori le Chef de Guerre du clan Taira qui l'a causé ! Vous devrez vaincre tous vos ennemis, y compris votre frère. Avec une interface basée sur une carte géographique, le joueur doit coordonner le déploiement de ses armées, assurer leur ressources et gérer leur compétences dans le but de combattre les armées adverses et de conquérir de nouveaux territoires. Le jeu inclut une dimension diplomatique permettant de négocier des alliances avec d'autres clans et propose de prendre part directement aux combats à travers cinq séquences d'action. La plupart du temps, vous déplacerez vos troupes à travers la grande carte du Japon - dès que quelque chose arrivera, vous devrez combattre vos ennemis dans des séquences d'action, comme une attaque de forteresse ou une défense contre un assassin Ninja . Si deux troupes entrent en collision, une bataille pourrait s'ensuivre dans laquelle vous devrez utiliser tous vos esprits stratégiques pour guider vos hommes vers la victoire. Chaque partie peut avoir un cheminement très différents compte tenu des possibilités d'évolution, des interactions avec les clans indépendants et du choix de la difficulté du jeu. À la fin de la partie, le joueur reçoit une évaluation parmi vingt-cinq possibles. Elle dépend des compétences acquises, du nombre de généraux commandés, de territoires détenus et de trésors sacrés collectés. Vous êtes parti pour des heures et des heures jeu à la conquête du japon.
Lords of Thunder (USA)	Lords of Thunder sur TurboGrapfX est un jeu de shoot 2D dans lequel vous incarnez Landis, un héros légendaire, qui doit empêcher les forces du mal de ressusciter Zaggart. Pour y arriver, vous disposez de 4 armures différentes, chacune ayant un style d'armement qui lui est propre : le feu, la terre, l'air et le vent. Complétez les 6 niveaux et détruisez vos ennemis pour récolter des cristaux afin d'acheter divers objets.
Mad Stalker - Full Metal Force (Japan)	Egalement sorti sur FM Towns, X68000 et PlayStation, Mad Stalker revient faire parler de lui sur Nekofan via cette version PC Engine, signée Kogado et Fill In Café. D'un côté, nous avons donc une petite boîte, connue uniquement des psychopathes de l'underground jouant sur PC Engine et PC japonais. De l'autre côté, nous avons un studio tout aussi peu connu du grand public, qui n'en n'est pas à son coup d'essai dans le domaine de la baston, puisqu'il nous a déjà sorti quelques jeux &quot;bourre-pif&quot; (Algunos, Asuka 120% Maxima Burning Fest, …) sur PCE. Ces deux compagnies, pas forcément habituées à être en tête d'affiche, se retrouvent unies par l'Arcade Card pour le meilleur et pour le pire sur PC Engine.
Madou Monogatari I - Honoo no Sotsuenji (Japan)	Madou Monogatari I sur PC Engine vous permet d'incarner une jeune apprentie sorcière nommée Arle. Vous devez sortir vivant de la Tour du Diable que vous explorerez en 3D à la première personne. Les combats se déroulent au tour par tour.
Magical Dinosaur Tour (USA)	The Magical Dinosaur Tour est une base de données étendue de dinosaures. Plusieurs modes peuvent être consultés à partir du menu principal, dont la plupart mènent à des présentations visuelles et des descriptions de divers dinosaures. Les données individuelles sur les dinosaures peuvent être consultées en visualisant les périodes géologiques et les zones géographiques (par exemple la Chine du Crétacé) et en sélectionnant les dinosaures apparaissant sur l'écran; parcourir une liste de dinosaures par ordre alphabétique; voir un arbre généalogique; et enfin regarder les dinosaures par phylum et famille. La plupart des zones peuvent être défilées sur les côtés et certains des dinosaures se présentent avec des voix off. Il y a aussi une section de variétés qui permet de visualiser divers documents et spécifications relatifs aux dinosaures (tels que les plus grands dinosaures, les habitants des régions froides, etc.). Une autre section est dédiée aux séquences animées représentant différents lieux et dinosaures.
Magical Saurus Tour (Japan)	The Magical Dinosaur Tour est une base de données étendue de dinosaures. Plusieurs modes peuvent être consultés à partir du menu principal, dont la plupart mènent à des présentations visuelles et des descriptions de divers dinosaures. Les données individuelles sur les dinosaures peuvent être consultées en visualisant les périodes géologiques et les zones géographiques (par exemple la Chine du Crétacé) et en sélectionnant les dinosaures apparaissant sur l'écran; parcourir une liste de dinosaures par ordre alphabétique; voir un arbre généalogique; et enfin regarder les dinosaures par phylum et famille. La plupart des zones peuvent être défilées sur les côtés et certains des dinosaures se présentent avec des voix off. Il y a aussi une section de variétés qui permet de visualiser divers documents et spécifications relatifs aux dinosaures (tels que les plus grands dinosaures, les habitants des régions froides, etc.). Une autre section est dédiée aux séquences animées représentant différents lieux et dinosaures.
Magicoal (Japan)	Rhun et Melvy vivent dans un paisible village forestier, tous deux étudiant l'art de la magie. Ils apprécient une vie paisible, apprenant les secrets des esprits et des créatures magiques qui peuplent la région. Mais lors d'une nuit fatidique, tout change. Une horde de gobelins envahit le village et le brûle. Et il semble que l'église locale soit dans des cohortes avec un puissant démon qui veut la détruire! Avant que les héros ne réalisent ce qui se passe, ils sont obligés de s'enfuir dans la forêt, avec seulement leurs pouvoirs magiques à leurs côtés ... Magicoal est un &quot;pseudo-RPG&quot;, c'est-à-dire une action-aventure avec quelques éléments RPG mineurs (argent, objets, etc.), mais sans aucun système d'expérience. Il peut être joué en mode coopératif à deux joueurs, en contrôlant Rhun et Melvy, ou en tant que jeu solo, en choisissant l'un d'entre eux et en laissant l'IA contrôler l'autre. Le joueur peut passer de l'un à l'autre à tout moment.
Mahjong Clinic Special (Japan)	Mahjong Clinic Special est la suite de Mahjong Clinic: Zōkango. Le joueur contrôle un directeur d'école qui amène des étudiantes à l'hôpital pour faire quelques tests. Le joueur peut alors sélectionner différentes salles d'hôpital sur une carte; voyager à ces endroits déclenche de courtes conversations, qui conduisent invariablement à des jeux de mahjong contre des infirmières, des écolières, des patients, etc. Un mode de jeu séparé est disponible, permettant au joueur de participer directement au mahjong contre les adversaires du mode histoire.
Mahjong Lemon Angel (Japan)	Mahjong Lemon Angel est un jeu de mahjong déguisé en romance de lycée. Le joueur prend le rôle d'un étudiant d'échange qui est déterminé à trouver une petite amie, mettant fin à ses sentiments solitaires dans la nouvelle ville. Les trois amoureux du jeu sont Tomo, Erika et Miki, des personnages de la série télévisée Lemon Angel, basés sur de vraies personnes. Le joueur peut soit choisir de jouer à travers le mode histoire (chaque fille ayant une histoire distincte), ou s'affronter contre l'une des trois filles au mahjong directement à partir du menu principal.
Mahjong on the Beach (Japan)	Dans Mahjong on the Beach, le joueur contrôle un jeune homme dans une grande ville côtière, qui rencontre diverses jeunes femmes légèrement vêtues et joue au mahjong avec elles. Le personnage du joueur peut être navigué sur une carte descendante, accédant à des emplacements qui mènent à des rencontres semi-aléatoires avec des filles et à des jeux de mahjong ultérieurs. Gagner ces jeux débloque de nouveaux emplacements et permet l'achat d'objets qui peuvent être utilisés lors des rencontres à l'avantage du joueur. En mode versus, le joueur peut directement affronter n'importe quelle fille. Cependant, ce mode ne contient que des parties de Mahjong, sans aucune indication graphique quant à l'adversaire auquel le personnage est confronté.
Mahjong Sword - Princess Quest Gaiden (Japan)	Mahjong Sword - Princess Quest Gaiden est un jeu de mah-jong médiéval. Sur le continent d'Audores, des princesses de divers pays et d'autres dames nobles s'affrontent dans le jeu du mahjong, en essayant de s'emparer de l'épée sacrée. Le joueur prend le contrôle du jeune guerrier Rutia, qui doit vaincre cinq adversaires sur le chemin de la gloire. Les matchs de mah-jong suivent le schéma typique en tête-à-tête, mais les résultats sont présentés comme des batailles, avec des attaques animées et des points de vie épuisés. L'argent gagné en gagnant des parties de mahjong est dépensé dans les magasins pour des objets qui peuvent être utilisés plus tard avant un match de mahjong pour divers bonus. Les adversaires se déshabillent également en perdant un match de mahjong. La version PC Engine CD ne montre que des femmes légèrement vêtues, supprimant les scènes de nudité et de torture de la version ordinateur.
Mahjong Vanilla Syndrome (Japan)	Dans Mahjong Vanilla Syndrome, le joueur prend le rôle d'un jeune homme qui trouve une petite maison mystérieuse, ouvre la porte - et tombe à travers une autre dimension via un portail ! Là, il est accueilli par une jolie petite fille aux oreilles de lapin nommée Vanilla qui lui dit qu'elle est la gardienne du portail, et s'il veut rentrer chez lui, il devra vaincre les autres gardiens au jeu de Mahjong! Le jeu a deux modes: le mode histoire, qui met le joueur contre Vanilla et avance l'histoire après des tours de mahjong; et le mode bataille, qui permet au joueur de choisir entre trois mignonnes adversaires féminines, et aussi de changer certaines règles du jeu.
Makai Eiyuuden - Shape Shifter (Japan)	Les Ténèbres ont capturé l'Anneau des Cinq et emprisonné les sorciers qui le gardent. Un barbare nommé Lykos qui a le pouvoir de se transformer en différentes créatures, doit sauver les sorciers et l'anneau des cinq des ténèbres avant qu'ils envahissent son domicile, Krellion.
Mamono Hunter Youko - Makai kara no Tenkousei (Japan)	Makai kara no Tenkōsei est basé sur la série anime Mamono Hunter Youko. L'anime se concentre sur Yohko Mano, une lycéenne japonaise qui découvre qu'elle est la 108ème chasseuse de diable, destinée à combattre les êtres maléfiques surnaturels en accord avec son héritage. Le jeu met le joueur dans le rôle de Shoma, un nouvel étudiant d'échange qui rencontre Yohko et son meilleur ami Chikako à sa nouvelle école. Miraculeusement, les trois sont téléportés dans une dimension parallèle, et le héros réticent découvre, à son grand étonnement, que ses habitants semblent le connaître. Le jeu se joue comme une aventure typiquement japonaise, avec un menu de commandes de verbes (Look, Talk, Think, et Move) sur presque tous les écrans, certains menant à des listes d'objets. Il est souvent nécessaire de passer plusieurs fois en revue les commandes pour en débloquer une nouvelle ou déclencher des événements. La navigation limitée par menu est également présente.
Mamono Hunter Youko - Tooki Yobigoe (Japan)	Tooki Yobigoe est une suite directe de Mamono Hunter Yōko: Makai kara no Tenkōsei, continuant là où l'histoire du jeu précédent s'est arrêtée. Yohko, Shoma et Setsuna sont attaqués par des démons sur le vaisseau volant, et doivent utiliser leurs pouvoirs récemment trouvés pour les repousser. Contrairement au jeu précédent, où Shoma était le protagoniste, Yohko est le personnage du joueur dans la suite. Du point de vue du gameplay, le format d'aventure japonais sans puzzle est encore utilisé. Les commandes verbales doivent être sélectionnées à partir d'un menu et parfois combinées avec des objets ou des noms de caractères pour l'interaction. Il est souvent nécessaire de répéter plusieurs fois les commandes pour déclencher l'événement suivant.
Manhole, The (Japan)	Comme Alice au pays des merveilles, vous êtes un enfant qui saute dans un monde magique rempli de lieux fantastiques et de personnages particuliers. Le monde peut être parcouru écran par écran, en cliquant sur la souris où vous voulez aller. De nombreux objets sur chaque écran peuvent être cliqués pour trouver des animations et des sons cachés. Explorer le monde complètement ouvert, vous pouvez écouter et avoir des conversations éducatives avec M. Rabbit, M. Dragon, et d'autres. The Manhole est destiné aux enfants, et se concentre sur l'exploration et l'expérimentation. Il n'y a pas de progrès à faire, pas de but à atteindre, et le joueur ne peut pas échouer. Le monde entier est accessible dès le départ.
Martial Champion (Japan)	Bien avant Street Fighter premier du nom, Yie Ar ! Kung-Fu fut l'un des précurseurs du beat 'em up tel que nous le connaissons aujourd'hui. Martial Champion devait s'appeler à la base Yie Ar ! Kung-Fu 3. Sans doute que devant la médiocrité du résultat, Konami a décidé de le rebaptiser pour ne pas entacher le nom. Venu des salles enfumées, le jeu a été porté sur Super CD-ROM². Martial Champion ne s'embarrasse pas vraiment d'un scénario. Les dix combattants du jeu participent à un grand tournoi d'arts martiaux international, dans le but unique de détrôner le champion actuel, un certain Salamander. Ce dernier est une force de la nature, et il sera compliqué d'en venir à bout. Ou pas…
Mashou Denki - La Valeur (Japan)	&quot;La Valeur&quot;, en voilà un nom qui a la classe... surtout pour un jeu entièrement réalisé par des Japonais ! C'est d'ailleurs ça qui est bien avec ces gars là : il suffit d'avoir un nom français pour tout de suite booster sa côte de popularité. La Valeur part avec un sérieux désavantage, commercialement parlant : il est l'oeuvre d'une boîte complètement inconnue. On n'en conviendra sans trop de mal, La Valeur est un jeu très moche. Pas très détaillés ni colorés, les graphismes rappellent davantage Golden Axe Warrior sur Master System que Emerald Dragon ou Gulliver Boy. Les sprites sont également un peu minus, les décors parfois très vides, bref, pas de quoi sauter au plafond, loin de là.
Master of Monsters (Japan)	Master of Monsters est un jeu de stratégie au tour par tour dans lequel vous choisissez l'un des cinq sorciers différents et combattez les autres sorciers pour dominer le pays qui se retrouve sans souverain après la mort du maître sorcier. Vous pouvez jouer deux campagnes contre l'ordinateur qui vous obligent à vaincre les mages ennemis sur toutes les cartes et vous permettent de transporter toutes les unités qui ont survécu à une bataille dans la suivante. Vous pouvez également jouer toutes les cartes individuellement avec un maximum de deux joueurs humains. Dans les batailles, vous pouvez invoquer différents monstres et lancer des sorts. Les monstres que vous pouvez invoquer et les sorts que vous pouvez utiliser dépendent du sorcier que vous avez choisi. Votre objectif dans chaque bataille est de vaincre tous les autres sorciers et de conquérir ainsi le pays (dans les campagnes, vous ne disposez que d'un nombre limité de tours pour y parvenir).
Mateki Densetsu Astralius (Japan)	C'était juste un concert ordinaire de bateau de croisière pour les quatre musiciens. Le leader du groupe, connu seulement sous le nom de Flûte (le joueur le nomme ainsi que les autres héros avant le début de la partie), n'a jamais pensé que ça finirait ainsi ... Soudainement, une tornade a englouti le navire, et le pauvre musicien a trouvé lui-même dans le monde magique peuplé de créatures angéliques et de monstres! Naturellement, ce monde, appelé Astralius par ses habitants, a besoin de salut. Seule la Flûte enchantée peut éviter une menace démoniaque. Apparemment, notre héros est le seul flûtiste dans toutes les dimensions, puisqu'il est maintenant sa tâche de prendre le rôle improbable d'un noble paladin, de trouver d'autres musiciens pour l'aider dans sa quête, et montrer à tous que la musique peut sauver la monde! Malgré le choix assez inhabituel de protagonistes, Mateki Densetsu Astralius est un RPG japonais de style «old-school». Le joueur contrôle le flûtiste sans nom et d'autres musiciens (trompettiste, batteur, etc.), qui rejoignent la fête, explorent le monde descendant, visitent les villes pour acheter des armes, des armures et des objets, descendent dans des donjons, progressent automatiquement , faisant progresser l'histoire de manière linéaire, et combattant des ennemis apparaissant au hasard dans un combat au tour par tour, vu du point de vue de la première personne. Lancer des sorts magiques est appelé &quot;performant&quot; dans le jeu, bien qu'il nécessite des points magiques, comme dans d'autres jeux de ce genre. Ces points de magie doivent être achetés dans des boutiques spéciales. Contrairement à la plupart des autres RPG de PC Engine CD, il n'y a pas de voix off ni de scènes animées dans ce jeu.
Megami Paradise (Japan)	Dans un pays magique où seules les femmes habitent, les jeunes filles étudient dans une école de magie pour devenir des déesses puissantes et bienveillantes. Un jour, quatre orbes magiques sont tombés entre les mains d'une étudiante nommée Rin-Rin. La maladroite a réussi à les perdre tous, sans comprendre à quoi cela pouvait conduire: personne ne sait ce qui se passera si les orbes tombent entre de mauvaises mains - celles des déesses sombres! Aidé par une petite fée nommée Pop, Rin-Rin doit rassembler les déesses légendaires et trouver un moyen de récupérer les orbes. Megami Tengoku est basé sur un anime du même nom (traduit par Megami Paradise). Il joue comme un RPG traditionnel descendant avec un combat au tour par tour. Rin-Rin utilise des sorts magiques pour combattre les ennemis. Une caractéristique inhabituelle du jeu est la possibilité de changer de vêtements, et le fait que chaque robe modifie l'apparence graphique du personnage.
Metal Angel (Japan)	Metal Angel est un jeu de simulation managérial qui se déroule dans la société futuriste de 2014, où les batailles entre combattants en costumes mécanisés sont devenues un événement sportif majeur. Le joueur prend le contrôle d'un entraîneur qui doit former cinq jeunes femmes de différents milieux, qui aspirent à devenir un combattant professionnel. Les statistiques de l'entraîneur sont générées en répondant à une série de questions en début de partie. Chacune des filles a aussi ses propres statistiques qui doivent être soigneusement surveillées. À l'exception des événements automatisés, le jeu consiste à créer des horaires pour toutes les filles pendant une semaine à l'avance, puis à observer comment leurs attributs changent. Les activités comprennent l'entraînement au combat, la gymnastique, la course, le repos, etc. Toutes les activités sont affichées sous la forme de petits segments animés sur le même écran.
Metal Angel 2 (Japan)	La suite de Metal Angel est, à l'instar de son prédécesseur, une simulation managériale dans laquelle le personnage du joueur forme des jeunes filles à devenir championnes d'un championnat de combat où les participants revêtent des combinaisons mécaniques mécanisées. Le joueur contrôle un manager plutôt qu'un entraîneur dans cette tranche, et doit garder un œil sur les finances en conséquence. Aussi, au lieu d'entraîner toutes les cinq filles du premier jeu, les réponses du joueur aux questions posées par l'assistant au début du jeu déterminent le choix du stagiaire parmi les mêmes cinq personnages. Le joueur doit établir des horaires pour le combattant, qui comprennent diverses activités d'entraînement et de loisirs. Le gestionnaire peut embaucher des entraîneurs avec leurs propres programmes ou participer à des activités individuelles. Les batailles elles-mêmes permettent peu d'entrée, le joueur étant capable de choisir entre différents types d'attaques en les sélectionnant dans un menu; le résultat de la bataille dépend largement de la formation et des statistiques individuelles.
Metamor Jupiter (Japan)	Metamor Jupiter fait partie des myriades de shoots disponibles sur le support CD de la PC Engine. Tout commence par une séquence d'introduction assez longue et bien foutue. De là, on monte dans l'avion pour tâcher de canarder du vilain dans ce shoot horizontal d'assez classique facture mais à l'ambiance plutôt hors norme. Non pas qu'il se démarque des autres à la façon d'un Cho Aniki par exemple. Sa patte graphique fait penser aux animés japonais des années 80, pour un résultat assez inégal. En règle générale, les graphismes sont assez moyens, souvent ternes et répétitifs. En revanche, les effets visuels sont beaucoup plus présent que dans la plupart des jeux genre. Les développeurs ont tâché de donner des effets de relief dans les fonds et les décors, via des scrolling différentiels assez bien vus. Cela fait parfois un peu ramer le jeu, mais rarement trop. Là où c'est plus gênant, c'est que parfois ces effets nuisent à la lisibilité globale. Votre vaisseau est assez moche, mais il a la particularité de pouvoir se moduler à volonté via une pression sur la touche Select. Vous pouvez ainsi changer de tir à volonté pour ratisser plus large ou au contraire concentrer votre puissance de feu. Le second bouton de la manette est utilisé afin de retourner votre vaisseau et tirer dans le sens opposé. Votre arme principale évolue au gré des power up, mais ces dernières vous redonnent également de la vie. En ce sens, le système de bouclier est assez particulier, ce qui ajoute une touche étonnante supplémentaire au jeu. Malheureusement, le tout se révèle très vite lourdingue, la faute à un manque d'intensité flagrant dans l'action, le tout étant assez lent bien que pas particulièrement facile. Le jeu, de part sa relative rareté, pourra intéresser les collectionneurs. Face à la concurrence énorme qui sévit sur PC Engine, Metamor Jupiter peine à sortir son épingle du jeu. Ni bon ni mauvais, il vaut tout de même le coup d'être essayé.
Might and Magic (Japan)	Might and Magic Book I sur TurboGrafx CD est un jeu de rôle dans l'univers médiéval de Varn où l'un des 4 rois qui règnent sur le pays se trouve être un imposteur venant de l'espace. Votre but est donc d'arrêter l'invasion extraterrestre en créant une équipe de 6 personnages que vous dirigez à la première personne. Vous pouvez spécifier la classe, le sexe et l'âge de vos personnages, mais attention avec ce dernier choix, ils peuvent en effet mourir de vieillesse...
Might and Magic III - Isles of Terra (USA)	Might and Magic III : Isles of Terra est la suite de Might and Magic sur TurboGrafx CD. Après avoir vaincu Sheltem dans le deuxième épisode, le groupe de six aventuriers constitué d'humains, nains, bêtes et elfes, devra aider Corak à exterminer Sheltem une fois pour toutes dans son propre monde appelé Terra. Le joueur dirige les six personnages en même temps et progresse dans les donjons remplis d'énigmes et d'informations à recueillir.
Minesweeper (Japan)	Minesweeper est un jeu de déminage, tout comme celui inclus dans chaque copie de Microsoft Windows.
Mirai Shounen Conan (Japan)	Mirai Shonen Conan est basé sur la série animée de Hayao Miyazaki, Conan, le fils du futur, elle-même une adaptation du roman The Incredible Tide d'Alexander Key. En 2008, une guerre dévastatrice entre deux superpuissances a conduit à une destruction presque complète de la Terre. Les continents se sont enfoncés dans les océans et seules quelques îles sont restées. Conan est un garçon qui a grandi sur l'une de ces îles, un descendant d'un des survivants d'un accident de vaisseau spatial. Il rencontre une fille nommée Lana, qui plus tard est kidnappée par des soldats d'Industria, une île développée avec une administration centralisée. Conan se rend à Industria et est déterminé à sauver Lana, découvrant une conspiration beaucoup plus grande dans le processus. Le jeu se joue comme un jeu de plateforme assez traditionnel se déroulant dans des environnements principalement labyrinthiques reliés par des zones de sortie. Conan peut sauter, canarder et combattre les ennemis avec ses poings. Il peut également utiliser un nombre limité d'armes à distance comme les lances.
Mitsubachi Gakuen (Japan)	Mitsubachi Gakuen est un jeu d'aventure dans lequel vous allez devoir vivre pendant l'équivalent d'une année scolaire au côté de vingt jeunes filles qui rêvent toutes de devenir des &quot;idols&quot;. Vous pourrez vous déplacer, observer, interagir avec l'environnement, discuter avec les élèves et prendre quelques décisions qui auront quelques répercutions dans le scénario, pour ainsi, à la fin de l'année, choisir la fille la plus digne de devenir une &quot;idol&quot;.
Monster Lair (USA)	Wonder Boy III : Monster Lair sur TurboGrafx CD est un jeu d'action dans lequel viennent se glisser quelques phases de shoot. Incarnez Adam ou Laura et libérez le pays de l'emprise des monstres à travers 14 niveaux. Chacun d'eux est divisé en deux parties : action où il faut avancer et se débarrasser des ennemis pour ouvrir la porte du boss et shoot pour tuer ce dernier. Un mode deux joueurs est présent pour faire figurer les deux héros à l'écran.
Monster Maker - Yami no Ryuukishi (Japan)	Monster Maker - Yami No Ryuukishi est un RPG. Le joueur prend le contrôle d'une jeune fille nommée Raia, qui découvre qu'elle appartient à la race des demi-elfes. Blâmée pour les attaques contre son village, elle est expulsée de sa patrie et part en voyage pour découvrir la vérité sur ses origines. Le jeu suit le modèle traditionnel du genre et dispose de la navigation top-down, des villes et des donjons, de la gestion du groupe, du level-up simple, des armes et armures à équiper et des ennemis apparaissant au hasard. perspective à la première personne. La magie peut être achetée dans les magasins, bien que certains personnages viennent avec des sorts pré-appris. Plus tard dans le jeu, le joueur gagne la capacité de communiquer avec les monstres et de les invoquer pendant les batailles.
Moonlight Lady (Japan)	Hiwako, une adolescente japonaise ordinaire pourrie gâté est interpellé un jour par un oiseau parlant, appelé Niké. Il lui dit qu'elle possède des pouvoirs uniques qui la transforment en la glorieuse guerrière Artemis. En tant qu'Artemis, il est maintenant de son devoir de protéger sa ville natale contre une invasion démoniaque. Dans ce jeu, on retrouve exploration de village comme beaucoup de RPG de l'époque, mais en réalité, il s'agit d'un jeu d'action avec des éléments d'aventure légers. Pendant la majeure partie du jeu, le joueur contrôle Artemis et deux autres héroïnes (Aquarius et Minerva). L'attaque est réalisée en appuyant sur un bouton pour l'attaque du personnage principal et sur un autre pour une attaque simultanée des deux autres filles. Le joueur peut changer de leader à tout moment.
Motoroader MC (Japan)	Motoroader MC est, comme son prédécesseur, un jeu de course vue de dessus avec combat de voitures. Chaque voiture est équipée de deux types d'armes à feu, qui peuvent être utilisées contre des adversaires pour gagner la course. Chaque parcours occupe seulement un écran, et le joueur doit effectuer des tours plus rapidement que les voitures contrôlées par l'IA ou faire la course contre la montre. Multijoueur (pour deux ou quatre joueurs) est également disponible. Le mode Time Attack permet au joueur de sélectionner n'importe quel parcours parmi vingt-cinq disponibles, groupés thématiquement en cinq catégories: Circuit (ressemblant à des pistes de course), City (villes), Nature (terrain, plage, désert, etc.), Märchen ( Cours spéciaux de conte de fées colorés), et spéciaux (conceptions peu orthodoxes, par exemple un singe géant donnant sur une route). Les cours comprennent généralement divers dangers qui ralentissent ou piègent les voitures, ainsi que les champs de turbo qui les accélèrent. Certains cours ont également des entrées et des sorties, qui téléportent les voitures à un autre endroit sur l'écran.
Motteke Tamago (Japan)	Motteke Tamago ; ce jeu de Naxat Soft est atypique à bien des égards. Annoncé pour une sortie courant 1993, le jeu -pourtant finalisé à 100%- fut constamment repoussé. Les années passèrent et, bien que le titre restait inscrit dans les plannings de sortie, il se faisait oublier de plus en plus au point qu'en 1997, alors que tout le monde s'accordait à dire que le dernier jeu PC Engine était Madô Monogatari sortis en décembre 1996 sur Arcade Card, Motteke Tamago intégrait la rubrique des jeux unreleased de la PC Engine parmi tant d'autres projets abandonnés. Mais à la surprise générale, PC Engine Fan allait ressusciter le jeu et l'offrir comme cadeau d'adieu aux fans dans le tout dernier numéro du magazine officiel de la PC Engine. Après presque huit années de parution mensuelle, soit environ 90 numéros, PC Engine Fan offrit (par l'intermédiaire de Tokumashoten Intermedia) dans le Super PC Engine Fan Deluxe volume 2 du mois d'avril deux CDs en cadeau : le premier comprenant des démos PC-FX et le second le jeu Motteke Tamago complet avec notice. Les raisons de l'annulation de la sortie en 1993 restent encore mystérieuses. Il semblerait que Naxat ait longtemps hésité dans le choix final du support : HuCARD ou CD. Le jeu était bien finalisé à 100% et son numéro de série &quot; NXCD3022 &quot; lui avait été déjà attribué. Si l'on regarde les deux jeux entourant Motteke Tamago dans le listing des jeux Naxat par leur numéro de référence, on trouve Summer Carnival '93 Nerxz Special sortis le 23 juillet 1993 et Mahjong Clinic Special sortis le 24 aout 1993. On peut donc logiquement en déduire que la sortie de Motteke Tamago était prévue pour l'été 1993.
Mugen Senshi Valis - The Legend of a Fantasm Soldier (Japan)	Yuko Ahso est une adolescente japonaise ordinaire avec une vie ordinaire - jusqu'au jour où elle est attaquée par un monstre dans la rue, une épée apparaît alors dans ses mains. Elle combat les monstres qui ont soudainement envahi la ville et est convoquée dans le monde parallèle de Vecanti, gouverné par un tyran cruel nommé Rogles, dont les actions perturbent l'équilibre des mondes. En brandissant la légendaire épée Valis, Yuko doit vaincre Rogles et rétablir l'équilibre.
Mystic Formula (Japan)	Dans un monde où la technologie avancée et la magie coexistent, l'Empire magique contrôle les vastes terres arides et les demeures des créatures mythiques. Un groupe de quatre chasseurs de trésors est tombé sur une annonce promettant une récompense d'un million de crédits à quiconque récupérerait une mystérieuse pierre pourpre avec la gravure de la crête de l'Empire. Les quatre trouvent l'artefact relativement rapidement, mais il leur est volé par un autre groupe avec un ordre du jour qui leur est propre. Maintenant, les héros doivent ramener la pierre tout en traitant avec les ennemis dangereux sur leur chemin. MysticFormula est un jeu de tir de haut en bas. Le joueur navigue dans le protagoniste à travers des environnements hostiles, tirant sur des ennemis et des patrons réguliers, et évitant leurs attaques. Le joueur peut choisir de contrôler l'un des quatre chasseurs de trésor: un personnage principal équilibré armé d'un pistolet laser; un elfe qui tire des boules de feu de son personnel; une voleuse agile; et un robot robuste, lent, mais puissant. Tous les personnages utilisent des attaques à distance qui peuvent être améliorées avec des power-ups. De plus, un autre type de power-up fait sortir un des personnages du groupe pour aider le joueur en combat, contrôlé par l'IA. Le mode deux joueurs est également disponible.
Nekketsu Koukou Dodgeball-bu CD - Soccer-hen (Japan)	Hop, revoilà nos amis collégiens qui, après s'être défiés à la &quot;balle au prisonnier&quot;, reviennent à la charge avec un ballon de foot ! Mais autant vous prévenir tout de suite, Kunio's Soccer CD est à dix milles lieux de Formation Soccer... Primo, l'affrontement (car c'est de ça qu'il s'agit !) se fait par équipe de six joueurs, et lorsque l'on voit leurs tronches, on se dit que c'est largement suffisant ! Représentés de façon caricaturale, ils mettent tout de suite dans l'ambiance avec leurs lunettes, leurs coupes de cheveux dignes des Forbans, et tout le tralala. Tout de suite, ça sent le jeu de foot bon esprit. Ensuite, vous pouvez choisir sur quelle type de surface vous voulez tâter de la balle : herbe, sable, terre, cailloux, neige, glace (!), y a vraiment le choix ! Ca modifie plus ou moins la façon de jouer (moins que plus d'ailleurs...), mais c'est tout de même sympa. Le choix des tactiques se faisant quant à lui en japonais, il risque de vous échapper un tant soit peu...
Nekketsu Legend - Baseballer (Japan)	Dans un monde où le baseball joue un rôle central dans la vie des gens, les équipes rivalisent pour la suprématie, en utilisant des mouvements spirituels et magiques, ainsi que des robots. Récemment, un démon puissant a pris le contrôle de la terre, et certains humains ont commencé à utiliser l'art du baseball à des fins diaboliques. Le baseballeur noir malveillant a terrorisé des innocents, et c'est à un groupe de jeunes de restaurer la justice. Nekketsu Legend Baseballer est un jeu de rôle dédié au baseball. Il n'y a pas de véritable simulation de baseball dans le jeu: une grande partie joue comme un RPG japonais traditionnel, avec un overworld top-down, des explorations de ville et de donjon, une gestion de groupe, des équipements, des objets, etc. est complètement sur le thème du baseball. Les batailles au tour par tour se produisent moins fréquemment que dans d'autres jeux comparables, mais durent beaucoup de temps en raison de leur mécanique: chaque membre du parti contrôle un groupe de «robots de baseball», et les actions défensives et offensives portent le nom réel de mouvements de baseball.
Nemurenu Yoru no Chiisana Ohanashi (Japan)	Après un générique d'introduction chanté, l'histoire commence lorsque le chat Neko-kun, occupé à contempler le ciel étoilé sur le toit de sa maison, assiste justement à la chute d'une de ces étoiles. Blessé après être tombé du ciel, Hoshi-kun va heureusement être recueilli par Neko-kun qui, en plus de lui offrir le gîte, lui donnera également de quoi se soigner. C'est ainsi que démarre l'amitié entre ces deux sympathiques personnages, une amitié désormais éternelle, malgré l'inévitable séparation qui a lieu lorsque l'étoile, une fois rétablie, est obligée de quitter les vertes prairies pour retrouver les cieux. Voilà donc pour le prologue de Nemurenuyo No Chîsana Ohanashi ; un prologue qui, ma foi, cadre quand même plutôt pas mal le sujet, surtout pour ceux qui ne savaient pas du tout à quoi s'attendre. Comme les recueils de contes pour enfants, où chaque chapitre est indépendant du précédent et raconte une toute nouvelle histoire. Il est donc possible à tout moment de choisir un des sept chapitres proposés, correspondant à autant de petites aventures rigolotes, et dans lesquelles vous pourrez par exemple découvrir le périple aquatique de Neko-kun, ou le déroulement de son anniversaire... Evidemment, on rencontrera au passage de nouveaux personnages, tous plus sympas les uns que les autres, comme l'ours Kuma-kun ou Usagi-kun le lapin rêveur. Reste qu'il n'y a pas vraiment de progression à proprement parler : il est tout à fait possible de refaire un chapitre que l'on a déjà finit et apprécié, de la même manière que l'on peut relire ses fables de la Fontaine préférées... De même, il est à tout moment permis de quitter le jeu, et de bénéficier ainsi du générique de fin, toujours aussi adorable. Si Nemurenuyo No Chîsana Ohanashi n'avait été qu'un livre à lire par l'intermédiaire de son écran, il n'aurait eu d'autre intérêt que de payer une nouvelle villa à Alain Afflelou. Heureusement, vu qu'il s'agit quand même d'un jeu vidéo, les programmeurs se sont dit qu'il pourrait être pas mal d'incorporer des éléments interactifs, histoire de. Du coup, de la même manière que ce que l'on pouvait voir à l'époque sur Pico, ce CD-ROM propose de balader son curseur (la souris NEC est compatible, soit-dit en passant) sur tout et n'importe quoi à l'écran, et ainsi interagir avec les éléments du décors. Cliquer sur un arbre fera tomber des pommes, tourner le bouton de la radio permettra d'écouter les musiques du jeu, etc etc... Fondamentalement éducatif, Nemurenuyo No Chîsana Ohanashi fait partie de ces outils pédagogiques incroyablement futés, permettant aux plus jeunes de développer leurs sens, et ainsi leur perception du monde qui les entoure. De même, l'amitié, l'honnêteté, l'imagination... sont autant de thèmes et de valeurs abordés dans les petites histoires.
Neo Nectaris (Japan)	Neo Nectaris est une version mise à jour de Nectaris. Les fonctionnalités de base sont les mêmes: c'est un jeu de stratégie au tour par tour avec une grille hexagonale qui aura lieu dans le futur. L'histoire était aussi principalement recyclée, mais il y a quelques changements :nn- 48 nouvelles cartes. - Nouvelles unités et mises à jour. - Graphismes légèrement améliorés. - Audio de livre rouge orchestré. - Cinq cartes spéciales à 2 joueurs. Le jeu comprend le Nectaris original sur le disque. Nectaris est un jeu de guerre stratégique futuriste au tour par tour. L'année est 2089 et le cadre est la lune de la Terre, ce qui donne beaucoup de ressources importantes. Alors que les gouvernements de la Terre se chamaillent sur leurs revendications sur la lune, le diabolique Axis Empire lance une campagne militaire lunaire et s'empare de la lune, utilisant ses usines pour produire des armes avancées, dont la plus dévastatrice est le SAM (Missile Atomique Suprême) . En tant que commandant des forces alliées, il est de la responsabilité du joueur de mener ce qui reste des armées alliées dans une offensive désespérée contre l'Empire de l'Axe sur la surface lunaire avant de pouvoir utiliser le SAM pour détruire la Terre. Il y a 32 cartes (2 campagnes différentes avec 16 cartes chacune) à jouer. Dans chaque carte, le joueur doit vaincre stratégiquement les forces de l'Axe en surnombre, soit en détruisant toutes les unités ennemies, soit en capturant le camp de base ennemi. Il y a beaucoup d'unités différentes que les deux camps utilisent - l'infanterie, les chars, les avions, l'artillerie et quelques autres qui ont des fonctions spécialisées. Le gameplay consiste à déplacer des unités dans des positions qui auront le meilleur avantage pour attaquer l'ennemi, en capitalisant sur de nombreux facteurs, dont l'expérience de combat, le terrain, les tactiques de soutien et, parfois, la chance pure.
NEXZR (Japan)	En 2012, une flotte extraterrestre a attaqué la Terre. Deux jeunes pilotes étaient au milieu d'une bataille, et l'une d'entre elles, une charmante jeune femme, a été tuée. Trois ans plus tard, la pilote survivante a finalement eu l'occasion de venger sa mort. Aux commandes d'un puissant nouveau vaisseau de combat nommé &quot;Slasher&quot;, le pilote s'est aventuré dans l'espace, prêt à apporter la destruction à ceux qui lui ont tant pris.
Nishimura Kyoutarou Mystery - Hokutosei no Onna (Japan)	Nishimura Kyoutarou - Hokutosei No Onna (le titre fait référence au train express reliant Tokyo et Hokkaido au Japon) est basé sur les travaux de l'écrivain détective japonais Kyōtarō Nishimura, avec l'inspecteur Totsugawa et son assistant Kamei, protagoniste du jeu. Un homme a été trouvé poignardé à mort dans son appartement à Tokyo; peu après le début de l'enquête, un autre homme est tué dans une chambre d'hôtel à Hokkaido. Kamei doit interroger des témoins et des suspects et examiner des preuves afin de résoudre le mystère. Le format de jeu est celui d'une aventure japonaise: le joueur sélectionne les commandes de verbe (Examiner, Demander, Déplacer, Montrer, etc.) et les combine avec des personnes ou des objets pour recueillir des informations et faire avancer l'intrigue. À certains endroits, l'interaction se passe en interface point & clic, ce qui oblige le joueur à examiner attentivement une pièce ou un objet, à la recherche d'indices.
No-Ri-Ko (Japan)	No-Ri-Ko a été l'un des deux titres de lancement pour le PC Engine CD-ROM (TurboGrafx-CD) pour le Japon en 1988, l'autre étant Fighting Street (un portage du jeu d'arcade Street Fighter de 1987). Le personnage principal de ce jeu est Noriko Ogawa, une idole J-Pop adolescente qui a fait ses débuts en 1987. Quand le joueur trouve le laissez-passer perdu de Noriko, son directeur arrange un rendez-vous entre les deux. Le joueur choisis alors l'endroit du rendez-vous. Le jeu joue comme une sorte de jeu de romance ou un jeu d'aventure. Le joueur, qui peut écrire en son propre nom au début, choisit les endroits à visiter pour le rendez-vous, y compris un magasin de vêtements où une tenue peut être choisi pour Noriko. Le joueur peut également prendre quelques photos d'elle et écouter plusieurs chansons. Le jeu comporte également plusieurs mini-jeux, y compris un jeu de pierre-papier-ciseaux. Le jeu dure environ une demi-heure. Il existe plusieurs chemins alternatifs et des fins différentes selon les choix effectués.
Nobunaga no Yabou - Bushou Fuuunroku (Japan)	Lord of Darkness, connu au Japon sous le nom de Bushō Fūun Roku, est le quatrième jeu de la série Nobunaga (mais seulement le troisième à avoir été localisé en anglais). L'histoire de Nobunaga se déroule pendant la guerre civile japonaise du 16ème siècle. Dans un jeu de stratégie en temps de guerre, 15 seigneurs de la guerre différents sont représentés sur plusieurs territoires. Un à huit joueurs humains peuvent jouer, contrôlant différents chefs et factions. Le gameplay est fait dans l'un des deux scénarios; le début de la guerre civile en 1555 ou Nobunaga entouré de ses ennemis en 1571. Gestion de la population, des fournitures et des militaires sont le gameplay et la manipulation réussie de ces chiffres dans la bonne combinaison pour attaquer et défendre contre des intentions hostiles est ce qui amènera vos forces a la victoire.
Nobunaga no Yabou - Zenkokuban (Japan)	Au XVIe siècle, la période Sengoku du Japon a divisé la nation en de nombreux États féodaux, chacun dirigé par un daimyo. Nombreux étaient ceux qui rêvaient de conquérir le pays, de devenir Shogun et de régner sur tout le pays. L'un de ces daimyos était l'ambitieux Nobunaga Oda, un souverain sans pitié et un stratège renommé. Les joueurs prennent le rôle de Nobunaga Oda ou de l'un des nombreux autres daimyos pour tenter de conquérir le Japon. Nobunaga's Ambition est un jeu de stratégie au tour par tour qui peut être joué dans différents modes. Les joueurs commencent par sélectionner un scénario de 17 régions ou un scénario plus large de 50 régions. Ensuite, le joueur doit choisir un daimyo, dont les attributs sont évalués dans plusieurs catégories : âge, santé, ambition, chance, charme et QI. Au fur et à mesure de la progression du jeu, ces valeurs changent en fonction des événements du jeu.
Ookami-teki Monshou - Crest of Wolf (Japan)	Plus connu des joueurs américains sous le nom de Riot Zone, Crest Of Wolf était assez attendu des joueurs. Après tout, des jeux &quot;à la Final Fight&quot;, y en a pas des masses sur PC-Engine. Passons sur le scénario -d'une banalité affligeante- pour nous plonger dans ce qui est, disons-le sans détour, un nouvel ersatz du hit de Capcom. Premier point en la défaveur de Crest Of Wolf : on ne peut y jouer à deux. Alors bon, ils sont sympas les gars de Westone, mais c'était quand même la moindre des choses que de proposer cette option dans un jeu de ce genre, qui plus est assez attendu. On se contentera donc du mode en solitaire, d'une désespérante platitude. Heureusement, on peut choisir entre deux personnages différents : le bon vieux d'jeun' à qui on a irrémédiablement collé l'étiquette &quot;blond / t-shirt blanc / jean / baskets&quot;, et son pote punk. Nos deux amis, Hawk et Tony pour ne pas les citer, vont donc déambuler dans les rues de Kowloon, histoire d'aller retrouver leur copine enlevée par le syndicat du crime Dragon Zone : bah voilà, finalement, on l'a notre scénario. A leurs dispositions, aucune arme, juste leur poings et surtout, surtout, le coup de pied sauté : si cette prise a toujours plus ou moins bien fonctionnée dans les jeux de baston à progression, elle n'aura jamais été aussi efficace que dans Crest Of Wolf. Imparable et suffisamment puissante pour que l'on puisse finir le jeu sans aucun problème et, par là même, en réduire grandement l'intérêt. En fait, on se ballade dans les cinq longs niveaux, et on ne rencontre aucune difficulté pour en voir le bout. Crest Of Wolf présente également le défaut d'être extrêmement répétitif, comprenez par là qu'il ne se passe pas grand chose, mis à part les quelques loustics qui viendront vous chercher des noises : &quot;avancer et frapper&quot;, telle semble être la devise de nos héros... Les environnements traversés sont plutôt nombreux et variés même s'ils sont d'un esthétisme souvent discutable. Les sprites sont corrects mais souffre d'un gros manque de diversité : sept ou huit sprites ennemis différents (boss non compris) dans tout le jeu, et bien sûr leurs jumeaux colorisés (bleus, verts, rouges...). Quant aux musiques, elles sont bonnes, même si on a parfois plus l'impression de se trouver dans un piano-bar que dans une ruelle malfamée. En bref, et même si le ton était plutôt négatif jusque là, Crest Of Wolf n'est pas un mauvais jeu. Disons qu'il suffit de deux ou trois essais pour s'en être lassé.
Pachio-kun - Maboroshi no Densetsu (Japan) (Rev 7)	Pachio-kun Maboroshi no Densetsu est un jeu de pachinko mettant en vedette le personnage semi-anthropomorphique Pachio-kun. Le but du jeu est de gagner autant de bijoux que possible en collectant des points dans les jeux de pachinko.
Pachio-kun - Warau Uchuu (Japan)	Vous avez déjà trainé vos guêtres au Japon ? Dans ce cas, vous connaissez forcément les &quot;Pachinko Parlors&quot;, ces espèces de casinos du pauvre (moins pédants, et donc forcément plus accessibles) où l'on peut trouver machines à sous... et pachinkos ! Dans le cas contraire, il y a des chances pour que vous ne sachiez même pas ce qu'est un pachinko... d'où l'explication réglementaire. Quel pédagogue je fais... Le pachinko, dont le nom provient du mot japonais &quot;pachi pachi&quot; qui représente le bruit de petits objets qui s'entrechoquent, est souvent présenté comme étant le pendant nippon du flipper. C'est un peu restrictif comme vision des choses mais finalement, ce n'est pas complètement faux. On commence par acheter une centaine de petites billes de métal, que l'on va placer dans la fameuse machine de pachinko : à partir de là, toutes les billes sont catapultées comme dans un flipper, à une vitesse que le joueur détermine. Le but de l'histoire, c'est d'espérer qu'un maximum de ses billes aillent se loger dans de petits trous spéciaux qui déclenchent divers mécanismes, comme par exemple une roulette : à partir de là, c'est comme à la machine à sous, il faut espérer obtenir trois fois le même symbole pour toucher le jackpot et ainsi gagner... de nouvelles billes ! Ouais, super ! Donc voilà, on joue des billes pour gagner des billes qui permettent de rejouer, et donc de regagner des billes etc. etc. etc.... Sur PC Engine, le maître du pachinko, c'est Coconuts Japan. On trouve en effet pas moins de quatre jeux PCE relatant les aventures merveilleuses de Pachiokun, aussi bien sur HuCARD, CD-ROM2 que Super CD-ROM2 !
Pachio-kun 3 - Pachi-Slot & Pachinko (Japan)	Pachio-kun 3: Pachi-slot & Pachinko est un jeu de pachinko avec Pachio-kun, un ballon pachinko anthropomorphe qui jouit d'une vie paisible avec sa famille sur la planète Pachinko. L'intrigue du jeu est plutôt abstraite et sert à relier différentes périodes de temps où le héros se déplace après avoir terminé les sections de jeu de pachinko. Dans chaque zone il y a des casinos avec des machines de pachinko. Le joueur peut parler aux personnages du casino, échanger de l'argent contre des jetons et vice versa, et jouer au pachinko sur des machines à thèmes variés. De nouvelles zones deviennent accessibles après que le joueur a gagné une somme d'argent suffisante dans le casino précédent.
Palladion - Auto Crusher Palladium (Japan)	Auto Crusher Palladium est un jeu qui simule la construction de robots de combat (&quot;mecha&quot;). Le joueur est capable de construire des robots en utilisant différentes parties: corps, membres, IA informatique, armes, etc. Le résultat peut être une combinaison de toutes les formes et de tous les composants, la limitation étant le poids total du robot, qui ne doit pas dépasser un montant spécifié. Les robots peuvent être des humanoïdes, des machines sur roues ou volantes etc... Après avoir créé un robot, le joueur l'envoie pour combattre d'autres robots. Les batailles ressemblent à celles d'un jeu de combat, avec une vue à défilement latéral et des barres HP; Cependant, ils ne sont pas interactifs. Le gameplay entier se concentre sur la création d'un robot de telle sorte qu'il serait capable de vaincre un ennemi particulier; les batailles elles-mêmes ne permettent aucun contrôle du côté du joueur.
Pastel Lime (Japan)	Yū est un jeune apprenti magicien qui vit dans le monde des fées. Un jour, une erreur magique se produit, et Yū se retrouve sur Terre. Pour revenir à son monde, la petite fée doit trouver trois pierres qui doivent être insérées dans sa broche magique. Une jeune fille qui trouve la première pierre devient le compagnon de Yū et ensemble, ils doivent trouver et récupérer les autres pierres.
Patlabor - Chapter of Griffon (Japan)	Comme son nom l'indique, Patlabor The Digital Comic est un jeu d'aventure basé sur la série animée du même nom. Le gameplay se compose de 3 actions : observer, parler et bouger, afin de faire avancer le scénario. Comme d'habitude sur ce support, le jeu est ponctué de grandes images et de séquences animées.
Police Connection (Japan)	Police Connection est un jeu de société avec une torsion: au lieu d'atteindre simplement un objectif ou de collecter de l'argent, les joueurs jouent le rôle de détective de police et enquêtent sur les crimes. Il y a trois cas dans le jeu, tous accessibles depuis le menu principal: deux meurtres (les victimes étant des jeunes femmes) et un cas d'argent manquant. Jusqu'à quatre personnages humains ou contrôlés par l'IA tentent de résoudre ces mystères. Les joueurs naviguent les personnages de manière tour par tour sur un tableau représentant un environnement urbain. Le nombre de pas effectués par chaque personnage est déterminé par un jet de dés, mais le tableau est constitué de plusieurs chemins de branchement, et il appartient aux joueurs de choisir ceux qui sont désirés. Les personnages peuvent interroger des suspects, rassembler des indices et collecter des informations lorsqu'ils atterrissent sur les cases appropriées du tableau. Des carrés spéciaux procurent des cartes, qui peuvent être utilisées à diverses fins, par ex. examiner un élément de preuve, prendre un taxi pour aller à un autre endroit de la ville, etc.
Pomping World (Japan)	Le joueur dirige un personnage confiné dans un tableau de la taille de l'écran dans lequel des boules géantes rebondissent, menaçant le personnage. Celui-ci peut seulement se déplacer à gauche et à droite et lancer des grappins vers le haut à la perpendiculaire pour faire éclater les boules. Lorsqu'une grosse boule est touchée, elle se divise en deux autres boules de taille intermédiaire, qui elles-mêmes se divisent ensuite en deux petites boules, lesquelles peuvent être détruites pour de bon. Plus une boule est petite, plus son rebond est de faible d'amplitude et plus le timing pour passer dessous la boule est serrée. Le but du jeu est de détruire les boules avant la fin du temps imparti sans être touché.
Pop'n Magic (Japan)	Je suppose que vous l'avez remarqué vous aussi : les concepteurs de jeux vidéo semblent éprouver beaucoup d'affection pour les histoires de cristaux, de préférence au nombre de quatre, un bleu, un rouge, un jaune et un vert. Et leur rôle le plus courant est d'assurer l'harmonie dans le monde. Cette idée plutôt saugrenue à la base lorsqu'on y songe vraiment arrange en tout cas bien les affaires des scénaristes fainéants de Riot, et les joueurs non-japonisants par la même occasion, qui n'auront aucun mal à comprendre l'histoire. Donc, de vils personnages viennent dérober les cristaux, le monde est en danger, et ce sont les joueurs sur NEC Super CD-Rom 2 qui devront endosser le costume de sauveurs du monde, costume qui leur sied si bien, en dirigeant la petite Anis et son pote Rest dans les six mondes qui composent ce petit jeu d'action.
PopfulMail (Japan)	Il semble que la jolie chasseuse de primes connue sous le nom de Popful Mail n'aurait aucun mal à gagner sa vie en massacrant les méchants avec son épée. En réalité, Mail a du mal à joindre les deux bouts. Un jour, cependant, il apprend qu'un sorcier est devenu un voyou et que sa tête est mise à prix. Son aventure commence alors que Popful se fraye un chemin dans une nouvelle aventure et se fait de nouveaux amis en cours de route. Popful Mail est un jeu d'action et de plateforme avec de très légers éléments de RPG. Au fur et à mesure que l'héroïne progresse dans les étapes, elle collecte l'argent des ennemis tués. Cet argent peut être utilisé dans les magasins pour acheter des armes, des armures, de la santé, etc. Le jeu propose une interaction avec de nombreux personnages par le biais de dialogues à l'écran et de séquences entièrement animées. Certains de ces personnages peuvent être joués au fur et à mesure que le joueur progresse dans le jeu.
Populous - The Promised Lands (Japan)	Populous : The Promised Lands sur Turbografx est une extension au jeu original Populous. Celle-ci ajoute cinq nouveaux types de terrain dont le Far West et la Révolution française. Ces environnements peuvent être utilisés dans la création de cartes tandis que 500 maps font leur apparition dans le mode conquête.
Prince of Persia (USA)	Décidément, le Prince de Perse est sorti sur un sacré paquet de supports ! La PC Engine et son lecteur CD n'y font pas exception. Deux ans après la version originale sur Apple II, Prince of Persia arrive - notamment, on compte tout de même une bonne vingtaine de portages du jeu d'origine - sur PC Engine CD-Rom. Comme tout jeu sorti sur un gros paquet de supports, il ne faut pas attendre grand chose de cette version Nec en terme d'innovations. Graphiquement, le jeu est bien meilleur que la version Apple II, vous vous en doutez. Il se rapproche plus de la version Mega CD. Pourtant sortie deux ans plus tard, cette dernière est un cran en dessous graphiquement. De même, en ce qui concerne les musiques, elles bénéficient du support CD, la principale carte que pouvait jouer la PC Engine en 1991. Sans êtres légendaires, les compositions vont bien avec l'ambiance des Milles et Unes nuits.
Princess Maker 1 (Japan)	Princess Maker est la première série de jeux de simulation de Gainax. Vous êtes un noble guerrier qui vient de sauver votre royaume d'une invasion du terrible Seigneur Démon. Le roi reconnaissant vous propose de choisir toute récompense que vous souhaitez pour votre acte courageux. Mais au lieu d'opter pour la moitié du royaume ou la richesse de la terre, vous demandez au roi la permission d'élever une pauvre petite orpheline nommée Maria. Le jeu commence donc. Vous êtes celui qui doit construire l'avenir de Maria. Bien sûr, vous pouvez le faire de plusieurs façons. Vous pouvez vous efforcer de faire d'elle une vraie princesse, lui apprendre les bonnes manières, étudier les arts, faire d'elle une combattante courageuse comme vous, ou simplement une bimbo fainéante qui ne se soucie de rien. Son destin est entre vos mains!
Princess Maker 2 (Japan)	Un héros a sauvé la race humaine de l'annihilation totale par les dieux. Ce même héros a alors été chargé par les cieux de prendre soin de la jeune graine tombée de là. Cette graine devient sa fille et son gardien la surveillera. Dans Princess Maker 2, le joueur assume le rôle d'un père auprès de la fille bénie des cieux. Pendant les huit prochaines années, le héros l'éduquera et la guidera sur le chemin de son choix. Il est possible de choisir la trajectoire de la fille influencée par le zodiaque en la programmant pour des emplois et des écoles, ce qui augmentera ses statistiques (force, compétences de combat, cuisine, foi, etc.) Chaque mois permet au joueur de désigner trois tâches différentes elle à suivre. L'équilibre entre le développement du caractère, le niveau de stress, la santé et le revenu financier est l'objet de ce jeu.
Princess Minerva (Japan)	Princess Minerva est basée sur un anime du même nom. Dans le royaume de Whistler, les meilleurs combattants sont de jeunes femmes, belles, maîtrisant de nombreux styles de combat. La princesse Minerve est l'une d'entre elles. Elle participe à un tournoi, se bat contre les meilleures combattantes du pays, et finit par s'associer avec elles, en construisant une super-puissante qui vaincra l'ennemi juré de la reine de Whistler, la méchante sorcière Dynastar. Le jeu commence là où les filles sont déjà unies et se préparent pour la grande quête. Votre groupe contient neuf filles, chacune avec diverses statistiques et sorts magiques. La grande partie est divisée en trois parties plus petites, et vous passez de l'une à l'autre en participant à des batailles aléatoires et à des combats de boss. Le combat est basé sur le tour, et est vu d'un point de vue top-down, comme les endroits que vous visitez. Vous voyagez sur la carte Overworld, visitez les villes et descendez dans les donjons. Les trois filles actives de votre groupe peuvent également s'unir pour effectuer des attaques combo.
Private Eye dol (Japan)	Un jour, dans un proche avenir, l'équipage d'une «idole» (une star de la culture populaire) fait un tour dans le bus à travers la campagne. Une des membres de l'équipage féminine s'évanouit de façon inattendue et est emmenée par ses amis dans un manoir abandonné découvert à proximité. Très bientôt, cependant, l'accident commence à se répéter, et la preuve d'un meurtre horrible et d'une possible présence fantomatique dans la maison de surface. Mei Star, un enquêteur de l'équipe, et son assistant holographique informatisé Navi doivent résoudre le mystère avant qu'il ne soit trop tard. Private eye dol est un jeu d'aventure joué en grande partie d'un point de vue top-down. Le joueur navigue autour de Mei dans l'environnement jouable, examine les lieux et les objets d'intérêt et parle à d'autres personnages. À quelques exceptions près, il n'y a pas d'énigmes dans le jeu, et l'intrigue est avancée en déclenchant des événements. À plusieurs reprises, les objets doivent être ramassés, mais ils sont utilisés automatiquement dans les emplacements correspondants.
Pro Yakyuu Super '94, The (Japan)	Pro Yakyuu Super '94 fait suite à The Pro Yakyuu Super. À l'exception d'un nouveau mode, de la musique différente, des commentaires, et de légères modifications de l'interface, le gameplay est en grande partie identique à celui de l'entrée précédente. Les listes des équipes de baseball professionnelles japonaises ont été mises à jour pour la saison en cours. Le nouveau mode est appelé &quot;Home Run Contest&quot;; le joueur contrôle un frappeur contre un lanceur contrôlé par ordinateur, essayant de marquer un coup de circuit.
Pro Yakyuu Super, The (Japan) (FABT)	Pro Yakyuu Super fait suite à The Pro Yakyuu. Les mécaniques de jeu sont presque identiques à celles du prédécesseur. Avec les modes simulation et auto pour le tangage et le bâton, il y a maintenant un nouveau mode de «capture automatique». Les équipes licenciées de la ligue professionnelle de baseball japonaise ont été mises à jour pour la saison en cours. Les modes Versus, Open et Pennant reviennent, avec un mode «Dream», qui consiste en un jeu entre des joueurs All-Star contemporains et historiques.
Pro Yakyuu, The (Japan)	Pro Yakyuu est un jeu de baseball qui permet aux joueurs de concourir dans la ligue professionnelle de baseball du Japon, avec des noms d'équipe et de joueurs autorisés. Le mode Versus permet la compétition entre deux joueurs; dans une partie amicale, l'IA de l'ordinateur choisit un adversaire pour l'équipe sélectionnée par le joueur; le mode &quot;Open&quot; est un tournoi dans lequel les joueurs peuvent assigner des équipes contrôlables à eux-mêmes et à l'IA. Le jeu lui-même peut être réglé sur &quot;Action&quot;, &quot;Simulation&quot;, ou &quot;Auto&quot;, avec un degré de réalisme variable. Les pichets et les batteurs sont contrôlés à partir d'une vue à la troisième personne, tandis que la vision de base est vue d'un point de vue aérien.
Psychic Detective Series Vol. 3 - Aya (Japan)	Seules quelques personnes possèdent la capacité unique de lire le cœur des gens; ces gens sont appelés des analystes psychiques, et Katsuya Furuyagi est l'un d'entre eux. Un jour, un collègue analyste lui rend une visite inattendue et l'oriente vers un vieil homme mystérieux nommé Kamiya. En lisant l'esprit du vieil homme, Furuyagi s'aventure dans le domaine des souvenirs, où le fantôme d'une femme tente de venger son propre meurtre. Aya est le troisième épisode de la série Psychic Detective. Comme dans les entrées précédentes, il s'agit d'un jeu d'aventure de style japonais avec une vue à la première personne et une interaction et une navigation par menu. Les commandes telles que &quot;Rechercher&quot;, &quot;Demander&quot; et &quot;Déplacer&quot; doivent être utilisées sur la plupart des écrans afin de faire avancer l'intrigue. Parler aux personnages et contempler l'affaire joue un rôle important.
Psychic Detective Series Vol. 4 - Orgel (Japan)	Un jour, une femme mystérieuse vêtue d'une robe de deuil apparaît dans le bureau de Katsuya Furuyagi, un enquêteur privé qui possède une capacité unique à voyager dans l'esprit des gens. La femme a une étrange demande qui fait douter Furuyagi de sa santé mentale. Pendant des générations, une belle poupée a été en possession de sa famille; cependant, récemment, il a disparu, et la femme est convaincue que le coupable est le diable lui-même. Furuyagi se rend à la campagne où il commence à enquêter sur ce mystère inhabituel, déterminé à découvrir la vérité. Orgel joue de la même manière que l'épisode précédent de la série Psychic Detective. La majeure partie du jeu est occupée par des conversations avec des personnages, ce qui implique souvent de parler de divers sujets, de recueillir des informations. Il n'y a pas de casse-tête, mais des éléments de preuve peuvent être collectés, stockés et visualisés comme éléments d'inventaire. L'interaction avec le monde du jeu est basée sur un menu.
Psychic Storm (Japan)	Psychic Storm est un jeu de tir à défilement vertical dans lequel le joueur incarne quatre personnages qui doivent protéger la ville de Neo Hong Kong d'un assaut mené par de vicieux extraterrestres insectoïdes. Le joueur peut choisir n'importe lequel des quatre personnages avant chaque niveau. Les personnages se distinguent par les attaques uniques de leurs vaisseaux : Alex utilise un vulcan gun, Charr a un rayon « psychique » de courte portée, Joe a une attaque lente mais puissante nommée Hell Flame, et Nastasia utilise un laser ionique. La caractéristique la plus marquante du jeu est cependant son mode de transformation. Chaque personnage peut se transformer en un vaisseau biomécanique plus grand et beaucoup plus puissant, semblable à un insecte.
Puyo Puyo CD (Japan)	Curieusement, la Nec n'a jamais eu droit à sa version de Tetris, et a dû longtemps se contenter de la très bonne copie made in Sega, j'ai nommée Columns, et des plus discutables Hatris et Spin Spair. Heureusement, l'arrivée du SCD à permis la naissance d'excellents clones, notamment Panic Bomber......et Puyo Puyo CD, justement ! Puyo Puyo propose non-plus d'amasser des blocs, mais des haricots gélatineux, afin de former des groupes de quatre de même couleur, et ainsi les faire disparaître. Un adversaire joue en parallèle, et c'est le premier qui atteint le sommet de sa cuve qui est désigné perdant. Alors bien sûr, on peut se contenter de jouer au feeling et d'exploiter les possibilités évidentes, ou alors se concentrer un peu plus et essayer de construire des échafaudages &quot;réfléchis&quot; permettant de belles réactions en chaîne. Ce second style de jeu est particulièrement rigolo car, même s'il est plus long à mettre en place, il engendre de beaux retournements de situation ; d'autant plus que les combos que vous réussissez se répercutent sur le tableau de votre adversaire par l'envoi de haricots incolores, assez pénibles à éliminer.
Puyo Puyo CD Tsuu (Japan)	La suite de Puyo Puyo est, comme son prédécesseur, un jeu de blocs en chute libre dans lequel le but est de combiner quatre blocs ou plus (Puyos) de la même couleur, qui disparaissent ensuite. Les Puyos restants tomberont ensuite et pourront produire des combos qui peuvent causer des blocs spéciaux (les Puyos nuisibles, qui ne peuvent être détruits qu'en éliminant les Puyos adjacents) pour apparaître sur le champ de l'ennemi.
Quest of Jongmaster - Janshin Densetsu (Japan)	Quest Of Jongmaster sur PC Engine se révèle être un jeu de mahjong scénarisé, avec l'aspect RPG que l'on espérait trouver dans la version Neo-Geo. On est bien loin de certains titres du même genre, totalement directifs et parfois un peu culculs, où l'on enchaîne machinalement duels sur duels avec des bunny-girls et autres femmes assez avares en tenues vestimentaires. Comme dans un RPG classique, on rencontre des villageois avec lesquels parler, ainsi que des boutiques où l'on peut faire ses emplettes. Il est également possible -et recommandé-, avant un affrontement, de faire le plein de sorts magiques, offensifs ou défensifs, très utiles pour perturber la nana d'en face. Bien évidemment, à chaque fois que vous gagnez un match, vous ramassez des points d'expérience, avec la montée de niveau que cela implique. Il y a donc un aspect aventure (simpliste certes) dans cette version NEC, même s'il ne sert finalement qu'à introduire les différents adversaires...
Quiz Avenue (Japan)	Quiz Avenue est un jeu-questionnaire avec un &quot;mode quête&quot; dans lequel le joueur contrôle un guerrier qui doit sauver la princesse Questine des griffes du mal Shameless, les ennemis du royaume de l'érudition. on contrôle le héros sur de petites cartes avec des chemins à embranchement; chaque point représente une &quot;bataille&quot; de quiz contre un monstre, aboutissant à une &quot;bataille de boss&quot; sur la scène finale, où le joueur peut sélectionner le sujet des questions (par exemple la géographie, les films, la langue anglaise, etc.) . Les rencontres de quiz varient en longueur et en nombre de réponses, mais ont toujours une limite de temps pour chaque question. De plus, un «mode party» séparé permet aux joueurs de participer à des jeux-questionnaires composés chacun de trois ou cinq tours.
Quiz Avenue II (Japan)	Quiz Avenue II, comme son prédécesseur, est un jeu-questionnaire avec un mode de quête basé sur l'histoire, qui continue l'intrigue du premier jeu. Après que le mal Shameless fut vaincu, la paix fut rétablie dans le royaume de l'érudition; cependant, bientôt des forces démoniaques apparurent à l'horizon, et deux jeunes guerriers, un garçon et une fille, furent envoyés par la reine pour les arrêter. Les règles de quiz dans cette épisode sont en grande partie les mêmes que dans le jeu précédent, avec trois ou quatre réponses à choisir pour chaque question et une limite de temps. L'avancement du plateau de jeu, cependant, est déterminé en choisissant des cartes avec le nombre d'étapes écrites dessus plutôt que par un mouvement point à point du premier jeu. Nouveau est le mode à deux joueurs pour la quête, dans lequel le deuxième joueur contrôle l'héroïne, et les deux répondent simultanément aux questions. Quelques nouvelles fonctionnalités, telles que la possibilité d'acquérir divers bonus avant une rencontre, ont été ajoutées. Le mode &quot;Party&quot; est remplacé par &quot;Grand Prix F1&quot;, qui est une série de questions triviales où chaque tour est présenté comme une course de Formule 1.
Quiz Avenue III (Japan)	Quiz Avenue III offre, comme ses deux prédécesseurs, un mode quête et un mode versus - ce dernier consiste en cet épisode d'une série de questions de triviales pour un maximum de huit joueurs (contrôlant une variété de combattants difficiles), avec des tours déguisés en jeux de combat, chaque mauvaise réponse menant à une perte de points de vie. La principale différence entre ce jeu et les 2 précédents réside dans le mode quête et ses éléments RPG.
Quiz Caravan Cult Q (Japan)	Quiz Caravan Cult Q est un jeu-questionnaire avec quatre modes. Le mode principal implique une compétition quiz dans laquelle les joueurs peuvent choisir les sujets des questions, par ex. films, jeux vidéo, histoire, etc. Jusqu'à cinq joueurs peuvent participer à ce mode ou concourir contre l'IA. Le «mode aventure» est un jeu de table dans lequel le mouvement du personnage contrôlé par le joueur est déterminé par un jet de dés. Les chemins normaux mènent à de courtes rencontres de quiz; d'autres domaines peuvent améliorer les points de vie du protagoniste, et le chemin final sur chaque scène est une «bataille de boss» plus difficile. Le mode Time Attack implique de répondre correctement à autant de questions que possible dans le temps imparti. Enfin, par rapport au mode, les joueurs sont en compétition les uns contre les autres; chaque bonne réponse fait avancer le personnage sur un tableau, tandis que l'adversaire est repoussé. Tous les modes comportent des personnages d'autres jeux publiés par Hudson Soft, tels que Bomberman ou Tengai Makyō.
Quiz de Gakuensai (Japan)	Quiz de Gakuensai est un jeu-questionnaire dans lequel le joueur joue le rôle d'un lycéen. Un jour, il est chargé de veiller sur son parent, une petite fille. Cependant, dès que sa petite amie apparaît, le héros néglige son devoir et découvre très vite que la petite fille a disparu. Il doit explorer le bâtiment de l'école et la trouver à tout prix. Le joueur peut choisir l'ordre dans lequel le protagoniste visite les différentes salles de classe de l'école. Dans chaque pièce, il y a une jeune fille séduisante qui pose au héros une série de questions sur des sujets différents (principalement la culture populaire). Tant le protagoniste et les filles ont une quantité de points de vie; une réponse correcte diminue le HP de l'adversaire, tandis qu'une mauvaise diminue la santé du protagoniste.
Quiz Marugoto the World (Japan) (Rev 7)	Quiz Marugoto the World est une simulation simple d'un jeu-questionnaire télévisé. Les animateurs TV posent des questions sur différents sujets (les questions sont prononcées, ne sont pas affichées dans le texte), et la réponse correcte doit être choisie parmi plusieurs disponibles dans un délai imparti. Le jeu a trois modes: &quot;World Quiz Trip&quot;, championnat et coupe. Le premier est essentiellement un mode solo. le championnat permet aux joueurs de s'affronter, avec des sujets choisis au hasard; la coupe fonctionne comme n'importe quel événement sportif comparable, y compris les tours éliminatoires.
Quiz Marugoto the World 2 - Time Machine ni Onegai! (Japan)	Time Machie ni Onegai diffère de son prédécesseur en ayant ses propres modes de jeu uniques plutôt qu'en suivant strictement un format de jeu télévisé. Le mode Time Machine implique de voyager à différentes périodes et de répondre à des questions anecdotiques pour déclencher des événements célèbres (par exemple, Moïse créant un chemin à travers la Mer Rouge pour les Juifs, les belligérants de l'ère des Trois Royaumes s'abattant, pomme tombant sur la tête de Sir Isaac Newton, etc.). Les questions elles-mêmes, cependant, n'ont généralement rien à voir avec l'événement historique en question. Un autre mode dans le jeu s'appelle &quot;Megaten Quest&quot;; Cependant, ce n'est pas un quiz lié à Megami Tensei, mais plutôt une imitation d'un crawler de donjon à la première personne avec des ennemis apparaissant au hasard qui posent au joueur un certain nombre de questions sur divers thèmes. Le troisième mode suit le même format de quiz avec des questions correctement répondues menant à des solutions de puzzle, et est essentiellement la partie multijoueur du jeu. Dans tous les modes, la limite de temps est imposée pour tout le tour plutôt que pour des questions distinctes.
Quiz no Hoshi - Star of Quiz (Japan)	Quiz no Hoshi est un jeu-questionnaire avec plusieurs modes de jeu; le principal est appelé &quot;Heart of Stone&quot; et est une série de quiz avec des éléments de jeu de stratégie. L'intrigue implique l'enlèvement d'une petite fille par la mafia, et les tentatives d'un garçon nommé Hoshimaru pour la sauver, tout en s'échappant d'une apocalypse imminente. Hoshimaru peut être contrôlé sur une carte (souvent avec des chemins de ramification); chaque chemin mène généralement à une scène de conversation avec un quiz. Les deux Hoshimaru et les &quot;ennemis&quot; ont des barres de vie; la santé du protagoniste augmente après les défis de quiz réussis. Les réponses correctes endommagent l'ennemi, tandis que les mauvaises réponses appauvrissent la vie du héros. Le nombre de réponses possibles et la nature des questions varient d'une quête à l'autre.
Quiz Tonosama no Yabou (Japan)	Quiz Tonosama no Yabō est un jeu-questionnaire avec des éléments de stratégie, mis en place au cours de la période Sengoku dans l'histoire du Japon. Les modes de jeu simples et à deux joueurs sont disponibles.
R-Type Complete CD (Japan)	R-Type Complete CD combine les parties I et II des versions japonaises PC Engine HuCard. Il ajoute également une musique remixée, des scènes coupées entièrement vocalisées, un combat de boss supplémentaire et quelques autres changements mineurs. Une race extraterrestre appelée Bydo attaque l'humanité sans pitié. Le prototype de chasseur spatial R-9 doit arrêter les Bydo et sauver la race humaine.
Rainbow Islands - The Story of Bubble Bobble 2 (Japan)	Bub et Bob, les deux héros de Bubble Bobble, sont redevenus humains au terme de leur précédente aventure et ils doivent désormais sauver les îles arc-en-ciel d'une bande de monstres. Il faudra sauter et utiliser votre pouvoir pour créer des arcs-en-ciel au cours des sept mondes du jeu, divisés en quatre niveaux chacun.
Rally Championship (Japan) (FABT)	Championship Rally est un jeu de course vue de dessus. Ce jeu propose des courses de rallyes à travers 3 modes de jeu : &quot;time attack&quot;, &quot;high speed&quot; et &quot;adventure&quot;. Le jeu propose le choix parmi plusieurs véhicules de marques célèbres, ainsi que des options de réglages de la voiture, bien que le gameplay reste assez simple.
Ranma 1-2 (Japan)	Basé sur la célèbre série manga / anime du même nom, Ranma 1/2 suit l'histoire d'un artiste martial en herbe qui se transforme accidentellement en une jeune femme en tombant dans une source maudite. Il peut revenir à sa forme naturelle au contact de l'eau chaude. Cependant, le contact avec de l'eau froide le transformera à nouveau en fille. La majeure partie de l'histoire du manga original est consacrée à des situations semi-comiques, sur la base du fait que Ranma tente de dissimuler sa situation, ce qui entraîne des incompréhensions, de la confusion et des complications romantiques au lycée. Cette interprétation de la licence suit une partie de l'histoire initiale du manga, en commençant par la malédiction et en passant par les premiers conflits de Ranma avec des camarades de classe et des artistes martiaux rivaux. Le jeu est principalement structuré comme un défilement latéral &quot;beat-'em-up&quot;, bien qu'il existe également plusieurs combats de boss qui rappellent davantage un jeu de combat à deux. Le vs mode permet au joueur de recréer ces combats de boss en utilisant différents personnages. La malédiction de Ranma devient une caractéristique du jeu: les eaux froides et chaudes transforment Ranma en fille et en garçon, respectivement. Female Ranma est plus rapide et peut sauter plus haut, mais ses attaques et sa défense sont plus faibles. Des scènes cinématiques de style anime font avancer l'histoire entre les niveaux.
Ranma 1-2 - Datou, Ganso Musabetsu Kakutou-ryuu! (Japan)	Ranma 1/2 : Datou Ganso Musabetsu Kakutou-ryuu! sur PC Engine est un jeu d'aventure entrecoupé de scènes de combat. En effet, les joueurs participent à des scènes tirées du manga où ils seront amenés à interagir avec les multiples protagonistes pour à chaque fois se retrouver sur des rings improvisés.
Ranma 1-2 - Toraware no Hanayome (Japan)	Ranma 1/2 : Toraware no Hanayome sur PC Engine combine le style du roman-photo inspiré du manga avec des interactions textuelles pour le joueur qui doit choisir quelle voie prendre.
Rayxanber II (Japan)	Rayxanber n'est pas très connu par chez nous. Série disponible uniquement au Japon, elle se démarque plus particulièrement pas sa difficulté totalement abusée. Ce deuxième volet en est une belle illustration. Shoot'em up à scrolling horizontal, le jeu se veut volontairement très classique. A l'image d'un R-Type, il faut apprendre par coeur les différents niveaux qui le composent pour espérer pouvoir en venir à bout. Mais n'espérez pas le faire en un claquement de doigts ! Seuls les plus téméraires pourront en voir le terme. Les autres exploseront leur manette, jetteront leur télé par la fenêtre ou se passerons les nerfs sur le chat, à voir. Car oui, Rayxanmber II est l'un des shoots les plus difficiles qu'il m'ait été donné de voir. L'armement est minimaliste et votre vaisseau ne sera jamais très puissant. Les upgrades vous permettront de tirer un peu plus largement, mais les ennemis paraîtront toujours bien plus costauds que vous. Et c'est cela qui démarque ce jeu des autres : ce côté masochiste exacerbé. Toujours sur les upgrades, il est possible de définir l'orientation de votre tir en récupérant le bonus au bon moment. Ce dernier dispose d'une petite aiguille qui tourne, un peu comme une horloge, et qui spécifie où la direction du tir apporté par votre future upgrade. En plus du tir principal (pas de smart bomb, cela rendrait le jeu trop facile), vous disposer d'un bouton de boost, pour aller plus vite. Cela sera bien utile pour éviter certains ennemis et autres tirs. Le jeu ne pardonne pas la moindre erreur : dès que vous êtes touché, c'est la mort assurée, et le retour au check point. Et ces derniers ne sont vraiment pas nombreux sur chaque niveau. Fort heureusement, les continus sont infinis... Mais cela ne fait que souligner la difficulté du titre : on avance, on meurt, on recommence, et ainsi de suite jusqu'à épuisement du joueur. Rayxanber II est un shoot de masochiste, à ne réserver qu'aux fans hardcore de R-Type, tant il est difficile.
Rayxanber III (Japan)	Rayxanber III est beaucoup moins connu que le précédent volet, également sorti sur PC Engine. Pourtant, il se révèle bien meilleur. En réalité, Rayxanber II a surtout marqué pour sa difficulté de pourri apte à énerver n'importe quel bouddhiste le plus averti. Avec ce troisième épisode, les gens de chez Data West ont pris en compte les doléances des joueurs. On se trouve toujours en présence d'un &quot;shoot'em up à la progression de connard&quot;, c'est à dire qu'il faut progresser en mémorisant le jeu sous peine de perdre très vite des vies. Sauf qu'ici, la plupart des fois où l'on perd, c'est bel et bien de la faute du joueur et non de la faute d'un level design diaboliquement alambiqué. Ce dernier est pourtant bien plus travaillé. Cela se sent dès le premier niveau où l'on tourne autour du vaisseau mère pour finalement être propulsé dans un scrolling horizontal plus classique mais vraiment rapide et très détaillé. Car la réalisation a clairement monté d'un cran. Graphiquement, c'est superbe, chiadé et tout. Et bien entendu, pas de ralentissement ou de clignotement, on est sur PC Engine ! Côté gameplay, c'est à peu près la même chose que dans le précédent épisode : vous changez d'arme en récupérant des pastilles. L'originalité vient du fait que ces dernières disposent d'un petit trait qui va définir l'orientation de ce tir secondaire. A vous de prendre l'item au bon moment pour pouvoir canarder là où vous le désirez. Il n'y a toujours pas de smart bomb, mais les adversaires sont bien plus faciles à flinguer. Pas besoin de leur tirer dessus pendant plusieurs secondes pour en venir à bout, cela donne une impression de puissance bien plus satisfaisante que dans Rayxanber II. Vous disposez par contre d'un super tir. Lorsque vous restez appuyé sur le bouton, votre vaisseau balance la purée, mais une jauge monte. Une fois pleine, vous lâchez le bouton pour tirer deux belles roquettes qui feront un peu de ménage. Une alternative au tir concentré de R-Type.
Record of Lodoss War (Japan)	Le continent de Lodoss toute entier est en guerre depuis que le sombre souverain de l'île de Marmo, l'empereur Beld, s'est lancé à sa conquête. Mais alors que les différents pays s'unissent sous la bannière du roi Fawn pour empêcher la monstrueuse armée de tout dévaster sur son passage, Karla, une mystérieuse sorcière fait son apparition, semant le trouble et le chaos au sein des deux camps. Parn, un jeune chevalier idéaliste, se retrouvera plongé au cœur de ce conflit qui le dépasse, et tentera d'y mettre un terme à l'aide de ses amis. Dès l'introduction le jeu donne le sentiment d'être extrêmement fidèle aux OAV en reprenant non seulement le classieux chara design de l'illustrateur Nobuteru Yûki, mais également la même trame scénaristique de l'anime. Ajoutez à cela la présence des doubleurs originaux et du générique accompagné par une cinématique reprenant quasiment plan par plan l'opening des épisodes de la série, et vous obtenez une adaptation qui démarre sur une note des plus positives. Du village de Saxon à la tour du sage Wort, en passant par la forêt des elfes, le fan se retrouve en terrain familier et savoure le monde de Lodoss sans se sentir trahi par une misérable adaptation mercantile comme le monde du jeu vidéo en a tant connu. Certaines incartades et déviations au niveau du scénario seront tout de même à prévoir, RPG oblige, afin d'offrir une durée de vie conséquente et de surprendre un peu le joueur. Le jeu est plutôt linéaire dans sa progression, et tous les pays qui composent la grande île de Lodoss seront traversés dans un ordre précis. Nous sommes ici face à un RPG des plus classiques, avec une carte du monde à parcourir à pied, des villes (dans lesquelles on se déplace via un menu illustré) où l'on peut se procurer de nouveaux équipements, des temples pour se régénérer ou ressusciter des compagnons décédés, et des combats aléatoires au tour par tour. Sur ce dernier point, Record of Lodoss War se situe dans la catégorie hybride des C-RPG avec une gestion de l'espace durant les batailles. En effet, bien que le déroulement du soft relève du C-RPG pur et dur, les phases d'affrontement quant à elles le situent plutôt dans la catégorie des T-RPG, à l'instar de Emerald Dragon sur la même machine. Ici, point de map quadrillée, mais chaque personnage, ami ou ennemi, possède une capacité de mouvement qui lui permet de se déplacer sur le champ de bataille et ajoute une petite dimension tactique au soft. Car bien évidemment, Slayne le magicien ou Woodchuck le voleur (les spécialistes des attaques à distance) seront bien plus vulnérables aux attaques au corps à corps que les guerriers tels que Parn ou Ghim. Il faudra donc toujours bien veiller à ce que les adversaires ne s'approchent pas trop d'eux en leur barrant le passage avec les autres personnages. Record of Lodoss War sur PC engine est une bonne adaptation du dessin animé éponyme, son univers est respecté et fidèlement retranscrit, ce qui n'est déjà pas si mal. Les fans passeront un agréable moment en compagnie de Parn et de son groupe d'aventuriers tandis que les autres joueurs y verront là un RPG plutôt sympathique et agréable. Son final décevant et sa réalisation trop conventionnelle ne plaident pas en sa faveur, mais il n'en demeure pas moins l'un des jeux de rôle les plus accessibles de la machine pour un non-japonisant du fait de sa relative linéarité.
Record of Lodoss War II (Japan)	Situé dans l'univers fantastique de Lodoss War, créé par l'écrivain japonais Ryo Mizuno, ce jeu est basé sur l'anime Chronicles of the Heroic Knight. L'histoire se concentre sur un jeune homme nommé Spark, qui veut devenir un chevalier du pays de Flaim. Le roi Kashue a besoin de Spark pour prouver qu'il est digne de ce titre, et lui dit de rassembler une bande de mercenaires et de se préparer à arrêter les plans mystérieux du sorcier noir Wagnard. Le gameplay est similaire à l'ancien jeu Record of Lodoss War. Spark et son équipe parcourent la carte du monde de haut en bas, visitant des villes, des villages et d'autres endroits sur le chemin. Les ennemis apparaissent au hasard. Les batailles au tour par tour offrent à nouveau une liberté de mouvement à l'écran, mais comme auparavant, la fonction de combat automatique peut accélérer les choses. Les villes et autres lieux importants sont considérés comme des écrans fixes du point de vue de la première personne.
Red Alert (Japan)	Un bon gros jeu d'action où il ne faut pas réfléchir, ça se laisse toujours jouer. Le jeu reprend le principe d'un Rambo III ou d'un Commando. Comprenez que vous voyez votre personnage (un clone de John Rambo) du dessus et que vous devez canarder à tout va pour faire le ménage et arriver à la fin du niveau. L'ambiance se calque une fois de plus sur le film mettant en scène Stalone. Les décors traversés sont donc des jungles, des hangars, le tout très militarisé. L'armement est basique. On a un tir principal que l'on peut faire évoluer en changeant d'arme, ainsi que tout un tas d'armes secondaires allant de la grenade au lance-flammes. Ces tirs secondaires sont beaucoup plus efficaces. Le jeu n'est finalement pas si difficile que cela lorsque l'on a pris le pli. Les tirs sont parfois nombreux, mais toujours très lisibles et pas vraiment rapides. Du coup, on arrive à avancer sans trop de problème. Bien entendu, plus on progresse dans les niveaux, plus la difficulté devient élevée. Le soucis du jeu, c'est qu'il est assez monotone. Les adversaires sont toujours avec les mêmes sprites. Certains sont toujours placés au même endroit et ne réapparaissent pas une fois que vous les avez descendu tandis que d'autres arrivent à l'écran de façon aléatoire. Last Alert est un petit défouloir sans prétention, mais finalement agréable à jouer. La durée de vie n'est pas énorme, mais on s'en contentera.
Renny Blaster (Japan)	Renny Blaster est un beat-em-up dans lequel le joueur peut choisir de contrôler soit l'enquêteur privé paranormal Fujiro Yarai, ou un homme avec un passé mystérieux et des capacités surnaturelles nommé Seishiro. Les deux personnages ont le même but: empêcher une organisation secrète de monstres et de morts-vivants, dirigée par un vampire maniaque, de prendre le contrôle de l'Europe. Les deux personnages commencent avec différentes étapes initiales, mais continuent sur le même chemin par la suite. Seishiro est physiquement plus faible et a une attaque par défaut d'énergie à distance; Fujiro se bat avec des coups réguliers et des coups de pied. Les deux personnages ont accès à des attaques élémentaires uniques qui sont activées en maintenant un bouton enfoncé. La plupart des étapes sont des actions de défilement latéral simples avec des batailles de boss à la fin de chacun; quelques zones contiennent des éléments de plate-forme légers.
Riot Zone (USA)	Plus connu des joueurs américains sous le nom de Riot Zone, Crest Of Wolf était assez attendu des joueurs. Après tout, des jeux &quot;à la Final Fight&quot;, y en a pas des masses sur PC-Engine. Passons sur le scénario -d'une banalité affligeante- pour nous plonger dans ce qui est, disons-le sans détour, un nouvel ersatz du hit de Capcom. Premier point en la défaveur de Crest Of Wolf : on ne peut y jouer à deux. Alors bon, ils sont sympas les gars de Westone, mais c'était quand même la moindre des choses que de proposer cette option dans un jeu de ce genre, qui plus est assez attendu. On se contentera donc du mode en solitaire, d'une désespérante platitude. Heureusement, on peut choisir entre deux personnages différents : le bon vieux d'jeun' à qui on a irrémédiablement collé l'étiquette &quot;blond / t-shirt blanc / jean / baskets&quot;, et son pote punk. Nos deux amis, Hawk et Tony pour ne pas les citer, vont donc déambuler dans les rues de Kowloon, histoire d'aller retrouver leur copine enlevée par le syndicat du crime Dragon Zone : bah voilà, finalement, on l'a notre scénario. A leurs dispositions, aucune arme, juste leur poings et surtout, surtout, le coup de pied sauté : si cette prise a toujours plus ou moins bien fonctionnée dans les jeux de baston à progression, elle n'aura jamais été aussi efficace que dans Crest Of Wolf. Imparable et suffisamment puissante pour que l'on puisse finir le jeu sans aucun problème et, par là même, en réduire grandement l'intérêt. En fait, on se ballade dans les cinq longs niveaux, et on ne rencontre aucune difficulté pour en voir le bout. Crest Of Wolf présente également le défaut d'être extrêmement répétitif, comprenez par là qu'il ne se passe pas grand chose, mis à part les quelques loustics qui viendront vous chercher des noises : &quot;avancer et frapper&quot;, telle semble être la devise de nos héros... Les environnements traversés sont plutôt nombreux et variés même s'ils sont d'un esthétisme souvent discutable. Les sprites sont corrects mais souffre d'un gros manque de diversité : sept ou huit sprites ennemis différents (boss non compris) dans tout le jeu, et bien sûr leurs jumeaux colorisés (bleus, verts, rouges...). Quant aux musiques, elles sont bonnes, même si on a parfois plus l'impression de se trouver dans un piano-bar que dans une ruelle malfamée. En bref, et même si le ton était plutôt négatif jusque là, Crest Of Wolf n'est pas un mauvais jeu. Disons qu'il suffit de deux ou trois essais pour s'en être lassé.
Rising Sun (Japan)	Combattez à l'époque de la Guerre Genpei, une guerre civile qui a opposé deux familles de nobles, les Minamoto et les Taira, entre 1180 et 1185 au japon. Japon, 12ème siècle. Après que votre père a été assassiné, vous vous êtes mis en quête de devenir Shogun pour restaurer l'honneur de votre famille. Vous avez le choix d'incarner un des deux frères Minamoto (le stratège Yoritomo ou le guerrier Yoshitsune) qui ont juré de venger la mort de leur père, ou Kiyomori le Chef de Guerre du clan Taira qui l'a causé ! Vous devrez vaincre tous vos ennemis, y compris votre frère. Avec une interface basée sur une carte géographique, le joueur doit coordonner le déploiement de ses armées, assurer leur ressources et gérer leur compétences dans le but de combattre les armées adverses et de conquérir de nouveaux territoires. Le jeu inclut une dimension diplomatique permettant de négocier des alliances avec d'autres clans et propose de prendre part directement aux combats à travers cinq séquences d'action. La plupart du temps, vous déplacerez vos troupes à travers la grande carte du Japon - dès que quelque chose arrivera, vous devrez combattre vos ennemis dans des séquences d'action, comme une attaque de forteresse ou une défense contre un assassin Ninja . Si deux troupes entrent en collision, une bataille pourrait s'ensuivre dans laquelle vous devrez utiliser tous vos esprits stratégiques pour guider vos hommes vers la victoire. Chaque partie peut avoir un cheminement très différents compte tenu des possibilités d'évolution, des interactions avec les clans indépendants et du choix de la difficulté du jeu. À la fin de la partie, le joueur reçoit une évaluation parmi vingt-cinq possibles. Elle dépend des compétences acquises, du nombre de généraux commandés, de territoires détenus et de trésors sacrés collectés. Vous êtes parti pour des heures et des heures jeu à la conquête du japon.
Road Spirits (Japan)	Road Spirits est un jeu de course de style arcade, similaire à Rad Racer. Le joueur contrôle une voiture avec une vue «à l'écran» à la 3ème personne sur 17 parcours pseudo-3D (nommés d'après divers endroits géographiques, par exemple «West Coast», etc.). Il y a d'autres voitures sur la route, qui peuvent ralentir la voiture contrôlée par le joueur en entrant en collision avec elle, mais la course est contre le temps plutôt que contre ces voitures. Le joueur reçoit une limite de temps pour chaque parcours, et un indicateur montre à quel point la voiture est proche de la fin. Si la voiture manque de temps, la course est perdue et le joueur doit la rejouer avant d'attaquer la suivante. La voiture peut être contrôlée avec deux boutons seulement; les collisions n'endommagent pas la voiture, mais la font simplement s'arrêter; Bien que le joueur puisse changer un modèle de voiture et un système d'engrenage, aucune conduite réaliste basée sur les engrenages n'est utilisée dans le jeu. Tout cela contribue à la sensation globale d'arcade des courses.
ROM ROM Stadium (Japan)	Rom Rom Stadium est un jeu de baseball avec des équipes et des joueurs fictifs. Les joueurs peuvent s'affronter entre eux ou avec l'IA de l'ordinateur. En mode Open, les joueurs peuvent sélectionner des adversaires et des stades, tandis que le mode Pennant a la forme d'un tournoi. les classements peuvent être sauvegardés avec un système de mot de passe. Le jeu utilise la vue à la troisième personne pour le tangage et la frappe; vue isométrique est utilisée pour le gameplay sur le terrain. Un simple outil de création d'équipe est également inclus, qui permet de nommer l'équipe et les joueurs et de choisir la couleur de l'uniforme.
Ruin - Kami no Isan (Japan)	Il y a longtemps, une civilisation florissante bénie par les dieux a été ruinée à la suite d'une guerre perpétuelle. L'humanité a construit une nouvelle civilisation, qui ressemble à un monde médiéval. Le jeune épéiste Jan vit dans le royaume de Cordelia. Un beau jour, lui et Ortena, la fille du Souverain Sacrificateur, font une chasse au trésor. Quand ils reviennent, ils trouvent le pays envahi par des monstres; Le père d'Ortena est tué, et la princesse de Cordelia a été kidnappée. Les deux font équipe avec un héros légendaire, afin de sauver ceux qui peuvent encore être sauvés, et de remplir l'héritage des dieux ... Ruine: Kami no Isan est un RPG d'action. Le joueur contrôle Jan dans des villes descendantes et des zones hostiles; la &quot;carte du monde&quot; n'est pas libre, ne permettant qu'un avancement linéaire d'un endroit à un autre. Les zones hostiles sont peuplées d'ennemis qui marchent visiblement à l'écran. Contrairement à la plupart des RPG japonais, il n'y a pas d'écrans de combat distincts dans le jeu; les monstres sont combattus au même endroit où ils sont rencontrés, comme dans les jeux d'action. Le joueur contrôle seulement Jan, tandis que les autres membres du groupe agissent selon les routines de l'IA: attaquer, lancer des sorts offensifs et curatifs, etc. Le reste du gameplay est de style RPG traditionnel japonais: acquisition de meilleures armes et armures, mise à niveau automatique, développement linéaire de l'histoire, etc.
Ryuuko no Ken (Japan) (En,Ja,Es) (FAAT)	Quand on vous dit que NEC et Hudson Soft n'avaient pas froid aux yeux ! Art of Fighting fait partie de la demi-douzaine de softs portés de la Neo-Geo à la PC Engine. Et pour cela, la petite huit bits avait non seulement besoin du support CD, mais aussi d'un petit boost fourni par l'Arcade Card, une extension permettant d'augmenter la taille de la mémoire interne de la bête ! L'histoire d'Art of Fighting (Ryuuko no Ken au Japon) se focalise sur Ryo Sakazaki et Robert Garcia, deux experts du combat de rue qui recherchent Yuri, sœur du premier et sans doute gonzesse attitrée du deuxième. Cette dernière a été enlevée par un gang mafieux dirigé par… Eheh, même à la fin du jeu vous ne le saurez pas ! Art of Fighting est un beat 'em up 2D tout ce qu'il y a de plus classique. À la manière du premier Fatal Fury - avec lequel le jeu comporte de nombreuses connexions - vous ne pourrez choisir que parmi les deux héros pour traverser le mode solo. Par contre, à deux vous pourrez choisir votre combattant parmi huit, les deux héros plus les six persos que vous affrontez en solo, seul le boss final étant injouable.
Sangokushi - Eiketsu Tenka ni Nozomu (Japan)	Sangokushi: Eiketsu Tenka ni Nozomu est un jeu de stratégie historique au tour par tour dans l'ère des Trois Royaumes de l'histoire chinoise et similaire dans le concept et le gameplay à la série Romance of the Three Kingdoms, mais avec un gameplay un peu plus simple. Il n'y a pas de sélection de scénario, et la chronologie exacte n'est pas précisée, bien que la situation initiale corresponde à la phase de la guerre où Liu Bei et Cao Cao étaient les principales forces opposées. Les joueurs peuvent choisir de contrôler l'un des six seigneurs de la guerre les plus renommés de l'époque, Liu Bei étant le personnage &quot;par défaut&quot; avec sa propre introduction prolongée et ses motifs personnels qui rappellent la novelization des événements historiques par Luo Guanzhong. Chaque seigneur de guerre tente de gagner sa domination en établissant des relations diplomatiques et en envahissant d'autres provinces. Il est possible d'envoyer des offrandes et des missions diplomatiques à d'autres dirigeants, ainsi que de gérer les commandants de l'armée, les finances et l'approvisionnement. Les invasions se déroulent sur une grille hexagonale tactique, sur laquelle le joueur positionne ses forces et les navigue tour à tour. Lorsque les adversaires se rencontrent sur des champs adjacents, une séquence de combat automatique s'ensuit.
Sangokushi III (Japan)	Sangokushi III est un autre jeu de stratégie de Koei. Le concept est le même ici que dans les autres wargames de Koei: conquérir tout ce que vous pouvez! Dans ce cas, le cadre historique est la Chine ancienne. Le pays est sous le contrôle d'un empereur, mais tous les chefs de faction veulent être l'empereur eux-mêmes. Vous commencez avec un territoire et vous devez en conquérir plus pour gagner la partie.
Seirei Senshi Spriggan (Japan)	Une lutte pour le contrôle total des pouvoirs élémentaires est sur le point de commencer entre deux nations en guerre. En tant que meilleur pilote de mecha dans l'armée des gentils, vous devez repousser l'invasion et gagner la guerre en affrontant l'armada ennemie à la manière d'un jeu de tir classique. Mais surprise ! Vous ne serez pas seul cette fois, car d'autres pilotes de mecha contrôlés par l'IA vous rejoindront dans la mêlée à des moments clés. Cependant, vous êtes le seul à pouvoir commander les pouvoirs magiques qui peuvent être ajoutés à votre mecha en collectant plusieurs orbes de couleur, donc la plus grande partie du combat sera toujours entre vos mains.
Seiryuu Densetsu - Monbit (Japan) (Rev 1)	Lors d'une nuit fatidique, un météore pourpre est tombé des cieux. Exploitant son pouvoir, le Démon Folk s'est renforcé et a commencé à attaquer les tribus pacifiques et leurs villages. Un guerrier de la tribu Monbit aux oreilles de lapin se dressa contre les démons. Chevauchant un dragon, il entra dans le palais du roi démon et brisa l'amulette magique qu'il portait. Cependant, le guerrier a été grièvement blessé. Il confia l'amulette à l'aîné de la tribu. Les années ont passé, et les démons dressent une fois de plus leurs têtes hideuses. Le jeune héros est le seul qui peut sauver le monde - en utilisant le pouvoir de l'amulette magique, et en devenant ami avec un dragon ... Seiryū Densetsu Monbit est un RPG de style japonais traditionnel sur thème fantasy, avec le schéma de progression typique: le joueur contrôle le héros (et d'autres personnages qui rejoignent la partie) sur la carte top-down, entre villes, achète armes et armures et combat les ennemis apparaissant au hasard , le combat au tour par tour. Une caractéristique de gameplay stand-out est l'œuf de dragon que le héros porte depuis le début de la partie. Au fil du temps, un dragon naîtra et aidera le héros de diverses manières. Par exemple, même en tant qu'œuf, le dragon peut servir d'objet de guérison qui réapprovisionne une petite quantité de points de vie.
Seisenshi Denshou - Jantaku no Kishi (Japan)	Dans une terre médiévale où la puissance et la prospérité d'un pays dépendaient des compétences de ses habitants en mahjong, l'armée de Darol a commencé une campagne d'invasion, aidée par les forces démoniaques. Le Royaume de Rida a été conquis. La jeune garde royale Biares se battit vaillamment, mais fut incapable de vaincre son adversaire mystérieux au mahjong. Il a été téléporté au loin, et trouvé par une fille nommée Olivie. Biares doit trouver un moyen de retourner à Rida et de libérer son pays des envahisseurs, de trouver des compagnons et de jouer au mahjong sur le chemin. Seisenshi Denshō: Jantaku no Kishi est un jeu de mahjong. Le mode histoire comporte des cinématiques et des dialogues entre les matchs de mahjong. Mahjong gameplay lui-même est de la variété en tête-à-un; quelques règles concernant les combinaisons et les bonus peuvent être personnalisées. Le mode libre permet au joueur de faire correspondre Biares aux différents personnages rencontrés dans le mode histoire.
Seiya Monogatari - Anearth Fantasy Stories (Japan)	Une mystérieuse jeune femme avec un bébé a été attaquée pendant la nuit sainte. Elle a réussi à s'échapper, mais s'est effondrée et est morte devant l'église de la ville de Yalem. Mais le bébé a survécu, a grandi et est finalement devenu un héros dans le but de venger les meurtriers de sa mère et de sauver le monde. Seiya Monogatari Anearth Fantasy Stories se distingue de la plupart des autres jeux de rôle par plusieurs aspects importants. Le joueur crée le personnage principal de façon unique en étant le bébé étendu sur la neige devant l'église, plusieurs personnes passent à coté. Le joueur peut choisir d'appuyer sur le bouton d'action, ce qui fait pleurer le bébé et attire l'attention de ces personnes. Selon le moment choisi pour cette &quot;action bébé&quot;, le héros sera adopté par différentes personnes, ce qui le fera appartenir à une classe de personnage différente (combattant, voleur, mage ou moine), et conduira également à quatre prologues totalement différents.
Sengoku Kantou Sangokushi (Japan)	Sengoku Kantō Sangokushi est un jeu de stratégie historique au tour par tour pendant la période Sengoku de l'histoire japonaise. Le joueur peut prendre le contrôle de l'un des trois principaux seigneurs de guerre de l'époque: Uesugi Kenshin, Hōjō Ujiyasu ou Takeda Shingen. Chaque seigneur de guerre contrôle d'abord une province avec plusieurs villes, et tente de gagner le territoire par des moyens diplomatiques ou militaires. Chaque tour, le joueur dispose d'un nombre limité de coups à sa disposition. chaque général a ses propres options, bien que certains (par exemple le mariage) soient limités au chef de guerre principal lui-même. Chaque ville doit survivre et augmenter sa réputation en maintenant une armée et en gardant la population heureuse. Ceci est réalisé en échangeant (en achetant et en vendant du riz), en donnant de l'argent à des civils ou des soldats, en développant la ville, etc. Chaque général peut également conclure des alliances avec des dirigeants d'autres provinces, signer des accords et envoyer des espions.
Sexy Idol Mahjong (Japan)	Le Mah-Jong est, comme vous le savez forcément, un jeu de réflexion traditionnel en Asie, et qui dit tradition dit en général règles simples. Bien entendu il faut des exceptions, et les règles du mah-jong sont assez délicates. Heureusement, ici encore il s'agit d'une version simplifiée. Un jeu de mah-jong se compose d'une brouettée (ou d'une pelletée, selon vos préférences) de dominos appelés tuiles et décorés de diverses manières. Il existe plusieurs familles que nous allons détailler : Pour commencer il y a trois familles ordinaires. Chacune comprend neuf tuiles différentes en quatre exemplaires chacune. Il y a la famille des caractères, celle des bambous et celle des cercles. À titre de comparaison, nous pouvons rapprocher ces familles des couleurs des jeux de cartes occidentaux. Ce sont les tuiles « de base ». Ensuite il y a les honneurs. Il y a deux sortes d'honneurs : les dragons qui comprennent trois tuiles différentes (les dragons vert, rouge et blanc) et les vents qui en comprennent quatre (vents du sud, de l'est, du nord et de l'ouest).
Sexy Idol Mahjong - Fashion Monogatari (Japan)	Là où le premier épisode se montrait d'une logique tout à fait discutable, Fashion Monogatari nous la joue claire mais construite. Vous êtes un joueur invétéré de mah-jong, et vous parcourez les rues de la ville à la recherche d'un endroit pas très catholique pour vous encanailler (au Japon, le jeu est souvent associé au dévergondage).
Sexy Idol Mahjong - Yakyuuken no Uta (Japan)	Vous en reprendrez bien un petit dernier pour la route ? Non, pas un verre, un jeu de mah-jong. Dernier épisode de la trilogie Sexy Idol, Yakyuken no Uta est sorti avec une précision métronomique un an après le précédent. Un travail à la chaîne, et cela se ressent. Pas d'historiette ni d'ambiance particulière ici, il s'agit bêtement de s'adonner à des parties de mah-jong à quatre joueurs. Ou plus exactement à trois joueuses et un joueur. Vous allez en effet choisir trois partenaires de jeu parmi une dizaine possible, leurs mensurations étant indiquées à titre d'informations. C'est quand même vachement important pour jouer aux dominos.
Shadow of the Beast (USA)	Shadow of the Beast sur TurboGrafx CD est un jeu mélangeant beat'em all, plates-formes et exploration. Le joueur incarne Aarbron, un personnage mi-homme, mi-bête qui se rend à Maletoh pour se venger du Beast Lord. Réflexes et précision sont de mise pour éviter ou détruire les ennemis provenant de toute part. Soyez sur vos gardes, le joueur ne dispose que d'une seule vie.
Shadow of the Beast - Mashou no Okite (Japan)	Shadow of the Beast sur TurboGrafx CD est un jeu mélangeant beat'em all, plates-formes et exploration. Le joueur incarne Aarbron, un personnage mi-homme, mi-bête qui se rend à Maletoh pour se venger du Beast Lord. Réflexes et précision sont de mise pour éviter ou détruire les ennemis provenant de toute part. Soyez sur vos gardes, le joueur ne dispose que d'une seule vie.
Shanghai II (Japan)	Shanghai II est une variante du jeu de puzzle également connu sous le nom de solitaire mahjong. 144 tuiles de mahjong sont disposées en rangées et empilées les unes sur les autres selon divers motifs; le but du joueur est d'enlever les paires de tuiles correspondantes qui n'ont pas de tuiles adjacentes des deux côtés jusqu'à ce que le plateau entier soit dégagé. Cette variante comporte six modèles nommés d'après les animaux: le tigre, le scorpion, le singe, le serpent, la panthère et le dragon. Le joueur peut choisir d'afficher des indices ou d'inverser n'importe quel nombre de mouvements. Un mode avec une limite de temps est également disponible.
Shape Shifter (USA)	Les Ténèbres ont capturé l'Anneau des Cinq et emprisonné les sorciers qui le gardent. Un barbare nommé Lykos qui a le pouvoir de se transformer en différentes créatures, doit sauver les sorciers et l'anneau des cinq des ténèbres avant qu'ils envahissent son domicile, Krellion.
Sherlock Holmes - Consulting Detective (USA)	Sherlock Holmes : Consulting Detective : Vol. I sur Turbografx est un jeu d'aventure tiré du célèbre Roman d'Arthur Conan Doyle. Glissez-vous dans la peau du détective le plus célèbre de Scotland Yard et résolvez 3 affaires de meurtre à Londres. Elémentaire ? Pas tant que ça.
Sherlock Holmes - Consulting Detective - Vol. II (USA)	Sherlock Holmes : Consulting Detective : Vol. II sur Turbografx est un jeu d'aventure tiré du célèbre Roman d'Arthur Conan Doyle. Insérez-vous dans la peau du détective le plus célèbre de Scotland Yard et résolvez 3 affaires de meurtre à Londres. Elémentaire ? Pas tant que ça.
Shin Megami Tensei (Japan) (Rev 1)	Shin Megami Tensei est la suite sur Turbografx de la série de jeux de rôle sortie sous le nom Megami Tensei sur NES. Dans son rêve, un garçon fait la rencontre d'un esprit, de deux hommes mystérieux et d'une femme qui semble le connaître. Réveillé par sa mère avec qui il vit à Tokyo, il découvre que ce rêve est lié aux événements dramatiques que la Terre va connaître. Il apprend qu'il est alors le seul capable de sauver le monde, en devenant invocateur de démons.
Shin Nihon Pro Wrestling - '94 Battlefield in Tokyo Dome (Japan)	Shin Nihon Pro Wrestling 94: Battlefield à Tokyo Dome permet aux joueurs de faire l'expérience de lutte professionnelle la plus populaire au Japon, la New Japan Pro Wrestling. Le jeu présente de vrais lutteurs de l'époque. Les lutteurs apparaissent sous forme de photos numérisées dans la séquence d'introduction et sur les écrans de sélection de personnage. pendant le jeu elles sont rendues sous forme d'images graphiques 2D. Le jeu dispose de quatre modes de jeu; Le &quot;mode combat&quot; permet au joueur de choisir un lutteur et de se mesurer à des adversaires choisis et contrôlés par l'IA . Les autres modes correspondent une ligue, une coupe (phases éliminatoires uniquement) et un mode &quot;versus&quot; . Dans chaque mode, le joueur est en mesure de choisir entre un match simple (un contre un) et une équipe, avec un lutteur supplémentaire de chaque côté. Le mode Ligue permet la compétition entre quatre joueurs maximum.
Shin Onryou Senki (Japan)	Shin Onryō Senki est un remake d'Onryō Senki. L'histoire et la plupart des dialogues restent les mêmes que dans la version originale; Du point de vue du gameplay, les versions sont également presque identiques, utilisant les mêmes commandes verb-object basées sur les menus. Les différences résident principalement dans la présentation visuelle et la qualité technique de la musique. Les graphismes sont de loin plus avancés techniquement; la plupart des emplacements ont été re-dessinés à partir de zéro. Les photos numérisées sont utilisées pour représenter certains des personnages, et le style anime est moins prononcé. De nombreux lieux et scènes ont été agrandis, avec des gros plans supplémentaires, des angles différents, etc. Quelques emplacements ont été ajoutés ou rendus accessibles à différents moments au cours de la partie.
Shougi Database Kiyuu (Japan)	Shōgi Database est une adaptation du jeu de plateau japonais shōgi, qui est liée aux échecs occidentaux et en particulier au xiangqi chinois. Le mode principal du jeu offre la concurrence entre les joueurs humains ou trois niveaux d'intelligence artificielle. Les modes supplémentaires comprennent l'analyse et la relecture de situations à partir de matchs shōgi existants, et la résolution de problèmes et d'études (trois niveaux de difficulté avec plus de quarante exemples chacun). Le jeu comprend également une base de données de joueurs de shōgi célèbres, avec des données biographiques, des dossiers, etc.
SimEarth - The Living Planet (USA)	Dans Sim Earth, vous créez une planète sur votre Turbografx. Le jeu est basé sur l'Hypothèse Gaïa de James Lovelock qui dit que la Terre a développé un système d'autorégulation entre ses constituants vivants et non-vivants et les interactions extérieures. Il est possible de demander à la Terre ce qui est le mieux pour son évolution et varier sa masse, ses composants ou la température. Vous commencez à partir de quatre périodes différentes : géologique, évolution, civilisation et technologie.
Slot Gambler (Japan)	Slot Gambler suit l'histoire d'un jeune homme qui se trouve miraculeusement téléporté sur une terre merveilleuse composée de neuf îles. Chaque île contient des maisons de casino dirigées par des femmes attirantes, légèrement vêtues. On navigue sur la carte de l'île, en visitant les casinos et en jouant à plusieurs machines à sous jusqu'à ce que les conditions gagnantes soient remplies pour continuer le voyage. Certains endroits mènent à des mini-jeux de puzzle, à des rencontres avec des femmes qui donnent au héros des photos érotiques d'eux-mêmes, etc. Les personnages féminins du jeu sont des photos numérisées de personnes réelles. Bien que des thèmes suggestifs soient utilisés, il n'y a pas de nudité explicite ou de situations sexuelles.
Snatcher CD-ROMantic (Japan)	Snatcher se déroule dans la ville futuriste de Neo Kobe, une ville de folie et de décadence. Nous sommes en 2047. L'humanité est confrontée à sa plus grave crise. Une mystérieuse forme de vie bio-roïde est apparue. Sa vraie nature et son but sont inconnus. Est-ce l'arme secrète d'un pays ou extraterrestre ? Ils apparaissent en hiver, tuent les gens et prennent leur place dans la société. Ils ont une peau artificielle, transpirent et saignent. Une nouvelle force de police, spécialement formée pour combattre les Snatchers, a été formée : les JUNKERs. Chaque fois que vous rencontrez quelqu'un, vous devez vous poser une question difficile : est-ce une personne ou un snatcher ? Le joueur prend le contrôle de Gillian Seed, un JUNKER. Le gameplay suit largement la structure d'une aventure de style japonais. Le joueur utilise une interface pilotée par des menus pour exécuter des commandes, ce qui inclut le déplacement entre les lieux et l'interaction avec l'environnement.
Sol Bianca (Japan)	Le jeu est basé sur le film d'animation du même nom. Au 24ème siècle, la piraterie est toujours un problème, mais pas plus dans les mers et les océans, naviguant sur des navires ordinaires - les pirates sont dans l'espace! L'équipe de pirates la plus dangereuse est celle de Sol Bianca - April, Janny, May, June et Feb. Non, ce ne sont pas des noms de mois, mais cinq belles dames, qui peuvent manipuler des armes high-tech et qui ne pensent qu'à Trésor. Mais les cinq charmantes pirates ne sont pas mauvaises - chaque fois qu'un tyran menace une planète, elles sont là pour aider. Le gameplay de Sol Bianca est celui d'un jeu de rôle traditionnel japonais. Le joueur contrôle les cinq filles chacune ayant des statistiques individuelles. Le groupe d'héroïnes visite les planètes, voyage sur la carte du monde et engage combat avec des ennemis apparaissant au hasard dans une perspective à la première personne, au tour par tour.
Sol Moonarge (Japan)	Alors que des tremblements de terre se produisaient dans le royaume de Itchy, et que les démons commençaient à errer librement dans le désert, le roi réalisa qu'une ancienne prophétie était sur le point de s'accomplir et que le monde entier était en danger. Le vaillant épéiste Soleil vit dans la capitale et le roi lui confie la tâche de protéger les deux déesses lunaires, et de récupérer l'épée du Soleil, qui doit nécessairement empêcher un magicien connu sous le nom d'Argent d'utiliser le Gears of Fate.
Solid Force (Japan)	Solid Force est un jeu de stratégie au tour par tour qui incarne le joueur dans le rôle de Sho Masaki, membre d'une organisation connue sous le nom de &quot;Mars&quot;. Le groupe se compose d'agents hautement qualifiés et spécialisés dans l'exécution de missions classées pour différents pays. La première mission de Sho est d'infiltrer une base en Afrique de l'Est à la demande de la Fédération africaine. Le jeu est composé de batailles tactiques à grande échelle. Le joueur contrôle les combattants sur l'écran et tente d'accomplir des missions sans faire tuer le héros principal. La plupart des attaques du jeu sont à distance et chaque arme a des propriétés uniques. Il est possible de choisir des attaques complètes ou étendues avec de nombreuses armes à feu, de lancer des bombes et d'utiliser des capacités spéciales. Les armes ont un nombre limité de munitions et doivent être équipées manuellement avant utilisation. De puissantes attaques de zone peuvent être exécutées, mais elles blessent tout le monde dans la zone, y compris les personnages contrôlés par le joueur. Des machines de type robot peuvent être contrôlées directement par le lecteur ou configurées en mode automatique.
Sorcerian (Japan)	Sorcerian vous met à la tête d'un groupe de quatre aventuriers. Au fil des donjons, vous rencontrerez de nombreux monstres prêts à tout pour vous empêcher d'avancer dans votre quête principale.
Sotsugyou - Graduation (Japan)	Sotsugyō est le premier jeu de la série, sorti seulement au Japon. Il met le joueur dans une position de professeur d'école secondaire, dont le but est de mener avec succès cinq étudiantes à l'obtention du diplôme dans le même semestre. Pour ce faire, le joueur doit étudier les caractéristiques individuelles des filles. Chaque fille a différents paramètres, différentes forces et faiblesses. L'enseignant doit faire attention de ne pas surcharger les élèves avec du travail, mais les laisser faire ce qu'ils veulent n'est pas la bonne façon non plus. L'enseignant a également le contrôle sur d'autres aspects de la vie des élèves: il est possible d'avoir des conversations personnelles avec les filles pour les motiver et choisir des activités de loisirs pour eux (comme aller au cinéma). Les filles peuvent devenir mécontentes avec l'enseignant ou malade, il est donc important de garder le moral élevé afin d'obtenir un diplôme réussi.
Sotsugyou II - Neo Generation (Japan)	Sotsugyou 2 - Neo Generation est un jeu japonais &quot;sim-life&quot;. Vous prenez le rôle d'un enseignant titulaire qui a la responsabilité d'enseigner à cinq filles dans leur dernière année de lycée. Vous déterminez leurs horaires de classe, faites des conseils d'orientation, interférer avec leurs plans de week-end, et parfois descendez dans la rue pour vous assurer qu'elles n'auront pas d'ennuis. Chacune des filles a sa propre personnalité et ses propres problèmes, et les choix que vous ferez détermineront si elles obtiennent leur diplôme d'études secondaires, ce qu'elles font de leur vie après, et si elles finissent par haïr votre courage. Inscrivez les toutes dans les meilleurs collèges et votre patron fera l'éloge de votre génie. Si elles échouent ou finissent par vouloir vous épouser, vous serez évidemment viré.
Sotsugyou Shashin - Miki (Japan)	Cette version améliorée de la version ordinateur permet au joueur de jouer à l'un ou l'autre des jeux directement depuis le menu principal. Les deux jeux comportent des illustrations retravaillées et une bande-son remixée, ainsi que des voix-off qui n'étaient pas présentes dans les versions informatiques. Les noms des protagonistes ont été changés en Naoki Muraoka (Sotsugyō Shashin) et Tetsuya Watanabe (Miki). Alors que le gameplay de Miki reste largement inchangé, cette version de Sotsugyō Shashin permet au joueur de choisir Hiromi Kamura en tant que protagoniste, ce qui ajoute un second scénario au jeu où les mêmes événements sont présentés de son point de vue. Le système de jeu a subi quelques modifications, ce qui fait que certains choix du joueur influencent le cours de l'histoire. Alors que le jeu original n'avait qu'une seule fin, cette version a sept fins pour le scénario de Naoki et dix pour Hiromi.
Space Adventure Cobra - Kokuryuuou no Densetsu (Japan)	BD digitale basé sur le manga du même nom.
Space Adventure Cobra II - Densetsu no Otoko (Japan)	Cobra II - Densetsu no Otoko est la suite de Cobra - Kokuryuo no Densetsu. Là encore, le jeu est basé sur le même principe : on avance d'écran en écran, en choisissant à chaque fois une possibilité parmi plusieurs. Cobra apprend, après s'être arrêté dans un bar, que sa tête est mise à prix par la Galaxy Patrol et qu'il est traqué par un chasseur de primes nommé Jane royale. Il découvre que son ennemi juré Crystal Boy, est à la recherche d'un trésor caché par le père de Jane. Pour le découvrir, il a besoin de Jane et de ses deux soeurs, plus précisément le leurs tatouages, qui une fois réunis lui donneront son emplacement. Cobra et Jane conviennent donc d'unir leurs forces pour localiser ses sœurs et battre Crystal Boy.
Space Invaders - The Original Game (Japan)	Cette version de Space Invaders est basée sur le jeu d'arcade spatial Space Invaders DX de 1994 mais manque le mode parodie. Ce qui reste, est le mode classique qui permet au joueur de choisir le type de cabinet d'arcade comme arrière-plan ainsi que le mode versus pour deux joueurs. Le mode versus est un écran partagé, chaque joueur essayant de survivre et d'éliminer le plus d'envahisseurs que l'adversaire.
Splash Lake (USA)	Splash Lake est un jeu de puzzle action stratégie. Chaque tour consiste en une aire de jeu à écran unique composée de carreaux suspendus au-dessus d'un lac. Vous contrôlez une autruche qui peut casser les tuiles et les faire tomber dans l'eau. Votre but est d'utiliser cette capacité pour faire tomber tous les méchants sur l'écran. Le jeu comporte plus de 60 niveaux, un mode simultané de deux joueurs, et des cinématiques humoristiques tous les 10 niveaux. Vous incarnez Ozzie, une autruche au bec ultra solide. Son but est simple, faire tomber d'autres animaux dans l'eau en cassant des blocs avec son bec. Une tonne d'ennemis attendent pour vous faire mordre la poussière (enfin pour vous faire boire la tasse plutôt). Tous les 10 niveaux vous devrez affronter un Boss; Un petit jeu bien sympa, à tester.
Splash Lake - Ostrich Daibouken (Japan)	Splash Lake est un jeu de puzzle action stratégie. Chaque tour consiste en une aire de jeu à écran unique composée de carreaux suspendus au-dessus d'un lac. Vous contrôlez une autruche qui peut casser les tuiles et les faire tomber dans l'eau. Votre but est d'utiliser cette capacité pour faire tomber tous les méchants sur l'écran. Le jeu comporte plus de 60 niveaux, un mode simultané de deux joueurs, et des cinématiques humoristiques tous les 10 niveaux. Vous incarnez Ozzie, une autruche au bec ultra solide. Son but est simple, faire tomber d'autres animaux dans l'eau en cassant des blocs avec son bec. Une tonne d'ennemis attendent pour vous faire mordre la poussière (enfin pour vous faire boire la tasse plutôt). Tous les 10 niveaux vous devrez affronter un Boss; Un petit jeu bien sympa, à tester.
Spriggan Mark 2 - Re Terraform Project (Japan)	Spriggan Mark 2 arrive un an après la sortie du premier opus. On pourrait d'ailleurs parler de pseudo suite tant les deux jeux sont différents. Dans ce jeu, les gens de chez Compile on totalement changé leur recette. Alors que Spriggan était un shoot vertical dans la directe lignée des Aleste, Spriggan Mark 2 se base plus sur un jeu de mechas, avec un scrolling horizontal. Du coup, on compare plus facilement ce jeu à Veigues (disponible sur PC Engine en Hucard), toutes proportions gardées. Car si la plupart des jeux du genre sont assez lourds à manier, ici, c'est un vrai plaisir. Votre robot répond au doigt et à l'oeil, le tout avec un rythme très soutenu, marque de fabrique des shoots made by Compile.
Star Breaker (Japan)	Dans le futur, l'humanité a appris à naviguer dans des vaisseaux spatiaux. Les êtres humains se sont répandus sur différentes planètes de la voie lactée. Le héros du jeu est un jeune pilote nommé Harry. Il testait le nouveau modèle de vaisseau spatial, mais il s'est écrasé sur Menaris, une planète à la périphérie du système solaire Eva, avec une civilisation de type médiéval. Il s'avère que la réparation du vaisseau sera tout sauf facile, alors Harry décide de rester un moment et d'aider les habitants de Menaris avec leurs problèmes, qui impliquent l'Empire Doran trop ambitieux. Avec l'aide d'Aria, princesse de Menaris, Harry doit découvrir la vérité sur les intentions de Doran, et quand il l'apprend, il réalise qu'il n'utilisera pas le vaisseau réparé pour rentrer chez lui, mais devra faire face à quelque chose qui menace l'ensemble galaxie.
Star Mobile (Japan)	Star Mobile est un jeu de puzzle en temps réel. Une grande échelle est affichée sur l'écran, et les étoiles tombent continuellement dessus. Le but est de déplacer les étoiles horizontalement lorsqu'elles tombent de telle sorte que le poids sur la balance soit équilibré. Chaque étape contient un nombre défini d'étoiles que le joueur doit gérer. Les étoiles sont de différentes couleurs qui représentent leur poids. Les deux côtés droit et gauche de l'échelle contiennent plusieurs endroits où les étoiles peuvent atterrir. S'il y a trop d'étoiles au même endroit, elles tomberont, ce qui diminuera considérablement le poids du côté où elles se trouvaient.
Star Parodier (Japan)	Fantasy Star Soldier est la version US de l'excellent shmup Star Parodier. Cette version, bien que finalisée, n'est jamais sortie. Le jeu est parfaitement jouable.
Startling Odyssey (Japan)	Dans Startling Odyssey, le joueur prend le rôle d'un jeune garçon nommé Leon. Un jour, son village d'origine est attaqués par des monstres. Son meilleur ami est tué, et le magicien le plus puissant du village est transformé en pierre et enlevé par le chef des monstres. Leon reçoit la bénédiction de l'aîné du village et commence sa quête pour venger la mort de son ami et pour vaincre les forces démoniaques qui menacent la terre.
Startling Odyssey II - Maryuu Sensou (Japan)	Un savant fou, le Dr Killbait, a réussi à ressusciter l'un des huit dragons anciens, mettant en danger le pays d'Hyneld. Le capitaine des chevaliers du roi, Robin Solford, assiste à l'attaque du dragon sur le château. Ses deux camarades sont tués et la princesse Patricia, la sœur adoptive de Robin, est introuvable. Robin est déterminé à retrouver Patricia et à arrêter le Dr Killbait. Il commence alors à parcourir le monde entier dans l'espoir de trouver des amis qui l'aideront dans son périlleux voyage.
Steam-Heart's (Japan)	Steam Heart's vous propose de sauver le monde d'une façon bien originale et finalement pas désagréable. Derrière cette façade hentai se cache un shoot qui n'a pas à rougir face à la concurrence. Le principe de jeu est très simple : vous devez sauver des jeunes donzelles... tout simplement en leur faisant l'amour ! Le déroulement est toujours le même : vous passez le niveau pour arriver au boss, le battez, et enfin pouvez admirer les images fixes (généralement 5 ou 6) doublées en japonais de vos joyeux ébats. Le tout n'est pas très osé, mais tout de même plus que les simples petites culottes et autres soquettes blanches des nombreux jeux de dragues présents au Japon. En gros, il faut sauver le monde en tirant des nanas, le sperme du héros contenant l'antidote apte à sauver le monde. Sympathique comme pitch... Je ne peux pas vous en dire plus, ne comprenant pas le japonais. Contrairement à la version Saturn, les scènes de sexe n'ont pas été édulcorées. On les retrouve donc comme elles sont dans la version d'origine, sur PC-98.
Strider Hiryuu (Japan)	Vous incarnez Hiryu, un membre de la confrérie des Striders, sorte d'ordre chevaleresque des temps modernes, en lutte avec le sinistre &quot;Grand Master Meio&quot;, qui souhaite conquérir le monde. Votre confrérie décimée, vous êtes l'un des seuls Striders encore en vie pour réclamer vengeance. Le jeu se présente sous la forme d'un jeu de plates-formes. Armé de votre sabre laser (Cypher), il vous faudra éliminer de nombreux ennemis au grès de niveaux variés allant de l'Union Soviétique à la forêt vierge. Vous pourrez aussi vous accrocher aux parois grâce à un crochet métallique Occasionnellement, des bonus obtenus en détruisant des capsules vous permettront d'agrandir la portée de votre sabre ou encore de vous faire accompagner par un petit robot détruisant vos ennemis. On appréciera le côté spectaculaire des mouvements du personnages dégainant son arme ou tournoyant dans l'air en sautant.
Sugoroku, The '92 - Nari Tore - Nariagari Trendy (Japan)	Nariagari Trendy est une adaptation du jeu de plateau japonais sugoroku - la version &quot;Game of Life&quot; de type Monopoly plutôt que la variante backgammon. Quatre personnages, contrôlés par des joueurs humains ou une IA informatique, se déplacent sur un tableau qui représente une ville, rapporte de l'argent et des points en chemin. Les personnages sont tirés d'autres jeux de Laser Soft, plus particulièrement de la série Cosmic Fantasy. La quantité de coups est déterminée par un jet de dés. Les champs spéciaux récompensent le personnage qui se pose sur eux avec de grandes sommes d'argent, la possibilité de lancer à nouveau les dés, ou de mener à divers mini-jeux qui augmenteraient les possessions du personnage. Un autre type de champs mène à un magasin géré par le chat Nyan du jeu Cosmic Fantasy, qui offre des cartes spéciales pour l'argent.
Summer Carnival '92 - Alzadick (Japan)	Après le légendaire Recca sur Famicom, Naxat Soft revient, sur PC Engine cette fois, pour un nouveau Summer Carnival. Pour ceux qui ne sauraient pas ce qu'est le Summer Carnival, il faut savoir que c'est un peu l'équivalent du Caravan Stage d'Hudson. Ces concours permettaient aux joueurs de tout le Japon de s'affronter et de gagner des lots. Le principe est donc simple : jouer durant un temps défini afin de faire le plus de points possible. Dans ce cas, quoi de mieux qu'on bon vieux shoot'em up ! Alzadick utilise donc à fond le principe du jeu minuté... Tant est si bien que l'on se demande pourquoi il a pu être commercialisé... Peut être uniquement pour permettre aux joueurs de s'entrainer en vue du tournoi.
Summer Carnival '93 - NEXZR Special (Japan)	Sorti spécifiquement pour le Summer Carnival de Naxat Soft en 1993, Nexzr Special est une compilation de courtes étapes et de modes que partage le jeu de base Nexzr. Le mode normal introduit des ennemis réguliers familiers et quelques nouveaux boss. Le &quot;Mode Carnival&quot; contient des modes Score Attack et Time Attack, les deux nécessitant que le joueur se concentre sur l'obtention du meilleur score plutôt que de simplement survivre. Pour cette raison, la difficulté dans ces modes est plus indulgent; ils permettent plus de continuer et ont des power-ups plus généreusement placés. Ces modes offrent également des objets plus destructibles sur l'écran, car ils servent spécifiquement à augmenter le score.
Super Air Zonk - Rockabilly-Paradise (USA)	Super Air Zonk sur TurboGrafx est un shoot'em up dans lequel vous devez éliminer vos adversaires grâce à vos tirs et une armada de bombes. Abattez chaque boss de fin de niveau pour libérer un des amis d'Air Zonk qui, une fois avec vous, pourront lancer de super attaques notamment s'ils sont combinés. Abattez les fleurs d'une certaine couleur pour ramasser des bonus qui font que vous serez plus puissant et gagnerez ainsi plus de points.
Super Albatross (Japan)	Super Albatross est un jeu de golf. Trois modes sont disponibles: entraînement, match play et tournoi. Le match play est essentiellement un mode histoire qui incite le joueur à jouer le rôle d'un jeune homme dont la mère est décédée et qui tente de trouver du réconfort dans le golf. Dans ce mode, les adversaires doivent être vaincus de manière linéaire et les cours sont dictés par l'histoire. En mode entraînement et tournoi, le joueur peut choisir entre six cours différents. Le mode tournoi est une compétition entre différents personnages qui sont apparus en tant qu'adversaires en mode match play. Le jeu de golf lui-même est vu à tout moment par une perspective descendante et permet au joueur de choisir le type de club et d'ajuster l'angle et la force du tir.
Super Daisenryaku (Japan)	Super Daisenryaku est l'un des nombreux titres de la longue série de jeux de stratégie de guerre de SystemSoft. Les mécanismes de jeu sont basés sur Daisenryaku II, mais de nombreuses cartes incluses sont uniques à cette version. Il n'y a pas de mode campagne, et toutes les cartes incluses peuvent être jouées. Certaines cartes sont prévues pour deux joueurs, d'autres pour quatre, et toutes les cartes peuvent être jouées avec n'importe quelle combinaison de joueurs humains et informatiques. Les versions sur ordinateur disposent également d'un éditeur. Le jeu se déroule sur une grande carte composée d'espaces hexagonaux, chacun d'entre eux étant constitué d'un des types de terrain inclus. Chaque joueur contrôle un certain nombre d'unités, qui occupent chacune un espace sur la grille. Les types d'unités sont pour la plupart basés sur l'équipement militaire réel de l'époque de la sortie du jeu.
Super Darius (Japan)	Super Darius et un portage de Darius très proche de l'original. Darius est vraiment ce que l'on peut appeler une grande saga du shoot them up, même si force est de reconnaitre que son aura n'a jamais atteint l'ampleur des ses concurrentes Aleste, Gradius ou R-Type. Ce qui marque tout de suite c'est la qualité générale du jeu au regard de son époque. Ici, point de shmup lent au tir grabataire et à la maniabilité pesante comme ce fut le cas pour bon nombre de titres. Mais au contraire: un tir rapide, un vaisseau-le désormais bien connu silver hawk- très vif, des déplacements ennemis rapides et une navigation aux exigences de précision quasi-métronomiques, en bref un jeu incroyable de dynamisme. A la fin de chaque niveau, vous devrez choisir votre route entre 2 zones suivantes, en empruntant l'un ou l'autre des corridors après la mort du boss. ce qui multiplie les possibilités de jeu de manière assez conséquente, une idée toute bête mais diablement appréciable dans la pratique, et unique pour l'époque !
Super Darius II (Japan)	Alors que le premier Super Darius est sorti en Hucard et en CD, ce nouvel épisode n'est disponible que sur galette. Beaucoup moins connu que son prédécesseur, il est également beaucoup plus rare. On ne sait pas exactement pourquoi, mais la série des Darius porte le nom de Super Darius sur PC Engine. Cet épisode est donc tout simplement l'adaptation du jeu d'arcade sorti en 1989.
Super Mahjong Taikai (Japan)	Super Mahjong Taikai fait suite à Mahjong Taikai. La structure et le gameplay du jeu sont presque identiques à ceux de son prédécesseur. Parmi les différences, il y a la possibilité de choisir un portrait du personnage principal (masculin ou féminin) et quelques personnages historiques supplémentaires: par exemple, le seigneur de guerre japonais médiéval Oda Nobunaga est maintenant rejoint par Toyotomi Hideyoshi et Tokugawa Ieyasu, célèbre historien personnages de la même époque. La liste des personnages modernes (en particulier des développeurs tels que Kou Shibusawa) a également été élargie. Comme dans le jeu précédent, le mode grand tournoi n'est accessible qu'après que le joueur ait suffisamment avancé dans le classement.
Super Raiden (Japan)	En 2090, l'invasion de la Terre par une race alien, connue sous le nom de Cranassian, vient juste de s'opérer. Après l'invasion, une nouvelle arme, construite sur la base d'un appareil alien endommagé, le Raiden Supersonic Fighter Attack, est créée pour le bien de l'humanité. Les capacités de vol et d'armement sont sans communes mesures avec ce que l'homme peut créer avec son niveau de connaissance technique... Vous avez été choisi pour piloter cet avion supersonique surpuissant nommé Raiden et vous allez devoir parcourir la terre et écumer le ciel dans le but de détruire l'envahisseur aussi bien dans leurs engins terrestres que leurs escadrilles volantes.
Super Real Mahjong P.V Custom (Japan)	Super Real Mahjong PV est le cinquième épisode de la série strip mahjong. Il n'y a pas d'histoire de fond dans le jeu; le joueur est simplement présenté à trois filles de lycée - Mizuki, Aya, et Akira - qui le défient au jeu du mahjong. Le mode mahjong principal est celui de la variété en tête-à-tête; après chaque tour terminé avec succès, la fille enlève une partie de ses vêtements. Les versions informatiques du jeu contiennent des scènes de nudité; Parmi les versions de la console, la PC-FX est la seule qui manque également de censure. Certaines des versions ont des modes de jeu secondaires, comme un mode d'équipe dans lequel le joueur contrôle trois filles et joue au mahjong contre trois autres.
Super Real Mahjong PII-III Custom (Japan)	Super Real Mahjong PII & PIII est une compilation qui contient Super Real Mahjong PII et Super Real Mahjong PIII, qui sont sortis séparément en arcade. Les deux jeux sont des matchs de mahjong un-à-un assez simples; le joueur ne peut pas sélectionner l'adversaire et le jeu est terminé quand un tour de mahjong est perdu. La compilation présente des graphismes et des animations améliorés, ainsi que des modes de jeu supplémentaires: mahjong à quatre joueurs (dans les versions informatiques) et en mode versus, où le joueur peut sélectionner des adversaires (dans la version CD PC Engine / TurboGrafx).
Super Real Mahjong PIV Custom (Japan)	Originaire des arcades, cet épisode de la série Super Real Mahjong met le joueur dans le rôle d'un membre du club mahjong qui est en concurrence avec trois adversaires féminins. Les rounds remportés par le joueur conduisent à des animations de déshabillage; Cependant, alors que la version de l'ordinateur a une nudité explicite, les versions de la console sont censurées. Toutes les versions ont les mêmes adversaires, cinématiques et règles de jeu. La version informatique ajoute un mode versus dans lequel les filles peuvent s'affronter, alors que la version Super Famicom (SNES) a un soi-disant &quot;mode puzzle&quot; qui révèle des parties d'un puzzle lorsque le joueur gagne des tours de mahjong.
Super Real Mahjong Special - Miki Kasumi Shouko no Omoide yori (Japan)	Cet épisode de la série Super Real Mahjong présente les personnages Mika, Kasumi et Shōko en tant qu'adversaires mahjong. Il n'y a pas d'histoire de fond dans le jeu et pas de modes supplémentaires: le joueur sélectionne simplement l'un des personnages et joue des tours de mahjong jusqu'à ce que lui ou la fille manque d'argent. Des photos de filles sont débloquées alors que le joueur accumule des victoires.
Super Schwarzschild (Japan)	Super Schwarzschild est une entrée dans la série Schwarzschild. Le scénario du jeu est basé sur celui de Schwarzschild II. L'histoire est beaucoup plus élaborée et spécifique au personnage; contrairement au jeu précédent, il existe un tracé linéaire avancé par dialogue et des cinématiques de style anime. Le joueur prend le contrôle de Alcion, le prince héritier du royaume Auraclume, qui est forcé de mettre fin à ses études à l'étranger et revenir dans son pays afin de le défendre contre un ennemi perfide.
Super Schwarzschild 2 (Japan)	La suite de Super Schwarzschild propose un scénario original après la Grande Guerre du Somari. Comme d'autres jeux Schwarzschild, il se déroule au 40ème siècle et dépeint une situation politique et militaire complexe au sein d'un système stellaire. Les événements du jeu se déroulent dans ou autour du royaume d'Istramu, autrefois puissant, gravement affaibli par la mort du roi. Les leaders temporaires se sont remplacés et l'instabilité a entraîné une révolte mondiale dans l'espace environnant. Le joueur joue le rôle de différents personnages appartenant au mouvement de résistance. Comme le jeu précédent, Super Schwarzschild a des éléments de stratégie moins importants que les principaux versements de Schwarzschild et se concentre sur une stratégie et des tactiques militaires à plus petite échelle. Il y a plus de belligérants et un peu plus de liberté dans la planification stratégique que dans le jeu précédent.
Sword Master (Japan)	Une nuit, un voyageur solitaire et sinistre du nom de Axe apparaît dans une taverne à la périphérie du château de Satania. Il rencontre Althea, une fille d'un village dont les habitants ont été massacrés par des orcs. Les deux voyagent au château, où ils rencontrent le roi de Satania, et apprennent d'un ancien artefact puissant qui a maintenant causé la résurrection d'un puissant démon. Axe révèle son propre héritage démoniaque, mais est prêt à unir ses forces avec les gens du royaume et à lutter contre ses proches ...
SydMead's TerraForming (USA)	Un petit shoot assez connu des collectionneurs et autres amateurs de PC Engine, tout simplement parce que le designer n'est pas totalement inconnu des fans de science fiction. Tout d'abord, ce qui est à retenir avec ce jeu, c'est que le design global a été réalisé par Syd Mead, bien connu pour avoir travaillé sur Blade Runner, Tron ou encore Alien. Que des films à l'ambiance et aux visuels très typés. Pourtant, ici cela n'aide pas le jeu à nous en mettre plein les mirettes. Certes, c'est assez original, mais pas forcément très joli. La musique est assez sympa, avec du rock plutôt planant. Le scénario est très basique : vous devez &quot;terraformer&quot; une planète infestée d'aliens... En gros éradiquer tout ce petit monde et permettre aux humain de s'installer à leur place. Hum, heureusement que l'on ne cherche pas de message ou d'idées là dedans, parce que c'est tout de même très borderline comme message...
Sylphia (Japan)	Vous incarnez Sylphia, l'héroïne du jeu. Cette jeune et vaillante vierge tentera en vain de défendre sa ville contre une horde de monstres assoiffés de sang. Heureusement, la déesse Athéna, touchée par le sacrifie de notre jeune donzelle, viendra lui redonner vie et lui procurer de super pouvoirs notamment celui de voler afin qu'elle puis se venger et enfin défendre sa ville de l'attaque qui fait rage dans toutes les rues. Tout cela est raconté par des écrans fixes, sans légendes, et donc aisément compréhensibles pour ceux qui, comme moi, ne comprennent rien au japonais.
Tadaima Yuusha Boshuu-chuu (Japan)	Tadaima Yūsha Boshūchū est un titre semi-humoristique qui intègre des éléments de jeu de rôle et de stratégie. Le jeu se déroule dans un pays imaginaire médiéval peuplé de diverses races; Quand le pays est pris par des envahisseurs démoniaques, le roi lâche sa responsabilité et confie la tâche de libération entre les mains d'un groupe de héros. Quatre joueurs (humains ou contrôlés par une IA) sélectionnent leurs personnages, chacun représentant une race exotique, et les emmènent dans une quête pour libérer la terre.
Taiheiki (Japan)	Taiheiki est un jeu de stratégie tour par tour basé sur l'épopée historique japonaise du 14ème siècle du même nom. Comme le livre, le jeu dépeint la lutte entre la Cour du Nord, gouvernée par le clan Hōjō décadent (trahi plus tard par leur vassal Ashikaga Takauji), et la Cour du Sud de l'empereur Go-Daigo. Le gameplay a de forts éléments de stratégie et ressemble à la série &quot;simulation historique&quot; de Koei. Le joueur peut choisir de contrôler les forces du Nord ou du Sud, en choisissant les actions pour le chef et tous ses vassaux. Le joueur peut choisir de s'engager dans la diplomatie avec les dirigeants des autres provinces, signer des accords, et gérer et naviguer dans les armées. Le combat se déroule sur une grille séparée de haut en bas, sur laquelle le joueur navigue les soldats à tour de rôle. Les batailles individuelles se déroulent automatiquement, leur résultat étant basé sur les attributs du participant.
Tanjou - Debut (Japan)	Tanjō: Debut met le joueur dans le rôle d'un agent de compagnie de musique, qui doit travailler avec trois stars potentielles du divertissement: trois jeunes filles nommées Aki, Kumi et Saori. Au début du jeu, le joueur visualise les statistiques de chaque fille et la description de sa personnalité. Ensuite, la formation commence. La majeure partie du jeu est consacrée à la planification des horaires des filles. Pratiquer la musique, travailler, passer des vacances, tout influence les statistiques des filles. Il est important de garder les filles heureuses et de réduire leur stress. en même temps, passer des vacances sans exercer diminuera leurs compétences professionnelles. Garder le bon équilibre est la clé ici. Après une période d'entraînement, le joueur choisit la branche spécifique dans laquelle il souhaite que les filles se mesurent: photos commerciales (modèle), mise en scène d'une comédie musicale, concert pop, réalisation d'un film, etc. En fonction des préparatifs du joueur et des précédents formation, les filles obtiendront des notes plus élevées ou plus basses. Le groupe contrôlé par les joueurs est en compétition avec d'autres agences dans une ligue et les résultats sont affichés après chaque événement majeur.
Tecmo World Cup Super Soccer (Japan)	Dans ce jeu de football, les joueurs peuvent choisir entre la compétition pour la Coupe du monde ou la participation au tournoi de la ligue japonaise. Seules huit équipes internationales (Brésil, Argentine, Japon, Angleterre, France, Espagne, Italie et Allemagne) sont disponibles. Avant le début d'un match, les joueurs peuvent choisir entre trois stratégies générales pour l'équipe: normale, offensive ou défensive. Les conditions météorologiques (normales, pluie ou neige) et la longueur du match peuvent également être sélectionnées. Le jeu lui-même est joué à partir d'une perspective à la troisième personne qui bascule légèrement entre isométrique et descendant selon la situation.
Tenchi Muyou! Ryououki (Japan)	Tenchi Muyō! Ryō-ōki est basé sur la série anime Tenchi Muyo, en particulier les OAVs Tenchi Muyo: Ryo-ohki (même nom que le jeu, mais avec une romanisation officielle légèrement différente). L'histoire est centrée sur un garçon apparemment ordinaire, Tenchi Masaki, qui vit à la campagne sur Terre. Après avoir accidentellement libéré un pirate de l'espace nommé Ryoko, sa modeste maison attire l'attention des puissants de l'espace, dont un officier de la police Galaxy, un célèbre scientifique et deux soeurs d'une famille royale à la recherche de leur demi-frère disparu depuis longtemps. . Bientôt, Tenchi découvre la vérité sur sa propre identité et sur ses super-pouvoirs, mais ne peut toujours pas gérer une famille de cinq jeunes femmes attirantes, dont certaines semblent s'intéresser à lui ...
Tenchi o Kurau (Japan)	Originaire de l'arcade , Dynasty Wars est un jeu inspiré et construit à l'ère des Trois Royaumes de l'histoire chinoise et plus particulièrement basé sur l'adaptation de l'histoire du manga Tenchi o Kurau. Le joueur adopte l'identité d'un ancien guerrier chinois. À cheval, il doit éliminer tous ses adversaires, principalement l'infanterie et les archers.
Tengai Makyou - Deden no Den (Japan)	Deden no Den est une version promotionnelle de Bomberman '94 avec distribution limitée. Le jeu était uniquement disponible via la newsletter de Hudson lors de leur tournoi Caravan. Il ne contient qu'un niveau du jeu complet (modes 2 à 5 joueurs seulement), mais remplace le personnage titulaire par Kabuki Danjūrō, un personnage populaire des jeux Tengai Makyō. Les joueurs contrôlent jusqu'à cinq Kabukis dans des tenues de couleurs différentes.
Tenshi no Uta (Japan)	Kearu, un jeune guerrier du pays d'Erin, est chargé par son aîné du village de protéger Krea, une jeune fille qui a été trouvée près de l'entrée du village lorsqu'elle était bébé. Le jeune couple reçoit par le roi une tâche de récupération et de livraison d'une fleur magique connue sous le nom Eureka. Cependant, sur le chemin du château, ils sont attaqués par un monstre ailé, qui emmène Krea. Kearu se rend compte que cet enlèvement n'était pas accidentel, et avait quelque chose à voir avec l'origine mystérieuse de Krea.
Tenshi no Uta II - Datenshi no Sentaku (Japan)	Fate est un jeune homme dont le travail consiste à patrouiller autour de son village et à le protéger des monstres. Un jour, pendant une patrouille, Fate et son ami Shion rencontrent une mystérieuse fille dans la tour voisine. Elle ne pouvait que se souvenir que son nom était Rhianna, mais rien d'autre à propos de ses origines et comment elle a fini par être dans cette tour. Peu de temps après, le village est attaqué par des monstres et brûlé. Fate, Shion et Rhianna s'échappent, et le destin promet à Rhianna qu'il l'aidera à retrouver sa mémoire et à trouver la vérité sur son passé.
TerraForming (Japan)	Un petit shoot assez connu des collectionneurs et autres amateurs de PC Engine, tout simplement parce que le designer n'est pas totalement inconnu des fans de science fiction. Tout d'abord, ce qui est à retenir avec ce jeu, c'est que le design global a été réalisé par Syd Mead, bien connu pour avoir travaillé sur Blade Runner, Tron ou encore Alien. Que des films à l'ambiance et aux visuels très typés. Pourtant, ici cela n'aide pas le jeu à nous en mettre plein les mirettes. Certes, c'est assez original, mais pas forcément très joli. La musique est assez sympa, avec du rock plutôt planant. Le scénario est très basique : vous devez &quot;terraformer&quot; une planète infestée d'aliens... En gros éradiquer tout ce petit monde et permettre aux humain de s'installer à leur place. Hum, heureusement que l'on ne cherche pas de message ou d'idées là dedans, parce que c'est tout de même très borderline comme message...
Todd's Adventures in Slime World (Japan)	Sortir Slime World sur consoles NEC, c'est quand même la grande classe ! Car il faut bien avouer que pour toute une génération de joueurs alternatifs, il s'agit d'un produit culte, l'un des premiers (et aussi l'un des seuls, malheureusement...) jeux Lynx à avoir été reconnu par le &quot;grand public&quot; pour ses qualités techniques et son originalité. Et pour cause : un jeu d'action / exploration colorisé dans un monde slimique en constante mutation.
Tokimeki Memorial (Japan)	Tokimeki Memorial est un jeu de type simulation de drague développé et édité par Konami. Il a été réalisé par Yoshiaki Nagata, avec la participation de Koji Igarashi pour l'écriture du scénario. Sorti initialement sur PC Engine en 1994 uniquement au Japon, ce jeu a par la suite été adapté vers les platesformes PlayStation, Sega Saturn, Super Famicom (sous le nom de Tokimeki Memorial: Densetsu no Ki no Shita de), Game Boy Color, PlayStation Portable et mobiles. Les versions PlayStation et Sega Saturn intitulées Tokimeki Memorial: Forever With You sont des remakes qui incluent une nouvelle cinématique d'introduction, des graphismes et sons améliorés, ainsi que de nouveaux mini-jeux
Top o Nerae! GunBuster Vol. 1 (Japan)	Top o Nerae! GunBuster Vol.1 est basé sur l'anime Gunbuster ; série d'OAvs de Gainax. Au début du 21ème siècle, l'humanité a découvert une race d'extraterrestre ressemblant à des insectes tout en colonisant l'espace connu. Les aliens avancent progressivement vers la Terre dans le but de l'éradiquer. Pour contrer cela, les humains ont développé des mechas géants qui peuvent être contrôlés par des pilotes entraînés. L'histoire du jeu suit de près le premier chapitre de l'anime, en se concentrant sur la jeune pilote Noriko Takaya et ses premiers pas vers la maîtrise de sa profession dangereuse.
Top o Nerae! GunBuster Vol. 2 (Japan)	Top o Nerae! GunBuster Vol.2 est la suite directe du premier épisode basé sur la série Gunbuster. Il continue l'histoire commencée dans le premier chapitre, suite aux aventures du jeune pilote de mecha Noriko Takaya quand elle réussit le test et est admise dans l'escouade de combat de mechas, envoyée en mission pour arrêter une course insectoïde d'aliens de détruire la Terre .
Travel Eple (Japan)	Travel Epuru (ou Travel Apple) est un jeu d'action de type puzzle s'inspirant de Bomberman. Vous incarnez Epuru, l'héroïne du jeu, et devrez affronter à chaque niveau un ennemi en face à face à l'aide des armes, mais aussi des pièges et des bonus ((soins, téléportation, etc...) disponibles sur le champ de bataille. Les niveaux sont &quot;ouverts&quot;, contrairement à Bomberman, et vous pouvez vous y déplacer librement. Le jeu se divise en plusieurs mondes constitués de plusieurs niveaux, le dernier étant un affrontement contre le boss. De sympathiques cinématiques viennent agrémenter la progression entre chaque monde. Le jeu peut se jouer à deux.
Travellers! Densetsu o Buttobase (Japan)	L'histoire héroïque la plus célèbre du passé est appelée &quot;Knights of Legend&quot;. C'est une histoire de héros qui sont descendus en enfer, ont vaincu le Roi Démon et ont sauvé les sept mondes d'un péril grave. Cette histoire est maintenant enseignée dans toutes les écoles pour les jeunes aventuriers, qui souhaitent devenir des héros et vaincre les serviteurs de l'enfer une fois pour toutes. Ceux qui ont déjà obtenu leur diplôme sont appelés &quot;voyageurs&quot;; quatre d'entre eux sont les héros du jeu - deux jeunes hommes et deux jeunes femmes. Dirigés par l'épéiste téméraire Ufuru, les voyageurs commencent à parcourir la terre à la recherche d'aventure ...
TV Show, The (Japan)	The TV Show est un jeu d'action humoristique similaire à Bomberman dans son concept. Le jeu contient un mode scénario (solo) et un mode versus (jusqu'à quatre joueurs). Les deux modes offrent sept caractères à choisir. Les personnages sont comiques sur le thème et comprennent une écolière hyperactive, un ninja blindé, et d'autres. Il n'y a pas de véritable histoire derrière ces personnages; chacun vient avec une courte séquence d'introduction qui mène invariablement à leur admission à une émission de télévision extraterrestre, où ils doivent vaincre les ennemis et récupérer des prix.
Uchuu Senkan Yamato (Japan)	Uch? Senkan Yamato est basé sur la série de dessins animés Space Battleship Yamato, également connu sous le nom de Star Blazers. Les événements du jeu suivent ceux des épisodes initiaux. À la fin du 22ème siècle, les extraterrestres de Gamila bombardent la Terre avec des météorites radioactives. En conséquence, la surface de la planète devient inhabitable et les humains commencent à vivre sous terre. Utilisant les ruines du cuirassé japonais Yamato de la seconde guerre mondiale, les humains construisent un puissant vaisseau spatial et peuvent finalement engager les extraterrestres dans une confrontation directe.
Urusei Yatsura - Stay with You (Japan)	Urusei Yatsura: Stay With You est basé sur la série manga de Rumiko Takahashi. Le protagoniste est Ataru Moroboshi, un lycéen qui évoque accidentellement l'amour dans le cœur de Lum, la princesse d'une race semblable à un démon extraterrestre. Le jeu ne raconte pas les événements initiaux du manga et est plutôt construit comme un épisode, en supposant que le joueur est familier avec l'histoire générale et les personnages. L'ex-petite amie d'Ataru, Shinobu, disparaît dans des circonstances mystérieuses. Ataru et Lum doivent explorer le bâtiment de l'école secondaire et découvrir ce qui est arrivé à Shinobu. Le gameplay est celui d'une aventure traditionnelle de style japonais, où toutes les interactions (y compris la navigation) sont effectuées en sélectionnant des commandes de verbes dans un menu et en les combinant avec des objets d'une liste. la progression du jeu est assez linéaire, et il est généralement nécessaire de remplir un objectif dans un endroit afin de pouvoir passer au suivant. Il n'y a pas de véritables puzzles, mais un inventaire avec des éléments qui peuvent être examinés est présent.
Valis II (USA)	Comme on pouvait s'en douter, Valis II est fort logiquement la séquelle à Valis, sympathique jeu d'action/plates-formes originaire du monde du PC japonais, puis adapté très tardivement sur PC Engine (le volet PCE de Valis premier du nom est effectivement sorti après ses suites, et est ainsi le seul des quatre épisodes à avoir eu les honneurs du Super CD-ROM2). Ce qui a pas mal contribué à rendre la saga des Valis aussi populaire, c'est sans aucun doute le côté &quot;histoire dramatique&quot; que les programmeurs essaient d'inclure dans les différents volets. C'est ainsi que chacun d'eux bénéficie de son petit scénario qui, s'il ne pète jamais le plafond, donne cependant du relief à ce qui n'aurait été sinon qu'un vulgaire jeu d'action/plates-formes de plus. En ce sens, Valis est ce que l'on peut appeler un &quot;jeu-feuilleton&quot;. Les quatre titres sont tous très liés les uns aux autres, et on en attend à chaque fois la suite avec une certaine impatience.
Valis III (USA)	Après que Yuko ait vaincu le maléfique Rogles, la paix est revenue sur Terre et dans le monde magique de Vecanti (le monde des rêves). Mais une nouvelle menace est apparue : un homme énigmatique nommé Glames, possesseur d'une épée nommée Leethus, projette de conquérir la Terre et Vecanti, convaincu qu'il n'y a pas d'autre moyen de sauver son monde d'une destruction imminente. Une jeune fille du Monde des Ténèbres nommée Cham s'échappe de l'emprise de Glames et demande à Yuko de l'aider à l'arrêter à l'aide de son épée Valis.
Valis IV (Japan)	Super Valis IV est un jeu de plates-formes/action sur Turbografx. Un ancien Prince nommé Gallagher, possédé par le pouvoir maléfique d'un anneau et prisonnier d'un crystal depuis des décennies, parvient à se libérer et promet de semer le chaos sur le monde. Vous incarnez Lena, une jeune fille qui souhaite devenir une guerrière Valis et qui devra empêcher Gallagher de nuire. Des sorts magiques sont disponibles pour se débarrasser des ennemis et des boss vous attendent à la fin de chaque zone.
Vasteel (USA)	La planète qui gouverne le système solaire Vasteel s'appelle Belose. Les empereurs de la dynastie Faracia dirigent la planète depuis des centaines d'années. Cependant, le dernier empereur s'est avéré plutôt impopulaire auprès de la population et ils ont commencé à parler de changer le système gouvernemental. De manière inattendue, l'empereur tombe gravement malade et meurt peu de temps après. Son fils aîné, Faliall, est proclamé héritier. Cependant, le frère cadet de Faliall, Stefan, s'occupe des souhaits des gens simples et veut changer les choses. Par conséquent, la guerre sanglante entre les deux frères pour le pouvoir et la justice commence ... Vasteel est un jeu de stratégie de guerre basé sur l'hexagone. Le mode Histoire guide le joueur (qui contrôle les armées de Stefan ou de Faliall) à travers diverses cartes descendantes, sur lesquelles les deux armées tenteront de s'anéantir, de se positionner mieux, de conquérir des villes ennemies, etc. mode versus, qui permet un jeu à deux joueurs, ainsi que l'accès à toutes les cartes, quelle que soit l'histoire. Les armées des deux princes sont entièrement robotiques; même les tanks, les canons et les vaisseaux spatiaux ont la forme de robots &quot;transformateurs&quot;. Les deux armées possèdent des usines capables de produire de nouveaux robots, même plusieurs fois par tour. chacune de ces productions coûte de l'argent, dont le montant est limité. Le joueur dirige les robots tour à tour sur la carte. Le combat s'ensuit lorsque deux robots sont sur la même grille. Contrairement à la plupart des jeux de ce type, les batailles actuelles dans Vasteel sont interactives et basées sur l'action. Les joueurs doivent rapidement déplacer leurs robots et se tirer dessus. Il en va de même pour les robots qui pénètrent dans les usines et les villes avec l'intention de détruire leurs mécanismes de protection; le côté en défense utilise des tourelles fixes pour tirer sur le robot, tandis que ce dernier tente de les éviter et d'atteindre le noyau avant d'être détruit.
Vasteel 2 (Japan)	Vasteel 2 est officiellement une suite de Vasteel; il est également situé dans le système solaire éponyme et futuriste et traite principalement de batailles stratégiques entre des robots. Cependant, son histoire n'est pas directement liée à celle de son prédécesseur. Le héros principal est un jeune garçon appelé Voice Knuckles, qui mène une vie paisible avec sa mère et sa petite amie Diggy. Mais le cruel empereur Agares attaque sa planète et détruit le domicile de Voice, tuant ainsi sa mère. Le garçon jure vengeance. Aidé de sa petite amie et de ses amis, il réunit une armée de rebelles composée de combattants pilotant des robots géants. Il est déterminé à vaincre Agares à tout prix.
Virgin Dream (Japan)	Un &quot;concours de jolie fille&quot; est organisé. Il ne s'agit pas d'un simple concours de beauté: dans un an, une jeune fille devrait devenir une star. La beauté compte, mais les compétences aussi. En tant que responsable d'une des jeunes filles désireuses de participer au concours, le joueur doit faire tout ce qui est en son pouvoir pour atteindre son objectif et aider sa disciple à atteindre le stade de la célébrité! Virgin Dream est ce qu'on appelle communément la simulation de la vie, un genre popularisé par des jeux tels que la série Princess Maker. Le joueur gère la vie de la jeune fille avec un objectif spécifique, qui doit être choisi dans le menu principal. La jeune fille peut s'efforcer de devenir une chanteuse, une photo modèle, une institutrice, etc. Le joueur essaie ensuite de modifier ses statistiques en conséquence pour atteindre son objectif.
Where in the World Is Carmen Sandiego (Japan) (En,Ja)	Vous débutez en tant que recrue détective dont le travail consiste à traquer une série de voleurs de trésors les plus précieux au monde. Après chaque briefing de mission, vous aurez une date limite pour capturer le voleur d'artefact à l'aide d'indices concernant votre connaissance en géographie. Carmen Sandiego?, Une version mise à jour du jeu , avec des graphismes améliorés, des effets sonores et des schémas de contrôle supplémentaires, tels que la prise en charge de la manette.
Winds of Thunder (Japan)	Lords of Thunder sur TurboGrapfX est un jeu de shoot 2D dans lequel vous incarnez Landis, un héros légendaire, qui doit empêcher les forces du mal de ressusciter Zaggart. Pour y arriver, vous disposez de 4 armures différentes, chacune ayant un style d'armement qui lui est propre : le feu, la terre, l'air et le vent. Complétez les 6 niveaux et détruisez vos ennemis pour récolter des cristaux afin d'acheter divers objets.
Wizardry I, II (Japan)	Wizardry I & II contient les deux premiers épisodes de la série Wizardry: &quot;Proving Grounds of the Mad Overlord&quot; et &quot;Knight of Diamond&quot;. Les deux jeux ont été portés sur la console du CD PC Engine (TurboGrafx) avec diverses améliorations, non publiées séparément. En fait, les deux jeux sont fusionnés en un seul, le joueur pouvant jouer à ces deux jeux de façon continue, directement depuis le menu principal. Bien que les jeux soient plutôt fidèles aux versions d'ordinateur d'origine dans le jeu et la conception graphique, les améliorations sont suffisamment importantes pour que cette version soit considérée comme un remake. Comme dans la version NES / Famicom, les donjons ont des graphiques simples, contrairement aux originaux d'ordinateur avec leurs lignes vectorielles. Les sprites ennemis sont également plus détaillés et occupent une plus grande partie de l'écran. Dès le début, un groupe de six joueurs prédéfinis est disponible, composé de caractères portant des noms génériques (&quot;Fighter&quot;, &quot;Samurai&quot;, etc.); la création de propres caractères (contrairement à la version modifiée de Might et Magic de PC Engine sur CD) reste toutefois possible. La navigation dans le donjon est accompagnée par de la musique audio CD orchestrée dans cette version. La musique de combat est au format PSG.
Wizardry III, IV (Japan)	Wizardry III & IV contient deux jeux de rôle de la série Wizardry: Legacy of Llylgamyn et The Return of Werdna. Les deux jeux ont été portés sur la console PC Engine CD(TurboGrafx) avec diverses améliorations, non publiées séparément. Le joueur commence automatiquement à jouer à &quot;Legacy of Llylgamyn&quot;; le jeu &quot;The Return of Werdna&quot; est accessible via l'option &quot;Utilitaire&quot; du menu de la ville. Bien que les jeux soient plutôt fidèles aux versions ordinateur d'origine en termes de gameplay et de conception graphique, les améliorations sont suffisamment importantes pour que ce soit un remake. Contrairement aux originaux d'ordinateur avec leurs lignes vectorielles, les donjons ont maintenant des graphiques simples. Les sprites ennemis sont également dessinés de manière plus détaillée. Dès le début, un groupe de six joueurs prédéfinis est disponible, composé de caractères portant des noms génériques (&quot;Fighter&quot;, &quot;Samurai&quot;, etc.); la création de propres caractères (contrairement à la version modifiée de Might et Magic de PC Engine sur CD) reste toutefois possible. Naturellement, dans The Return of Werdna, le joueur contrôle lui-même Werdna et ses monstres invoqués. Un autre changement notable est l'inclusion de la musique audio sur CD orchestrée pour la navigation dans les donjons et (éventuellement) pour la musique de bataille.
Wizardry V - Heart of the Maelstrom (Japan)	Après que l'Orbe de L'Kbreth ait été utilisé pour ramener la paix sur les terres de Llylgamyn, une nouvelle menace fait son apparition dans la région. D'étranges énergies malveillantes ont été repérées sous le Temple des Sages. Ces énergies, appelées « Maelstrom » par les habitants locaux, peuvent être scellées par une personne connue sous le nom de Gardien. Malheureusement, ce dernier a été emprisonné par une puissance ou une personne mystérieuse connue sous le nom de SORN. Un groupe d'aventuriers courageux part à la recherche du grand prêtre G'bli Gedook, gardien de l'Orbe de L'Kbreth, qui leur explique qu'ils doivent libérer le Gardien et finalement vaincre le mal à sa source.
Wonder Boy III - Monster Lair (Japan) (Rev 3)	Wonder Boy III : Monster Lair sur TurboGrafx CD est un jeu d'action dans lequel viennent se glisser quelques phases de shoot. Incarnez Adam ou Laura et libérez le pays de l'emprise des monstres à travers 14 niveaux. Chacun d'eux est divisé en deux parties : action où il faut avancer et se débarrasser des ennemis pour ouvrir la porte du boss et shoot pour tuer ce dernier. Un mode deux joueurs est présent pour faire figurer les deux héros à l'écran.
World Heroes 2 (Japan)	World Heroes 2 est un jeu de combat sur Neo Geo dans lequel s'affrontent des personnages venus de différentes époques. Les 8 héros du premier volet répondent présent, et ce sont 6 nouveaux personnages qui les rejoignent dans cet opus.
Wrestle Angels - Double Impact (Japan)	Wrestle Angels: Double Impact est un concept similaire à Wrestle Angels V1, étant une simulation avec des combats de lutte au tour par tour entre de jolies jeunes femmes. Le jeu comporte trois modes: exposition, gestion d'équipe et débuts de nouveaux joueurs. Le mode Exposition permet au joueur de choisir parmi une grande variété de lutteurs et de s'affronter en mode simple, double ou en mode par équipes (six lutteurs). Un nouveau joueur fait ses débuts dans le rôle de lutteurs populaires de la franchise, en leur faisant suivre des séances d'entraînement et une série de matches. La gestion d'équipe est le mode le plus complet du jeu. Dans ce mode, le joueur assume le rôle d'un manager qui doit constituer une équipe de lutteurs pour s'affronter dans les ligues régionales japonaises. Les nouveaux lutteurs peuvent être choisis parmi des athlètes connus ou &quot;recherchés&quot; dans la rue, avec des effets variés. Le joueur assigne ensuite des horaires et des activités aux lutteurs. Il est possible de leur parler, de les envoyer en vacances et de les renvoyer. Le joueur peut également rénover la salle de sport, concevoir des masques pour les lutteurs, gérer les relations publiques et effectuer d'autres tâches de gestion. Toutes ces activités coûtent des points d'action et doivent être traitées avec précaution avant que l'équipe ne soit défiée pour la compétition.
Wrestling Universe - Fire Pro Joshi - Dome Choujo Taisen - Zenjo vs. JWP (Japan)	Bien avant que la WWE introduise les combats de lutte Divas, il existait au Japon une affaire plus sérieuse, où les compétences de lutte étaient plus importantes que les implants mammaires et où les combats étaient &quot;réels&quot; (en ce qui concerne la lutte) au lieu de la lutte aux oreillers culottes se bat. Dans ce jeu de la série Fire Pro, les acteurs de la promotion All-Japan Women's Pro-Wrestling sont disponibles et se battent tous pour remporter la ceinture rouge, le prix le plus élevé de la fédération. Il est également possible de se battre en matchs simples, en tournois, en matchs Battle Royal et Elimination. Le tableau habituel des options dans CAW est présent, puisqu'il est possible de créer 16 nouveaux lutteurs. Le gameplay, comme d'habitude dans la série, est radicalement différent de celui de la plupart des jeux occidentaux. Chaque lutteur a un tas de mouvements, classés de faibles à forts. Bien qu'il soit possible de connecter n'importe lequel d'entre eux à partir de situations ouvertes, lorsque vous vous affrontez uniquement lorsque l'adversaire est déjà vaincu, les mouvements les plus puissants peuvent être utilisés avec succès.
Xak (Japan)	Plus qu'une compilation, cette version a été développée à partir de zéro, avec des graphismes plus détaillés, de nouvelles compositions musicales, des doublages, et de nouvelles scènes cinématiques, y compris une intro commune aux deux jeux. L'interface améliorée du deuxième jeu est également présente lors du premier. Même si, dans le gameplay, cette version est très similaire aux versions originales, quelques légères modifications ont également été apportées: les ennemis sont plus agressifs et apparaissent parfois à des endroits différents de ceux de la version d'origine. Bien que cette version contienne les deux jeux, ils sont traités comme un jeu long et il n'est possible de commencer à jouer au second qu'après avoir terminé le premier.
Xak III - The Eternal Recurrence (Japan)	Pour la petite histoire, la saga Xak fut lancée avec deux volets sur MSX, sortis dans une version remaniée quelques années plus tard sur la bécane de Nec (à la manière d'Ys) et Pc-98. C'est après deux side story (Fray et Tower of Gazel) que sortit le jeu qui nous intéresse ici. Xak 3 est la suite directe scénaristiquement parlant des précédents opus de la série, se passant avec les mêmes persos quelques années plus tard. Heureusement, les développeurs ont eu la bonne idée d'insérer une bibliothèque dans le premier donjon du jeu vous permettant ainsi de reconstituer le scénario. Je vous mâche un peu le travail: après la division du monde en 3, Baduh, le Seigneur du monde obscur, envoya ses armées dans le monde des hommes. Vaincu pour ce qui était censé être une éternité par le légendaire héros Duel, Baduh refit son apparition après plus de deux siècles de silence.
Yamamura Misa Suspense - Kinsenka Kyouezara Satsujin Jiken (Japan)	Kinsenka Ky Ezara Satsujin Jiken est basé sur une série de romans de l'auteur-policier japonais Misa Yamamura. Le protagoniste populaire des romans, l'inspecteur S?suke Kariya, apparaît dans le jeu en tant que personnage; Mais l'héroïne principale et le personnage principal sont Yuko Kobayakawa, une journaliste travaillant pour un magazine gastronomique. Au cours d'un voyage à Kyoto, elle assiste à une fête et assiste à l'assassinat mystérieux de l'épouse d'un homme riche. Yoko décide de rester et d'aider les autorités à enquêter sur le crime. Le jeu se joue comme une aventure de style japonais sans casse-tête. La plupart du temps, le joueur choisit un endroit pour se rendre et interroge les personnages, en sélectionnant divers sujets dans une liste. Ces scènes sont présentées à la première personne. Quelques segments, cependant, proposent une navigation à la troisième personne avec une interaction pointer-cliquer, similaire aux aventures occidentales. Dans d'autres cas, le joueur doit déplacer un curseur sur un objet zoomé pour interagir avec lui de manière détaillée.
Yami no Ketsuzoku - Harukanaru Kioku (Japan)	La créatrice de mode Miyu Izawa et ses trois amies mannequins décident de faire un voyage au Mexique. Mais le décès dans d'étranges circonstance de deux des top models va bouleverser la vie de notre héroïne, qui va devoir mener l'enquête. Harukanaru Kioku est un remake des jeux précédents de Yami no Ketsuzoku. L'intrigue de base suit les événements qui ont commencé dans la première épisode, mais elle est racontée d'une manière totalement différente, avec différentes scènes, dialogues, etc. Par exemple, le jeu commence un peu avant le point de départ du premier épisode, et contient des conversations entre le protagoniste Miyu Izawa et la victime du meurtre Marie, qui n'étaient pas présentes dans l'histoire originale. Le style visuel du jeu est également très différent, avec des graphismes animés comme des dessins animés, atypiques par rapport aux jeux précédents. En termes de jeu, cet opus diffère également des jeux précédents en réduisant considérablement les interactions. Tous les dialogues du jeu sont parlés, et une grande partie de la narration est révélée par les pensées de Miyu qui agissent comme des cinématiques plutôt que comme une interaction avec l'environnement. En substance, le jeu est un roman visuel assez linéaire avec certaines occasions où le joueur est capable de visiter différents endroits.
YaWaRa! 2 - A Fashionable Judo Girl! (Japan)	Contrairement au jeu précédent, qui était entièrement une &quot;bande dessinée numérique&quot;, Yawara 2 propose trois modes de jeu différents. La partie aventure de style japonais joue de la même manière que son prédécesseur et la plupart des autres jeux de ce style: le joueur a le choix entre plusieurs verbes dans un menu; choisir chacun d'eux un à un fait toujours avancer l'histoire. Cette partie est lourde en scènes de coupes non interactives. Un autre mode de jeu est un quiz comportant des questions relatives à la série originale; le joueur doit choisir la bonne réponse parmi les quatre disponibles, et une mauvaise réponse entraîne un Game Over instantané. Enfin, le mode de jeu dit &quot;Battle&quot; est un jeu de combat de judo. Il joue de la même manière que les autres jeux de combat (même avec sa propre histoire, ses modes opposé et son mode à deux joueurs), mais au lieu des coups de poing, des coups de pied, des sauts et des mouvements spéciaux habituels, le joueur est seulement autorisé à exécuter des mouvements de judo authentiques et à jouer. par les règles. De nombreux mouvements impliquent une pression rapide sur différents boutons. Le joueur contrôle Fujiko et, dans le mode versus, il est en mesure de choisir de combattre des champions fictifs de l'intrigue originale. En plus de ces modes de jeu, le jeu propose une base de données étendue liée à Yawara!, Avec des profils de personnage, des informations et même l'héroïne titulaire qui donne un cours de cuisine.
YaWaRa! A Fashionable Judo Girl! (Japan)	Basé sur le manga Yawara ! A Fashionable Judo Girl, le jeu suit l'histoire de Yawara Inokuma, la petite-fille adolescente d'un célèbre maître de judo. Alors qu'elle essaie d'avoir une vie ordinaire, son grand-père insiste pour qu'elle étudie les arts martiaux du judo et elle a du mal à décider quel sera son objectif dans la vie. Le protagoniste du jeu est l'un des personnages mineurs du manga, un jeune journaliste du nom de Matsuda. Voyant comment Yawara bat sans effort un assaillant dans la rue, Matsuda décide de découvrir qui est la &quot;fille merveilleuse&quot;, estimant qu'elle va devenir une star du sport. Le jeu est ce que l'on appelle communément la bande dessinée numérique, c'est-à-dire un jeu d'aventure de style japonais sans énigmes et avec des possibilités d'interaction très limitées. En règle générale, le joueur se voit présenter quelques commandes de verbe et sous-menus d'objets sur chaque écran et doit les parcourir pour pouvoir progresser. Des cinématiques animées et vocales se produisent fréquemment afin de faire avancer le récit.
Yokoyama Mitsuteru Shin Sangokushi - Tenka wa Ware ni (Japan)	Le gameplay est similaire à celui de la série Romance des trois royaumes de Koei, en se concentrant sur la stratégie et la gestion de pays grand ainsi que sur les batailles tactiques. Il n'y a pas de choix de scénario, mais le joueur peut choisir entre plusieurs chefs de guerre des trois royaumes. Le joueur gère ensuite la province sous le contrôle du seigneur de guerre sélectionné. Il faut s'occuper de la population et de l'armée, acheter des provisions, former des officiers et publier des édits. La diplomatie joue un rôle important: des pactes et des accords peuvent être conclus, mais il est également possible d'acquérir de nouveaux alliés par divers moyens. Envahir (ou être attaqué par) un autre pays entraîne une bataille tactique à grande échelle qui se déroule sur des grilles hexagonales. Le joueur navigue dans les divisions de l'armée à tour de rôle. Le contact avec une division ennemie mène à un autre sous-mode, dans lequel le joueur contrôle les unités qui composent la division, les positionnant et les naviguant sur un écran de bataille plus petit. Le jeu dispose également d'un mode de combat séparé accessible depuis le menu principal, où le joueur peut recréer directement des batailles historiques sans passer par de grandes portions de stratégie.
Ys Book I & II (USA)	Ys : Book I & II sur Turbografx est un jeu de rôle vous emmenant à travers le pays de Ys, aujourd'hui une lande ravagée par la désolation. Vous devrez trouver les 6 livres détenus par les prêtres pour rendre la paix au royaume.
Ys I & II (Japan)	Ys : Book I & II sur Turbografx est un jeu de rôle vous emmenant à travers le pays de Ys, aujourd'hui une lande ravagée par la désolation. Vous devrez trouver les 6 livres détenus par les prêtres pour rendre la paix au royaume.
Ys III (Japan)	Ys III : Wanderers from Ys est un jeu de rôle sur Turbografx. Dogi décide de rentrer chez lui après d'inquiétantes rumeurs liées à son village. Toujours prêt à partir à l'aventure, Adol, son fidèle ami, se joint à lui pour tenter de déterminer la cause de ces nouveaux problèmes. Le joueur incarne Adol qui peut se servir de son épée et d'autres objets pour se défaire de ses nombreux ennemis.
Ys III - Wanderers from Ys (USA)	Ys III : Wanderers from Ys est un jeu de rôle sur Turbografx. Dogi décide de rentrer chez lui après d'inquiétantes rumeurs liées à son village. Toujours prêt à partir à l'aventure, Adol, son fidèle ami, se joint à lui pour tenter de déterminer la cause de ces nouveaux problèmes. Le joueur incarne Adol qui peut se servir de son épée et d'autres objets pour se défaire de ses nombreux ennemis.
Ys IV - The Dawn of Ys (Japan) (Rev 3)	Ys IV : The Dawn of Ys est un jeu de rôle sur TurboGrafx CD. Cet épisode se déroule entre les volet II et III de la saga et est donc différent de Ys IV : Mask of the Sun sur Super NES. Adol retourne à Minea, où le tout premier épisode s'est déroulé. Après avoir revu ses vieux amis, il décide de s'embarquer pour le pays de Celceta, par delà l'océan.
Yuu Yuu Hakusho - Yami Shoubu!! Ankoku Bujutsu-kai (Japan)	Ce jeu est basé sur le manga Yu Yu Hakusho. Vous choisissez un des cinq personnages de l'équipe de Yusuke (Yusuke Urameshi, Hiei, Kurama, Kuwabara ou Genkai) et vous participez au &quot;Dark Tournament&quot; ,vous affronterez le puissant démon TOGURO.
Zan - Kagerou no Toki (Japan)	Kager no Toki fait partit de la saga des Zan et fait suite au jeu Yasha Enbukyoku. Contrairement au jeu précédent, Kager? no Toki ne contient aucune force surnaturelle (démon) et se concentre sur des événements concrets de la période Sengoku au Japon, plus précisément au XVIe siècle, une période de l'histoire japonaise marquée par des guerres continues et par des personnalités célèbres telles que Oda Nobunaga ou Tokugawa Ieyasu. Le jeu offre plus de possibilités stratégiques que les tranches précédentes de la série. En choisissant une région du Japon et son chef, le joueur peut effectuer une variété d'activités, à la fois dans son pays et auprès des autres dirigeants. La diplomatie comprend la négociation, la signature de contrats et de traités de paix, etc. Les batailles sont également plus approfondies qu'auparavant; Au lieu de rencontres semi-automatiques, les combats se déroulent sur une carte distincte, sur laquelle le joueur doit naviguer activement dans son unité, avant d'engager l'ennemi dans un combat rapproché.
Zero 4 Champ II (Japan)	Zero 4 Champ II est un jeu de course sorti en 1993. C'est la suite de Zero 4 Champ dont il reprend le principe : vous progressez de courses en courses afin d'obtenir le titre national. Vous remportez de l'argent au fil des épreuves, mais également en jouant au livreur ou en pariant sur d'autres courses. Zero 4 Champ II est donc un jeu de course original qui apporte une variété intéressante au genre.
Zero Wing (Japan)	Zero Wing est un shoot'em up sorti sur TurboGrafx. Vous êtes l'escadron de la Voie Lactée, le seul espoir de la galaxie pour arrêter la bande de Cats, des pirates interstellaires qui jouent les fanfarons.
