#key	synopsis
1552 Tenka Tairan (Japan)	1552 Tenka Tairan is a war strategy game set during the Sengoku period of the Japanese history (1552-1600) when ambitious daimyo (feudal lords) began to overthrow their superiors, resulting in a global war for dominance in Japan. The player controls a warlord, choosing one of the available historical figures or creating their own character. Character creation is Ultima-style where are a series of questions generates the player-controlled general with relevant statistics. The gameplay involves managing the army, advancing the troops, conquering neighboring provinces, defending castles with a wealth of tactical possibilities. Though the game pauses when the player makes a decision, the time advances regardless of the player's actions, effectively making Tenka Tairan a real-time strategy game.
Addams Family, The (USA)	Basierend auf dem Addams Family-Film unterscheidet sich dieses Spiel deutlich von den anderen Addams Family-Varianten. Der Spieler schlüpft in die Rolle von Tully Alford, der korrupten Anwältin der Addams-Familie. Er findet heraus, dass irgendwo im Familienanwesen ein großer Schatz in einem Tresor aufbewahrt wird. Er beschließt, sich in die Villa zu wagen und den Schatz zu holen. Das wird natürlich alles andere als einfach, denn die verrückten Addams-Familienmitglieder und eine Legion von Geistern und Monstern sorgen dafür, dass der Anwalt scheitert ... Wie die meisten anderen Addams Family-Inkarnationen ist dies ein Side-Scrolling-Actionspiel. Tully Alfords einzige Waffe ist ein Regenschirm, der Energieschüsse auf Feinde abfeuert. Tully kann auch springen und sich ducken, um feindlichen Schlägen auszuweichen. Die Spielwelt besteht aus einem „Hub“-Bereich, der Halle des Herrenhauses der Familie Addams und vielen Räumen, von denen die meisten zu Beginn des Spiels verschlossen sind. Das Gameplay besteht hauptsächlich darin, die zugänglichen Räume zu erkunden und Schlüssel zu sammeln, die benötigt werden, um dabei andere Türen zu öffnen. Einige der Räume enthalten Schätze und Power-Ups, während andere von Monstern heimgesucht werden oder der Spieler einen Bossgegner besiegen muss, um voranzukommen.
Advanced V.G. (Japan)	Advanced Variable Geo ist ein Kampfspiel, das nur aus weiblichen Kämpfern besteht! Sie haben die Wahl zwischen 9 Mädchen: Yuka Takeuchi, eine Kellnerin und die Heldin des Spiels, Chiho Masuda, ein Ninja-Mädchen, Manami Kusunoki, ein seltsames und süßes Mädchen mit Katzenhandschuhen, Jun Kubota, Satomi Yajima, Ayako Yuki, Elirin, Kaori Yanase und Reimi Jahana. Es gibt 3 Spielmodi: den normalen Modus, den VS-Modus und den Story-Modus. Die Geschichte des Spiels ist recht ungewöhnlich: Kellnerinnen aus verschiedenen Restaurants treten in großen Turnieren gegeneinander an, wobei sie mächtige Superangriffe und spezielle Kampftechniken einsetzen. Im Story-Modus ist nur Yuka spielbar.
Ai Chou Aniki (Japan) (SADS, SAES)	Ai Cho Aniki ist ein Actionspiel auf der TurboGrafx-CD. In diesem Side-Scrolling-Shooter spielen Sie als Bodybuilder und wählen zwischen den beiden Nebencharakteren aus dem vorherigen Cho Aniki-Spiel. Umgekehrt treten die Hauptcharaktere von Cho Aniki hier in den Hintergrund und tauchen von Zeit zu Zeit auf, um Ihrem sportlichen Helden in Badehose Boni zu überreichen.
Akumajou Dracula X - Chi no Rondo (Japan)	Die Geschichte des Spiels ist sehr typisch für einen Castlevania Titel. Richter Belmont, vom berühmten Belmont Clan, muss seine Liebsten (seine Verlobte Annette Renard und ihre Schwester Maria Renard), sowie zwei weitere entführte Mädchen retten, die von Dracula entführt wurden. Trotz des sehr einfachen Plots, bietet das Spiele eine Reihe von innovativen Storywendungen.
Alshark (Japan)	Ein junger Mann namens Sion Asmarn lebt mit seinem Vater, einem berühmten Forscher, in der Stadt Cosma auf dem Planeten Homu. Eines Tages fällt ein riesiger Meteorit auf den Planeten. Sions Vater macht sich mit dem Physiker Mamon Penrose auf den Weg, um den Vorfall zu untersuchen. Sion und seine Freundin Shoko, Mamons Tochter, wagen sich in die Schlucht, in die der Meteorit gefallen ist, doch sie sehen, wie Mamon, der offenbar von einer geheimnisvollen Kraft besessen ist, Sions Vater tötet und dann flieht. Entschlossen, Licht in diese schreckliche Angelegenheit zu bringen, begeben sich die beiden jungen Leute auf eine Reise, die sie in verschiedene Ecken des Universums führt.
Ane-san (Japan)	Ane-San ist ein Beat 'em Up mit einer rein weiblichen Besetzung; Sie beginnen mit drei Charakteren (Ai, Chika und Makoto), die alle Mitglieder einer Bande sind, und kämpfen gegen andere Banden, um Ihr Territorium zu erweitern. Je nachdem, mit wem Sie die Bosse besiegen (normalerweise Ai), werden einige von ihnen später zu Ihnen stoßen. Jeder Charakter spielt sich etwas anders und hat einen anderen Spezialzug. Wenn einer der Charaktere in einer Phase KO wird, muss er einen Tag damit verbringen, sich zu erholen (ein Tag ist eigentlich eine Phase), bevor er wieder verwendet werden kann. Werden alle Charaktere gleichzeitig ausgeschaltet, ist das Spiel beendet. Zusätzlich zum Basismodus bietet Ane-San zwei Minispiele und Sie können Ais Zimmer individuell gestalten (was Ihren Charakteren auch verschiedene Stat-Boosts verleiht). Manchmal hat Ai zwischen den Phasen seltsame Träume; es scheint zufällig zu sein.
Asuka 120% Maxima - Burning Fest. Maxima (Japan)	Asuka 120% Maxima Burning Fest ist ein Kampfvideospiel. Die Kulisse ist eine reine Mädchenschule! Es sind 11 spielbare Charaktere enthalten, darunter der versteckte Boss (der einzige männliche Kämpfer im Spiel). Jedes Mädchen repräsentiert einen anderen Teil des Schulprogramms, wie z. B. Chemie, Softball, Volleyball, Tennis usw. Jeder Kämpfer nutzt eine Waffe, die mit seinem Programm verknüpft ist, um seinen Gegner zu besiegen. So haben wir zum Beispiel Tamaki, die Tennisfrau, die ihren Schläger und ihre Bälle benutzt, um ihren Gegner zu schlagen, einschließlich Megumi, die kleine Kawai-Cheerleaderin, die sich mit ihren Pompons austobt oder sogar Kumi, die Turnerin, greift mit ihrem Band usw. an.
Avenger (Japan)	Avenger ist ein vertikal scrollender Shooter, mit dem Sie einen Hubschrauber steuern können. Durchschreiten Sie zahlreiche Phasen des Chaos. Das Waffensystem weicht geringfügig vom Standard ab; Sie wählen den Waffentyp zu Beginn des Levels (Primär-, Sekundär- und Spezialwaffe) und behalten ihn bis zum Beginn des nächsten Levels. Während des Spiels erhalten Sie wenig Kraft, um Ihre Waffen oder Ihren Schild zu verbessern!
Baby Jo - The Super Hero (Japan)	Baby Jo ist ein horizontal scrollendes Plattformspiel. Jo kann Rasseln einsammeln, die auf Feinde (wie Bienen, Rasenmäher oder Spinnen) geworfen werden können. Neben der Sorge um den Gesundheitsverlust des Babys (dargestellt durch ein zunehmend weinerliches Gesicht) wird die Windel des Babys mit der Zeit immer feuchter und auch der Durst nimmt zu. Wenn die Windel zu feucht wird oder das Baby zu durstig wird, verliert der Spieler sofort ein Leben. Daher ist es wichtig, saubere Fläschchen und Windeln zu sammeln.
Bakushou Yoshimoto Shinkigeki (Japan) (FABT)	Das Spiel basiert auf der Comedy-TV-Show Yoshimoto no Shinkigeki, die wiederum auf einer in Osaka und Umgebung beliebten Theater-Comedy-Show basiert. Im Spiel spielen Charaktere die Hauptrolle, die entweder wie die Schauspieler aus der Fernsehserie aussehen und/oder den von ihnen gespielten Charakteren ähneln. Die Show besteht aus kurzen Episoden, die komische Situationen darstellen und in keiner Beziehung zueinander stehen. Das Gleiche gilt auch für das Spiel: Es gibt keine wirkliche Geschichte, sondern nur eine Reihe urkomischer und absichtlich unmöglicher Situationen, in denen sich die Protagonisten befinden.
Battle Shanghai - Dragon's Eye (Japan)	Dragon's Eye ist eine Umsetzung des berühmten chinesischen Brettspiels, das international als Shanghai bekannt ist und Shanghai II: Dragon's Eye sehr ähnlich ist. Das Spiel bietet Versionen von Shanghai und Dragon's Eye für einen oder zwei Spieler, ein Dutzend Spielstein-Layouts mit vier Spielstein-Sets (ein traditionelles Mahjong-Set, ein mittelalterliches Fantasy-Set, Verkehrsschilder und Nationalflaggen; die Genesis-Version hat nur die (die ersten beiden) und mehrere andere Spieloptionen einschließlich Hinweisen.
Bazar de Gozarre no Game de Gozarre (Japan)	Bazaru de Gozaru no Game de Gozaru ist ein Puzzlespiel mit einem Affen-Protagonisten namens Bazaru. Das Konzept des Spiels ähnelt im Entferntesten dem von Lemmings: Die Aufgabe des Spielers besteht darin, die Aktionen des Helden zu „programmieren“, um eine Bühne voller Fallen und Gefahren sicher zu durchqueren. Im Gegensatz zu den Lemmingen gibt es in diesem Spiel nur einen Primaten, den es zu kontrollieren gilt; Außerdem muss die „Programmierung“ des Spielers durchgeführt werden, bevor der Affe losgelassen wird, anders als bei der Echtzeit-Spielereingabe in Lemmings. Der Spieler befiehlt dem Affen im Grunde, an bestimmten Stellen (die auf der Levelkarte durch Ausrufezeichen hervorgehoben sind) zu tun, was er tun soll. Zu Beginn sind die Level kurz und einfach und der Affe kann nur eine Aktion ausführen. Je weiter das Spiel voranschreitet, desto komplexer werden die Rätsel und damit auch die Anzahl der Aktionen, die der Affe ausführen muss, um in Sicherheit zu gelangen.
Beyond Shadowgate (USA)	Dies ist eine Fortsetzung des Abenteuerspiels Shadowgate. Du steuerst Prinz Eric, den Nachkommen des Helden des ersten Spiels. Sie kehren in Ihr Heimatland zurück, nur um festzustellen, dass Ihr Vater ermordet wurde. Du solltest der neue König werden, aber der Minister des verstorbenen Königs hat andere Pläne, beschuldigt dich, deinen eigenen Vater getötet zu haben, und wirft dich ins Gefängnis, wo dein Abenteuer beginnt. Im Gegensatz zum ersten Shadowgate ist dies ein Plattformspiel – kein Actionspiel, sondern ein klassisches Point-and-Click-Abenteuer aus Plattformperspektive. Sie können Ihren Helden bewegen, untersuchen, manipulieren und Objekte nehmen. Sie können sich auch ducken und einen &quot;Punch&quot; -Befehl haben. Finden Sie die richtigen Lösungen für die Rätsel des Spiels, sonst erwartet Sie ein grausamer Tod!
Bishoujo Senshi Sailor Moon (Japan)	Sailor Moon war der Titel eines Videospiels, das 1994 in Japan für die PC-Engine-Konsole veröffentlicht wurde. Das Spiel war eine interaktive Geschichte mit Charakteren und Synchronsprechern aus dem Anime sowie einigen Originalcharakteren. Die Lieder „Koisuru Otome wa Makenai“ und „Onaji Hoshi ni Umareta Futari Dakara“ wurden speziell für dieses Spiel geschrieben. Von jedem Lied erschien eine gekürzte Version im Spiel, während Vollversionen auf der Single „Sailor Moon: PC Engine Theme Songs“ verfügbar waren.
Black Hole Assault (Japan)	„Blackhole Assault“ spielt im 22. Jahrhundert. Die Erdtechnologie ist so weit fortgeschritten, dass die Erforschung des unmittelbaren Sonnensystems nicht nur möglich, sondern aufgrund begrenzter Ressourcen auch notwendig ist. Menschen versuchen, Ressourcen im gesamten Sonnensystem zu ernten, geraten jedoch in Schwierigkeiten mit außerirdischen Eindringlingen. Es liegt an einer kleinen menschlichen Streitmacht, die die Bedrohung durch die Konfrontation mit den Außerirdischen erkennt und versteht.
Blood Gear (Japan)	Blood Gear ist ein Rollenspiel/Actionspiel. Das allgemeine Gameplay-System ähnelt in gewisser Weise dem der Exile-Serie: Die Erkundung der Stadt erfolgt in der standardmäßigen „RPG-ähnlichen“ Ansicht, während alle feindlichen Gebiete als horizontale Scroll-Levels dargestellt werden, manchmal mit ausgefeilten Plattformstrukturen. Der Spieler kämpft in Echtzeit gegen feindliche Roboter, wie in einem klassischen Side-Scrolling-Actionspiel. Von Spielern gesteuerte angetriebene Geräte können mit verschiedenen Waffen ausgestattet werden. Nahkampf- und Fernkampfwaffen (Pistolen, Sturmgewehre, Laserpistolen usw.) können in Geschäften gekauft oder bei der Erkundung feindlicher Gebiete gefunden werden. Die Gesundheit wird mit Reparatursätzen unterschiedlicher Wirksamkeit wiederhergestellt, die auch von Feinden gekauft, gefunden oder zufällig fallen gelassen werden können.
Bomberman - Panic Bomber (Japan) (FAAT)	Panic Bomber ist ein Puzzlespiel mit fallenden Blöcken, das ein wenig an Puyo-Puyo-Spiele erinnert: Anstelle von Tetris-ähnlichen abstrakten Blöcken fallen kleine farbige Köpfe herunter und müssen durch Drehen und Anpassen in Dreierreihen (vertikal oder horizontal) angeordnet werden mit anderen Köpfen der gleichen Farbe. In diesem Fall gehören die Köpfe eindeutig zur Titelfigur der Bomberman-Reihe.
Bonanza Bros. (Japan)	Mobo und Robo Bonanza sehen sich gerade ihre Lieblingsfernsehsendung an, als das Bild zu knistern beginnt und auf dem Bildschirm der Schatten eines mysteriösen Unbekannten erscheint. Dieser fordert sie auf, bestimmte Gegenstände einzusammeln, die er im Inneren verschiedener Gebäude platziert hat, um seine Sicherheitsstärke zu testen. Wenn sie die Gegenstände erfolgreich zurückbringen, werden Mobo und Robo belohnt. Beide erklären, dass sie die Arbeit in nur drei Minuten erledigen werden. Allerdings ahnen sie nicht, dass jedes Gebäude mit Sicherheitsbeamten gespickt ist, die Alarm schlagen, wenn sie auf frischer Tat ertappt werden. Sie müssen also alle Schätze einsammeln, bevor Sie die Gebäude verlassen, und alle Sicherheitsbeamten erschießen, die sich Ihnen in den Weg stellen. Denken Sie daran, dass Sie nur eine begrenzte Zeit zur Verfügung haben. Eine Karte des Spiels hilft Ihnen dabei, die Schätze zu finden.
Bonk III - Bonk's Big Adventure (USA)	Der Held mit dem harten Schädel kehrt in dieser dritten Folge der populären Bonk-Serie zu noch mehr horizontal scrollender Action zurück.Erneut muss Bonk den gnadenlosen Plan König Drools vereiteln, indem er sieben Runden im Königreich der Dinosaurier übersteht, von denen jede voller verrückter Fallen und comicartiger Gegner steckt.Schnapp dir zudem eine Propeller-Blume oder tausche 16 „Smileys“ zum Ende einer Runde, um bis zu acht verschiedene Bonusrunden spielen zu können.Mittels neuer roter oder blauer Süßigkeiten-Items lässt sich die Größe von Bonk ändern. Je nach Situation hilft dir das, dir den Weg durch Sackgassen zu bahnen oder schwer erreichbare Objekte zu erhalten.Und das ist noch nicht alles! Besiege im neuen Modus für zwei Spieler König Drool zusammen mit einem Freund!
Browning (Japan)	Browning ist ein Side-Scrolling-Shooter. Der Spieler steuert einen riesigen Roboter, der mit einem einzigen Gewehr (mit unbegrenzter Munition) ausgestattet ist, und muss gegen Wellen von Feinden (hauptsächlich vom Robotertyp) und schließlich gegen einen Boss kämpfen. Der vom Spieler gesteuerte Roboter hat die Fähigkeit, im Level zu schweben (der Spieler muss mehrmals einen Knopf drücken, damit der Roboter die Höhe beibehält). Die Lebenspunkte des Roboters hängen vom Zustand seines Schildes ab. Wenn der Roboter still bleibt, lädt sich die Energie des Schildes langsam wieder auf. Der vollständige Energieverlust des Schildes macht den Roboter so verwundbar, dass er beim nächsten Treffer zerstört wird.
BuilderLand - The Story of Melba (Japan)	Builderland, ein weiteres Westernspiel, das von Micro World auf die PC Engine umgestellt wurde, hat ein ähnliches Konzept wie das berüchtigte Lemmings und erfordert ebenso scharfsinnige Voraussicht und Reaktionen. Ziel ist es, Ihren kleinen Kumpel über die riesige Spielfläche zu begleiten, ohne dass er stecken bleibt, verbrennt, von Schafen gefressen wird usw. Dazu können Sie verschiedene Gegenstände, die in der Landschaft verstreut sind, wie zum Beispiel Blöcke zum Füllen, aufheben und bewegen B. in Lücken oder schaffen Sie praktische Hänge, Bomben, um Bereiche der Karte zu zerstören und so weiter. Die ganze Zeit über schreitet Ihr rothaariger Freund mit alarmierender Geschwindigkeit seinem Untergang entgegen. Zum Glück können Sie die Aktion einfrieren, um sich etwas Luft zum Jonglieren zu verschaffen. Dies ist jedoch auf einen Timer beschränkt, der oben auf dem Bildschirm langsam herunterzählt.
Buster Bros. (USA)	Ihr Ziel ist es, die Ballons zu zerstören, die über das Spielfeld springen. Um dies zu erreichen, können Sie auf Haken schießen, die sich nach oben bewegen, und jeden Ballon aufblasen, den sie berühren. Abhängig von ihrer Größe teilen sie sich entweder auf zwei kleinere auf oder verdunsten, wenn sie ihre Mindestgröße erreicht haben. Abgesehen von Ballons gibt es in einigen Levels auch Barrieren, die mit Ihren Haken zerstört werden müssen, da sie Ihnen oft den Zugang zu Ballons versperren. Es gibt auch einige Barrieren, die niemals zerstört werden können. Ihr Charakter kann Leitern erklimmen, aber nicht springen.
CAL II (Japan)	Sie sind Wataru Ishibashi, ein Oberschüler im modernen Japan. Bis vor kurzem führten Sie ein ganz normales Leben und genossen die Beziehung zu Ihrer charmanten Freundin Mika. Doch kurz vor der Abschlussfeier hatten Sie eine seltsame Vision, die Sie zunächst für einen Traum hielten. Doch als Venus, die Göttin der Liebe, sich bei Ihnen meldet, wird Ihnen klar, dass Mika von Aeon, der Göttin der Zeit, entführt und in das Reich der Zeit versetzt wurde. Nun müssen Sie sich in die legendäre Traumwelt der schönen Göttinnen begeben und Mika zurückholen. Cal II präsentiert sich als ein Abenteuerspiel im japanischen Stil mit Elementen einer visuellen Novelle. Sie lesen den Text und können manchmal zwischen verschiedenen Aktionen wählen. Außerdem gibt es eine &quot;Weltkarte&quot;, auf der Sie Ihren Charakter aus der Vogelperspektive navigieren und die verschiedenen Orte in der von Ihnen bevorzugten Reihenfolge besuchen.
CAL III - Kanketsu-hen (Japan)	Zwei Jahre sind vergangen, seit Wataru Ishibashi, ein gewöhnlicher Oberschüler im modernen Japan, die magische Welt der schönen Göttinnen besucht und seine Freundin Mika gerettet hat. Es scheint, als könne er nun endlich friedliche Stunden mit seiner Geliebten verbringen. Doch eines Tages taucht seine alte Freundin Ches, eine hübsche Fee mit katzenähnlichem Aussehen, in seinem Zimmer auf und ruft ihn in die Welt der Götter. Es scheint, dass Venus, die Göttin der Liebe, aufgrund unvorhergesehener Ereignisse, die zum Ausbruch des Trojanischen Krieges geführt haben, in Schwierigkeiten steckt. Wataru steht kurz davor, ein neues Abenteuer in der Welt der Götter und der alten Kulturen zu beginnen. Cal III ist ein Abenteuerspiel im japanischen Stil mit den Merkmalen eines visuellen Romans. Der Spieler interagiert mit den Charakteren und hat mehrere Dialog- oder Handlungsoptionen zur Auswahl. Es gibt keine weitere Interaktion mit der Umgebung, und der Fortschritt ist streng linear.
Camp California (USA)	Camp California ist das zweite und letzte Spiel, das auf dem kurzlebigen Multimedia-Eigentum mit dem gleichen Namen basiert und eine Gruppe anthropomorpher Tiere enthält, die die offiziellen Maskottchen der Surf-Rock-Gruppe The Beach Boys sind. Im Spiel entdecken die Surfer des Camp California-Teams, dass ihr Lieblingsstrand an einen Bösewicht namens Big Cheese verkauft wurde, der plant, in der Gegend ein Atomkraftwerk zu bauen. Der Plan der Bande: ein Benefizkonzert veranstalten, um genug Geld für den Strandkauf zu sammeln. Leider erfährt Big Cheese von dem Plan und schickt seine Handlanger, die Ratz, los, um die Crew zu entführen, ihre Instrumente zu stehlen und Woody, dem vertrauenswürdigen Fahrzeug der Bande, die Reifen abzunehmen. Glücklicherweise surfte Byron Bear, während dies geschah, und jetzt liegt es an ihm, seine Freunde zu retten und die Reifen und Instrumente zu bergen.
Cardangels (Japan)	Cardangels ist ein Kartenspiel. Es stehen vier Arten von Kartenspielen zur Verfügung: Poker, Blackjack, Speed ​​und Babanuki (eine Variante von Lousy). Eine Slot-ähnliche Einleitung bestimmt, welche Spiele gegen welche Gegner gespielt werden. Der Spieler kann die Anzahl der Runden (mindestens zehn) auswählen, die erforderlich sind, um ein Spiel zu gewinnen und zum nächsten Gegner aufzusteigen. Der Freispielmodus ermöglicht es dem Spieler, die Spielart aktiv zu wählen, allerdings ist die Anzahl der verfügbaren Gegner geringer. Gegner ziehen sich aus, nachdem sie ein Spiel verloren haben. Allerdings tragen sie ihre Unterwäsche, es gibt keine explizite Nacktheit im Spiel.
CD Denjin - Rockabilly Tengoku (Japan)	Nach dem Erfolg von PC Denjin springt unser Held mit einem ganz neuen Spiel und einem ganz neuen Soundtrack auf die CD. Wenn Sie über die verschiedenen Landschaften fliegen (Sie können wählen, in welcher Reihenfolge Sie die ersten vier Level spielen), treffen Sie auf Flutwellen, riesige Roboter und eine allgemeine Reihe von bösen, aber niedlichen Bösewichten, wie Sie es erwarten würden. Die Pflanzen aus den ursprünglichen PC-Kid-Spielen sind immer noch da, um Freude zu bereiten, wie zusätzliche Feuerkraft, Smiley-Fontänen oder den winzigen Denjin, der das Ausweichen von Kugeln ein bisschen einfacher macht. Ein weiterer praktischer kleiner Trick ist, dass Ihre Stiefel auch einen Schlag austeilen können, sodass es wahrscheinlicher ist, dass Sie sie beseitigen, wenn Sie sich gegen einen Feind wehren, als dass Sie dauerhaften Schaden anrichten. Auf halbem Weg durch jedes der Levels haben Sie die Möglichkeit, einen Freund zu retten, der sich Ihnen dann anschließt und Ihnen eine bestimmte zusätzliche Fähigkeit verleiht. Diese Freunde sind pro Level voreingestellt und können nicht ausgewählt werden, und sie ermöglichen Dinge wie schnelles Sushi-Feuer und praktische Schüsse von hinten.
Chiki Chiki Boys (Japan)	Keiner in der friedlichen Stadt Alurea war darauf vorbereitet, als die Monster angriffen. Dunkle und ekelerregende Kreaturen befallen den Ort und vernichten alle seine Bewohner. Nun ja, fast alle von ihnen. Am selben Tag brachte die Königin Zwillinge zur Welt! Heute sind die Söhne von König Chiki Chiki erwachsen und bereit, denen, die einst ihre Stadt abschlachteten, ein Ende zu setzen. Wählen Sie zwischen der Rolle von Chiki Boy 1, einem Meisterschwertkämpfer wie sein Vater, oder Chiki Boy 2, der, ähnlich wie seine Mutter, ein großer Kenner der Magie geworden ist. Speichern Sie die drei Welten - Erde, Luft und Wasser - in der von Ihnen gewünschten Reihenfolge. Das Wichtigste ist, dass Sie Ihr ultimatives Ziel erfüllen: Bringen Sie den Frieden zurück in Ihr Land und geben Sie das Königreich an seine wahren Erben zurück!
Chou Aniki (Japan) (FAAT, FACT)	Die seltsame Welt in diesem Shooter sorgte seinerzeit für Gesprächsstoff. Die Spieler steuern entweder Idaten oder Benten, himmlische Krieger, die darauf aus sind, der tyrannischen Herrschaft des Kaisers von Planet Builder ein Ende zu setzen, der Muskelkraft für die höchste Tugend des Universums hält. Unterstützt von den kräftigen Muskelköpfen Adon und Samson müssen sie in fünf Levels darum kämpfen, die Armee des Kaisers zu besiegen. Benutze die Knöpfe, um abzufeuern und dich den Kräften des Baumeisters zu stellen! Stärken Sie Ihren Charakter und Ihre Optionen mit Proteinen von besiegten Feinden, damit sie sich mit einem Schrei „ansammeln“ und ihren Macho-Kampf auf die nächste Stufe bringen!
Chou Eiyuu Densetsu - Dynastic Hero (Japan)	The Dynastic Hero (Wonder Boy in Monster World) auf der TurboGrafx-CD ist eine Mischung aus Rollenspiel und Action, in der Sie in die Rolle eines Prinzen schlüpfen, der für die Befreiung eines ganzen Königreichs verantwortlich ist, das unter das Joch einer Insektenarmee gefallen ist. Ihr Charakter kann seine Fähigkeiten verbessern, indem er seine Ausrüstung verbessert: Schwert, Schild, Stiefel und Rüstung. Sammeln Sie Erfahrung, indem Sie Schlachten gewinnen, und verteilen Sie diese auf Angriffspunkte, Verteidigungspunkte und Spezialpunkte.
Chou Jikuu Yousai Macross 2036 (Japan)	Macross 2036 ist ein horizontal scrollender Shooter, der im Universum der Macross-Anime-Serie spielt. Der Spieler übernimmt die Kontrolle über eine der Nebenfiguren der Serie, die Pilotin Mylene Jenius, die den Raumjäger Veritech steuert und gegen Schiffe und Robotersoldaten der außerirdischen Zentradi-Rasse kämpft. Das vom Spieler gesteuerte Raumschiff ist mit einer Vulkankanone (die mit Power-Ups aufgerüstet werden kann) und Bomben ausgestattet, die gleichzeitig abgefeuert werden. Eine weitere Taste steuert eine Spezialwaffe, die der Spieler zwischen den Leveln für Punkte (die für das Besiegen von Feinden vergeben werden) kaufen kann.
Color Wars (Japan)	Color Wars ist ein Puzzlespiel, bei dem bis zu vier Spieler versuchen zu gewinnen, indem sie farbige Bälle auf Stangen legen und benachbarte Bälle in ihre Farbe umwandeln. Jede Bühne besteht aus einem drehbaren 3D-Bildschirm, der mehrere Stangen gleicher Höhe enthält. Die Spieler legen abwechselnd Bälle auf diese Stangen. Benachbarte Kugeln (horizontal, vertikal oder diagonal) können „eingefangen“ werden und dadurch ihre Farbe ändern. Für jeden Ball jeder Farbe werden Punkte vergeben. Die Runde endet, wenn auf den Stangen kein Platz mehr zum Ablegen von Bällen mehr vorhanden ist und der Spieler mit den meisten Punkten gewinnt. Der Story-Modus beginnt mit einer Einführung, die einen mächtigen Dämon darstellt, der nur durch eine Reise in die Farbwelt besiegt werden kann; Ein junger Pilot wagt sich dorthin und muss in jeder Phase des Color Wars-Spiels Gegner besiegen. In diesem Modus tritt ein Spieler gegen drei KI-gesteuerte Gegner an. Im kostenlosen Modus können außerdem vier menschliche Spieler gegeneinander antreten. Der Zwei-Spieler-Modus kann entweder von zwei menschlichen Spielern oder von einem Spieler gegen die Computer-KI gespielt werden.
Cosmic Fantasy 2 (USA)	Van ist ein kleiner Junge, der auf dem Planeten Idea lebt, einem Ort, an dem die Technologie noch kein hohes Niveau erreicht hat. Eines Tages wird seine Geliebte Laura von einem unbekannten Bösewicht entführt. Van entdeckt bald, dass Laura mysteriöse Kräfte besitzt, die demjenigen, der sie heiratet, Unsterblichkeit verleihen könnte. Genau das hat der böse Zauberer Galam im Sinn. Van macht sich auf den Weg, um Laura zu retten, auf einer Suche, die intergalaktische Reisen und Reisen durch die Zeit beinhaltet. Cosmic Fantasy 2 ist eine Fortsetzung von Cosmic Fantasy: Bōken Shōnen Yū und der einzige Teil der Serie, der im Westen veröffentlicht wurde. Obwohl das Spiel zunächst nicht direkt mit seinem Vorgänger in Bezug auf die Geschichte verwandt ist, weist es mehrere gemeinsame Charaktere und Themen auf.
Cosmic Fantasy 2 - Bouken Shounen Ban (Japan)	Van ist ein kleiner Junge, der auf dem Planeten Idea lebt, einem Ort, an dem die Technologie noch kein hohes Niveau erreicht hat. Eines Tages wird seine Geliebte Laura von einem unbekannten Bösewicht entführt. Van entdeckt bald, dass Laura mysteriöse Kräfte besitzt, die demjenigen, der sie heiratet, Unsterblichkeit verleihen könnte. Genau das hat der böse Zauberer Galam im Sinn. Van macht sich auf den Weg, um Laura zu retten, auf einer Suche, die intergalaktische Reisen und Reisen durch die Zeit beinhaltet. Cosmic Fantasy 2 ist eine Fortsetzung von Cosmic Fantasy: Bōken Shōnen Yū und der einzige Teil der Serie, der im Westen veröffentlicht wurde. Obwohl das Spiel zunächst nicht direkt mit seinem Vorgänger in Bezug auf die Geschichte verwandt ist, weist es mehrere gemeinsame Charaktere und Themen auf.
Daisenpuu Custom (Japan)	Twin Hawk ist ein typischer vertikal scrollender Shooter mit Draufsicht. Ihr Ziel ist einfach: Erschießen Sie alle Feinde auf dem Weg. Sie erhalten in Ihrem Flugzeug nur eine Standardwaffe und keine Bomben. Anstelle von Bomben kann man auch Hilfsflugzeuge rufen. Diese Flugzeuge bilden eine Formation um Sie herum und helfen dabei, alle Feinde abzuschießen. Unterwegs haben Sie die Möglichkeit, Power-Ups zu sammeln, indem Sie auf Transporter schießen. Wenn diese zerstört werden, lösen sie ein Power-Up aus. Es gibt drei Arten. Erstens gibt es ein Waffen-Upgrade, mit dem Sie einen breiteren und kraftvolleren Schuss erhalten. Zweitens erhalten Sie mehr Anrufe für Hilfsflugzeuge. Und drittens sind Extraleben.
Davis Cup Tennis, The (Japan)	Beim Tennis Cup handelt es sich um ein Tennisspiel mit geteiltem Bildschirm, bei dem die Kamera nah am Rücken des Sportlers positioniert ist. Die verfügbaren Spielmodi sind Freundschaftsspiel (einzeln oder doppelt), Training, Davis Cup oder die vier Grand-Slam-Turniere. Der Spieler steuert entweder einen der 32 verfügbaren Tennissportler oder erstellt einen neuen. Dann gibt es 30 Punkte, die auf die Fähigkeiten (z. B. Vorhand oder Volleys) aufgeteilt werden müssen. Dieser Athlet kann auf der Festplatte gespeichert und im Laufe der Zeit weiter verbessert werden. Bei Schaukämpfen kann der Gegner auf die gleiche Weise aufgebaut werden. Das Spiel beinhaltet verschiedene Trefferarten, abhängig von der Position und dem Timing des Spielers. Auch die Richtung des Balles kann bei der Ausführung eines Schlages beeinflusst werden. Es gibt vier verschiedene Oberflächen, die das Gameplay beeinflussen, und drei Schwierigkeitsgrade.
De-Ja (Japan)	DE-JA ist ein Remake des gleichnamigen Computerspiels, eines Detektiv-/Mystery-Abenteuers im japanischen Stil mit Szenen für Erwachsene. Das Remake enthält Grafiken von höherer Qualität. Einige Orte oder Charaktere wurden von Grund auf neu gezeichnet. Die Dialoge wurden mit Synchronsprechern versehen. Einige Filmsequenzen wurden hinzugefügt oder verändert, indem animierte Sequenzen einbezogen wurden.
Dead of the Brain 1&2 (Japan)	Dead Of The Brain 1&2 est une compilation de jeux déjà parus sur divers systèmes, notamment les PC japonais. Cette version est la dernière sortie commerciale officielle sur PC Engine. Il s'agit d'un jeu d'aventure horrifique.
Death Bringer - The Knight of Darkness (Japan)	Das Land Mezron ist in Aufruhr. Der böse Zauberer Azazael wurde wiederbelebt und ist nun auf der Suche nach fünf Edelsteinen, die ihm die ultimative Macht verleihen sollen. Sie sind ein Abenteurer, der die Aufgabe hat, den Zauberer aufzuhalten. Auf Ihrem Weg müssen Sie sich mit Quallen, bösen Priesterinnenkulten und vielen untoten Gegnern auseinandersetzen. Das Spiel bietet eine 3D-Ansicht der Welt, die wie in vielen anderen RPGs dieser Zeit, z. B. Bard's Tale oder Dungeon Master, Schritt für Schritt erkundet werden kann.
Dekoboko Densetsu - Hashiru Wagamanmaa (Japan)	Dieses niedliche Rennspiel ermöglicht es Ihnen, mit bis zu 5 Spielern gleichzeitig zu spielen (mittels Multi-Tap). Das Ziel besteht darin, auf verschiedenen automatisch scrollenden Strecken Rennen zu fahren und dabei allen möglichen seltsamen Objekten wie nackten Badegästen, riesigen Robotern und Rambo-Klonen auszuweichen. Am Ende jedes Rennens werden Punkte für Ihre Platzierung vergeben und Sie können diese ausgeben, um Ihr Auto mit einer Auswahl an Waffen aufzurüsten, die Sie gegen Ihre Gegner einsetzen können.
Doraemon - Nobita no Dorabian Night (Japan)	Basierend auf der beliebten Doraemon-Reihe folgt „Nobita no Dorabian Night“ den Abenteuern der titelgebenden Roboterkatze, die versucht, ihre Freunde aus verschiedenen Zeitepochen zu retten. Wie ist das passiert? Natürlich wegen Nobita, Doraemons bester Freundin und außergewöhnlichem Geek. Als Nobita seinen Freunden eine Zeitmaschine zeigte, ging etwas schief, sodass sie in feindlichen Welten strandeten, und nun ist es Doraemons Aufgabe, sie zu retten! Das Spiel ist ein traditioneller Plattformer; Doraemons Hauptaktivitäten bestehen darin, durch die Level zu springen und Feinde zu eliminieren, die versuchen, ihn aufzuhalten. Doraemon beginnt mit einer gewöhnlichen Waffe, findet aber später andere Waffen, darunter einen zielsuchenden Bowlingballwerfer und einen Elektroschocker. Er kann auch verschiedene Power-Ups sammeln, wie z. B. begrenzte Unbesiegbarkeit, hohe Geschwindigkeit, einen Gegenstand, der alle Feinde im Level für kurze Zeit einfriert usw. Es ist jederzeit möglich, Waffen und Power-Ups zu wechseln.
Double Dragon II - The Revenge (Japan)	Die Arcade-Version von Double Dragon II: The Revenge beginnt damit, dass Marian, die in Not geratene Jungfrau aus dem ursprünglichen Double Dragon, vom Anführer der Black Warriors erschossen wird. Erneut schlüpfen die Spieler in die Rolle der Brüder Billy und Jimmy Lee, denen nun die Aufgabe übertragen wird, Marians Tod zu rächen. Die Arcade-Version des Spiels ist im Wesentlichen eine verbesserte Version des Originaltitels. Die größte Änderung in der Steuerung des Spiels besteht darin, dass die Schlag- und Tritttasten des Originals durch zwei richtungsbasierte Angriffstasten (Linker Angriff und Rechtsangriff) ersetzt wurden, ähnlich wie bei Renegade. Durch Drücken der Angriffstaste in der aktuellen Richtung des Spielers wird eine Standardserie von Schlägen ausgeführt, während durch Drücken der entgegengesetzten Angriffstaste ein Rückstoß ausgeführt wird. Es wurden auch einige neue Bewegungen hinzugefügt, darunter ein Hurricane Kick.
Doukyuusei (Japan) (Rev 3)	In Doukyuusei übernimmt der Spieler die Rolle eines Oberschülers in einer japanischen Stadt. Seine Eltern sind gerade in ein großes Herrenhaus in einer guten Gegend gezogen. Der Junge muss in die neue Schule gehen, aber sein Geist beschäftigt sich nur mit einem einzigen Thema: hübsche Mädchen. Anstatt ernsthaft zu lernen, beschließt Takurou, die Stadt zu erkunden und mehr über ihre Bewohnerinnen zu erfahren. Doukyuusei ist interaktiver als die meisten anderen japanischen Abenteuerspiele. Es verwendet die Point-and-Click-Oberfläche (mit kontextabhängigen Symbolen zum Sprechen, Berühren usw.) und bietet eine freie Navigation von oben nach unten durch die Stadt und das Schulgebäude. Der Held kann Restaurants, Geschäfte, Cafés usw. betreten. Es ist auch möglich, mit einem Zug in einen anderen Stadtteil zu fahren und diesen zu erkunden.
Down Load 2 (Japan)	Download 2 ist ein horizontaler Shooter. Nec Avenue erkannte zweifellos an, dass der größte Vorteil des Spiels die einzigartige und innovative Fähigkeit sei, in computerisierte Cyber-Space-Welten einzutauchen. Diese Fortsetzung folgt der gleichen Formel, bietet aber auch eine der wahrscheinlich elektrisierendsten Handlungsstränge, die jemals für ein Videospiel geschrieben wurden. Das Gehirn von Adolf Hitler wurde von Terroristen in einem Computer-Großrechner digitalisiert und Syd, ein Elite-Cyber-Taucher und Protagonist des Spiels, begibt sich auf eine gefährliche Reise, um die bevorstehende Bedrohung aufzuhalten und zu zerstören. An Bord seines Schiffes fliegt Syd mit Hilfe der niedlichen Deva durch neun von Feinden verseuchte Gebiete und taucht in abstrakte und herausfordernde Cyberwelten ein. Auf Knopfdruck stehen ihm vier verschiedene Waffen zur Verfügung: eine Mehrzweck-Vulkankanone, breite Laserstrahlen, gestreute Ziellaser und eine Blitzkanone mit kurzer Reichweite. Jede Waffe kann insgesamt dreimal aufgeladen werden, indem „P“-Pods gesammelt werden, die auf dem Bildschirm erscheinen, während „S“-Pods die Gesamtgeschwindigkeit des Schiffs erhöhen. Im Laufe des Spiels stehen weitere Spezialgegenstände zur Verfügung, etwa intelligente Bomben und Schutzschilde.
Downtown Nekketsu Koushinkyoku - Soreyuke Daiundoukai (Japan)	Ein weiterer Tag an der Nekketsu High, ein weiteres Gang-Turnier ... aber dieses Mal ist es anders! Ein wohlhabender Schulleiter hat allen Schulbanden die Aufgabe gestellt, in einem speziellen Hindernisparcours gegeneinander anzutreten, der aus vier verschiedenen Herausforderungen besteht, die Sie und Ihr Team bewältigen müssen. Zuerst steht ein Rennen über die Straßen (und Dächer) der Stadt an, dann folgt ein Hindernisparcours voller gefährlicher Gefahren, dann eine Sprungherausforderung, bei der Sie eine Reihe von Metallkugeln zerschlagen müssen, und schließlich ein gnadenloses Kampfturnier. Das Spiel verwendet die gleiche Engine und grundlegende Spielmechanik wie andere Nekketsu High-Spiele. Die einzige Änderung besteht in den Zielen, die Sie erfüllen müssen, um jede Stufe zu meistern. Da es sich bei den Charakteren um Bandenmitglieder handelt, kann das Kämpfen und Besiegen der Gegner eine praktikable Möglichkeit sein, die Herausforderungen zu gewinnen. Daher sind in den Kursen auch mehrere Waffen und Power-Ups zu finden.
Downtown Nekketsu Monogatari (Japan)	Es ist ein Remake von River City Ransom vom NES für den PCE. Es stammt ursprünglich von Technos und wurde von Naxat Soft konvertiert. Es ist ein Beat 'em Up mit wenigen RPG-Elementen; Sie können Gegenstände wie Essen, Getränke, Kaffee und andere Gegenstände kaufen, die Ihnen bei Ihrem Abenteuer helfen. Wenn du einen Feind tötest, erhältst du Münzen. Sie können Ihr Spiel jederzeit speichern. Die Charaktere sind klein, aber die Hintergründe sind farbenfroh und gut gezeichnet.
Dragon Ball Z - Idainaru Son Gokuu Densetsu (Japan) (FABT)	In Idainaru Son Goku Densetsu erzählt Goten zusammen mit anderen Charakteren Goten von den Kämpfen ihres verstorbenen Vaters Goku. Das Spiel veranschaulicht Gokus sieben größte Schlachten: Kampf gegen den Söldner Tao, Herausforderung von Tien Shinhan beim World Martial Arts Tournament, Zerstörung von König Piccolo, Kampf gegen Piccolo beim 23. World Martial Arts Tournament, Schutz der Erde vor Vegeta, Rettung von Namek vor Frieza und Opferung seines Lebens um die Welt vor Perfect Cell zu retten. Das Spiel lässt dem Spieler nicht die vollständige Kontrolle über Goku zu, sondern wählt stattdessen aus, ob er in der Offensive, in der Defensive, im Power-Up oder im Rennen agiert. Es gibt auch Zwischensequenzen, die mitten im Kampf passieren können und durch bestimmte Aktionen aus der Serie ausgelöst werden, beispielsweise wenn Goku Taos Schwert mit dem Strommast zerbricht.
Dragon Knight III (Japan)	Diese Version von Dragon Knight III basiert auf der früheren Computer-Version, die im Westen als Knights of Xentar bekannt ist. Während die Geschichte, der grafische Stil und die grundsätzliche Anordnung der Schauplätze der Computerversion beibehalten wurden, weist diese Version wesentliche Unterschiede im Gameplay auf. Die Kämpfe laufen nicht in Echtzeit ab, sondern sind rundenbasiert, und es wird eine andere Perspektive verwendet; zufällig auftretende Feinde werden in der Ich-Perspektive bekämpft. Auch das Design der Gegner ist ganz anders: Viele der Monster aus der Originalversion wurden durch weibliche Charaktere ersetzt. Die Grafik in den Top-Down-Bereichen wurde leicht verbessert. In dieser Version wurde auch der Inhalt für Erwachsene zensiert. Die Szenen sind zwar immer noch suggestiv, aber es gibt keine explizite Nacktheit mehr in ihnen. Einige der Zwischensequenzen wurden komplett neu gezeichnet, so dass selbst angedeutete sexuelle Handlungen entfernt wurden.
Dragon Slayer - The Legend of Heroes (USA)	Dragon Slayer: The Legend of Heroes ist ein RPG für PC Engine. Du spielst als Prinz Selios/Logan. Während einer Prüfung, die dich zum Krieger machen soll, wird das Königreich deines Vaters von wilden Monstern angegriffen. Von allen Seiten von deinen ehemaligen Verbündeten verraten, musst du Gefährten rekrutieren, um dein Land zu befreien.
Dungeon Explorer II (USA)	Diese Fortsetzung von Dungeon Explorer spielt sich genauso wie der erste Teil. Sie haben Ihren Charakter aus einer Vielzahl von Fantasy-Stereotypen ausgewählt und sich in ein Abenteuer im Genter Stil eingeführt. Das CD-Format ermöglicht eine immer größere Vielfalt an Levels; Im Laufe Ihres Fortschritts eröffnen sich Ihnen neue Bereiche und Charaktere.
Dungeon Master - Theron's Quest (USA)	Erschreckend brutale Bestien! Monströse Labyrinthe! Verräterische Abgründe des Bösen! Das Abenteuer Ihres Lebens ist da ... Therons Quest!! Das Kloster Ya-Brodin ist dem Kult des Todes zum Opfer gefallen und die Bruderschaft der Aufklärung, die wahren Hüter der Magie, wurde abgeschlachtet. Die sieben großen Schätze liegen nun in den Händen abscheulicher Wesen, die vor nichts zurückschrecken, um ihre gewaltigen Kräfte zu behalten. Doch Theron hat mit unglaublichem Mut beschlossen, den Kult des Todes aufzuspüren und die Schätze zurückzugewinnen. Wenn er Erfolg hat, wird er ein Hoher Lord. Wenn nicht, wird das Land ewige Dunkelheit erleben.
Dynastic Hero, The (USA)	The Dynastic Hero (Wonder Boy in Monster World) auf der TurboGrafx-CD ist eine Mischung aus Rollenspiel und Action, in der Sie in die Rolle eines Prinzen schlüpfen, der für die Befreiung eines ganzen Königreichs verantwortlich ist, das unter das Joch einer Insektenarmee gefallen ist. Ihr Charakter kann seine Fähigkeiten verbessern, indem er seine Ausrüstung verbessert: Schwert, Schild, Stiefel und Rüstung. Sammeln Sie Erfahrung, indem Sie Schlachten gewinnen, und verteilen Sie diese auf Angriffspunkte, Verteidigungspunkte und Spezialpunkte.
Efera & Jiliora - The Emblem from Darkness (Japan)	„Efera & Jiliora: The Emblem From Darkness“ erzählt die Geschichte der Söldnerinnen Efera und Jiliora, die nach ihrer Flucht von einem Sklavenschiff in den Besitz eines mächtigen Wappens gelangen. Dieses wurde einem Prinzen und einer Prinzessin gestohlen, die von einem bösen Kult entführt wurden, der eine mächtige Gottheit verehrt. Efera und Jiliora machen sich auf, die königlichen Nachkommen zu retten und den Kult zu besiegen. Der Spieler erkundet feindliche Gebiete, sammelt Erfahrungspunkte und Geld, um bessere Ausrüstung und Gegenstände zu erwerben, und bekämpft Feinde, während er die beiden Heldinnen auf ihrer Mission begleitet. Efera setzt heilende und offensive Magie ein, während Jiliora auf ihre Kampfkraft und spezielle Ringe zurückgreift.
Emerald Dragon (Japan)	In Emerald Dragon übernimmt der Spieler die Kontrolle über Atrushan, einen blauen Drachen, der in der Drachenwelt lebt. Eines Tages entdecken er und seine Freunde ein Schiffswrack in der Nähe eines Berges. Nachdem die Drachen das Wrack untersucht haben, finden sie ein Menschenkind - ein kleines Mädchen. Der weise Weiße Drache, der Anführer der Drachen, sagt ihnen, dass ihr Name Tamryn ist und dass sie eine wichtige Rolle in ihrem Leben spielen wird. Das Mädchen erinnert sich an nichts und wächst zusammen mit den Drachen auf. Doch als sie fünfzehn Jahre alt wird, beschließt sie, in ihre Heimat - die Menschenwelt - zurückzukehren. Kurz nachdem Tamryn gegangen ist, merkt Atrushan, dass er die Trennung nicht ertragen kann, und bittet den Weißen Drachen, ihm zu erlauben, Tamryn in der Menschenwelt zu suchen. Doch ein mysteriöser böser Fluch liegt auf den Drachen - sie können nicht in ihrer wahren Gestalt unter den Menschen erscheinen.
Exile (USA)	Nachdem er den Kalifen besiegt hat, kehrt Sadler in sein Heimatdorf zurück, wo er von seinen Meuchelmörderkameraden empfangen wird. Ein Spion der Kreuzritter wurde außerhalb des Dorfes aufgespürt. Als Sadler seiner Spur folgt, trifft er auf den mächtigen Anführer der Templer. Gemeinsam reisen sie durch verschiedene Länder der Welt und versuchen, ein mysteriöses heiliges Artefakt zu finden, das die Religionskriege beenden könnte. Das Spiel spielt in einer fiktiven Version des Nahen Ostens und anderer Teile der Welt im 13. Jahrhundert. Die Fortbewegung und Erkundung erfolgt in der traditionellen RPG-Luftperspektive, während die Kämpfe und Dungeons als Side-Scrolling-Labyrinthe gestaltet sind. Erfahrungspunkte werden durch das Besiegen von Gegnern vergeben. Mit dem Levelaufstieg werden Sadlers Attribute automatisch erhöht. Sadler kämpft mit dem Schwert und kann auch offensive und reparierende Zaubersprüche wirken. Waffen, Rüstungen und Gegenstände können in den Städten gekauft und verkauft werden.
Exile - Toki no Hasama e (Japan)	Nachdem er den Kalifen besiegt hat, kehrt Sadler in sein Heimatdorf zurück, wo er von seinen Meuchelmörderkameraden empfangen wird. Ein Spion der Kreuzritter wurde außerhalb des Dorfes aufgespürt. Als Sadler seiner Spur folgt, trifft er auf den mächtigen Anführer der Templer. Gemeinsam reisen sie durch verschiedene Länder der Welt und versuchen, ein mysteriöses heiliges Artefakt zu finden, das die Religionskriege beenden könnte. Das Spiel spielt in einer fiktiven Version des Nahen Ostens und anderer Teile der Welt im 13. Jahrhundert. Die Fortbewegung und Erkundung erfolgt in der traditionellen RPG-Luftperspektive, während die Kämpfe und Dungeons als Side-Scrolling-Labyrinthe gestaltet sind. Erfahrungspunkte werden durch das Besiegen von Gegnern vergeben. Mit dem Levelaufstieg werden Sadlers Attribute automatisch erhöht. Sadler kämpft mit dem Schwert und kann auch offensive und reparierende Zaubersprüche wirken. Waffen, Rüstungen und Gegenstände können in den Städten gekauft und verkauft werden.
Exile - Wicked Phenomenon (USA)	Die Welt von Chaltar steht auf dem Spiel und Sadler kehrt als Hauptdarsteller und Titelcharakter der Serie zurück. Fast als seine erste Aufgabe ist es, seine Freunde in den nahe gelegenen Städten zu suchen. Im Gegensatz zu den vorherigen Folgen der Serie ist Sadler hier einer von mehreren möglichen spielbaren Charakteren - der süße, aber tödliche Rumi, der starke Kindi und der mystische Fakhyle folgen unserem Helden auf seiner Suche und können kontrolliert werden. Das Spiel folgt der gleichen Formel wie seine Vorgänger und wechselt zwischen Kämpfen und Erkunden. Der erste Teil bringt Sadler dazu, durch Städte zu laufen, mit Dorfbewohnern zu sprechen oder neue Ausrüstung zu kaufen. Die Kampfphasen sind klassische Hack-and-Slash-Action-Szenen an unzähligen feindlichen Orten - dort kämpft der Spieler gegen Feinde, Bosse und verdient wertvolle Erfahrungspunkte und Goldmünzen.
Exile II - Janen no Jishou (Japan)	Die Welt von Chaltar steht auf dem Spiel und Sadler kehrt als Hauptdarsteller und Titelcharakter der Serie zurück. Fast als seine erste Aufgabe ist es, seine Freunde in den nahe gelegenen Städten zu suchen. Im Gegensatz zu den vorherigen Folgen der Serie ist Sadler hier einer von mehreren möglichen spielbaren Charakteren - der süße, aber tödliche Rumi, der starke Kindi und der mystische Fakhyle folgen unserem Helden auf seiner Suche und können kontrolliert werden. Das Spiel folgt der gleichen Formel wie seine Vorgänger und wechselt zwischen Kämpfen und Erkunden. Der erste Teil bringt Sadler dazu, durch Städte zu laufen, mit Dorfbewohnern zu sprechen oder neue Ausrüstung zu kaufen. Die Kampfphasen sind klassische Hack-and-Slash-Action-Szenen an unzähligen feindlichen Orten - dort kämpft der Spieler gegen Feinde, Bosse und verdient wertvolle Erfahrungspunkte und Goldmünzen.
F1 Circus Special - Pole to Win (Japan) (FABT)	F1 Circus Special ist ein Formel-1-Rennspiel. Spieler können zwischen einem Weltmeisterschaftsmodus wählen, der dem Weg eines Fahrers linear durch die verfügbaren Strecken des Spiels folgt; einen Testfahrtmodus, der es den Spielern ermöglicht, einen beliebigen Kurs zu wählen sowie Regeln und Bedingungen zu ändern (z. B. die Höhe des verursachten Schadens); und einen Zeitangriffsmodus, um gegeneinander anzutreten.
Faceball (Japan)	Faceball 2000 ist ein Ego-Shooter. Sie steuern ein H.A.P.P.Y.F.A.C.E. oder ein holographisch unterstütztes physisches Muster, das für eine aktive computergestützte Einschiffung bereitgestellt wird. Die Grafiken bestehen aus flachen, schattierten Korridoren. Feinde sind alle einfache geometrische Formen mit Smileys darauf. Obwohl die Grafiken einfach sind, ermöglichen sie völlige Bewegungsfreiheit, ähnlich wie Wolfenstein 3-D.
Fantastic Night Dreams - Cotton (USA)	Cotton: Fantastic Night Dreams spielt sich ähnlich wie andere Scrolling-Shooter-Videospiele wie R-Type. Was Cotton: Fantastic Night Dreams von anderen Spielen ähnlicher Art unterscheidet, ist seine farbenfrohe Grafik und seine Hauptfigur Cotton. Das Spiel findet auch in einer fantasievollen, traumähnlichen Welt anstatt im Weltraum statt, wie viele andere Schießspiele. Das Spiel kann mit anderen Fantasy-Shoot-'em-up-Spielen wie Parodius verglichen werden. Es hat die meisten Ähnlichkeiten im Stil mit dem Chariot-Spiel auf Three Wonders. Der Spieler steuert Cotton, eine junge Hexe auf einem Besenstiel. Der Spieler muss verschiedene Monster sprengen und vermeiden, erschossen zu werden. Der Spieler kann Power-Ups sammeln, um seine Waffen zu verbessern und einen stärkeren Angriff auf den Feind zu entfesseln. Das Leben des Spielers wird durch einen Pfeil dargestellt. Der Spieler hat drei Leben und darf nur einen Treffer pro Leben machen.
Faussete Amour (Japan)	In einem Dorf lebte ein junges Mädchen namens Koruku friedlich mit ihrer Schwester und ihren Freunden. Doch alles änderte sich, als ein Dämon namens Goatbone auftauchte. Dank seiner Kräfte verwandelte er Korukus Freunde in furchterregende Monster und entführte seine Schwester. Ein geheimnisvoller, verzweifelter alter Mann bot Koruku Rüstung und magische Kräfte an. Das junge Mädchen ist bereit, sich in das Versteck des Bösen zu wagen, um ihre Schwester zu befreien ... aber wird sie in der Lage sein, gegen ihre eigenen Freunde zu kämpfen, die jetzt dem Wort ihres dunklen Meisters gehorchen?
Fiend Hunter (Japan)	Fiend Hunter ist ein Action-/Rollenspiel aus dem Jahr 1993. Das Spiel wird seitwärts gespielt, mit Manövrierfähigkeit im Prince Of Persia-Stil, die dem Helden eine große Bandbreite an Bewegungen bietet. Das Ziel des Spiels ist es, die Dämonen zu eliminieren, die auf dich zukommen, da du ein Dämonenjäger bist. Die Kämpfe finden in Echtzeit statt. Das Spiel bietet auch einige sehr schöne Filmszenen. Obwohl dieses Spiel vollständig japanisch ist, bleibt es für jemanden spielbar, der diese Sprache nicht versteht.
Fighting Street (USA)	Tief in dir lauert ein Krieger. Lass ihn los! Und testen Sie ihn gegen die Kampfkunstmeister aus 5 Nationen. Beißen Sie die Zähne zusammen, holen Sie tief Luft und nehmen Sie es mit Retsu und Geki aus Japan auf. Die würdigsten Gegner! Aber achten Sie auf die Schlimmsten - Adon und Sagat, ein paar Thais. Mike und Joe (USA), Birdi und Eagle (UK), Lee und Gen (China) haben alle ihre eigenen speziellen „Tricks“. Sei schnell und stark oder verschwinde! Fighting Street auf Turbografx (oder Street Fighter auf anderen Medien) ist die Adaption der berühmten Kampfspielserie, das damals in Arcade-Automaten erhältlich war. Wähle einen Charakter und stelle dich Kämpfern in 5 verschiedenen Ländern, um Sagat herauszufordern und der beste Kämpfer der Welt zu werden. Ein Versus-Modus ist verfügbar, in dem Sie gegen Ihre Freunde antreten können.
Final Zone II (USA)	Final Zone II ist ein Top-Down-Shooter, bei dem Sie auf einigen Ebenen einen Soldaten und auf anderen Ebenen ein Fahrzeug steuern. Als Soldat ziehst du einen &quot;New Age Power Suit&quot; an und hast die Wahl, mehrere verschiedene Charaktere zu spielen, obwohl es nur ein Spiel für einen Spieler ist. Das Ziel des Spiels ist es, gegen eine feindliche Armee zu kämpfen, angeführt von &quot;ZOD&quot;, einem Massenmörder, der einige Ihrer Kommando-Freunde getötet hat. Es gibt verschiedene Waffen und Schilde, die Sie auf dem Weg aufheben können. Es gibt mehrere Animationssequenzen im Manga-Stil im Spiel. Dies ist die Fortsetzung eines Mega Drive-Spiels namens Final Zone, das ebenfalls 1990 veröffentlicht wurde.
Flash Hiders (Japan)	Flash Hiders ist ein 2D-Kampfspiel im Anime-Stil mit einer ausgeprägten RPG-Note. Das Spiel legt großen Wert auf Story und Präsentation und bietet animierte, vertonte Zwischensequenzen im gesamten Szenariomodus des Spiels sowie die Möglichkeit, Ausrüstung zu kaufen und zu verwenden, um Ihre Statistiken zu verbessern. Der Szenariomodus folgt dem Kampfkünstler Bang, der mit der Zauberin Tiria und einem nahezu adoptierten Kind namens Erue durch eine vom Krieg zerrüttete Welt reist. Im „Advance“-Modus können Sie einen beliebigen Charakter im Spiel auswählen und dessen spezifische Geschichte verfolgen und so die Fähigkeiten Ihres Charakters im Laufe der Zeit weiterentwickeln. Natürlich gibt es auch einen Versus-Modus für zwei Spieler.
Forgotten Worlds (USA) (En,Ja)	Forgotten Worlds zeigt zwei Charaktere, bekannt als The Nameless Ones, die beide wie Arnold Schwarzenegger aussehen, einer hat sogar einen Irokesenschnitt. Ihre Aufgabe ist es, den Planeten von den angreifenden Außerirdischen zu befreien. Indem Sie Ihren Charakter über den Bildschirm führen, während er mit Jetpacks und Kanonen auf Vollautomatik fliegt, steuern Sie einen Satelliten, den Sie um Ihren Charakter drehen, um die Richtung zu bestimmen, in die Ihre Kanone feuert. Am Ende jedes Levels steht ein Boss, der getötet werden muss, um voranzukommen. Getötete Feinde lassen Geld fallen. Am Ende jedes Levels befindet sich ein Geschäft, in dem Sie Waffen, Rüstungen, Gegenstände und Erste-Hilfe-Pakete kaufen können.
Fushigi no Umi no Nadia - The Secret of Blue Water (Japan)	In „Fushigi no Umi no Nadia: The Secret of Blue Water“ begibst du dich mitten in die Ereignisse der späten Episoden der gleichnamigen Anime-Serie. Jean, Nadia, Marie und der Löwenjunge King erkunden nach einer dramatischen Enthüllung über Electras Vergangenheit eine geheimnisvolle Insel, auf der sie auf eine uralte Zivilisation stoßen. Das Spiel folgt einer linearen Handlung und ähnelt einem interaktiven Comic oder einer visuellen Erzählung, wobei gelegentliche Adventure-Elemente wie einfache Befehle eingebaut sind. Zusätzlich gibt es einen Quiz-Modus, in dem Figuren aus der Serie Trivia-Fragen stellen.
Gain Ground SX (Japan)	Gain Ground ist ein Actionspiel im Arcade-Stil mit ein wenig Strategie. Das Ziel besteht darin, alle Soldaten auf die gegenüberliegende Seite des Bildschirms zu bringen oder alle Feinde zu töten. Jeder Soldat der Armee verfügt über eine einzigartige Spezialisierung aus 20 Typen. Jeder Soldat kann auf zwei verschiedene Arten angreifen, entweder mit einer normalen Waffe oder einer Spezialwaffe. Die Strategie ergibt sich aus der Entscheidung, welcher Soldat in welcher Situation am besten geeignet ist. Einige Waffen können bestimmte Feinde und Hindernisse besser bewältigen als andere Waffen.
Galaxy Deka Gayvan (Japan)	Galaxy Deka Gayvan ist ein Beat'em-up-Spiel. Sie spielen alleine oder mit zwei Spielern, Hiro und Michiko, zwei Agenten, die geschickt wurden, um den kriminellen Ballas zu eliminieren, der den Frieden auf der Erde bedroht. Im Laufe des Spiels sammelst du Energie, die es dir ermöglicht, dich in Superhelden (Gayvan und Mittchi) zu verwandeln. Dadurch werden sie stärker und haben Zugang zu neuen Spezialbewegungen. Ein VS-Modus ist ebenfalls verfügbar.
Garou Densetsu 2 - Aratanaru Tatakai (Japan) (FABT, FACT, FAET, FAFT)	Fatal Fury 2 auf PC Engine ist ein innovatives Kampfspiel, in dem sich Charaktere auf zwei verschiedenen Ebenen entwickeln können. Es ist möglich, sich vom hinteren zum vorderen Bildschirmrand zu bewegen, insbesondere um feindlichen Angriffen auszuweichen. Die drei spielbaren Charaktere verfügen über unterschiedliche und abwechslungsreiche Techniken, darunter eine, die es Ihnen ermöglicht, beide Flugzeuge gleichzeitig anzugreifen, um Ihren Rivalen sicher auf die Matte zu schicken.
Garou Densetsu Special (Japan) (FABT)	Fatal Fury Special (Garou Densetsu Special in Japan) ist ein 2D-Kampfvideospiel, das 1993 von SNK entwickelt und veröffentlicht wurde. Es ist die dritte Episode der Fatal Fury-Reihe. Zusätzlich zu den acht spielbaren Charakteren aus der zweiten Folge kommen acht neue hinzu. Drei Kämpfer aus Fatal Fury (Duck King, Tung Fu Rue und Geese Howard) und die vier Bosse aus Fatal Fury 2 (Billy Kane, Axel Hawk, Laurence Blood und Wolfgang Krauser). Der sechzehnte Kämpfer, Ryo Sakazaki, ist nur im Versus-Modus spielbar und kann mit einem Code freigeschaltet werden, sobald Sie ihn besiegt haben.
Gate of Thunder (Japan) (FACT, FADT)	Gate of Thunder auf TurboGrafx ist ein horizontaler Weltraum-Shooter, in dem Sie ein Schiff steuern, dessen Aufgabe es ist, seine Gegner zu eliminieren. Manövrieren Sie Ihren Jagdhund durch sieben Level, in denen viele Boni verborgen sind, die Ihnen helfen können, die Endbosse zu besiegen. Seien Sie schnell und geschickt, wenn Sie nicht getroffen werden und im Game Over landen möchten.
Gate of Thunder + Bonk's Adventure + Bonk's Revenge (USA)	Gate of Thunder auf TurboGrafx ist ein horizontaler Weltraum-Shooter, in dem Sie ein Schiff steuern, dessen Aufgabe es ist, seine Gegner zu eliminieren. Manövrieren Sie Ihren Jagdhund durch sieben Level, in denen viele Boni verborgen sind, die Ihnen helfen können, die Endbosse zu besiegen. Seien Sie schnell und geschickt, wenn Sie nicht getroffen werden und im Game Over landen möchten.
Genocide (Japan)	Das Leben wurde im 22. Jahrhundert immer komplizierter. Menschen haben einen Supercomputer namens MESIA gebaut und ihm die Aufgabe übertragen, alles zu überwachen, was auf dem Planeten passiert. Der Computer wurde jedoch zunehmend größenwahnsinnig und beschloss schließlich, die Erde mit tödlichen Maschinen aus eigener Produktion zu erobern. Mitte des 23. Jahrhunderts liefert sich die Menschheit einen entscheidenden Kampf gegen MESIA. Ihre Hoffnungen ruhen auf Ken Ryugasaki, der den mächtigen Mecha Tracer auf seiner Reise zum Versteck des Supercomputers steuert. Genocide ist ein Side-Scrolling-Actionspiel. Der Spieler steuert Tracer, der mit einer schwertähnlichen Nahkampfwaffe kämpfen und springen kann. Später im Spiel erwirbt Tracer „Betty“, eine mächtige Waffe, die in acht Richtungen schießen kann. Das Gameplay ist ziemlich einfach; Es gibt keine Power-Ups und der Großteil des Spiels besteht darin, kontinuierliche Angriffe von Feinden zu überleben.
Ginga Fukei Densetsu Sapphire (Japan)	Ginga Fukei Densetsu: Sapphire ist ein vertikal scrollendes Shoot-Em-Up. Der Spieler kann zwischen vier verschiedenen weiblichen Charakteren wählen, von denen jede ein anderes Schiff steuert: Sapphire hat ein ausgewogenes Verhältnis zwischen Stärke und Geschwindigkeit; Charlotte ist die Schnellste, aber auch die Schwächste; Helen ist die Langsamste und Stärkste; Jasmine ist die zweitstärkste und die zweitlangsamste. Die Schiffe zeichnen sich auch durch ihre Waffeneigenschaften aus. Jedes Schiff kann rote, grüne oder blaue Power-Ups sammeln; Durch das Sammeln eines Power-Ups derselben Farbe wird die aktuell ausgerüstete Waffe verbessert, während ein Power-Up einer anderen Farbe die Waffeneigenschaften ändert und dabei alle Verbesserungen beibehält, die das Schiff möglicherweise mit der vorherigen Waffe hatte. Die tatsächlichen Eigenschaften jeder Waffe sind für jedes Schiff unterschiedlich und umfassen verschiedene Kombinationen von Lasern, Strahlen, Raketen, Durchschlags- und Zielsuchwaffen.
Ginga Ojousama Densetsu Yuna (Japan) (FAFT)	Fans von „Sailor Moon“ und anderen werden sicherlich begeistert sein, in Galaxy Fraulein Yuna die Atmosphäre vorzufinden, die dem Genre „Magical Girl“ am Herzen liegt, wo sich alltägliche Sorgen und erbitterte Kämpfe gegen den Galactico-Abschaum vermischen. Dabei werden die Duelle über einige Menüs abgewickelt, in denen man einfach zwischen Flucht, Angriff, Verteidigung usw. wählt. Da auch der Rest des Abenteuers über Menüs abläuft, ist es selbstverständlich, dass man die japanische Sprache beherrscht. Es wird dringend empfohlen, die Quintessenz eines solchen Titels abzuleiten. Denn selbst wenn es durchaus möglich ist, „Galaxie Fraulein Yuna“ zu Ende zu bringen, ohne auch nur ein Funken Japanisch zu beherrschen, verlieren wir auf dem Weg dennoch einen RIESIGEN Teil des Interesses. Bleibt noch die teilweise sehr gelungene Grafikdarstellung, die ihrerseits jeden zufriedenstellen dürfte... im Gegensatz zur Musik leider recht geschmacklos.
Ginga Ojousama Densetsu Yuna HuVIDEO CD (Japan)	Fans von „Sailor Moon“ und anderen werden sicherlich begeistert sein, in Galaxy Fraulein Yuna die Atmosphäre vorzufinden, die dem Genre „Magical Girl“ am Herzen liegt, wo sich alltägliche Sorgen und erbitterte Kämpfe gegen den Galactico-Abschaum vermischen. Dabei werden die Duelle über einige Menüs abgewickelt, in denen man einfach zwischen Flucht, Angriff, Verteidigung usw. wählt. Da auch der Rest des Abenteuers über Menüs abläuft, ist es selbstverständlich, dass man die japanische Sprache beherrscht. Es wird dringend empfohlen, die Quintessenz eines solchen Titels abzuleiten. Denn selbst wenn es durchaus möglich ist, „Galaxie Fraulein Yuna“ zu Ende zu bringen, ohne auch nur ein Funken Japanisch zu beherrschen, verlieren wir auf dem Weg dennoch einen RIESIGEN Teil des Interesses. Bleibt noch die teilweise sehr gelungene Grafikdarstellung, die ihrerseits jeden zufriedenstellen dürfte... im Gegensatz zur Musik leider recht geschmacklos.
God Panic - Shijou Saikyou no Gundan (Japan)	God Panic ist ein vertikal scrollendes Shoot-Em-Up, das in einer cartoonartigen, anachronistischen Version des feudalen Japans mit übernatürlichen Elementen spielt. Es gibt keine Hintergrundgeschichte im Spiel oder Zwischensequenzen, die die Handlung voranbringen, mit Ausnahme eines weisen alten Mannes, der dem Helden im Katzenanzug manchmal etwas Hilfe anbietet. Kreaturen aus der japanischen Mythologie sind wild geworden, und es liegt an dem fliegenden Protagonisten, sie zu besiegen, während er sich gleichzeitig gegen wütende Dorfbewohner, mechanische Katzen, homoerotische Ringer und andere groteske Wesen wehrt.
Godzilla (USA)	Diese Interpretation des berühmten Riesenmonsters aus der japanischen Filmindustrie nimmt die Form eines Kampfspiels an, nur dass die Spieler anstelle der üblichen tapferen Kampfkünstler schreckliche Monster aus der traditionellen Toho-Linie steuern: die Titelbestie selbst, Rodan, Anguirus, Ghidorah und Andere. Das Spiel hat zwei Modi: Normal und Vs. Letzteres ist im Wesentlichen ein Zwei-Spieler-Modus, der es den Spielern ermöglicht, in einer Vielzahl von Szenarien an riesigen Monsterkämpfen teilzunehmen. Die meisten Monster sind jedoch im Zwei-Spieler-Modus verschlossen, bevor der Spieler den normalen Modus nicht abgeschlossen hat. Im normalen Modus übernimmt der Spieler die Kontrolle über Godzilla, der fünf Stufen durchlaufen muss, bevor er den Endboss erreicht. Jede Stufe hat zwei Kämpfe gegen zwei verschiedene Kreaturen an zwei verschiedenen Orten, von denen der Spieler nur einen absolvieren muss, um zur nächsten Stufe zu gelangen. Je nach Leistung des Spielers werden Punkte vergeben. Um gegen verschiedene Endgegner antreten zu können, muss der Spieler mehr Punkte sammeln. Wenn der Spieler nur die erforderliche Mindestpunktzahl hat, steht nur ein Endboss zur Verfügung.
Godzilla Bakutou Retsuden (Japan)	Diese Interpretation des berühmten Riesenmonsters aus der japanischen Filmindustrie nimmt die Form eines Kampfspiels an, nur dass die Spieler anstelle der üblichen tapferen Kampfkünstler schreckliche Monster aus der traditionellen Toho-Linie steuern: die Titelbestie selbst, Rodan, Anguirus, Ghidorah und Andere. Das Spiel hat zwei Modi: Normal und Vs. Letzteres ist im Wesentlichen ein Zwei-Spieler-Modus, der es den Spielern ermöglicht, in einer Vielzahl von Szenarien an riesigen Monsterkämpfen teilzunehmen. Die meisten Monster sind jedoch im Zwei-Spieler-Modus verschlossen, bevor der Spieler den normalen Modus nicht abgeschlossen hat. Im normalen Modus übernimmt der Spieler die Kontrolle über Godzilla, der fünf Stufen durchlaufen muss, bevor er den Endboss erreicht. Jede Stufe hat zwei Kämpfe gegen zwei verschiedene Kreaturen an zwei verschiedenen Orten, von denen der Spieler nur einen absolvieren muss, um zur nächsten Stufe zu gelangen. Je nach Leistung des Spielers werden Punkte vergeben. Um gegen verschiedene Endgegner antreten zu können, muss der Spieler mehr Punkte sammeln. Wenn der Spieler nur die erforderliche Mindestpunktzahl hat, steht nur ein Endboss zur Verfügung.
Goetzendiener (Japan)	Der Dämonengott hat die Prinzessin Misa entführt und beabsichtigt, sie zu opfern, um seine Macht wiederherzustellen. Der König hat eine Armee geschickt, um seine Tochter zu retten, angeführt von einem Ritter, der das legendäre Schwert des Tapferen trug. Alle Soldaten wurden von den Dienern des Dämonengottes getötet und nur der tapfere Ritter überlebte. Doch als er dem Dämonengott den tödlichen Schlag versetzte, wurde er selbst von ihm tödlich verwundet. Die Prinzessin Misa hat keine andere Wahl, als das Schwert des Tapferen zu nehmen und einen Weg zu finden, aus dem Kerker des Dämonengottes zu entkommen, der voller tödlicher Fallen und Feinde ist ...
Golden Axe (Japan)	Das Spiel gibt dem Spieler die Kontrolle über einen von drei Kriegern, die alle auf Rache gegen den abscheulichen Diktator Death Adder aus sind. Death Adder hat das einst friedliche Land Yuria übernommen und ihren Freund und Partner Alex ermordet. Einer der Helden ist ein streitaxtschwingender Zwerg, Gilius Thunderhead, aus den Minen von Wolud, dessen Zwillingsbruder von den Soldaten von Death Adder getötet wurde. Ein anderer ist ein männlicher Barbar, Ax Battler, der ein zweihändiges Breitschwert schwingt und nach Rache für den Mord an seiner Mutter sucht. Der letzte ist ein langschwertschwingender Amazone, Tyris Flare, dessen Eltern von Death Adder getötet wurden. Fortschritte werden durch das Spiel erzielt, indem Sie sich durch Adders Streitkräfte kämpfen. Den Charakteren bei dieser Suche hilft ihre Fähigkeit, Zaubersprüche zu wirken, die allen Feinden auf dem Bildschirm schaden. Die Stärke dieser Magie hängt vom Füllstand der Magie ab, welche im Spielverlauf ausgebaut werden kann.
Gradius II - Gofer no Yabou (Japan)	Gradius II ist eine Fortsetzung von Gradius und Life Force und ein horizontaler Weltraum-Shooter mit sieben Leveln. Wie im Vorgänger ist es möglich, Power-Ups von Feinden zu sammeln und auszuwählen, welche Art wann verwendet werden soll. Dieses Mal wird dieses System um die Option erweitert, zwischen vier verschiedenen Power-Up-Sequenzen zu wählen, sodass der Spieler verschiedene Arten von Waffen gegen Feinde einsetzen kann. Es besteht auch die Möglichkeit, Optionen zu erhalten, bei denen es sich um mysteriöse Feuerbälle handelt, die dem vom Spieler gesteuerten Raumschiff genau folgen und alle seine Bewegungen (einschließlich Schüsse) nachahmen. Während der Spieler in der NES-Version von Gradius nur zwei davon haben konnte, ist es jetzt in allen Versionen möglich, bis zu vier zu haben.
Hawk F-123 (Japan)	Hawk F-123 ist ein Side-Scrolling-Shoot-Em-Up. Es gibt keine Hintergrundgeschichte im Spiel und keine Zwischensequenzen; Der Spieler steuert ein Kampfflugzeug und fliegt über verschiedene Gebiete wie eine Wüste, ein Meer, eine Stadt bei Nacht usw. Die meisten Feinde sind verschiedene Flugzeugtypen, obwohl auch einige stationäre Geschütztürme auftauchen. Der vom Spieler kontrollierte Kämpfer kann Power-Ups erhalten, die seine Primärwaffe verändern: Rot für eine Vulkankanone, Gelb für Energieblitze und Blau für einen Laser. Die Leistung jedes dieser Laser erhöht sich (z. B. drei Laser statt einem für die blaue Waffe), wenn der Spieler wiederholt Power-Ups derselben Farbe sammelt. Andere Power-Ups fügen einer der oben beschriebenen Waffen eine Sekundärwaffe oder Verbesserung hinzu, z. B. Zielsuchraketen, Feuerbälle, einen Wingman usw. Sekundärwaffen werden gleichzeitig mit den Hauptwaffen abgefeuert. Darüber hinaus können Spezialwaffen gesammelt und angesammelt werden. Diese Waffen werden durch Drücken einer separaten Taste ausgelöst und umfassen verzögerte Bomben, explodierende Kugeln, Schutzschilde und andere.
Hellfire S - The Another Story (Japan)	Hellfire S ist ein Shoot-'Em-Up-Spiel, das von Bits Laboratory entwickelt und von NEC International veröffentlicht wurde und 1991 in Japan veröffentlicht wurde.
Hihou Densetsu - Chris no Bouken (Japan)	Ein Wissenschaftler namens Arnold Steiner erforscht die antike Zivilisation der Indios in Mittelamerika. Nach einer bahnbrechenden Entdeckung verschwindet Steiner jedoch auf mysteriöse Weise. Seine Tochter Chris reist auf der Suche nach ihrem Vater nach Mittelamerika und gerät in eine einschüchternde Welt voller Monster und Verschwörungen. Hihou Densetsu - Chris No Bouken ist ein Plattformspiel. Chris ist mit einem Dolch bewaffnet und kann keine anderen Waffen oder Geräte verwenden, um sich zu schützen. Der Dolch kann jedoch verbessert werden, indem farbige Kugeln gesammelt werden, die von Feinden fallen gelassen werden. Je nach Kombination kann der Dolch als Waffe mit großer Reichweite, zum Abfeuern von Projektilen oder als Bumerang eingesetzt werden. Die Gesundheit des Protagonisten wird anhand des Herzens gemessen; Eine Etappe muss neu gestartet werden, wenn Chris alle fünf erreicht hat. Feinde ließen manchmal Herzen und Münzen zurück; Letztere fügen Chris ein zusätzliches Leben hinzu, wenn sie eine ausreichende Menge sammelt.
Himitsu no Hanazono (Japan)	Ein Oberschüler namens Kosuke hatte einen Traum, in dem er eine schöne Frau sah, die mit ihm sprach. Am nächsten Morgen stellt er fest, dass seine neue Lehrerin ihr sehr ähnlich sieht. Kosuke stellt fest, dass sie in Wirklichkeit eine Detektivin ist, die geschickt wurde, um den Mord an einer Schülerin zu untersuchen, der sich in der Turnhalle ereignet hat. Der junge Mann muss alles tun, um sich in die Ermittlungen einzufügen, das Rätsel zu lösen und vielleicht die attraktive Lehrerin zu beeindrucken. In Himitsu no Hanazono gibt es keine verbalen Befehle oder eine wirkliche Interaktion mit der Umgebung. Die Entscheidungen sind eher häufig und recht zahlreich. Die meisten dieser Entscheidungen wirken sich nicht auf die Handlung aus, obwohl sie spätere Dialoge verändern können. Der Spieler kann den Protagonisten auch auf dem Schulhof und im Hauptgebäude von oben nach unten navigieren, indem er die Orte in beliebiger Reihenfolge besucht.
Horror Story (Japan)	Horror Story hat seinen Ursprung in den Spielhallen (wo es dem westlichen Publikum als Demon's World bekannt war) und ist ein Side-Scrolling-Plattformer/Shooter im „alten Stil“. Die grundlegende Spielvoraussetzung ist sehr einfach: Schieße und springe dir deinen Weg durch große Mengen an Monstern, besiege den Boss und gehe zum nächsten Level. Es gibt keinerlei Erzählung im Spiel und keine Zwischensequenzen; Der Held ist ein hart aussehender Duke-Nukem-Doppelgänger, der mit Waffen ausgestattet ist. Der Bildschirm scrollt ständig, auch wenn sich der Spielercharakter nicht bewegt. Die Level sind fast vollständig linear, manchmal bleibt nur die Wahl, auf dem Boden zu bleiben oder auf die höheren Plattformen zu springen.
Human Sports Festival (Japan)	Human Sports Festival ist eine Zusammenstellung, die drei bisher unveröffentlichte Sportspiele enthält: Fine Shot Golf ist ein Golfspiel für bis zu vier Spieler mit einem Ausstellungs-, Turnier- und Übungsmodus. Es ist möglich, Schlägertypen und (im Übungsmodus) Golfplatz auszuwählen. Das Spiel wird aus der Ego-Perspektive gespielt und erfordert, dass der Spieler einen sich bewegenden Balken im richtigen Moment anhält, um die Stärke des Kurzschlusses zu regulieren. Formation Soccer: Human Cup '92 ist ein Top-Down-Fußballspiel, bei dem der Spieler aus mehreren verfügbaren europäischen und amerikanischen Teams eine internationale Mannschaft auswählen kann. Formation und Torwartverhalten können individuell angepasst werden; allerdings ist keine detaillierte Spielerverwaltung vorhanden. Im Meisterschaftsmodus können ein oder zwei Spieler gegen den Computer antreten. Final Match Tennis Ladies ähnelt im Stil dem Final Match Tennis, allerdings mit namhaften Tennisspielerinnen (deren Namen leicht geändert sind). Es besteht die Möglichkeit, einen der drei verfügbaren Tennisplatztypen zu wählen und am Australian Open-Turnier teilzunehmen, indem man einen Teilnehmer in einem Pokalsystem kontrolliert.
Hyper Dyne - SideArms Special (Japan)	Hyper Dyne Side Arms Special ist ein Actionspiel, das von Capcom entwickelt und von NEC Interchannel veröffentlicht wurde und 1989 in Japan veröffentlicht wurde.
Hyper Wars (Japan) (SAAS)	Nachdem die Menschen in den Weltraum vordrangen, begannen sie, dort Kolonien zu errichten. Es wurde immer schwieriger, sie zu warten, und für diese harte Arbeit wurden spezielle Roboter namens „Bidroids“ erfunden. Die Kolonien begannen jedoch, Krieg gegeneinander zu führen, und Bidroiden wurden für militärische Zwecke eingesetzt. Als endlich Frieden herrschte, beschlossen die Anführer, dass Bidroids weiterhin als Kampfmaschinen fungieren könnten, allerdings eher in freundschaftlichen Meisterschaften als in tödlichen Kriegen. Hyper Wars ist in erster Linie eine Managementsimulation; Der Roboterkampf selbst wird abhängig davon berechnet, wie der Spieler seine Roboter erstellt und gewartet hat. Der Spieler steuert einen Manager eines Teams, das in einer Liga antritt, inklusive Zeitplänen, Stadien usw. Der Spieler erhält ein anfängliches Budget, mit dem er oder sie in der Lage ist, die ersten Robotermodelle zu erstellen und diese zu trainieren. Jeder Roboter kann durch Zusammenfügen verschiedener Teile („Mensch“, „Tier“, „Vogel“ usw.) erstellt werden. Nach der Erstellung ist es notwendig, den Roboter mit Waffen auszustatten und seine Parameter zu verbessern, indem man für das Training bezahlt. Wenn sich der Spieler bereit fühlt, können die Roboter in Kampfarenen mitgenommen werden und am Turnier teilnehmen.
Iga Ninden Gaiou (Japan)	Iga Ninden Gaiou ist ein Actionspiel von Nichibutsu, in dem der Spieler die Kontrolle über einen Samurai/Ninja übernimmt, der seine schöne Freundin retten muss. Das Spiel findet im alten Japan statt, wo Schwertkämpfe auf mystische Magie und Dämonen treffen ... aber nicht nur, denn spätere Phasen entführen den Spieler sogar in futuristische Welten und Städte. Der Hauptcharakter nutzt die meiste Zeit sein Schwert, um seine Feinde zu besiegen. Er kann aber auch aufladen und Messer werfen. RUN kann auch einen mystischen Angriff starten. Aber verwenden Sie diese mit Bedacht, da sie nur in begrenzten Mengen verfügbar sind. Wie in dieser Art von Spiel zu erwarten, erwartet Sie am Ende jeder Stufe ein Boss, der bei seiner Niederlage neue Kräfte und Waffen freischaltet.
ImageFight II - Operation Deepstriker (Japan)	Image Fight 2 ist eine direkte Fortsetzung der ersten Episode. Es ist daher derselben Elite von Spielern vorbehalten, die über goldene Geduld und außergewöhnliche Geschicklichkeit verfügen. Es ist ein Shooting für Hardcore-Gamer, diejenigen, die keine Angst haben, stundenlang mit demselben Teil des Spiels zu verbringen, um dazu in der Lage zu sein weiter machen. Die berühmte Penalty Aera gibt es immer noch. Sein Prinzip ist unbeschreiblich dumm, dient aber offensichtlich dazu, eine bereits bestehende Schwierigkeit zu überwinden. Wenn Sie am Ende eines Levels nicht mehr als 90 % der Gegner erschossen haben, gelangen Sie zu diesem äußerst schwierigen Level. Als ob das nicht genug wäre, beginnen wir mit jedem verlorenen Leben wieder am Anfang des Levels und mit jedem neuen Level verlieren wir alle erworbenen Waffen!
In Magical Adventure - Fray CD - Xak Gaiden (Japan)	Fray ist ein einfaches Action-Rollenspiel. Das Spiel beginnt damit, dass die Spielfigur Fray auf einer vorgefertigten Karte kämpft, Monster abschießt, über Hindernisse springt und im Level nach Power-Ups und Gold sucht. Am Ende jeder Stufe , kämpft der Spieler gegen einen Boss und betritt dann eine Stadt oder einen sicheren Ort, wo er neue Ausrüstung, Lebenspunkte und die Möglichkeit, seinen Fortschritt zu speichern, kaufen kann. Fray in Magical Adventure ist die CD-Konvertierung eines MSX-Spiels aus den frühen 90ern ebenfalls ein Spin-off der Xak-Reihe.
It Came from the Desert (USA)	It Came from the Desert ist ein Remake des gleichnamigen Original-Amiga-Spiels von 1989, jedoch mit zahlreichen Änderungen und Verbesserungen. Die Grundeinstellung wurde identisch gehalten. Es ist eine Mischung aus Action- und Abenteuerelementen, die größtenteils von den Kult-Horror-B-Movies der 50er und 60er Jahre und insbesondere dem Film Them von 1954 inspiriert ist. Der Spieler spielt die Rolle von Dr. Greg Bradley, einem Geologen und dem neuesten Einwohner der Stadt. Um seinen wissenschaftlichen Verstand zu befriedigen, macht sich Bradley daran, die Absturzstelle eines mysteriösen Meteors zu untersuchen, doch was er findet, ist überhaupt nicht das, wonach er gesucht hat.
J. B. Harold Murder Club (USA) (En,Ja)	Aus Sicht des Gameplays ist Murder Club ein &quot;Digital Comic&quot;. Der Spieler steuert den Privatdetektiv J.B. Harold, der den Mord an einem reichen Geschäftsmann namens Bill Robbins aufklären und den Mörder vor Gericht bringen muss. Der Spieler muss: Hinweise finden, Beweise sammeln, Verdächtige verhören, das Motiv für das Verbrechen ermitteln und schließlich dafür sorgen, dass der Fall vor Gericht standhält. Das Herzstück des Spielsystems ist eine Karte mit allen möglichen Zielorten, wobei im Laufe der Ermittlungen natürlich immer neue hinzukommen. An jedem dieser Orte befinden sich in der Regel eine oder mehrere Personen, die Sie nach Belieben über nüchterne, aber effektive Textmenüs befragen können. Wenn Ihnen bestimmte Aussagen verdächtig vorkommen, können Sie Ihren Vorgesetzten um einen Durchsuchungsbefehl bitten, um eine Hausdurchsuchung durchzuführen und Beweismaterial zu sammeln.
J. B. Harold Series 1 - Murder Club (Japan)	Aus Sicht des Gameplays ist Murder Club ein &quot;Digital Comic&quot;. Der Spieler steuert den Privatdetektiv J.B. Harold, der den Mord an einem reichen Geschäftsmann namens Bill Robbins aufklären und den Mörder vor Gericht bringen muss. Der Spieler muss: Hinweise finden, Beweise sammeln, Verdächtige verhören, das Motiv für das Verbrechen ermitteln und schließlich dafür sorgen, dass der Fall vor Gericht standhält. Das Herzstück des Spielsystems ist eine Karte mit allen möglichen Zielorten, wobei im Laufe der Ermittlungen natürlich immer neue hinzukommen. An jedem dieser Orte befinden sich in der Regel eine oder mehrere Personen, die Sie nach Belieben über nüchterne, aber effektive Textmenüs befragen können. Wenn Ihnen bestimmte Aussagen verdächtig vorkommen, können Sie Ihren Vorgesetzten um einen Durchsuchungsbefehl bitten, um eine Hausdurchsuchung durchzuführen und Beweismaterial zu sammeln.
J.League Tremendous Soccer '94 (Japan)	Tremendous Soccer '94 ist ein Fußballspiel mit lizenzierten Spielern und Teams der japanischen Fußballliga (J.League). Es gibt fünf Modi im Spiel: Pre-Season (ein einzelnes Spiel zwischen zwei Teams in der Liga), Championship (ein Saisonmodus), Cup (der japanische Fußballpokal mit Ausscheidungsrunden), All-Star (West- und Ostteams treten gegeneinander an in einem Spiel) und PK Battle (Elfmeterschießen zwischen Teams). Der Spieler kann die Stärke der Computer-KI und die Spieldauer regulieren, Spieler auswechseln und taktische Formationen ändern. Das Gameplay ähnelt anderen Top-Down-Fußballspielen dieser Zeit, mit einfacher Steuerung und automatischen Bewegungen, die die Spieler je nach Situation ausführen.
Jack Nicklaus Turbo Golf (USA)	Jack Nicklaus' Greatest 18 Holes of Major Championship Golf ist eine 3D-Golfsimulation mit einem 18-Loch-Platz, der von Jack Nicklaus selbst erstellt wurde. Jedes der 18 Löcher stammt von berühmten Golfplätzen auf der ganzen Welt und umfasst Nummer 8 in Pebble Beach, Nummer 18 in Muirfield, Nummer 12 in St. Andrews, Nummer 12 in Augusta, Nummer 10 in Riviera und mehr. Das Gameplay ist für ein bis vier Spieler und kann entweder Zählspiel oder ein Skin-Spiel sein.
Jack Nicklaus' World Tour Golf - 162 Holes (Japan)	Jack Nicklaus' Greatest 18 Holes of Major Championship Golf ist eine 3D-Golfsimulation mit einem 18-Loch-Platz, der von Jack Nicklaus selbst erstellt wurde. Jedes der 18 Löcher stammt von berühmten Golfplätzen auf der ganzen Welt und umfasst Nummer 8 in Pebble Beach, Nummer 18 in Muirfield, Nummer 12 in St. Andrews, Nummer 12 in Augusta, Nummer 10 in Riviera und mehr. Das Gameplay ist für ein bis vier Spieler und kann entweder Zählspiel oder ein Skin-Spiel sein.
Jim Power in Mutant Planet (Japan)	Jim Power war ein Held, der eines Tages auf seiner Reise durch den Wald auf einen Dimensionsriss stieß, der ihn in eine neue, seltsame Welt führte. Glücklicherweise reist Jim immer bewaffnet und nun muss er sich durch Monster kämpfen, um den Weg nach Hause zu finden. Jim Power ist ein seitlich scrollender Jump'n'Run, ein seitlich scrollender Shooter und ein Top-Down-Shooter, je nach Level. Jim Power kann springen und verfügt über eine aufrüstbare Waffe. Er muss gegen Feinde und Endgegner kämpfen und verschiedene Schlüssel erhalten, um in den Levels voranzukommen. Jim verfügt außerdem über eine mächtige &quot;Smart Bomb&quot;-Attacke, mit der er alle Gegner auf dem Bildschirm eliminieren kann.
John Madden Duo CD Football (USA) (RE)	Als erstes und einziges Madden-Spiel, das auf TurboGrafx erscheint, verfügt es über die Standardspielmodi wie Ausstellung und Saison sowie Full-Motion-Videos von Spielzügen, Fans und vielen anderen wichtigen Ereignissen auf und neben dem Spielfeld. Es enthält auch digitalisierte Stimmen der Quarterbacks, Schiedsrichter und Fans, am wichtigsten ist jedoch der Namensgeber des Spiels, John Madden, der dem Spiel seine Stimme verleiht.
Juuouki (Japan) (Rev 4)	Zeus hat dich gerufen! Nur ein mutiger und furchtloser Krieger kann seine geliebte Tochter Athene aus den listigen Fängen von Nelf, dem bösen Herrn der Unterwelt, retten. Aus dem Grab auferstanden, werden Ihnen übernatürliche Kräfte jenseits dieser Welt präsentiert. Sammle die mystischen Geisterbälle und verwandle dich in eine fantastische Reihe von Kreaturen – als Starker Schlag und Tritt härter als je zuvor, als Werwolf und Wertiger, zerreiße das Fleisch der Dämonen der Hölle und schlage als Bär deine Feinde mit einem Schlag nieder Atem! Du hörst die fernen Schreie der schönen Athene und während die Schrecken der Unterwelt ihren Griff festigen, erhebt sich das Biest in dir, um sich der letzten Schlacht zu stellen! Dieses Spiel wurde nur für die japanische NEC PC Engine veröffentlicht.
Kabuki Ittouryoudan (Japan) (FAAT)	Das neueste Spiel mit dem Namen „Tengai Makyo“ auf PC-Engine entpuppt sich als Kampfspiel. Tengai Makyo Kabuki Itouryodan ist wie ein weiterer Klon von Street Fighter, dem Red Key und mehr. Sie können aus acht Charakteren wählen, die alle aus der Tengai Makyo-Saga (am häufigsten Kabuki Den) stammen: Kabuki Danjuro, Okuni, Push, Zeami, Kikugoro, Manto-X, Mikoshi und Jingoro. Was die Optionen angeht, könnte es nicht klassischer sein, denn die einzige kleine Originalität (und wieder ...) ist Survival. Im Solomodus endet das Abenteuer mit zwei Bossen, Garp und Anc, von denen nur der erste mit einem Cheat gespielt werden kann (wer ihn verfolgt hat, wird verstanden haben, dass es in jedem und für jeden neun spielbare Kämpfer gibt). Es geht eher um die Erkenntnis, dass Kabuki Itouryodan großartig ist.
Kaizou Choujin Shubibinman 3 - Ikai no Princess (Japan)	Drittes Spiel in der Shubibinman-Reihe von Action-Plattformspielen. Die Cyborgs Tasuke und Kyapiko haben sich von all ihrem Roboter-Bashing eine Auszeit genommen, als sie einen Hilferuf von der Prinzessin einer außerirdischen Welt erhalten. Natürlich nehmen unsere Helden an und machen sich auf die Reise in den Weltraum, wo weitere Roboter-Bashing-Abenteuer auf sie warten. Das Spiel spielt sich wie ein Standard-Action-Side-Scroller, bei dem Sie jede Stufe mit Ihren Angriffen von allen Feinden befreien und sich zum Boss am Ende der Stufe begeben, ihm in den metallischen Hintern treten und zur nächsten Stufe vordringen müssen. Ihnen stehen eine Energieklinge und eine kleine Sammlung von Fernangriffen zur Verfügung, um mit Ihren Feinden fertig zu werden, und zwischen bestimmten Levels können Sie Shooter-Sequenzen spielen, um das Ganze aufzupeppen.
Kakutou Haou Densetsu - Algunos (Japan)	Kakut? Ha? Densetsu Algunos ist ein Kampfspiel. Es gibt keine entwickelte Geschichte; Vielmehr erzählt es Hintergrundgeschichten der zehn Kämpfer, die der Spieler im Spiel steuern kann: Jenius, Asasin, Arcer (alle drei), Samohan, Greeze, Orga, Lobo, Blocken, Jyobei und Daibuster. Die Hintergrundgeschichte wird nur dann erzählt, wenn der Spieler im Story-Modus einen Kämpfer auswählt. Normalerweise müssen die fünf „guten“ Kämpfer nacheinander (jeweils in unterschiedlicher Reihenfolge) gegen die fünf „bösen“ antreten, wenn sie im Story-Modus ausgewählt werden. Allerdings heißt es im Intro des Spiels, dass es weniger darum geht, wer gut und wer böse ist, als vielmehr darum, wer der bessere Kämpfer ist ... Das Gameplay ist größtenteils im traditionellen Kampfspielstil gehalten (mit dem obligatorischen Zwei-Spieler-Kampfmodus als Option zum linearen Story-Modus); Ein wichtiger Unterschied besteht darin, dass einige der Charaktere Schwerter und andere Waffen verwenden, anstatt mit bloßen Händen zu kämpfen. Die traditionellen „Kick“- und „Punch“-Tasten werden hier „Short Attack“ und „Long Attack“ genannt; Ihre Ausführung ist für jeden Kämpfer einzigartig.
Kaze Kiri - Ninja Action (Japan)	Prinzessin Shizuhime wurde von einer Gruppe Ninjas unter dem Kommando von Genbu entführt und zum Schloss des böswilligen Lord Hiei gebracht. Der tapfere junge Ninja Kaze wird von Lord Yoshikage gerufen und auf eine gefährliche Mission geschickt: Hieis Burg infiltrieren, seine Schergen besiegen und Shizuhime retten. Kaze Kiri ist im Wesentlichen ein Beat-Em-Up mit einigen besonderen Merkmalen. Das Spiel besteht aus dem Durchqueren vollständig linearer Side-Scrolling-Bereiche und dem Besiegen regulärer Feinde und Bosse auf dem Weg. Bevor Kaze gegen den Stage-Boss kämpfen kann, muss er eine vorher festgelegte Anzahl an Feinden besiegen, die oben auf dem Bildschirm als geteilte Gegner-HP angezeigt wird. Kaze greift mit seinem Schwert an, wenn er sich in der Nähe des Feindes befindet, oder wirft aus der Ferne Shuriken auf ihn. Feindliche Projektile können auch geblockt werden, indem man sie mit Shuriken kontert. Kaze kann auch für einen Moment verschwinden und an einem anderen Ort wieder auftauchen. Er kann springen, sich ducken, Purzelbäume schlagen sowie Feinde ergreifen und werfen. Kazes Gesundheit regeneriert sich mit der Zeit, wenn er nicht wiederholt getroffen wird. Durch den Abschluss des Spiels wird ein weiterer spielbarer Charakter freigeschaltet, die Ninja-Frau Suzu.
Kaze no Densetsu Xanadu (Japan) (Demo)	Dragon Slayer est une série qui a toujours su se renouveler en proposant systématiquement des épisodes très différents les uns des autres. Preuve en est encore une fois avec ce huitième et dernier chapitre, Kaze no Densetsu Xanadu (dont une suite sortira l'année suivante) qui remet les compteurs à zéro en proposant à nouveau un produit totalement inédit. Il y a mille ans de cela, les paisibles terres d'Ishtaria furent dévastées par le terrible dragon maléfique Daldantys. Seul un héros du nom d'Aineas parvint à lui tenir tête et à le terrasser au terme d'un long combat. La pierre d'énergie infinie que portait la créature permit alors aux humains des générations suivantes d'utiliser la magie afin de développer et d'améliorer leur civilisation. Bien des siècles plus tard, tous les habitants ont oublié cette histoire ancienne dont le seul vestige est la carcasse du dragon sur la montagne où la bataille fit rage. Areios Alektor, le descendant de ce fameux héros est à la tête d'une troupe de cavaliers du royaume aux côtés de ses fidèles alliés Daimos et Noys. Mais lors d'un terrible affrontement contre une horde de créatures monstrueuses, ceux-ci se retrouvent encerclés et pris au piège. Daimos prend alors la décision d'attirer l'armée ennemie afin de permettre à Areios de fuir. Celui-ci se retrouvera ainsi séparé de son précieux compagnon.
Kiaidan 00 (Japan)	Im 21. Jahrhundert wurde Tokio plötzlich von vereinten Kräften robotischer und organischer außerirdischer Rassen angegriffen. Um die Bedrohung abzuwenden, wurde ein spezielles riesiges Mecha-Kampfschiff gebaut. Ein junger Pilot wird auf die gefährlichste Mission seines Lebens geschickt. Kiaidan 00 ist ein horizontal scrollendes Science-Fiction-Shoot-Em-Up. Das grundlegende Gameplay ähnelt anderen Spielen dieses Genres. Allerdings unterscheidet sich das Waffensystem vom traditionellen Power-Up- und Upgrade-Stil. Dem Spielercharakter stehen von Anfang an alle Waffen zur Verfügung. Zu den fünf Waffen gehören ausbreitende Energiestöße, ein gezielter Mehrfachschuss, Laserstrahlen, die sich in verschiedene Richtungen ausbreiten, ein Energieball, der das Schiff vor Frontalangriffen schützt, und ein ausgestreckter Arm, der Feinde im Nahkampfstil trifft. Der Spieler kann jederzeit zwischen diesen Waffen wechseln und sie auswählen. Anstelle des traditionellen Sekundärwaffensystems bietet das Spiel Lademodi für alle Waffen. Wenn eine Waffe aufgeladen wird, wird sie entweder stärker oder erhält neue Eigenschaften (z. B. wird der ausgestreckte Arm länger und ist aus der Ferne steuerbar). Die Gesundheit des Spielercharakters wird durch Schildeinheiten repräsentiert, die in den Levels auch eingesammelt werden können. Dialoge und Zwischensequenzen treiben die Geschichte zwischen und innerhalb der Missionen voran.
Kick Boxing, The (Japan)	Diese von André Panza empfohlene Videospieladaption des Thai-Kickboxens umfasst über 35 Bewegungen. Nutzen Sie die Trainingshalle, um die Fähigkeiten Ihres Charakters zu verbessern, bis Sie sich bereit fühlen, es mit einem Gegner aufzunehmen. Sie haben auch die Möglichkeit, Ihre Angriffe anzupassen. Wenn Sie bereit sind, gehen Sie zum Ring, um gegen verschiedene Gegner anzutreten und zu versuchen, der beste Kickboxer im Spiel zu werden.
L-Dis (Japan)	Eines Tages während der Schulferien trafen sich ein Junge und ein Mädchen im Hof und begannen, Monster und mechanische Geräte an die Wand zu zeichnen. Plötzlich erschien ein mysteriöses Gefäß und verschluckte das Mädchen. Alle von den Kindern gezeichneten Kreaturen wurden lebendig – aber auch ein kleines Kampfflugzeug, in das der Junge sofort einsteigt und auf der Suche nach dem Mädchen in den Himmel fliegt. L-DIS ist ein horizontal scrollendes Shoot-Em-Up mit Cartoon-ähnlicher Grafik und humorvollen Untertönen. Der Spieler kann zu Beginn zwischen drei verschiedenen Waffenkonfigurationen wählen. Power-Ups erhält man, indem man auf kleine geflügelte gelbe Kreaturen schießt, denen man in den Levels begegnet. Diese Power-Ups ändern schnell ihre Eigenschaften und können entweder die Stärke der Hauptwaffe erhöhen, eine sekundäre Waffe hinzufügen oder dem Protagonisten Schutzschilde oder Bomben gewähren, die alle Feinde auf dem Bildschirm eliminieren können. In den meisten Levels gibt es Bosse und Mini-Bosse.
Laplace no Ma (Japan)	Die Stadt Newcam, Massachusetts, 1924. Am Rande der Stadt steht das Weathertop Herrenhaus. Es war ein ganz gewöhnlicher Ort, bis der letzte Besitzer, Benedict Weathertop, begann, schwarze Magie zu praktizieren. Er tötete seine Eltern und bevölkerte das Herrenhaus mit allen möglichen Untoten. Seitdem wagte es niemand mehr, sich dem Haus zu nähern. Doch vor kurzem wurden zwei Jungen in der Nähe dieses schrecklichen Ortes tot aufgefunden. Offenbar hatten die Jungen versucht, das Herrenhaus zu betreten. Ein weiteres Indiz deutet darauf hin, dass ihnen ein Mädchen gefolgt ist - aber ihre Leiche wurde noch nicht gefunden, und es besteht die leise Hoffnung, dass sie noch am Leben sein könnte. An dieser Stelle beschließt du, der Held des Spiels, dem Geheimnis auf den Grund zu gehen und in das Herrenhaus einzudringen... Du bist nicht in dem Herrenhaus gefangen, sondern kannst es verlassen, die Stadt besuchen und Vorräte kaufen.
Last Alert (USA)	In naher Zukunft plant eine Kabale von 4 sehr bösen, mächtigen Männern, bekannt als The Force, die Weltherrschaft durch den Einsatz einer Superwaffe, die als Indra bekannt ist. Du bist Guy Kazama, ein knallharter Allzwecksoldat, der diese Typen aufhalten kann. Sie müssen jeden der Verschwörer einzeln ausschalten und die Indra zerstören, bevor sie vollständig einsatzbereit ist. Last Alert ist ein Shoot-Em-Up, das aus einer Top-Down-Perspektive gespielt wird. Du bewegst Guy durch mehr als 20 Level und schießt auf alles, was sich dir in den Weg stellt.
Last Armageddon (Japan) (Rev 5)	Die Erde hat sich verändert. Wir wissen noch nicht, was mit der Menschheit geschehen ist, aber wir wissen, dass sie ausgerottet wurde. Die neue Erde wird Makai genannt - die Dämonenwelt. Generationen von Fabelwesen leben auf dem Planeten, von dem der Mensch auf mysteriöse Weise verschwunden ist. Eines Tages trifft eine Energiewelle auf die Erde. Die Anführer der Dämonen erkennen, dass eine außerirdische Roboterrasse aus dem Weltall ihre Existenz bedroht. Die Explosion verwandelt die Erde in ein Ödland. Viele Dämonen sterben in dem Chaos der Zerstörung. Es liegt nun an den verbliebenen Dämonen, die außerirdischen Eindringlinge abzuwehren, der dämonischen Rasse den Frieden zurückzugeben und vielleicht mehr über das tragische Schicksal der Menschheit herauszufinden.
Legend of Xanadu - Kaze no Densetsu Xanadu (Japan)	Dragon Slayer est une série qui a toujours su se renouveler en proposant systématiquement des épisodes très différents les uns des autres. Preuve en est encore une fois avec ce huitième et dernier chapitre, Kaze no Densetsu Xanadu (dont une suite sortira l'année suivante) qui remet les compteurs à zéro en proposant à nouveau un produit totalement inédit. Il y a mille ans de cela, les paisibles terres d'Ishtaria furent dévastées par le terrible dragon maléfique Daldantys. Seul un héros du nom d'Aineas parvint à lui tenir tête et à le terrasser au terme d'un long combat. La pierre d'énergie infinie que portait la créature permit alors aux humains des générations suivantes d'utiliser la magie afin de développer et d'améliorer leur civilisation. Bien des siècles plus tard, tous les habitants ont oublié cette histoire ancienne dont le seul vestige est la carcasse du dragon sur la montagne où la bataille fit rage. Areios Alektor, le descendant de ce fameux héros est à la tête d'une troupe de cavaliers du royaume aux côtés de ses fidèles alliés Daimos et Noys. Mais lors d'un terrible affrontement contre une horde de créatures monstrueuses, ceux-ci se retrouvent encerclés et pris au piège. Daimos prend alors la décision d'attirer l'armée ennemie afin de permettre à Areios de fuir. Celui-ci se retrouvera ainsi séparé de son précieux compagnon.
Legion (Japan) (Rev 4)	Legion ist ein horizontal scrollendes Shoot-Em-Up. Der Spieler steuert einen Kampfpiloten, der ein namenloses futuristisches Imperium vor einem Angriff mechanischer Kreaturen verteidigt. Trotz der ausschließlich japanischen Veröffentlichung des Spiels hält der Protagonist zu Beginn jeder Phase gesprochene Monologe auf Englisch, in denen er über seine Mission nachdenkt. Das Spiel verfügt über ein traditionelles Power-Up-System mit einem grundlegenden Waffen-Power-Up, das seine Farbe schnell ändert, wenn es aufgedeckt wird (Rot für Vulkankanone, Grün für Laser, Blau für Raketen), sowie verschiedene Sammelbuchstaben, die entweder die Stärke von verbessern B. das Geschütz mit zusätzlichen Schüssen, fügen Sie eine Sekundärwaffe (z. B. Bomben) hinzu oder statten Sie das Schiff mit einem Schutzschild aus. Darüber hinaus kann durch Drücken der zweiten Aktionstaste ein mächtiger All-Screen-Angriff ausgeführt werden. An mehreren Stellen im Spiel hat der Spieler die Möglichkeit, die nächste Stufe aus zwei verfügbaren Stufen auszuwählen.
Lemmings (Japan)	Ihre Aufgabe ist es, die Lemminge in 120 rasanten Rätselleveln zu retten. Diese Kreaturen laufen einfach blind durch die Welt in der Hoffnung, am Ende des Levels in Sicherheit zu gelangen – leider gibt es in diesen Levels neben anderen Gefahren auch steile Abgründe, Lücken im Boden, Barrieren und Flüsse. Sie steuern nicht einen einzelnen Lemming, sondern ein Fadenkreuz, das über jeden Lemming bewegt werden kann. Unten finden Sie eine Auswahl an Funktionen, die einem Lemming zugewiesen werden können, darunter Klettern, Schweben und Schlagen. Sie müssen klicken, um die entsprechende Funktion auszuwählen, und dann auf das Lemming klicken, um es zu aktivieren. Jedes Level bietet eine andere Bandbreite an Fähigkeiten, eine andere Anzahl an Lemmingen und einen anderen Zielprozentsatz für den Fortschritt.
Loom (USA)	Das Zeitalter der großen Gilden ist angebrochen. Es entstanden Gemeinschaften und Staaten, die aus Menschen bestanden, die durch ein gemeinsames Handwerk vereint waren. Die Webergilde beherrschte ihr Handwerk so gut, dass sie das Geheimnis entdeckte, wie man den Stoff der Realität selbst weben konnte. Sie wurden von den anderen Gilden mit Misstrauen behandelt, die sie schließlich der Hexerei beschuldigten und auf eine abgelegene Insel verbannten, die sie Loom nannten. Bobbin Threadbare ist ein junger Mann aus der Webergilde. Er wird aus der Gilde ausgeschlossen und für den mangelnden Wohlstand in der letzten Zeit verantwortlich gemacht, obwohl er den Grund dafür nicht kennt. An seinem 17. Geburtstag wird er von den Ältesten der Gilde zu sich gerufen. Kurz darauf werden alle Bewohner des Dorfes mit Ausnahme von Bobbin in Schwäne verwandelt. Dame Hetchel lehrt ihn die Kunst, magische Muster zu weben, und Bobbin begibt sich auf eine Reise, um die verlorene Herde zu suchen ...
Lords of the Rising Sun (USA)	Japan, 12. Jahrhundert. Nachdem Ihr Vater ermordet wurde, machen Sie sich auf den Weg, Shogun zu werden und die Ehre Ihrer Familie wiederherzustellen. Du musst alle deine Feinde besiegen – einschließlich deines Bruders. Meistens bewegen Sie Ihre Truppen über die große Karte Japans – sobald etwas passiert, müssen Sie in Actionsequenzen gegen Ihre Feinde kämpfen, beispielsweise bei einem Gauntlet-ähnlichen Festungsangriff oder der Verteidigung gegen einen Ninja-Attentäter . Wenn zwei Truppen kollidieren, kann es zu einer Schlacht kommen, in der Sie Ihr ganzes strategisches Geschick einsetzen müssen, um Ihre Männer zum Sieg zu führen.
Lords of Thunder (USA)	Lords of Thunder ist ein Side-Scrolling-Shooter, bei dem Sie in die Rolle eines legendären Kriegers schlüpfen und Feinde zu Heavy-Metal-Klängen vernichten. Ihre Feinde planen, Zaggart, „The Dark One“, wiederzubeleben, der unter den sechs Kontinenten von Mistral eingeschlossen war. Es liegt an Landis, dem Nachkommen des heldenhaften Dyu, sie aufzuhalten. Wählen Sie die Reihenfolge, in der Sie die sechs Stufen angreifen möchten. Wählen Sie vor jeder Stufe eine von vier magischen Rüstungen aus und verwenden Sie Kristalle, die Sie während Ihrer Kämpfe gesammelt haben, um Gegenstände zu kaufen. Machen Sie sich dann bereit, ehrfürchtigen Feinden wie einer feuerspeienden Seeschlange oder einem riesigen Insekt gegenüberzutreten.
Mad Stalker - Full Metal Force (Japan)	Mad Stalker: Full Metal Force ist ein japanisches Beat'em-Up-Videospiel, das ursprünglich von Fill-in-Cafe produziert und von FamilySoft für den Sharp X68000 veröffentlicht und vertrieben wurde. Die Musik wurde von Keishi Yonao komponiert.
Madou Monogatari I - Honoo no Sotsuenji (Japan)	In „Madō Monogatari I“ spielst du die junge Zauberlehrling Arle, die an einer Magieschule studiert und vor ihrer wichtigsten Prüfung steht. Sie muss den Turm des Satans betreten, Gegner besiegen und Hindernisse überwinden, indem sie ihre Zauberkräfte einsetzt. Der Dungeon wird aus der Ich-Perspektive erkundet, und die Kämpfe kombinieren rundenbasierte Elemente mit Echtzeitaktionen. Gegner greifen auch an, wenn du wartest, aber es bleibt Zeit, um Zauber durch das Gedrückthalten von Tasten und Richtungsangaben zu wirken.
Magical Dinosaur Tour (USA)	Die Magical Dinosaur Tour ist eine umfangreiche Dinosaurier-Datenbank. Über das Hauptmenü kann auf mehrere Modi zugegriffen werden, von denen die meisten zu visuellen Darstellungen und Beschreibungen verschiedener Dinosaurier führen. Auf einzelne Dinosaurierdaten kann zugegriffen werden, indem geologische Perioden und geografische Gebiete (z. B. China der Kreidezeit) angezeigt und die auf dem Bildschirm angezeigten Dinosaurier ausgewählt werden. Durchsuchen einer Dinosaurierliste alphabetisch; Betrachten eines Stammbaums; und schließlich die Betrachtung der Dinosaurier nach Stamm und Familie. Die meisten Bereiche lassen sich seitlich scrollen und einige der Dinosaurier präsentieren sich mit Voice-Over. Es gibt auch einen Sortenbereich, der die Anzeige verschiedener Dinosaurier-bezogener Aufzeichnungen und Spezifikationen ermöglicht (z. B. die größten Dinosaurier, Bewohner kalter Gebiete usw.). Ein weiterer Abschnitt ist animierten Sequenzen gewidmet, die verschiedene Orte und Dinosaurier darstellen.
Magical Saurus Tour (Japan)	Die Magical Dinosaur Tour ist eine umfangreiche Dinosaurier-Datenbank. Über das Hauptmenü kann auf mehrere Modi zugegriffen werden, von denen die meisten zu visuellen Darstellungen und Beschreibungen verschiedener Dinosaurier führen. Auf einzelne Dinosaurierdaten kann zugegriffen werden, indem geologische Perioden und geografische Gebiete (z. B. China der Kreidezeit) angezeigt und die auf dem Bildschirm angezeigten Dinosaurier ausgewählt werden. Durchsuchen einer Dinosaurierliste alphabetisch; Betrachten eines Stammbaums; und schließlich die Betrachtung der Dinosaurier nach Stamm und Familie. Die meisten Bereiche lassen sich seitlich scrollen und einige der Dinosaurier präsentieren sich mit Voice-Over. Es gibt auch einen Sortenbereich, der die Anzeige verschiedener Dinosaurier-bezogener Aufzeichnungen und Spezifikationen ermöglicht (z. B. die größten Dinosaurier, Bewohner kalter Gebiete usw.). Ein weiterer Abschnitt ist animierten Sequenzen gewidmet, die verschiedene Orte und Dinosaurier darstellen.
Mahjong Sword - Princess Quest Gaiden (Japan)	Princess Quest: Mahjong Sword ist ein Mahjongspiel mit mittelalterlichem Thema. Auf dem Kontinent Audores treten Prinzessinnen aus verschiedenen Ländern und andere edle Damen im Mahjong-Spiel gegeneinander an und versuchen, das heilige Titanenschwert in ihren Besitz zu bringen. Der Spieler übernimmt die Kontrolle über die junge Kriegerin Rutia, die fünf Gegnerinnen besiegen muss. Mahjong-Spiele laufen nach dem klassischen Schema &quot;Eins gegen Eins&quot; ab, aber die Ergebnisse werden in Form von Schlachten mit animierten Angriffen und erschöpften Lebenspunkten dargestellt. Das in den Mahjong-Spielen verdiente Geld wird in Geschäften für Gegenstände ausgegeben, die dann vor einem Mahjong-Match für verschiedene Boni verwendet werden können. Auch die Gegner ziehen sich aus, wenn sie ein Mahjong-Spiel verlieren.
Mahjong Vanilla Syndrome (Japan)	In Mahjong Vanilla Syndrome schlüpft der Spieler in die Rolle eines jungen Mannes, der ein geheimnisvoll aussehendes Häuschen findet und dann durch ein Dimensionsportal geht! Dort wird er von einem hübschen Mädchen mit Hasenohren namens Vanilla begrüßt, die ihm sagt, dass sie die Wächterin des Portals ist und dass er, wenn er nach Hause zurückkehren will, sie und die anderen Wächter im Mahjongspiel besiegen muss! Das Spiel hat zwei Modi: den Story-Modus, in dem der Spieler gegen Vanilla antritt und die Geschichte durch die Mahjong-Spiele vorangetrieben wird, und den Kampf-Modus, in dem der Spieler zwischen drei hübschen weiblichen Gegnern wählen und einige der Spielregeln ändern kann.
Makai Eiyuuden - Shape Shifter (Japan)	Die Dunklen haben den Ring der Fünf erobert und die Zauberer, die ihn bewachen, eingesperrt. Ein Barbar namens Lykos hat die Macht, sich in verschiedene Kreaturen zu verwandeln. Er muss die Zauberer und den Ring der Fünf vor den Dunklen retten, bevor sie in seine Heimat Krellion eindringen. Shape Shifter ist ein Side-Scrolling-Actionspiel mit Plattform- und leichten Rollenspielelementen. Ein Großteil des Spiels besteht darin, feindliche Gebiete zu durchqueren, unterwegs gegen normale Feinde zu kämpfen und Bosse zu besiegen. Der „Hub“-Bereich des Spiels ist eine Stadt, in der Lykos seine Gesundheit auffüllen und eine der drei verfügbaren Waffen (Axt, Streitkolben oder Bogen) kaufen kann. Diese Waffen können verbessert werden, indem man sie verzaubert oder Power-Ups einsammelt.
Mamono Hunter Youko - Makai kara no Tenkousei (Japan)	Makai kara no Tenkōsei est basé sur la série anime Mamono Hunter Youko. L'anime se concentre sur Yohko Mano, une lycéenne japonaise qui découvre qu'elle est la 108ème chasseuse de diable, destinée à combattre les êtres maléfiques surnaturels en accord avec son héritage. Le jeu met le joueur dans le rôle de Shoma, un nouvel étudiant d'échange qui rencontre Yohko et son meilleur ami Chikako à sa nouvelle école. Miraculeusement, les trois sont téléportés dans une dimension parallèle, et le héros réticent découvre, à son grand étonnement, que ses habitants semblent le connaître. Le jeu se joue comme une aventure typiquement japonaise, avec un menu de commandes de verbes (Look, Talk, Think, et Move) sur presque tous les écrans, certains menant à des listes d'objets. Il est souvent nécessaire de passer plusieurs fois en revue les commandes pour en débloquer une nouvelle ou déclencher des événements. La navigation limitée par menu est également présente.
Mamono Hunter Youko - Tooki Yobigoe (Japan)	„Mamono Hunter Youko - Tooki Yobigoe“ ist die direkte Fortsetzung von „Mamono Hunter Yoko: Makai kara no Tenkousei“ und setzt die Geschichte unmittelbar fort. Yohko, Shoma und Setsuna werden auf einem fliegenden Schiff von Dämonen angegriffen und müssen ihre neu entdeckten Kräfte einsetzen, um sich zu verteidigen. Im Gegensatz zum Vorgänger, in dem Shoma die Hauptfigur war, übernimmt der Spieler in dieser Fortsetzung die Kontrolle über Yohko. Das Spiel setzt auf ein japanisches Adventure-Format ohne Rätsel, bei dem Befehle aus einem Menü ausgewählt und manchmal mit Objekten oder Charakternamen kombiniert werden müssen. Häufig ist es notwendig, Befehle mehrfach auszuführen, um das nächste Ereignis auszulösen.
Manhole, The (Japan)	Wie Alice im Wunderland sind Sie ein Kind, das in eine magische Welt voller fantastischer Orte und besonderer Charaktere eintaucht. Sie können Bildschirm für Bildschirm durch die Welt navigieren, indem Sie mit der Maus dorthin klicken, wo Sie hin möchten. Viele Objekte auf jedem Bildschirm können angeklickt werden, um versteckte Animationen und Sounds zu finden. Während Sie die völlig offene Welt erkunden, können Sie Mr. Rabbit, Mr. Dragon und anderen zuhören und lehrreiche Gespräche mit ihnen führen. „The Manhole“ richtet sich an Kinder und konzentriert sich auf Erkundung und Experimente. Es gibt keinen Fortschritt, kein Ziel, das erreicht werden muss, und der Spieler kann nicht scheitern. Die ganze Welt ist von Anfang an zugänglich.
Martial Champion (Japan)	Lange vor Street Fighter war Yie Ar! Kung-Fu einer der Vorläufer der Kampfspiele, wie wir sie heute kennen. Martial Champion sollte ursprünglich Yie Ar heißen! Kung-Fu 3. Zweifellos hat Konami angesichts der Mittelmäßigkeit des Ergebnisses beschlossen, es umzubenennen, um den Namen nicht zu beschädigen. Aus den verrauchten Räumen kommend, wurde das Spiel auf Super CD-ROM² portiert. Martial Champion kümmert sich nicht wirklich um eine Handlung. Die zehn Kämpfer im Spiel nehmen an einem großen internationalen Kampfsportturnier teil, mit dem einzigen Ziel, den aktuellen Champion, einen gewissen Salamander, zu entthronen. Letzteres ist eine Naturgewalt und es wird schwierig sein, sie zu überwinden. Oder nicht…
Master of Monsters (Japan)	Master of Monsters ist ein rundenbasiertes Strategiespiel, in dem Sie einen von fünf verschiedenen Zauberern auswählen und gegen die anderen Zauberer um die Herrschaft über das Land kämpfen, das nach dem Tod des Meisterzauberers ohne Lineal steht. Sie können in zwei Kampagnen gegen den Computer spielen, bei denen Sie die feindlichen Zauberer auf allen Karten besiegen müssen, und alle Einheiten, die eine Schlacht überlebt haben, in die nächste übernehmen. Sie können alle Karten auch einzeln mit bis zu zwei vier menschlichen Spielern spielen. In Schlachten kannst du verschiedene Monster beschwören und Zauber wirken.
Metamor Jupiter (Japan)	Die Handlung von Metamor Jupiter ist einfach: Eine biologische Mutation führt dazu, dass sich eine außerirdische Rasse in der gesamten Galaxie ausbreitet. Ausgestattet mit fortschrittlicher Technologie schickten die Außerirdischen ihre Maschinen und Roboter, um sich der Menschheit in einem kosmischen Kampf zu stellen. Um dem entgegenzuwirken, nutzen die Menschen die neu entdeckte Kristallenergie, um eine Einheit mächtiger Kampfschiffe einzusetzen, die ihre Form augenblicklich ändern und sich so an jede Situation anpassen können. Der Spieler steuert eines dieser Fahrzeuge und muss fliegen und schießen, indem er sich seinen Weg durch seitwärts scrollende Levels bahnt, die von regulären Feinden, Bossen und verschiedenen Arten von Gefahren bevölkert sind. Andere Kämpfer werden die vom Spieler gesteuerte Maschine von Zeit zu Zeit begleiten, aber sie überleben den Roboterangriff normalerweise nicht und der Spielercharakter ist sich selbst überlassen.
Might and Magic III - Isles of Terra (USA)	Might and Magic III: Isles of Terra ist die Fortsetzung von Might and Magic auf der TurboGrafx-CD. Nachdem Sheltem in der zweiten Episode besiegt wurde, muss die Gruppe von sechs Abenteurern, bestehend aus Menschen, Zwergen, Bestien und Elfen, Corak dabei helfen, Sheltem ein für alle Mal in seiner eigenen Welt namens Terra auszurotten. Der Spieler steuert alle sechs Charaktere gleichzeitig und durchläuft Dungeons voller Rätsel und zu sammelnder Informationen.
Minesweeper (Japan)	Minesweeper ist ein Minensuchspiel, genau wie das Original von Microsoft Windows.
Mirai Shounen Conan (Japan)	Mirai Shonen Conan basiert auf Hayao Miyazakis Zeichentrickserie Conan: Son of the Future, die selbst eine Adaption des Romans The Incredible Tide von Alexander Key ist. Im Jahr 2008 führte ein verheerender Krieg zwischen zwei Supermächten zur fast vollständigen Zerstörung der Erde. Die Kontinente versanken in den Ozeanen und nur wenige Inseln blieben übrig. Conan ist ein Junge, der auf einer dieser Inseln aufgewachsen ist und ein Nachkomme eines der Überlebenden eines Raumschiffabsturzes ist. Er trifft ein Mädchen namens Lana, das später von Soldaten aus Industria, einer entwickelten Insel mit zentraler Verwaltung, entführt wird. Conan reist nach Industria und ist entschlossen, Lana zu retten, wobei er eine viel größere Verschwörung aufdeckt. Das Spiel spielt sich wie ein ziemlich traditionelles Plattformspiel, das in größtenteils labyrinthischen Umgebungen spielt, die durch Ausgangsbereiche verbunden sind. Conan kann springen, sich ducken und mit seinen Fäusten gegen Feinde kämpfen. Er kann auch eine begrenzte Anzahl von Fernkampfwaffen wie Speeren verwenden.
Monster Lair (USA)	Monster Lair fühlt sich eher wie der erste Wonder Boy, als der Zweite an und ist ein rasantes Plattformspiel mit automatischem Bildlauf. Die Levels sind in zwei Stufen unterteilt, die erste ist eine Plattformstufe, die zweite eine Shoot 'em up-Stufe, die in einem Boss endet. Während des Spiels wird deine Energie heruntergezählt, also musst du weiter Obst pflücken, um dich wieder aufzufüllen. Es gibt eine Vielzahl von Waffen zum Sammeln – Laser, Streuschüsse, rotierende Schilde und so weiter, aber diese sind auch zeitgesteuert und halten nicht lange, sodass häufig Waffen gewechselt werden müssen, um zu vermeiden, dass Sie mit Ihrem einfachen Schwertschuss auf kurze Distanz zurückbleiben. Das Spiel ist simultan für einen oder zwei Spieler.
Moonlight Lady (Japan)	Hiwako, ein gewöhnlicher verwöhnter japanischer Teenager, wird eines Tages von einem sprechenden Vogel namens Niké angesprochen. Er erzählt ihr, dass sie einzigartige Kräfte besitzt, die sie in die glorreiche Kriegerin Artemis verwandeln. Als Artemis ist es nun ihre Aufgabe, ihre Heimatstadt vor einer dämonischen Invasion zu schützen. In diesem Spiel findet man Dorferkundung wie viele RPGs der damaligen Zeit, aber in Wirklichkeit ist es ein Actionspiel mit leichten Adventure-Elementen. Während des größten Teils des Spiels steuert der Spieler Artemis und zwei weitere Heldinnen (Aquarius und Minerva). Der Angriff erfolgt durch das Drücken einer Taste für den Angriff der Hauptfigur und einer weiteren für den gleichzeitigen Angriff der beiden anderen Mädchen. Der Spieler kann jederzeit die Anführer wechseln.
Motoroader MC (Japan)	Motoroader MC ist wie sein Vorgänger ein Overhead-Rennspiel mit Autokämpfen. Die Spielmechanik ist jedoch anders: Spieler können nur normal aussehende Autos steuern, die als kleine Sprites dargestellt werden. Jedes Auto ist mit zwei Arten von Schusswaffen ausgestattet, die gegen Gegner eingesetzt werden können, um das Rennen zu gewinnen. Jede Strecke nimmt nur einen Bildschirm ein und der Spieler muss Runden schneller als KI-gesteuerte Autos absolvieren oder gegen die Zeit antreten. Multiplayer (für zwei oder vier Spieler) ist ebenfalls verfügbar. Der Zeitangriffsmodus ermöglicht es dem Spieler, einen beliebigen Kurs aus 25 verfügbaren Strecken auszuwählen, die thematisch in fünf Kategorien gruppiert sind: Rennstrecke (ähnlich Rennstrecken), Stadt (städtische Orte), Natur (Feld, Strand, Wüste usw.), ( farbenfrohe, märchenhafte Kurse) und Spezial (unorthodoxe Designs, z. B. ein Riesenaffe mit Blick auf eine Straße). Die Kurse beinhalten in der Regel verschiedene Gefahren, die Autos verlangsamen oder einklemmen, sowie Turbofelder, die sie beschleunigen. Einige Kurse verfügen auch über Ein- und Ausgänge, die Autos an eine andere Stelle auf dem Bildschirm teleportieren.
Motteke Tamago (Japan)	Motteke Tamago wurde in den zweiten Band des Super PC Engine Fan Deluxe-Magazins aufgenommen. Es ist ein Actionspiel, dessen Konzept dem von Bomberman ähnelt. Das Spiel besteht aus drei „Welten“ mit jeweils zehn Bildschirmen; Auf jedem Bildschirm konkurrieren vier Enten darum, Eier zu sammeln und ihre Babys nach Hause zu bringen. Die Enten können von menschlichen Spielern oder von Computer-KI gesteuert werden. Eier werden in die labyrinthartige Bühne geworfen; Ziel ist es, so viele wie möglich davon zu sammeln. Einmal eingesammelt, folgt ein Ei der Ente, und nach einer Weile schlüpft ein Baby, das sicher nach Hause zurückkehrt. Jede Ente versucht, die Arbeit der anderen Enten zu sabotieren, indem sie Spiegeleier auf ihren Weg legt. Darüber hinaus tauchen immer wieder verschiedene Gefahren und Feinde auf, die versuchen, den Fortschritt der Enten zu behindern. Enten können niedergeschlagen, gelähmt und ihrer Eier beraubt werden.
Mugen Senshi Valis - The Legend of a Fantasm Soldier (Japan)	Yuko Ahso ist eine gewöhnliche japanische Teenagerin mit einem gewöhnlichen Leben – bis sie eines Tages auf der Straße von einem Monster angegriffen wird. Aus dem Nichts erscheint ein Schwert in ihren Händen. Sie kämpft gegen die Monster, die plötzlich in die Stadt eingedrungen sind, und wird in die Parallelwelt Vecanti gerufen, die von einem grausamen Tyrannen namens Rogles regiert wird, dessen Taten das Gleichgewicht der Welten stören. Mit dem legendären Valis-Schwert muss Yuko Rogles besiegen und das Gleichgewicht wiederherstellen. Valis hat die gleiche Geschichte und das gleiche grundlegende Genre (Plattform-Action) wie das ursprüngliche erste Spiel der Serie; Allerdings ist es ein anderes Spiel mit anderen Schauplätzen, regulären Feinden und Bossen, neuen Zwischensequenzen usw. Das Besiegen der zahlreichen Feinde, die die Spielwelt bevölkern, erfordert den präzisen Einsatz von Sprung- und Duckfähigkeiten sowie das Angriffs-Timing. Yuko kann sehr hoch springen und beim Springen angreifen. Im Spiel sind verschiedene Power-Ups verstreut, von denen viele die Leistung von Yukos Schwert verbessern. Anfangs als Nahkampfwaffe fungierend, kann sie mit Power-Ups individuell angepasst und in eine Waffe mit mittlerer Reichweite umgewandelt werden, die Schüsse auf die Feinde abfeuert – mit entsprechenden Power-Ups auch in verschiedene Richtungen. Bossgegner haben typischerweise unterschiedliche Angriffsmuster und erfordern unterschiedliche Strategien, um sie zu besiegen.
Mystic Formula (Japan)	Mystic Formula ist ein Top-Down-Shooter. Der Spieler navigiert den Protagonisten durch feindliche Umgebungen, schießt auf normale Feinde und Bosse und weicht deren Angriffen aus. Der Spieler kann einen der vier Schatzsucher steuern: einen ausgeglichenen Hauptcharakter, der mit einer Laserpistole bewaffnet ist; eine Elfe, die mit ihrem Stab Feuerbälle abschießt; eine agile Diebin; und ein robuster, langsamer, aber leistungsstarker Roboter. Alle Charaktere verwenden Fernangriffe, die durch Power-Ups verbessert werden können. Darüber hinaus bringt eine andere Art von Power-Up einen der Charaktere aus der Gruppe hervor, um den Spieler im Kampf zu unterstützen, gesteuert von der KI. Es ist auch ein Zwei-Spieler-Modus verfügbar.
Nekketsu Koukou Dodgeball-bu CD - Soccer-hen (Japan)	Hop, hier sind wieder unsere College-Freunde, die, nachdem sie sich gegenseitig mit „Völkerball“ herausgefordert haben, zurückkommen, um mit einem Fußball anzugreifen! Aber ich könnte Sie genauso gut gleich warnen, Kunios Fußball-CD ist zehntausend Plätze von Formation Soccer entfernt ... Erstens wird die Konfrontation (denn darum geht es!) in Teams zu je sechs Spielern ausgetragen, und wenn wir ihre Gesichter sehen, sagen wir uns, dass es mehr als genug ist! Karikiert dargestellt, sorgen sie mit ihrer Brille, ihren Forbans-würdigen Haarschnitten und all dem anderen Kram sofort für Stimmung. Es riecht sofort nach einem fröhlichen Fußballspiel. Dann können Sie wählen, auf welcher Art von Oberfläche Sie den Ball spielen möchten: Gras, Sand, Erde, Steine, Schnee, Eis (!), Sie haben wirklich die Wahl! Es verändert die Spielweise mehr oder weniger (tatsächlich weniger als mehr...), aber es ist immer noch schön. Die Wahl der Taktik wird auf Japanisch getroffen, daher ist es Ihnen vielleicht etwas entgangen ...
NEXZR (Japan)	In „Nexzr“ kämpfst du als Pilotin eines mächtigen Raumschiffs namens „Slasher“ gegen eine außerirdische Armada, um Vergeltung für den Verlust deiner Kameradin zu üben. Das vertikal scrollende Shoot-'Em-Up beginnt mit einer Vulkankanone, die durch Power-Ups verbessert oder durch andere Waffen wie Laser ersetzt werden kann. Sekundärwaffen wie zielsuchende Angriffe erweitern dein Arsenal. Herausfordernde Zwischen- und Endgegner stellen dein Können auf die Probe. Bei Zerstörung beginnst du das aktuelle Level von vorne. Präzision und schnelle Reflexe sind essenziell, um die Gegner zu besiegen und deine Mission zu erfüllen.
Nobunaga no Yabou - Zenkokuban (Japan)	Im 16. Jahrhundert war Japan in der Sengoku-Zeit in zahlreiche Feudalstaaten unterteilt, die jeweils von einem Daimyo regiert wurden. Viele träumten davon, das Land zu erobern, Shogun zu werden und das ganze Land zu regieren. Einer dieser Daimyos war der ehrgeizige Nobunaga Oda, ein erbarmungsloser Herrscher und ein berühmter Stratege. Die Spieler schlüpfen in die Rolle von Nobunaga Oda oder einem der vielen anderen Daimyos und versuchen, Japan zu erobern. Nobunaga's Ambition ist ein rundenbasiertes Strategiespiel, das in verschiedenen Modi gespielt werden kann. Zu Beginn wählen die Spieler entweder ein Szenario mit 17 Regionen oder ein größeres Szenario mit 50 Regionen. Dann muss der Spieler einen Daimyo auswählen, dessen Attribute in mehreren Kategorien bewertet werden: Alter, Gesundheit, Ehrgeiz, Glück, Charme und IQ. Im Laufe des Spiels ändern sich diese Werte je nach den Ereignissen im Spiel.
Ookami-teki Monshou - Crest of Wolf (Japan)	Die Polizei hat Angst, sich mit einer kriminellen Organisation namens Dragon Zone auseinanderzusetzen. Straßenpunks und Anführer chinesischer Verbrechersyndikate dominieren das Gebiet, in dem sich angeblich ihr Hauptquartier befindet. Der junge Kämpfer Hawk hat eine eigene Rechnung mit der Dragon Zone offen: Sie haben seine Freundin Candy entführt. Zusammen mit seinem Freund, dem Punk Tony, dringt Hawk in die gefährlichen Viertel vor und ist fest entschlossen, seine Liebste zu retten und der Organisation ein Ende zu bereiten. Riot Zone (Crest of Wolf in Japan) ist ein ziemlich einfacher Brawler, in dem der Spieler wählen kann, ob er entweder Hawk oder Tony steuern möchte. Hawk ist schneller, schlägt aber nicht ganz so hart zu wie Tony. Beide Charaktere kämpfen völlig unbewaffnet und setzen Tritte und Schläge ein, um mit den Feinden fertig zu werden. Beide besitzen auch einen mächtigen All-Screen-Angriff, der einen Teil ihrer Gesundheitsanzeige erschöpft. Jede Phase gipfelt in einem Bosskampf, in dem Hawk und Tony die „gesuchten“ Kriminellen der Stadt nach und nach besiegen.
Pomping World (Japan)	Ihr Ziel ist es, die Ballons zu zerstören, die über das Spielfeld springen. Um dies zu erreichen, können Sie auf Haken schießen, die sich nach oben bewegen, und jeden Ballon aufblasen, den sie berühren. Abhängig von ihrer Größe teilen sie sich entweder auf zwei kleinere auf oder verdunsten, wenn sie ihre Mindestgröße erreicht haben. Abgesehen von Ballons gibt es in einigen Levels auch Barrieren, die mit Ihren Haken zerstört werden müssen, da sie Ihnen oft den Zugang zu Ballons versperren. Es gibt auch einige Barrieren, die niemals zerstört werden können. Ihr Charakter kann Leitern erklimmen, aber nicht springen.
Pop'n Magic (Japan)	Pop 'n Magic ist ein statisches Bildschirm-Actionspiel im Stil von Bubble Bobble oder Don Doko Don und ermöglicht es Ihnen, Feinde in eine Falle zu locken, indem Sie Ihren Zauberstab auf sie abfeuern, sie dann aufheben und über den Bildschirm werfen, um sie zu zerstören. Die Blasen, in denen sie gefangen sind, haben bestimmte Farben und es muss darauf geachtet werden, nicht zwei derselben Farbe zusammenzuwerfen, da dies die (jetzt ziemlich verärgerten) Kreaturen im Inneren freisetzen würde.
PopfulMail (Japan)	Die niedliche Kopfgeldjägerin Popful Mail sieht aus, als hätte sie keine Probleme, ihren Lebensunterhalt damit zu verdienen, böse Jungs mit ihrem Schwert zu erschlagen. In Wirklichkeit hat Mail es schwer, über die Runden zu kommen. Eines Tages erfährt sie jedoch von einem Magier, der abtrünnig geworden ist und auf den ein hohes Kopfgeld ausgesetzt ist. Ihr Abenteuer beginnt, während Popful sich durch ein neues Abenteuer kämpft und dabei neue Freunde findet. Popful Mail ist ein Plattform-Actionspiel mit leichten RPG-Elementen. Während sich die Heldin ihren Weg durch die Levels bahnt, sammelt sie Geld von getöteten Gegnern. Dieses Geld kann in Geschäften verwendet werden, um Waffen, Rüstungen, Gesundheit und so weiter zu kaufen. Das Spiel bietet Interaktion mit vielen Charakteren, sowohl durch Dialoge auf dem Bildschirm als auch durch vollständig animierte Sequenzen. Einige dieser Charaktere werden spielbar, wenn der Spieler im Spiel fortschreitet.
Populous - The Promised Lands (Japan)	Dieser Datenträger für Populous fügt fünf neue Landschaftstypen hinzu: Wild West, Silly Land, Block Land, Révolution Française und Bit Plains. Die Typen können zum Erstellen neuer Karten im Paint Map-Modus verwendet werden und die Festplatte enthält außerdem 500 neue Karten für den Conquest-Modus.
Prince of Persia (USA)	Während der Sultan von Persien in einem fremden Land einen Krieg führt, orchestriert sein Großwesir Jaffar einen Staatsstreich. Sein Weg zum Thron führt über die schöne Tochter des Sultans. Jaffar entführt sie und droht, sie zu töten, wenn sie sich weigert, ihn zu heiraten. Währenddessen wird der Mann, den die Prinzessin liebt, in den Kerker geworfen. Er hat nur eine Stunde Zeit, um aus seinem Gefängnis zu entkommen, die Wachen auf seinem Weg zu besiegen und Jaffar aufzuhalten, bevor die schreckliche Hochzeit stattfindet. Prince of Persia ist ein 2D-Plattformer, der gemeinhin als Vorläufer des filmischen Plattform-Genres angesehen wird. Anstatt der gebräuchlicheren Jump-and-Run-Mechanik zu folgen, konzentriert es sich auf das vorsichtige Vorrücken durch ziemlich komplexe Levels und betont die Verwundbarkeit und den Überlebensaspekt des Protagonisten. Die Rotoskopie-Technik wird verwendet, um der Animation der Bewegungen der Charaktere mehr Realismus zu verleihen.
Princess Maker 1 (Japan)	In „Princess Maker 1“ übernimmt der Spieler die Rolle eines edlen Kriegers, der nach dem Sieg über den Dämonenlord vom König die Erlaubnis erhält, ein Waisenmädchen namens Maria aufzuziehen. Der Spieler bestimmt Marias Zukunft, indem er entscheidet, ob sie eine vornehme Prinzessin, eine talentierte Künstlerin, eine mutige Kämpferin oder eine sorglose Lebedame wird. Jede Entscheidung beeinflusst Marias Entwicklung und ihren späteren Lebensweg.
Psychic Storm (Japan)	Psychic Storm ist ein vertikal scrollendes Shoot-Em-Up, in dem der Spieler die Rolle von vier Charakteren übernimmt, die Neo Hong Kong City vor einem Angriff bösartiger insektoider Außerirdischer schützen müssen. Der Spieler kann vor jeder Stufe einen der vier Charaktere auswählen. Die Charaktere zeichnen sich durch die einzigartigen Angriffe ihrer Schiffe aus: Alex verwendet eine Vulkankanone, Charr verfügt über einen „psychischen“ Strahl mit kurzer Reichweite, Joe verfügt über einen langsamen, aber starken Höllenflammenangriff und Nastasia verwendet einen Ionenlaser. Jeder Charakter kann außerdem zusätzliche Waffen erwerben, indem er reguläre Power-Ups auswählt. Das herausragende Merkmal des Spiels ist jedoch sein Transformationsmodus. Jeder der Charaktere kann sich in ein größeres und viel leistungsfähigeres biomechanisches insektenähnliches Schiff verwandeln. Die Transformation kann jederzeit durchgeführt werden, solange der entsprechende Balken, der sich mit der Zeit füllt, nicht leer ist. Der Balken verringert sich schnell, wenn sich der Charakter verändert; Spezielle Power-Ups können von besiegten Feinden gesammelt werden, um sie vorübergehend zu verlängern. Sobald sie jedoch aufgebraucht sind, verwandelt sich der Charakter wieder in seine normale Form.
Puyo Puyo CD (Japan)	Klassisches Puzzlespiel im Tetris-Stil, bei dem Sie gegen Gegner antreten, indem Sie farbige Kleckse gruppieren, die vom oberen Bildschirmrand herunterfallen.
Puyo Puyo CD Tsuu (Japan)	Die Fortsetzung von Puyo Puyo ist wie sein Vorgänger ein Spiel mit fallenden Blöcken, bei dem das Ziel darin besteht, vier oder mehr Blöcke (Puyos) derselben Farbe zu kombinieren, die dann verschwinden. Die verbleibenden Puyos fallen dann und können Combos erzeugen, die dazu führen können, dass spezielle Blöcke (schädliche Puyos, die nur durch Eliminieren benachbarter Puyos zerstört werden können) auf dem Feld des Feindes erscheinen.
R-Type Complete CD (Japan)	Die R-Type Complete CD vereint Teil I und Teil II der japanischen PC Engine HuCard-Veröffentlichungen. Es fügt außerdem neu abgemischte Musik, vollständig vertonte Zwischensequenzen, einen zusätzlichen Bosskampf und einige andere kleinere Änderungen hinzu. Eine außerirdische Rasse namens Bydo greift die Menschheit gnadenlos an. Der Prototyp des Weltraumjägers R-9 muss die Bydo stoppen und die Menschheit retten.
Rainbow Islands - The Story of Bubble Bobble 2 (Japan)	Rainbow Islands ist ein Plattformspiel auf Turbografx. Bub und Bob, die beiden Helden von Bubble Bobble, wurden am Ende ihres vorherigen Abenteuers wieder zu Menschen und müssen nun die Regenbogeninseln vor einer Monsterbande retten. Sie müssen springen und Ihre Kraft einsetzen, um in den sieben Welten des Spiels, die jeweils in vier Level unterteilt sind, Regenbögen zu erschaffen.
Rally Championship (Japan) (FABT)	Championship Rally ist ein Top-Down-Rennspiel. Der Spieler kann wählen, ob er echte Rallyeautos steuern möchte: Toyota Celica, Nissan Pulsar, Lancia Delta und andere. Es gibt drei Modi im Spiel: Zeitangriff, Hochgeschwindigkeitsrallye und „Abenteuermodus“, der den Spieler durch eine Meisterschaft im Senegal führt. In jedem Modus kann der Spieler ein Auto auswählen und dessen Lenkung, Gänge, Bremsen usw. anpassen. Die Fahrzeugsteuerung ist recht einfach, wobei ein Knopf dem Beschleunigen und ein anderer dem Betätigen der Bremsen zugewiesen ist.
Ranma 1-2 (Japan)	„Ranma 1/2“ basiert auf der beliebten Manga- und Anime-Serie und erzählt die Geschichte von Ranma, einem Kampfkünstler, der durch eine verfluchte Quelle zur Hälfte in ein Mädchen verwandelt wurde. Heiße und kalte Wasserquellen spielen dabei eine wichtige Rolle im Gameplay, da sie Ranmas Form und Fähigkeiten beeinflussen: Als Mädchen ist er schneller und agiler, aber weniger stark. Das Spiel kombiniert Beat-'em-up-Elemente mit Bosskämpfen, die an klassische Eins-gegen-eins-Kampfspiele erinnern. Zwischensequenzen im Anime-Stil erzählen die Handlung, während Ranma gegen Rivalen und Schulkameraden antritt, begleitet von humorvollen und chaotischen Situationen.
Ranma 1-2 - Datou, Ganso Musabetsu Kakutou-ryuu! (Japan)	Ranma 1/2: Datou Ganso Musabetsu Kakutou-ryuu! auf PC Engine ist ein Abenteuerspiel mit vielen Kampfszenen. Tatsächlich nehmen die Spieler an Szenen aus dem Manga teil, in denen sie mit den verschiedenen Protagonisten interagieren müssen, wobei sie sich jedes Mal in improvisierten Ringen wiederfinden.
Rayxanber II (Japan)	Das Spiel ähnelt R-Type, insbesondere im Kunststil und im Gameplay. Die Handlung und das Setting verwenden die gleichen Motive wie Spiele wie R-Type und Gradius; Es geht um einen anhaltenden Krieg zwischen der Menschheit und einer Rasse eindringender Außerirdischer, die zum Zoul-Reich gehören, und der Hauptfeind des Spielers besteht aus Bioschiffen und riesigen organischen Festungen.
Rayxanber III (Japan)	Absolut alles wurde zum Besseren überarbeitet, wobei gleichzeitig der Stil der beiden vorangegangenen Spiele beibehalten wurde. Zu Beginn hat jemand endlich die Mechanik des Bretts repariert, so dass es jetzt wirklich funktioniert und leicht zu kontrollieren ist. Wie zuvor gibt es einen Temperaturbalken, so dass er, wenn er rot wird, abkühlen muss, bevor er wieder läuft, aber jetzt ist es viel einfacher, die Dauer des Laufs zu regulieren, ohne auf einen Turbo-Knopf zurückgreifen zu müssen. Auch die Levelstruktur und die Angriffsmuster des Gegners sind viel ausgewogener, um den Einsatz des Brettes zu berücksichtigen: Sie sind nicht mehr gezwungen, sich kopfüber in eine Phalanx von Gegnern zu stürzen, weil Ihnen etwas hinterher jagt. Es ist legitimerweise zu einem nützlichen Werkzeug in Ihrem Arsenal geworden.
Red Alert (Japan)	In naher Zukunft plant eine Kabale von 4 sehr bösen, mächtigen Männern, bekannt als The Force, die Weltherrschaft durch den Einsatz einer Superwaffe, die als Indra bekannt ist. Du bist Guy Kazama, ein knallharter Allzwecksoldat, der diese Typen aufhalten kann. Sie müssen jeden der Verschwörer einzeln ausschalten und die Indra zerstören, bevor sie vollständig einsatzbereit ist. Last Alert ist ein Shoot-Em-Up, das aus einer Top-Down-Perspektive gespielt wird. Du bewegst Guy durch mehr als 20 Level und schießt auf alles, was sich dir in den Weg stellt.
Renny Blaster (Japan)	Renny Blaster ist ein Beat-Em-Up-Spiel, in dem der Spieler wählen kann, ob er entweder den paranormalen Privatdetektiv Fujiro Yarai oder einen Mann mit einer mysteriösen Vergangenheit und übernatürlichen Fähigkeiten namens Seishiro steuern möchte. Die beiden Charaktere haben das gleiche Ziel: zu verhindern, dass eine geheime Organisation aus Monstern und Untoten, angeführt von einem wahnsinnigen Vampir, die Kontrolle über Europa übernimmt. Die beiden Charaktere beginnen mit unterschiedlichen Anfangsstadien, gehen danach aber den gleichen Weg weiter. Seishiro ist körperlich schwächer und verfügt standardmäßig über einen Fernkampf-Energieangriff; Fujiro kämpft mit regelmäßigen Schlägen und Tritten. Beide Charaktere haben Zugriff auf einzigartige Elementarangriffe, die durch Gedrückthalten einer Taste aktiviert werden. Bei den meisten Levels handelt es sich um einfache Side-Scrolling-Action mit Bosskämpfen am Ende jedes Levels. Einige Bereiche enthalten leichte Plattformelemente.
Riot Zone (USA)	Die Polizei hat Angst, sich mit einer kriminellen Organisation namens Dragon Zone auseinanderzusetzen. Straßenpunks und Anführer chinesischer Verbrechersyndikate dominieren das Gebiet, in dem sich angeblich ihr Hauptquartier befindet. Der junge Kämpfer Hawk hat eine eigene Rechnung mit der Dragon Zone offen: Sie haben seine Freundin Candy entführt. Zusammen mit seinem Freund, dem Punk Tony, dringt Hawk in die gefährlichen Viertel vor und ist fest entschlossen, seine Liebste zu retten und der Organisation ein Ende zu bereiten. Riot Zone (Crest of Wolf in Japan) ist ein ziemlich einfacher Brawler, in dem der Spieler wählen kann, ob er entweder Hawk oder Tony steuern möchte. Hawk ist schneller, schlägt aber nicht ganz so hart zu wie Tony. Beide Charaktere kämpfen völlig unbewaffnet und setzen Tritte und Schläge ein, um mit den Feinden fertig zu werden. Beide besitzen auch einen mächtigen All-Screen-Angriff, der einen Teil ihrer Gesundheitsanzeige erschöpft. Jede Phase gipfelt in einem Bosskampf, in dem Hawk und Tony die „gesuchten“ Kriminellen der Stadt nach und nach besiegen.
Rising Sun (Japan)	Japan, 12. Jahrhundert. Nachdem Ihr Vater ermordet wurde, machen Sie sich auf den Weg, Shogun zu werden und die Ehre Ihrer Familie wiederherzustellen. Du musst alle deine Feinde besiegen – einschließlich deines Bruders. Meistens bewegen Sie Ihre Truppen über die große Karte Japans – sobald etwas passiert, müssen Sie in Actionsequenzen gegen Ihre Feinde kämpfen, beispielsweise bei einem Gauntlet-ähnlichen Festungsangriff oder der Verteidigung gegen einen Ninja-Attentäter . Wenn zwei Truppen kollidieren, kann es zu einer Schlacht kommen, in der Sie Ihr ganzes strategisches Geschick einsetzen müssen, um Ihre Männer zum Sieg zu führen.
Road Spirits (Japan)	Road Spirits ist ein Rennspiel im Arcade-Stil, ähnlich wie Rad Racer. Der Spieler steuert ein Auto aus der 3rd-Person-Perspektive „in den Bildschirm“ und rast durch die 17 Pseudo-3D-Strecken (benannt nach verschiedenen geografischen Standorten, z. B. „Westküste“ usw.). Es gibt andere Autos auf der Straße, die das vom Spieler gesteuerte Auto verlangsamen können, indem sie mit ihm kollidieren, aber das Rennen ist eher gegen die Zeit als gegen diese Autos. Dem Spieler wird für jede Strecke ein Zeitlimit vorgegeben und ein Indikator zeigt an, wie nah das Auto an der Fertigstellung ist. Sollte dem Auto die Zeit ausgehen, ist das Rennen verloren und der Spieler muss es wiederholen, bevor er das nächste Rennen in Angriff nimmt. Das Auto kann nur mit zwei Tasten gesteuert werden; Kollisionen beschädigen das Auto nicht, sondern bringen es lediglich zum Stehen; Obwohl der Spieler das Automodell und das Getriebesystem ändern kann, kommt im Spiel kein realistisches, getriebebasiertes Fahren zum Einsatz. All dies trägt zum allgemeinen Arcade-Feeling der Rennen bei.
Ruin - Kami no Isan (Japan)	Vor langer Zeit wurde eine blühende Zivilisation, die von den Göttern gesegnet war, durch einen unaufhörlichen Krieg zerstört. Die Menschheit baute eine neue Zivilisation, die an eine mittelalterliche Welt erinnert. Der junge Schwertkämpfer Jan lebt im Königreich Cordelia. Eines schönen Tages begibt er sich mit Ortena, der Tochter des Hochpriesters, auf eine Schatzsuche. Bei der Rückkehr finden sie das Land von Monstern überrannt vor; Ortenas Vater wird getötet und die Prinzessin von Cordelia entführt. Zusammen mit einem legendären Helden machen sie sich auf, um die Gefangenen zu retten und das Erbe der Götter zu erfüllen. Der Spieler steuert Jan, während die anderen Charaktere automatisch gemäß vorgegebener KI-Routinen handeln. In den feindlichen Gebieten kämpfen die Charaktere direkt gegen Gegner. Das Spiel bietet eine lineare Handlung, bei der der Spieler bessere Waffen und Rüstungen sucht, während die Charaktere automatisch im Level aufsteigen.
Ryuuko no Ken (Japan) (En,Ja,Es) (FAAT)	Yuri Sakazaki wurde entführt! Ihr großer Bruder Ryo Sakazaki und Robert Garcia, sein bester Freund, machen sich auf die Suche nach ihr auf den Straßen von South Town. Je tiefer sie vordringen, desto tiefer finden sie Hinweise darauf, wer die Entführung angeordnet hat, welche Beziehung die Familie Sakazaki zur Mafia hat und auf eine Person aus ihrer Vergangenheit. Das Gameplay unterscheidet sich von den meisten Kampfspielen. In diesem Spiel haben Sie eine Spirit-Anzeige. Im Spiel gibt es eine Spirit-Anzeige, die sich verringert, wenn Sie Spezialbewegungen ausführen. Es kann wieder aufgeladen werden, aber dadurch sind Sie anfällig für Angriffe. Wenn Ihre Gesundheit fast aufgebraucht ist, können Sie eine geheime Kombination ausführen, die einen tödlichen Angriff auf Ihren Gegner auslöst – vorausgesetzt, Sie haben eine volle Willensanzeige. In der Arcade-Version können Sie nicht als Mr. Big und der schwer fassbare Mr. Karate spielen.
Sangokushi III (Japan)	Zu Beginn des Spiels wählen die Spieler eines der sechs Szenarien, die die anfängliche Machtverteilung im alten China bestimmen. Nach der Wahl des Szenarios bestimmen die Spieler den oder die Kriegsherren, die sie kontrollieren. Jeder Charakter verfügt über mehrere Statistiken: Kriegsführung, Intelligenz, Politik, Charisma, Heeresführung, Seekriegsführung. Der Spieler gewinnt das Spiel, indem er alle Territorien Chinas erobert.
Seirei Senshi Spriggan (Japan)	Ein weiterer Top-Down-Shooter von Compile, der in einer Fantasy-Welt spielt, die traditionelle Science-Fiction-Elemente mit einer feudalen japanischen Kulisse vermischt. Zu Beginn des Spiels beginnt ein Kampf zwischen zwei verfeindeten Nationen um die vollständige Kontrolle über die Elementarkräfte. Als bester Mecha-Pilot in der Armee des Guten ist es Ihre Aufgabe, die Invasion abzuwehren und den Krieg zu gewinnen, indem Sie mit der feindlichen Armada in Standard-Shooter-Manier fertig werden. Aber Überraschung, Überraschung! Dieses Mal werden Sie nicht allein sein, denn in entscheidenden Momenten werden sich Ihnen andere KI-gesteuerte Mecha-Piloten in den Kampf gesellen. Allerdings können nur Sie über die magischen Kräfte verfügen, die Ihrem Mecha hinzugefügt werden können, indem Sie mehrere farblich gekennzeichnete Kugeln sammeln, sodass der größte Teil des Kampfes weiterhin Ihnen überlassen bleibt.
Seisenshi Denshou - Jantaku no Kishi (Japan)	Dans une terre médiévale où la puissance et la prospérité d'un pays dépendaient des compétences de ses habitants en mahjong, l'armée de Darol a commencé une campagne d'invasion, aidée par les forces démoniaques. Le Royaume de Rida a été conquis. La jeune garde royale Biares se battit vaillamment, mais fut incapable de vaincre son adversaire mystérieux au mahjong. Il a été téléporté au loin, et trouvé par une fille nommée Olivie. Biares doit trouver un moyen de retourner à Rida et de libérer son pays des envahisseurs, de trouver des compagnons et de jouer au mahjong sur le chemin. Seisenshi Denshō: Jantaku no Kishi est un jeu de mahjong. Le mode histoire comporte des cinématiques et des dialogues entre les matchs de mahjong. Mahjong gameplay lui-même est de la variété en tête-à-un; quelques règles concernant les combinaisons et les bonus peuvent être personnalisées. Le mode libre permet au joueur de faire correspondre Biares aux différents personnages rencontrés dans le mode histoire.
Sexy Idol Mahjong - Fashion Monogatari (Japan)	Bei der Sexy Idol Mahjong Reihe von Nihon Bussan und AV Japan handelt es sich natürlich um Arcade Umsetzungen aus der Spielhalle. Für die PC Engine erschienen bis 1995 insgesamt drei Titel. Zunächst kam Sexy Idol Mahjong 1993 als Super CD ROM auf dem Markt, darauf folgte 1994 Sexy Idol Mahjong Fashion Monogatari, welches als Super und Arcade CD ROM erschien, und schließlich erschien 1995 Sexy Idol Mahjong Yakyuken No Uta als Super CD ROM. Das Gameplay der drei Titel unterscheidet sich leicht im Setting, dafür bleibt die etwas schwächliche Spielstärke immer gleich. Im ersten Teil haben wir es mit einem verkappten Rollenspiel zu tun, denn wir wuseln als kleines 2D SD Sprite durch eine Fantasy Welt, aber anstatt fiese Monster zu kloppen, müssen wir gegen digitalisierte Damen Mahjong spielen.
Shadow of the Beast (USA)	Schon in jungen Jahren wurde Aarbron von den Priestern des Beast Lords entführt und versklavt. Er wuchs mit Drogen auf, die hergestellt wurden, um seinen eigenen Willen zu zerstören und ihn in den Beast Messenger zu verwandeln, eine mächtige Kreatur, die Maletoth, dem Beast Lord, höchstpersönlich dient. Er tat seinen Job, bis er eines Tages einen Mann bemerkte, der kurz davor war, in einem Ritual geopfert zu werden, dessen Gesicht alte Erinnerungen auslöste. Als das Opfermesser in den Körper des Mannes eindrangt, erkannte Aarbron das Gesicht seines Vaters. Als sein Vater auf dem Altar stirbt, tauchen Erinnerungen an seine Kindheit und seine gequälte Vergangenheit durch die Hand des Beast Lords auf. Als ihn Hassgefühle gegenüber seinen Entführern übermannen, schwört er Rache und floh aus dem Tempel, da er den Weg kannte.
Shadow of the Beast - Mashou no Okite (Japan)	Schon in jungen Jahren wurde Aarbron von den Priestern des Beast Lords entführt und versklavt. Er wuchs mit Drogen auf, die hergestellt wurden, um seinen eigenen Willen zu zerstören und ihn in den Beast Messenger zu verwandeln, eine mächtige Kreatur, die Maletoth, dem Beast Lord, höchstpersönlich dient. Er tat seinen Job, bis er eines Tages einen Mann bemerkte, der kurz davor war, in einem Ritual geopfert zu werden, dessen Gesicht alte Erinnerungen auslöste. Als das Opfermesser in den Körper des Mannes eindrangt, erkannte Aarbron das Gesicht seines Vaters. Als sein Vater auf dem Altar stirbt, tauchen Erinnerungen an seine Kindheit und seine gequälte Vergangenheit durch die Hand des Beast Lords auf. Als ihn Hassgefühle gegenüber seinen Entführern übermannen, schwört er Rache und floh aus dem Tempel, da er den Weg kannte.
Shanghai II (Japan)	Shanghai II ist eine Variante des Puzzlespiels, das auch als Solitaire Mahjong bekannt ist. 144 Mahjong-Steine sind in Reihen angeordnet und in verschiedenen Mustern übereinander gestapelt; Das Ziel des Spielers besteht darin, Paare passender Spielsteine, die keine benachbarten Spielsteine haben, von beiden Seiten zu entfernen, bis das gesamte Spielbrett frei ist. Diese Variante enthält sechs Muster, die nach Tieren benannt sind: Tiger, Skorpion, Affe, Schlange, Panther und Drache. Der Spieler kann wählen, ob er Hinweise anzeigen oder beliebig viele Züge umkehren möchte. Ein Modus mit Zeitlimit ist ebenfalls verfügbar.
Shape Shifter (USA)	Die Dunklen haben den Ring der Fünf erobert und die Zauberer, die ihn bewachen, eingesperrt. Ein Barbar namens Lykos hat die Macht, sich in verschiedene Kreaturen zu verwandeln. Er muss die Zauberer und den Ring der Fünf vor den Dunklen retten, bevor sie in seine Heimat Krellion eindringen. Shape Shifter ist ein Side-Scrolling-Actionspiel mit Plattform- und leichten Rollenspielelementen. Ein Großteil des Spiels besteht darin, feindliche Gebiete zu durchqueren, unterwegs gegen normale Feinde zu kämpfen und Bosse zu besiegen. Der „Hub“-Bereich des Spiels ist eine Stadt, in der Lykos seine Gesundheit auffüllen und eine der drei verfügbaren Waffen (Axt, Streitkolben oder Bogen) kaufen kann. Diese Waffen können verbessert werden, indem man sie verzaubert oder Power-Ups einsammelt.
Sherlock Holmes - Consulting Detective (USA)	Sherlock Holmes: Beratender Detektiv: Bd. I on Turbografx ist ein Abenteuerspiel, das auf dem berühmten Roman von Arthur Conan Doyle basiert. Schlüpfen Sie in die Rolle des berühmtesten Detektivs von Scotland Yard und lösen Sie drei Mordfälle in London.
Sherlock Holmes - Consulting Detective - Vol. II (USA)	Sherlock Holmes: Beratender Detektiv: Bd. II auf Turbografx ist ein Abenteuerspiel, das auf dem berühmten Roman von Arthur Conan Doyle basiert. Schlüpfen Sie in die Rolle des berühmtesten Detektivs von Scotland Yard und lösen Sie drei Mordfälle in London.
Shin Nihon Pro Wrestling - '94 Battlefield in Tokyo Dome (Japan)	Shin Nihon Pro Wrestling 94: Battlefield im Tokyo Dome ermöglicht es den Spielern, Japans beliebteste professionelle Wrestling-Promotion, New Japan Pro Wrestling, zu erleben. Das Spiel zeigt echte Wrestler aus der Zeit, in der es veröffentlicht wurde. Die Wrestler erscheinen als digitalisierte Fotos in der Intro-Sequenz und auf den Charakterauswahlbildschirmen; Während des Spiels werden sie als 2D-Grafikbilder gerendert. Das Spiel verfügt über vier Spielmodi; Im „Kampfmodus“ kann der Spieler einen Wrestler auswählen und gegen Gegner antreten, die von der Computer-KI ausgewählt und gesteuert werden. Die anderen Modi entsprechen einer Liga, einem Pokal (nur K.-o.-Phasen) und einem „Versus“-Modus, in dem der Spieler auch einen beliebigen Gegner auswählen kann, gegen den er antreten möchte. In jedem Modus kann der Spieler zwischen Einzelmatch (Eins-gegen-Eins) und Tag-Team wählen, mit einem zusätzlichen Wrestler auf jeder Seite. Der Ligamodus ermöglicht den Wettbewerb zwischen bis zu vier Spielern. Das Kampfsystem ähnelt dem von Kampfspielen, mit einer Seitenansicht und Gesundheitsbalken für die Wrestler.
Shin Onryou Senki (Japan)	Shin Onryō Senki ist ein Remake von Onryō Senki. Die Geschichte und die meisten Dialoge sind dieselben wie im Original, auch das Gameplay ist nahezu identisch und verwendet dieselben menübasierten Verb-Objekt-Befehle. Die Unterschiede liegen hauptsächlich in der visuellen Präsentation und der technischen Qualität der Musik. Die Grafik ist technisch weitaus fortschrittlicher; die meisten Orte wurden von Grund auf neu gezeichnet. Für die Darstellung einiger Charaktere werden digitalisierte Fotos verwendet, und der Anime-Stil ist weniger stark ausgeprägt. Viele Schauplätze und Szenen wurden erweitert, mit zusätzlichen Nahaufnahmen, anderen Blickwinkeln, usw. Einige Orte wurden hinzugefügt oder zu verschiedenen Zeitpunkten im Spielverlauf zugänglich gemacht.
SimEarth - The Living Planet (USA)	Mit SimEarth sind Sie für die gesamte Lebensdauer eines Planeten von 10 Milliarden Jahren verantwortlich. Ihre ultimative Aufgabe besteht darin, die Bewohner des Planeten von seinen bescheidenen einzelligen Wurzeln aus zu den Sternen zu führen. Zu den Hauptbedrohungen, denen Sie ausgesetzt sind, zählen Umweltverschmutzung, Krankheiten, Hungersnot, Krieg und globale Erwärmung. Zu den Steuerelementen, die Ihnen zur Verfügung stehen, gehört die Möglichkeit, Berge und Kontinente zu versetzen, verschiedene Ebenen von Arten zu erschaffen und Flutwellen und Erdbeben auszulösen, um Ihren Planeten umzugestalten. All diese Dinge verbrauchen Ihre begrenzte Energie, die wieder aufgefüllt werden muss.
Snatcher CD-ROMantic (Japan)	Snatcher spielt in der futuristischen Neo Kobe City, einer Stadt des Wahnsinns und der Dekadenz. Wir schreiben das Jahr 2047 (oder 2042, je nach der japanischen Originalversion). Die Menschheit steht vor ihrer schwersten Krise. Eine mysteriöse bio-roide Lebensform ist aufgetaucht. Ihre wahre Natur und ihr Zweck sind unbekannt. Handelt es sich um die Geheimwaffe eines Landes oder um einen Außerirdischen aus einer anderen Welt? Sie tauchen im Winter auf, töten Menschen und nehmen ihren Platz in der Gesellschaft ein. Sie tragen eine künstliche Haut und können schwitzen und sogar bluten. Sie werden &quot;Snatchers&quot; genannt, weil sie sich ihre Opfer &quot;schnappen&quot;, bevor sie deren Platz einnehmen. Es wurde eine neue Polizeitruppe gebildet, die speziell für den Kampf gegen die Snatchers ausgebildet wurde. Sie heißen JUNKERs . Jedes Mal, wenn man jemandem begegnet, muss man sich eine schwierige Frage stellen: Ist es ein Mensch oder ein Snatcher?
Sorcerian (Japan)	Als fünftes Spiel in der Dragon Slayer-Reihe wurde dieses Action-Rollenspiel hoch gelobt für sein Szenariosystem, das es den Spielern ermöglicht, viele Geschichten in einem einzigen Spiel zu genießen, und für sein subtiles Spielerkreationssystem, das es den Spielern ermöglicht, 120 Arten von Magie durch die Kombination von sieben Sternen zu erschaffen. Die Spieler werden zu Sorsarianern, Abenteurer versammeln sich in der Schwert- und Zauberstadt Pentaua und bilden vier Gruppenmitglieder aus vier verschiedenen Klassen: Krieger, Zauberer, Zwerg und Elfe, und begeben sich auf ein Abenteuer voller Rätsel. Dieser Titel umfasst &quot;Grauer Kerker&quot;, &quot;Himmelsfall&quot;, &quot;Zwillingsinseln&quot; und insgesamt 10 Original-Mega-Drive-Szenarien, die alle von jedem dieser Szenarien aus gestartet werden können, mit Ausnahme des Endszenarios &quot;Festung der bösen Götter&quot;. Die dramatische und schöne Musik, die die Geschichte schmückte, zog ebenfalls viel Aufmerksamkeit auf sich.
Sotsugyou Shashin - Miki (Japan)	Diese erweiterte Version der früheren Computerversion ermöglicht es dem Spieler, direkt vom Hauptmenü aus eines der beiden Spiele zu starten. Beide Spiele bieten neu gezeichnete Grafiken, einen neu abgemischten Soundtrack sowie Sprachausgabe, die in den Computerversionen nicht vorhanden war. Die Protagonisten heißen nun Naoki Muraoka (Sotsugyō Shashin) und Tetsuya Watanabe (Miki). Während das Gameplay von Miki weitgehend unverändert bleibt, ermöglicht diese Version von Sotsugyō Shashin dem Spieler, Hiromi Kamura als Protagonistin zu wählen. Dadurch entsteht ein zweites Szenario, in dem die Ereignisse aus ihrer Sicht gezeigt werden.
Space Invaders - The Original Game (Japan)	Diese Version von Space Invaders basiert auf dem Arcade-Spiel Space Invaders DX von 1994, aber ihr fehlt der Parodie-Modus dieses Spiels. Was bleibt, ist der klassische Modus, der es dem Spieler erlaubt, die Art des Arcade-Kabinetts (aufrecht, schwarz-weiß usw.) als Hintergrund der Handlung zu wählen, sowie den Gegenspieler-Modus für zwei Spieler. Der Gegen-Modus ist ein geteilter Bildschirm, wobei jeder Spieler versucht, zu überleben und mehr Eindringlinge zu eliminieren als der Gegner.
Splash Lake (USA)	Splash Lake ist ein Action-Strategie-Puzzlespiel. Jede Runde besteht aus einem einzelnen Bildschirmspielbereich, der aus Kacheln besteht, die über einem See hängen. Du steuerst einen Strauß, der die Kacheln knacken und sie ins Wasser fallen lassen kann. Ihr Ziel ist es, diese Fähigkeit zu nutzen, um alle Bösewichte auf dem Bildschirm ins Wasser fallen zu lassen. Das Spiel bietet mehr als 60 Level, einen simultanen Zwei-Spieler-Modus und humorvolle Zwischensequenzen alle 10 Level.
Splash Lake - Ostrich Daibouken (Japan)	Splash Lake ist ein Action-Strategie-Puzzlespiel. Jede Runde besteht aus einem einzelnen Bildschirmspielbereich, der aus Kacheln besteht, die über einem See hängen. Du steuerst einen Strauß, der die Kacheln knacken und sie ins Wasser fallen lassen kann. Ihr Ziel ist es, diese Fähigkeit zu nutzen, um alle Bösewichte auf dem Bildschirm ins Wasser fallen zu lassen. Das Spiel bietet mehr als 60 Level, einen simultanen Zwei-Spieler-Modus und humorvolle Zwischensequenzen alle 10 Level.
Spriggan Mark 2 - Re Terraform Project (Japan)	In Spriggan Mark 2: Re-Terraform Project können Sie erneut einen Mecha in einem Krieg zwischen zwei gegnerischen Armeen steuern, diesmal um über das Schicksal einer entfernten Kolonie im Weltraum zu entscheiden. Wie im ersten Spiel schließen sich andere KI-gesteuerte Mechas dem Kampf an und sprechen sogar mit dem Protagonisten, um die Handlung voranzutreiben. Das farbcodierte Waffensystem des Originals ist verschwunden und wurde durch ein Standard-Power-Up-System für Sammlerstücke ersetzt. Es stehen keine Optionen zur Verfügung, um auf den Rücken des Spielercharakters zu achten, aber es ist möglich, die Richtung des vom Spieler gesteuerten Mechas zu ändern, sodass der Spieler mit Bedrohungen von hinten umgehen kann.
Star Mobile (Japan)	Star Mobile ist ein Echtzeit-Puzzlespiel. Auf dem Bildschirm wird eine große Skala angezeigt, auf der kontinuierlich Sterne fallen. Ziel ist es, die Sterne beim Fallen horizontal zu bewegen, damit das Gewicht auf der Waage ausgeglichen ist. Jede Stufe enthält eine festgelegte Anzahl an Sternen, die der Spieler verwalten muss. Die Sterne haben unterschiedliche Farben, die ihr Gewicht darstellen. Sowohl auf der rechten als auch auf der linken Seite der Leiter gibt es mehrere Orte, an denen Sterne landen können. Befinden sich zu viele Sterne an einem Ort, fallen sie herunter, wodurch das Gewicht der Seite, auf der sie sich befanden, deutlich abnimmt.
Star Parodier (Japan)	Bewege dich schnell und feuere! Es ist eine ununterbrochene Explosion von Feuerkraft und Sie rasen durch den Weltraum, mittendrin! Der Brains Cult, den du einst besiegt hast, ist zurück, schlimmer als je zuvor. Aber Ihr Finger ist am Abzug eines unglaublichen neuen Techno-Angriffs! Versengen Sie den Skorpion mit einem nuklearen Stich. Feuern Sie Ihre wärmesuchenden Sidewinder ab. Schalten Sie dann ein, um Ihre Weltuntergangs-Superbombe zu starten! Blasen Sie diese Gehirne aus und retten Sie die Galaxie. Dann fordern Sie Ihre Freunde mit einem speziellen Wettkampfzeitmodus heraus, um zu beweisen, wer der Superstar wirklich ist!
Steam-Heart's (Japan)	Steam Hearts ist ein vertikal scrollender Shooter, der auf subtile Weise (oder auch nicht) Actionszenen mit jungen Mädchen in knappen Kleidern vermischt. Das Spiel ist nur für ein erfahrenes Publikum geeignet. Das Spiel setzt auf dieses sanfte Paradoxon, um die Spieler und ihre Hormone zu verführen. Die besonders schwülen Actionszenen unterbrechen einen klassischen Shooter, bei dem das Ziel darin besteht, möglichst viele Punkte zu erzielen und den Luftraum von allen feindlichen Schiffen zu befreien.
Strider Hiryuu (Japan)	Sie spielen Hiryu, ein Mitglied der Bruderschaft der Striders, einer Art Ritterorden der Neuzeit, der gegen den finsteren &quot;Grand Master Meio&quot; kämpft, der die Weltherrschaft an sich reißen will. Nachdem Ihre Bruderschaft dezimiert wurde, sind Sie einer der wenigen noch lebenden Striders, die Rache fordern. Das Spiel ist als Jump'n'Run-Spiel konzipiert. Mit Ihrem Lichtschwert (Cypher) bewaffnet, müssen Sie in den verschiedenen Levels, die von der Sowjetunion bis zum Urwald reichen, zahlreiche Gegner ausschalten. Sie können sich auch mit einem Metallhaken an den Wänden festhalten. Gelegentlich können Sie durch das Zerstören von Kapseln Boni erhalten, mit denen Sie die Reichweite Ihres Schwertes vergrößern oder von einem kleinen Roboter begleitet werden können, der Ihre Feinde vernichtet. Die Bewegungen des Spielers, der seine Waffe zieht oder durch die Luft springt, sind spektakulär.
Summer Carnival '92 - Alzadick (Japan)	Nach dem legendären Recca auf Famicom kommt Naxat Soft zurück, dieses Mal auf PC Engine, für einen neuen Sommerkarneval. Für diejenigen, die nicht wissen, was der Sommerkarneval ist: Er ist das Äquivalent der Hudson Caravan Stage. Bei diesen Wettbewerben konnten Spieler aus ganz Japan gegeneinander antreten und Preise gewinnen. Das Prinzip ist einfach: Spielen Sie in einer definierten Zeit, um möglichst viele Punkte zu erzielen. Was gibt es in diesem Fall Besseres als ein gutes altes Shoot'em Up? Alzadick nutzt das Prinzip des Zeitspiels voll aus... So sehr, dass man sich fragt, warum es vermarktet werden könnte... Vielleicht nur, um den Spielern die Möglichkeit zu geben, für das Turnier zu trainieren.
Summer Carnival '93 - NEXZR Special (Japan)	Nexzr Special wurde speziell für den Sommerkarneval von Naxat Soft im Jahr 1993 veröffentlicht und ist eine Sammlung kurzer Bühnen und Modi, die ihr grundlegendes Gameplay-System und ihre Grafik mit denen von Nexzr teilen. Der reguläre Modus führt bekannte reguläre Feinde und ein paar neue Bosse ein. Der „Karnevalsmodus“ enthält die Modi „Score Attack“ und „Time Attack“, bei denen sich der Spieler auf das Erreichen des Highscores und nicht nur auf das Überleben konzentrieren muss. Aus diesem Grund ist die Schwierigkeit in diesen Modi nachsichtiger; Sie ermöglichen mehr Fortsetzungen und verfügen über großzügiger platzierte Power-Ups. Diese Modi bieten auch mehr zerstörbare Objekte auf dem Bildschirm, da diese gezielt der Punktesteigerung dienen.
Super Air Zonk - Rockabilly-Paradise (USA)	Nach dem Erfolg von PC Denjin springt unser Held mit einem ganz neuen Spiel und einem ganz neuen Soundtrack auf die CD. Wenn Sie über die verschiedenen Landschaften fliegen (Sie können wählen, in welcher Reihenfolge Sie die ersten vier Level spielen), treffen Sie auf Flutwellen, riesige Roboter und eine allgemeine Reihe von bösen, aber niedlichen Bösewichten, wie Sie es erwarten würden. Die Pflanzen aus den ursprünglichen PC-Kid-Spielen sind immer noch da, um Freude zu bereiten, wie zusätzliche Feuerkraft, Smiley-Fontänen oder den winzigen Denjin, der das Ausweichen von Kugeln ein bisschen einfacher macht. Ein weiterer praktischer kleiner Trick ist, dass Ihre Stiefel auch einen Schlag austeilen können, sodass es wahrscheinlicher ist, dass Sie sie beseitigen, wenn Sie sich gegen einen Feind wehren, als dass Sie dauerhaften Schaden anrichten. Auf halbem Weg durch jedes der Levels haben Sie die Möglichkeit, einen Freund zu retten, der sich Ihnen dann anschließt und Ihnen eine bestimmte zusätzliche Fähigkeit verleiht. Diese Freunde sind pro Level voreingestellt und können nicht ausgewählt werden, und sie ermöglichen Dinge wie schnelles Sushi-Feuer und praktische Schüsse von hinten.
Super Albatross (Japan)	Super Albatross ist ein Golfspiel. Es stehen drei Modi zur Verfügung: Training, Matchplay und Turnier. Matchplay ist im Wesentlichen ein Story-Modus, der den Spieler in die Rolle eines jungen Mannes schlüpft, dessen Mutter verstorben ist und der versucht, im Golf Trost zu finden. In diesem Modus müssen Gegner linear besiegt werden und der Verlauf wird durch die Geschichte vorgegeben. Im Trainings- und Turniermodus kann der Spieler zwischen sechs verschiedenen Kursen wählen. Der Turniermodus ist ein Wettbewerb zwischen verschiedenen Charakteren, die im Matchplay-Modus als Gegner auftraten. Das Golfspiel selbst wird stets von oben nach unten betrachtet und ermöglicht es dem Spieler, den Schlägertyp auszuwählen sowie den Winkel und die Stärke des Schlags anzupassen.
Super Daisenryaku (Japan)	Super Daisenryaku ist einer der vielen Titel in SystemSofts langjähriger Kriegsstrategieserie. Die Spielmechanik basiert auf Daisenryaku II, aber viele der enthaltenen Karten sind einzigartig für diese Veröffentlichung, darunter mehrere, die auf Phantasy Star in Segas Konsolenversion basieren. Es gibt keinen Kampagnenmodus und alle enthaltenen Karten können gespielt werden. Einige Karten sind für zwei Spieler, andere für vier, und jede Karte kann mit jeder Kombination aus menschlichen und Computerspielern gespielt werden. Die Computerversionen verfügen außerdem über einen Editor. Das Spiel wird auf einer großen Karte gespielt, die aus sechseckigen Feldern besteht, von denen jedes aus einem der enthaltenen Geländetypen besteht. Jeder Spieler kontrolliert eine Anzahl (mit Geld gekaufter) Einheiten, die jeweils ein Feld auf dem Spielfeld einnehmen. Die Einheitentypen basieren größtenteils auf realer militärischer Ausrüstung aus der Zeit der Veröffentlichung des Spiels. Was dem Spieler zur Verfügung steht, hängt von der gewählten Fraktion ab.
Super Darius (Japan)	Super Darius ist eine Portierung von Darius für die PC Engine-CD-ROM und seit vielen Jahren der einzige Versuch einer präzisen Portierung des Spiels. Es werden sogar Musikaufnahmen und Soundeffekte direkt von der Arcade-Platine verwendet! Sein weiterer Bekanntheitsgrad ist die Einführung aller 26 Bosse aus dem Originalentwurf für Darius, von denen einige bereits früher auf Werbematerial zu sehen waren.
Super Darius II (Japan)	Super Darius II ist ein aktualisiertes Darius II, das für die TurboGrafx-CD veröffentlicht wurde und eine völlig neue Reihe von Bossen, große Änderungen an den Levels und einen vollständig arrangierten Soundtrack mit neuen Songs enthält.
Super Mahjong Taikai (Japan)	Super Mahjong Taikai ist ein Nachfolger von Mahjong Taikai. Die Struktur und das Gameplay des Spiels sind fast identisch mit denen des Vorgängers. Zu den Unterschieden gehören die Möglichkeit, ein Porträt der Hauptfigur (männlich oder weiblich) auszuwählen, und einige zusätzliche historische Figuren, gegen die man antreten kann: So gibt es neben dem mittelalterlichen japanischen Kriegsherrn Oda Nobunaga nun auch Toyotomi Hideyoshi und Tokugawa Ieyasu, berühmte historische Figuren aus derselben Zeit. Auch die Riege der modernen Charaktere (insbesondere Entwickler wie Kou Shibusawa) wurde erweitert. Wie im Vorgängerspiel kann der große Turniermodus erst erreicht werden, wenn der Spieler in der Rangliste weit genug aufgestiegen ist.
Super Raiden (Japan)	Raiden ist eine Umsetzung des klassischen Arcade-Shoot 'em Ups und folgt den Konventionen des Genres mit farbigen Power-Up-Pods, die beim Sammeln unterschiedliche Waffen ergeben. Raiden ist einer der ganz Großen in der Geschichte der Shoot'em Ups. Es sind nicht nur die hervorragenden Grafiken und Sounds, sondern auch das fesselnde Gameplay, das Sie lange fesseln wird. Es ist auch in der Lage, für einige haarsträubende Momente zu sorgen, und die Fähigkeiten, Kugeln auszuweichen, werden auf die Spitze getrieben
Super Real Mahjong PII-III Custom (Japan)	Super Real Mahjong PII & PIII ist eine Compilation, die Super Real Mahjong PII und Super Real Mahjong PIII enthält, die separat in den Spielhallen erschienen sind. Beide Spiele sind recht einfache Eins-gegen-Eins-Mahjongpartien, der Spieler kann seinen Gegner nicht auswählen und das Spiel ist beendet, wenn eine Mahjong-Runde verloren geht. Die Compilation bietet verbesserte Grafiken und Animationen,sowie zusätzliche Spielmodi.
Sword Master (Japan)	Fantasy role-playing game with strategic turn-based battle scenes.
SydMead's TerraForming (USA)	Beim Terraforming ist die Menschheit in die Tiefen des Weltraums geflohen, nachdem die Erde unbewohnbar geworden ist. Infolgedessen reisen sie von Planet zu Planet, um einen Planeten zu finden, der geeignet genug ist, um sich in eine neue Erde zu verwandeln. Auf ihrem Weg begegnen sie außerirdischen Rassen, die sie vernichten müssen, um zu überleben und die menschliche Rasse fortzuführen. Das Gameplay ist ein einfacher Side-Scrolling-Shooter, der feindliche Raumschiffe abschießt, Power-Ups und Gesundheitssymbole aufsammelt und Haupt- und Sekundärwaffen zusammen mit den obligatorischen riesigen Bühnenbossen aufwertet. Das bemerkenswerteste Merkmal des Spiels ist die Arbeit von Syd Mead, einem Spezialeffektkünstler für Filme wie Star Trek: The Motion Picture, Blade Runner, Aliens, 2010 und so aktuell wie Mission Impossible III.
Sylphia (Japan)	Sylphia spielt in einer Umgebung, die von der griechischen Mythologie inspiriert ist. Die Heldin des Spiels war eine furchtlose Jungfrau, die versuchte, ihre Heimatstadt vor dem Ansturm der Monster zu schützen. Aber selbst ihre Macht reichte nicht aus und sie wurde getötet ... Berührt von ihrem Opfer erweckte die Göttin Athene sie als fliegende Halbgöttin wieder zum Leben. Sylphia wurde zu neuem Leben erweckt und kann nun ihren Zorn auf die Monster und ihre Unterstützer loslassen. Trotz seines Themas und Setting spielt sich Sylphia wie ein vertikal scrollender Shooter. Wie in den meisten Spielen dieser Art besteht das Gameplay darin, Wellen von Feinden am Boden und in der Luft abzuschießen. Sylphia kann vier Arten von Fernangriffen einsetzen, die in etwa den traditionellen Waffen anderer Schützen entsprechen: Feuerstöße, Laser, Ausbreitungsfeuer, Zielsuchraketen. Diese Waffen werden als farbige Kugeln angezeigt und müssen eingesammelt werden. Für jede Angriffsart können Power-Ups gesammelt werden. Darüber hinaus kann ein verheerender Spezialangriff gespeichert (gegen eine Ladung) und ausgeführt werden.
Taiheiki (Japan)	„Taiheiki“ ist ein rundenbasiertes Strategiespiel, das auf dem gleichnamigen japanischen historischen Epos aus dem 14. Jahrhundert basiert. Es schildert den Konflikt zwischen dem dekadenten Hōjō-Klan der Nordhof-Fraktion, der später von seinem Vasallen Ashikaga Takauji verraten wird, und der Südhof-Fraktion unter Kaiser Go-Daigo. Der Spieler kann entweder die Nord- oder die Südkräfte kontrollieren und Entscheidungen für den Anführer sowie dessen Vasallen treffen. Dazu gehören diplomatische Verhandlungen mit anderen Provinzherrschern, das Unterzeichnen von Abkommen sowie das Verwalten und Navigieren von Armeen. Kämpfe finden auf einer separaten, aus der Vogelperspektive dargestellten Karte statt, auf der die Einheiten rundenbasiert bewegt werden. Die Ergebnisse einzelner Gefechte basieren auf den Attributen der beteiligten Einheiten und werden automatisch berechnet.
Tecmo World Cup Super Soccer (Japan)	In diesem Fußballspiel können die Spieler wählen, ob sie um die Weltmeisterschaft kämpfen oder am japanischen Ligaturnier teilnehmen möchten. Es stehen nur acht internationale Teams (Brasilien, Argentinien, Japan, England, Frankreich, Spanien, Italien und Deutschland) zur Verfügung. Vor Beginn eines Spiels können die Spieler zwischen drei allgemeinen Teamstrategien wählen: normal, offensiv oder defensiv. Wetterbedingungen (normal, Regen oder Schnee) und Spieldauer können ebenfalls ausgewählt werden. Das Spiel selbst wird aus einer Third-Person-Perspektive gespielt, die je nach Situation leicht zwischen isometrisch und von oben nach unten wechselt.
Tenchi o Kurau (Japan)	Dynasty Wars stammt ursprünglich aus dem Arcade-Bereich und ist ein Spiel, das von der Ära der drei Königreiche in der chinesischen Geschichte inspiriert und entwickelt wurde und insbesondere auf der Adaption der Manga-Geschichte Tenchi o Kurau basiert. Der Spieler übernimmt die Identität eines alten chinesischen Kriegers. Zu Pferd muss er alle seine Gegner eliminieren, hauptsächlich Infanterie und Bogenschützen.
Tengai Makyou - Deden no Den (Japan)	Deden no Den è una versione promozionale di Bomberman '94 con distribuzione limitata. Il gioco era disponibile solo tramite la newsletter di Hudson durante il loro torneo Caravan. Contiene solo un livello del gioco completo (solo modalità da 2 a 5 giocatori), ma sostituisce il personaggio titolare con Kabuki Danjūrō, un personaggio popolare dei giochi Tengai Makyō. I giocatori controllano fino a cinque Kabuki in abiti di diversi colori.
TerraForming (Japan)	Beim Terraforming ist die Menschheit in die Tiefen des Weltraums geflohen, nachdem die Erde unbewohnbar geworden ist. Infolgedessen reisen sie von Planet zu Planet, um einen Planeten zu finden, der geeignet genug ist, um sich in eine neue Erde zu verwandeln. Auf ihrem Weg begegnen sie außerirdischen Rassen, die sie vernichten müssen, um zu überleben und die menschliche Rasse fortzuführen. Das Gameplay ist ein einfacher Side-Scrolling-Shooter, der feindliche Raumschiffe abschießt, Power-Ups und Gesundheitssymbole aufsammelt und Haupt- und Sekundärwaffen zusammen mit den obligatorischen riesigen Bühnenbossen aufwertet. Das bemerkenswerteste Merkmal des Spiels ist die Arbeit von Syd Mead, einem Spezialeffektkünstler für Filme wie Star Trek: The Motion Picture, Blade Runner, Aliens, 2010 und so aktuell wie Mission Impossible III.
Todd's Adventures in Slime World (Japan)	Während Sie mit Ihrem Raumschiff fliegen, landen Sie auf einem Planeten, der vollständig mit Schleim bedeckt ist. Sie und ein Freund erkunden den labyrinthischen Schleimplaneten, bewaffnet mit einer Wasserpistole und allen möglichen Geräten, die Sie unterwegs finden, um den Weg zurück nach draußen zu finden. Die Spielwelt ist ein riesiges Labyrinth mit skurrilen versteckten Bereichen und vielen originellen Layout-Ideen. Abhängig vom Spielmodus kooperieren Sie entweder mit Ihrem „Freund“ oder konkurrieren mit ihm, um als Erster einen Ausgang zu finden und zu erreichen. Aufgrund der enormen Größe der Schleimwelten (ca. 6 Einträge zur Auswahl) dauern Spiele oft mehrere Stunden. Die Grundlage des Spiels ist die Erkundung, wobei sich die verschiedenen Spielmodi weiter auf Wettbewerb, Rätsellösung, Geschwindigkeit, Erkundung oder Zusammenarbeit konzentrieren.
Travel Eple (Japan)	Travel Epuru (oder Travel Apple) ist ein von Bomberman inspiriertes Actionspiel im Puzzle-Stil. Sie spielen als Epuru, die Heldin des Spiels, und müssen sich in jedem Level einem Feind stellen, indem Sie Waffen, aber auch Fallen und Boni (Heilung, Teleportation usw.) einsetzen, die vor Ort verfügbar sind. Die Level sind „offen“. &quot;, im Gegensatz zu Bomberman, und man kann sich frei bewegen. Das Spiel ist in mehrere Welten unterteilt, die aus mehreren Levels bestehen, wobei das letzte ein Bosskampf ist. Schöne Zwischensequenzen verbessern den Fortschritt zwischen den einzelnen Welten. Das Spiel kann von zwei Personen gespielt werden.
TV Show, The (Japan)	„The TV Show“ ist ein humorvolles Overhead-Actionspiel, das im Konzept Bomberman ähnelt. Das Spiel besteht aus einem Szenariomodus (Einzelspieler) und einem Versus-Modus (bis zu vier Spieler). In beiden Modi stehen sieben Charaktere zur Auswahl. Die Charaktere sind komisch thematisiert und umfassen ein hyperaktives Schulmädchen, einen gepanzerten Ninja und andere. Es gibt keine wirkliche Handlung hinter diesen Charakteren; Jedes enthält eine kurze Einführungssequenz, die unweigerlich dazu führt, dass sie in eine von Außerirdischen organisierte TV-Show aufgenommen werden, in der sie Feinde besiegen und Preise ergattern müssen. Jede Stufe ist ein Overhead-Bildschirm, auf dem der Protagonist, Feinde, der Preis und mehrere Bomben zu sehen sind. Die Bomben sollten aufgehoben und herumgetragen werden; Sie werden verwendet, um mit Feinden umzugehen und das Gefäß, in dem sich die Beute befindet, in die Luft zu jagen. Die grünen Bomben ändern beim Aufheben ihre Farbe in Gelb und Rot. Dann sind sie kurz vor der Explosion und müssen geworfen werden, um Schaden zu vermeiden. Bomben reißen auch Löcher in das Gelände und der Spieler muss aufpassen, dass er nicht durchfällt. Zusätzlich zum Bombentragen und Bombenwerfen verfügt jeder Charakter über eine besondere Fähigkeit. Diese reichen je nach ausgewähltem Charakter vom Werfen von Projektilen auf Feinde bis hin zum Beschleunigen beim Fahrradfahren.
Valis II (USA)	Valis II hat die gleiche Grundhandlung wie sein Computer-Pendant: Rogles, der Tyrann der magischen Welt Vecanti, wurde besiegt und ein neuer Kaiser namens Megas terrorisiert seine Bewohner. Es liegt an der japanischen Schülerin Yuko, die Rolle des Valis-Soldaten anzunehmen und Megas zu besiegen. Gameplaytechnisch unterscheidet sich diese Version deutlich von den Computerversionen. Obwohl es sechs Level gibt, die mit denselben Bossgegnern enden, sind das Leveldesign, das Layout und viele reguläre Feinde unterschiedlich. In dieser Version werden außerdem zwei wichtige Gameplay-Funktionen der Computerversion vollständig entfernt: die Möglichkeit, verschiedene Waffen und Rüstungen auszurüsten, und die fliegenden Side-Scrolling-Shooter-Stufen.
Valis III (USA)	Nachdem Yuko die bösen Rogles besiegt hatte, herrschte Frieden auf der Erde und in der magischen Welt von Vecanti. Doch eine neue Bedrohung ist aufgetaucht: Ein rätselhafter Mann namens Glames aus der Dunklen Welt, der ein Schwert namens Leethus besitzt, plant, sowohl die Erde als auch Vecanti zu erobern, überzeugt davon, dass es keinen anderen Weg gibt, seine Welt vor der drohenden Zerstörung zu retten. Ein junges Mädchen aus der Dunklen Welt namens Cham entkommt Glames und bittet Yuko, ihr dabei zu helfen, ihn mit Hilfe ihres Valis-Schwerts aufzuhalten. Wie seine Vorgänger der Serie ist Valis III ein Side-Scrolling-Plattform-Actionspiel. Im Gegensatz zu den vorherigen Teilen kann der Spieler drei Charaktere im Spiel steuern: Yuko, Cham (der eine Peitsche benutzt und ähnlich wie die Protagonisten von Castlevania kämpft) und Prinzessin Valna aus Vecanti, die körperlich schwächer ist, aber stärkere Magie wirken kann. Jeder der Charaktere kann verschiedene Waffen ausrüsten und hat Zugriff auf seine eigenen Zaubersprüche.
Valis IV (Japan)	Super Valis IV ist ein Action-Plattformspiel auf Turbografx. Ein ehemaliger Prinz namens Gallagher, der von der bösen Macht eines Rings besessen und jahrzehntelang von einem Kristall gefangen gehalten wurde, schafft es, sich zu befreien und verspricht, Chaos über die Welt zu säen. Sie spielen als Lena, ein junges Mädchen, das eine Valis-Kriegerin werden möchte und verhindern muss, dass Gallagher ihr Schaden zufügt. Zaubersprüche stehen zur Verfügung, um Feinde loszuwerden, und am Ende jedes Gebiets erwarten Sie Bosse.
Vasteel (USA)	Vasteel ist im Kern ein auf Hexereien basierendes Kriegsstrategiespiel. Der Story-Modus führt den Spieler (der entweder Stefans oder Falialls Armeen kontrolliert) durch verschiedene Top-Down-Karten, auf denen die beiden Armeen versuchen, sich gegenseitig zu vernichten, in eine bessere Position vorzudringen, feindliche Städte zu erobern usw. Es gibt auch eine Versus-Modus, der das Spielen mit zwei Spielern sowie den Zugriff auf alle Karten unabhängig von der Geschichte ermöglicht. Die Armeen der beiden Prinzen bestehen ausschließlich aus Robotern. Sogar Panzer, Kanonen und Raumschiffe haben die Form von „Transformator“-Robotern. Beide Armeen verfügen über Fabriken, die sogar mehrmals pro Spielzug neue Roboter produzieren können; Jede dieser Produktionen kostet Geld, dessen Menge begrenzt ist. Der Spieler navigiert die Roboter rundenbasiert über die Karte. Zum Kampf kommt es, wenn sich zwei Roboter auf demselben Gitter befinden.
Where in the World Is Carmen Sandiego (Japan) (En,Ja)	Sie beginnen als junger Detektiv, dessen Aufgabe es ist, eine Reihe von Dieben der wertvollsten Schätze der Welt aufzuspüren. Nach jeder Missionsbesprechung haben Sie eine Frist, um den Artefaktdieb mithilfe von Hinweisen zu Ihren Geografiekenntnissen zu fangen. Carmen Sandiego?, eine aktualisierte Version des Spiels mit verbesserter Grafik, Soundeffekten und zusätzlichen Steuerungsschemata, wie z. B. Gamepad-Unterstützung.
Winds of Thunder (Japan)	Lords of Thunder ist ein Side-Scrolling-Shooter, bei dem Sie in die Rolle eines legendären Kriegers schlüpfen und Feinde zu Heavy-Metal-Klängen vernichten. Ihre Feinde planen, Zaggart, „The Dark One“, wiederzubeleben, der unter den sechs Kontinenten von Mistral eingeschlossen war. Es liegt an Landis, dem Nachkommen des heldenhaften Dyu, sie aufzuhalten. Wählen Sie die Reihenfolge, in der Sie die sechs Stufen angreifen möchten. Wählen Sie vor jeder Stufe eine von vier magischen Rüstungen aus und verwenden Sie Kristalle, die Sie während Ihrer Kämpfe gesammelt haben, um Gegenstände zu kaufen. Machen Sie sich dann bereit, ehrfürchtigen Feinden wie einer feuerspeienden Seeschlange oder einem riesigen Insekt gegenüberzutreten.
Wonder Boy III - Monster Lair (Japan) (Rev 3)	Monster Lair fühlt sich eher wie der erste Wonder Boy, als der Zweite an und ist ein rasantes Plattformspiel mit automatischem Bildlauf. Die Levels sind in zwei Stufen unterteilt, die erste ist eine Plattformstufe, die zweite eine Shoot 'em up-Stufe, die in einem Boss endet. Während des Spiels wird deine Energie heruntergezählt, also musst du weiter Obst pflücken, um dich wieder aufzufüllen. Es gibt eine Vielzahl von Waffen zum Sammeln – Laser, Streuschüsse, rotierende Schilde und so weiter, aber diese sind auch zeitgesteuert und halten nicht lange, sodass häufig Waffen gewechselt werden müssen, um zu vermeiden, dass Sie mit Ihrem einfachen Schwertschuss auf kurze Distanz zurückbleiben. Das Spiel ist simultan für einen oder zwei Spieler.
World Heroes 2 (Japan)	Die zeitreisenden Turnierkämpfer sind zurück! Die ursprünglichen acht Charaktere aus dem vorherigen Spiel kehren zurück, zusammen mit sechs neuen Charakteren, die im Laufe der Zeit aus verschiedenen Epochen und Orten handverlesen wurden. Wer oder was steckt hinter diesem neuen Turnier? Um das herauszufinden, muss der stärkste Kämpfer alle Gegner besiegen, den Titel gewinnen und sich demjenigen stellen, der alle Antworten hat. Das zweite World Heroes-Spiel bietet neue Level und Musik sowie verbesserte Animationen und Grafiken. Kämpfer können jetzt Projektilbewegungen auf ihre Gegner reflektieren und normale Würfe umkehren, wenn das Timing des Spielers stimmt. Der Death-Match-Modus des Originalspiels ist ebenfalls zurück, allerdings mit einer neuen Funktion: Die Lebensleiste erhöht oder verringert sich, wenn der Kämpfer Schaden zufügt oder erhält. Wenn es dem Spieler gelingt, die Lebensleiste seines Kämpfers auf 100 % zu bringen, verliert der Gegner.
Wrestle Angels - Double Impact (Japan)	Wrestle Angels: Double Impact ist ein ähnliches Konzept wie Wrestle Angels V1, eine Simulation mit rundenbasierten Wrestling-Kämpfen zwischen attraktiven jungen Frauen. Das Spiel verfügt über drei Modi: Ausstellung, Teammanagement und Debüts neuer Spieler. Im Exhibition-Modus kann der Spieler aus einer Vielzahl von Wrestlern wählen und im Einzel-, Doppel- oder Teammodus (sechs Wrestler) gegeneinander antreten. Ein neuer Spieler stellt die beliebten Wrestler der Franchise vor und schickt sie durch Trainingseinheiten und eine Reihe von Kämpfen. Team Management ist der umfassendste Modus im Spiel. In diesem Modus übernimmt der Spieler die Rolle eines Managers, der ein Wrestlerteam zusammenstellen muss, um in den japanischen Regionalligen anzutreten. Neue Wrestler können aus bekannten oder „gesuchten“ Sportlern auf der Straße ausgewählt werden, mit unterschiedlichen Auswirkungen. Anschließend weist der Spieler den Ringern Zeitpläne und Aktivitäten zu. Es ist möglich, mit ihnen zu sprechen, sie in den Urlaub zu schicken und sie wieder zurückzuschicken. Der Spieler kann auch das Fitnessstudio renovieren, Masken für die Wrestler entwerfen, sich um die Öffentlichkeitsarbeit kümmern und andere Managementaufgaben übernehmen. Alle diese Aktivitäten kosten Aktionspunkte und müssen sorgfältig gehandhabt werden, bevor das Team zum Wettbewerb herausgefordert wird.
Wrestling Universe - Fire Pro Joshi - Dome Choujo Taisen - Zenjo vs. JWP (Japan)	Lange bevor WWE Divas-Wrestling-Kämpfe einführte, gab es in Japan eine ernstere Angelegenheit, wo Wrestling-Fähigkeiten wichtiger waren als Brustimplantate und die Kämpfe zu dieser Zeit „echt“ waren (was das Wrestling betraf). Ort des Kampfes am Kissen-Höschen-Kämpfe. In diesem Spiel der Fire Pro-Serie steht die Besetzung der All-Japan Women's Pro-Wrestling-Promotion zur Verfügung und kämpft alle um den Gewinn des roten Gürtels, der höchsten Auszeichnung des Verbandes. Es ist auch möglich, an Einzelkämpfen, Turnieren, Battle-Royal- und Ausscheidungskämpfen teilzunehmen. Die in CAW übliche Optionstabelle ist vorhanden, da 16 neue Wrestler erstellt werden können. Das Gameplay unterscheidet sich, wie in der Serie üblich, radikal von den meisten westlichen Spielen. Jeder Wrestler hat eine Reihe von Bewegungen, die von schwach bis stark geordnet sind. Obwohl es möglich ist, jeden von ihnen aus offenen Situationen zu verbinden, können die stärksten Bewegungen erfolgreich eingesetzt werden, wenn der Gegner bereits besiegt ist.
Xak III - The Eternal Recurrence (Japan)	Der große Held Latok, der Nachkomme des Kriegsgottes Duel, ist in seine Heimatstadt Fearless zurückgekehrt, wo er friedlich mit seiner Mutter lebt. Doch eines Tages überbringt ein Bote eine schreckliche Nachricht: Das Schloss von Farland wurde angegriffen, der König, die Prinzessin und unzählige Soldaten brutal getötet. Zomu Dizae, der dritte und letzte Dämonenkommandant der dunklen Welt Zekisis (Latok hat die anderen beiden, Badu und Gospel, besiegt), ist angekommen. Ihm hilft der verräterische Nekromant, der die Soldaten von Farland in Monster verwandelt hat. Wird Latok das Böse erneut besiegen können? Xak III: The Eternal Recurrence ist ein Action-Rollenspiel, das im Gameplay-Stil seinen Vorgängern ähnelt, aber auch einige Elemente enthält, die erstmals in Tower of Gazel eingeführt wurden, wie z. B. die Fähigkeit zu springen und Gefährten zu haben (obwohl diese Funktion hier viel eingeschränkter ist). . In vielen Fällen ist die Sprungfähigkeit von entscheidender Bedeutung, da es Hindernisse gibt, die nur durch Überspringen umgangen werden können. Latok startet auf Level 50, kann aber dennoch Erfahrungspunkte sammeln und stärker werden. Eine neue (und sehr nützliche) Funktion ist die Wiederherstellung der Trefferpunkte, die erfolgt, wenn Latok stillsteht. Um dem entgegenzuwirken, können Feinde erneut erscheinen, was bedeutet, dass es im Spiel nicht viele völlig sichere Bereiche gibt.
Ys Book I & II (USA)	Ys: Book I & II enthält erweiterte Remakes von zwei Spielen: Ys: The Vanished Omens und seiner Fortsetzung Ys II: Ancient Ys Vanished – The Final Chapter. Die erweiterten Versionen wurden nicht separat veröffentlicht. Der Spieler schlüpft in die Rolle eines jungen rothaarigen Helden namens Adol Christin, dessen Aufgabe es ist, die sechs Bücher von Ys zu finden, einem alten paradiesischen Land, das vor langer Zeit auf mysteriöse Weise verschwunden ist. Es heißt, dass jeder, der die sechs Bücher besitzt, Zugang zu Ys erhalten kann. Im ersten Spiel ist Adol auf der Suche nach den Büchern und nach Ys. Das zweite Spiel findet in Ys selbst statt und Adol muss ein noch größeres Übel besiegen und das Land befreien. Diese Veröffentlichung bietet verbesserten Sound in CD-Qualität, hochwertigere Grafiken und neue Zwischensequenzen im Anime-Stil.
Ys I & II (Japan)	Ys: Book I & II enthält erweiterte Remakes von zwei Spielen: Ys: The Vanished Omens und seiner Fortsetzung Ys II: Ancient Ys Vanished – The Final Chapter. Die erweiterten Versionen wurden nicht separat veröffentlicht. Der Spieler schlüpft in die Rolle eines jungen rothaarigen Helden namens Adol Christin, dessen Aufgabe es ist, die sechs Bücher von Ys zu finden, einem alten paradiesischen Land, das vor langer Zeit auf mysteriöse Weise verschwunden ist. Es heißt, dass jeder, der die sechs Bücher besitzt, Zugang zu Ys erhalten kann. Im ersten Spiel ist Adol auf der Suche nach den Büchern und nach Ys. Das zweite Spiel findet in Ys selbst statt und Adol muss ein noch größeres Übel besiegen und das Land befreien. Diese Veröffentlichung bietet verbesserten Sound in CD-Qualität, hochwertigere Grafiken und neue Zwischensequenzen im Anime-Stil.
Ys III (Japan)	Ys III: Wanderers from Ys ist ein Rollenspiel auf Turbografx. Dogi beschließt, nach Hause zurückzukehren, nachdem besorgniserregende Gerüchte über sein Dorf aufgekommen sind. Immer bereit, sich auf ein Abenteuer einzulassen, schließt sich Adol, sein treuer Freund, ihm an, um die Ursache dieser neuen Probleme herauszufinden. Der Spieler spielt Adol, der mit seinem Schwert und anderen Gegenständen seine vielen Feinde besiegen kann.
Ys III - Wanderers from Ys (USA)	Ys III: Wanderers from Ys ist ein Rollenspiel auf Turbografx. Dogi beschließt, nach Hause zurückzukehren, nachdem besorgniserregende Gerüchte über sein Dorf aufgekommen sind. Immer bereit, sich auf ein Abenteuer einzulassen, schließt sich Adol, sein treuer Freund, ihm an, um die Ursache dieser neuen Probleme herauszufinden. Der Spieler spielt Adol, der mit seinem Schwert und anderen Gegenständen seine vielen Feinde besiegen kann.
Ys IV - The Dawn of Ys (Japan) (Rev 3)	The Dawn of Ys ist eines von zwei Spielen, die unter dem Titel Ys IV veröffentlicht wurden, das andere ist Ys IV: Mask of the Sun von Tonkin House. Die beiden Spiele teilen die gleiche Grundgeschichte, weisen jedoch viele Unterschiede hinsichtlich konkreter Ereignisse, Orte, Spieldetails usw. auf. Die Ereignisse des Spiels finden kurze Zeit nach den in Ys II beschriebenen Ereignissen und vor den Ereignissen von Ys III: Wanderers statt von Ys. Zu Beginn des Spiels kehren Adol und sein Freund in die Stadt Minea zurück, wo das erste Spiel begann. Der böse Lord Darm wurde besiegt und es ist Zeit, sich zu entspannen und etwas Zeit mit Freunden zu verbringen – aber nicht lange. Ein neues Übel erhebt sich und Adol beschließt, in das überseeische Land Celceta zu segeln, um diese Vorkommnisse zu untersuchen.
Yuu Yuu Hakusho - Yami Shoubu!! Ankoku Bujutsu-kai (Japan)	Ankoku Bujutsukai basiert auf dem Manga Y? Ja? Hakusho erzählt die Geschichte eines jungen Straftäters namens Yusuke Urameshi, der als Belohnung für eine gute Tat, die er begangen hat, stirbt und wiedergeboren wird, außerdem als „Unterweltdetektiv“ fungiert und dämonenbezogene Rätsel löst. Diese Adaption des Mangas folgt dem Handlungsbogen „Dark Tournament“, in dem Mitglieder von Yusukes Team dem mächtigen Dämon Toguro gegenüberstehen. Trotz seiner Prämisse, die an ein Versus-Kampfspiel erinnert, ist Ankoku Bujutsukai ein Shooter im Arcade-Stil. Der Spieler wählt einen der fünf Charaktere (Yusuke, Hiei, Kurama, Kuwabara oder Genkai) aus und wird dann in einer vorher festgelegten Reihenfolge zu einer Reihe von Eins-gegen-Eins-Schießereien geführt. Der Feind wird aus der Ego-Perspektive betrachtet und der Spieler bewegt einen Cursor, um zu zielen und zu schießen. Das Spielsystem ist ziemlich einfach und ermöglicht dem Spieler die Ausführung von drei Arten von Angriffen: normale Schüsse, geladene Schüsse und Spezialangriffe in begrenzter Anzahl. Punkte werden für gewonnene Kämpfe vergeben und können verwendet werden, um die Trefferpunkte, die Geschwindigkeit oder die Anzahl der Spezialbewegungen der Charaktere zu erhöhen.
Zan - Kagerou no Toki (Japan)	In „Kagerō no Toki“ tauchst du in die Sengoku-Zeit des 16. Jahrhunderts ein, eine Periode ständiger Kriege und berühmter Führer wie Oda Nobunaga und Tokugawa Ieyasu. Im Gegensatz zu früheren Teilen der Zan-Serie verzichtet das Spiel auf übernatürliche Elemente und konzentriert sich auf historische Ereignisse und strategisches Gameplay. Als Anführer einer Region Japans kannst du diplomatische Aktionen wie Verhandlungen, Vertragsabschlüsse und Friedensabkommen durchführen. Die Schlachten sind detaillierter gestaltet und finden auf separaten Karten statt, wo du deine Einheiten aktiv navigierst und taktisch gegen den Feind ins Gefecht führst.
Zero Wing (Japan)	Zero Wing ist ein horizontales Shooter-Spiel, bei dem der Spieler die Kontrolle über eine ZIG übernimmt, eine Rettungskapsel, die freigelassen wird, nachdem ihr Hauptschiff vom bösen Cyborg CATS angegriffen und zerstört wurde, der die Welt erobern will. Wie bei den meisten Spielen des Genres gibt es drei farblich gekennzeichnete Waffen: Rot (Scatter), Grün (Homing) und Blau (Laser). Jede Waffe verfügt über drei Stärkestufen. Um diese zu erhalten, müssen nacheinander ähnliche Upgrades gesammelt werden. Was das Spiel jedoch einzigartig macht, ist die Möglichkeit, einen Feind mit einem Traktionsstrahl zu fangen und ihn dann gegen seine Kameraden zu werfen und diese zu zerstören. Das Spiel (genauer gesagt die europäische PAL-Version davon) ist dafür bekannt, dass es der Ursprung des grammatikalisch falschen Satzes in der englischen Übersetzung ist: „All your base are would be were to us“, der inzwischen zu einem Internetphänomen geworden ist.
