#key	synopsis
1552 Tenka Tairan (Japan)	1552 Tenka Tairan es un juego de estrategia de guerra, compatible con ratón, situado durante el periodo Sengoku de Japón. Los tres escenarios de la campaña se situan respectivamente durante los años 1552, 1582 y 1600. El jugados se encuentra en medio de una situación conocida como Gekokujou, donde un ambicioso señor feudal (conocido en japonés como daimyo) empieza a enfrentarse a sus superiores dando resultado a una gerra civil por la conquista de Japón. El jugador se encuentra en el rol de uno de los señores feudales, pudiendo escoger entre diferentes personajes históricos o crear el suyo propio. El proceso de creación se asemeja al estilo de los juegos tipo Ultima, donde se le presetan al jugador una serie de preguntas que responder y en función de sus respuestas varian las estadísticas del general controlado. El modo de juego incluye administrar el ejército, mover tropas, conquistar territorios, defender sus castillos, etc. Aunque el juego se pausa cuando el jugador ha de tomar una decisión, el tiempo avanza sin tener en cuenta las acciones del jugador, por lo que se considera un juego de estrategia en tiempo real. Las batallas tienen lugar en pantallas diferentes, donde se presentan distintas tácticas para posicionar y controlar las tropas.
3x3 Eyes - Sanjiyan Henjou (Japan)	3x3 Eyes: Sanjiyan Henjyo es un juego de aventuras en TurboGrafx / PC Engine. Está basado en el universo de manga y anime 3x3 Eyes. Pai, una niña de la tribu Sanjiyan, tres demonios de ojos chinos, quiere volver a ser humana. Ella conoce a una adolescente japonesa, Yakumo Fuji, a quien involuntariamente se convierte en una esclava inmortal para servir y que también buscará volver a ser humana.
A.III. - A Ressha de Ikou III (Japan)	A.III es la tercera parte de la serie A-Train. Esta es una simulación de gestión ferroviaria en PC Engine que le brinda los controles de una compañía de trenes. Depende de usted tomar las decisiones correctas para hacer crecer su negocio y colocarlo en la cima de la industria.
Addams Family, The (USA)	Como la mayoría de las versiones de la familia Addams, este es un juego de acción de desplazamiento lateral. La única arma de Tully Alford es un paraguas que dispara energía a los enemigos. Tully también puede saltar y agacharse para evitar los golpes del enemigo. El mundo del juego consiste en un área de &quot; centro &quot;, la sala de la mansión de la familia Addams y muchas habitaciones, la mayoría de las cuales están cerradas al principio del juego. El juego consiste principalmente en explorar las salas accesibles y recoger las llaves que se necesitan para abrir otras puertas en el proceso. Algunas de las habitaciones contienen tesoros y potenciadores, mientras que otras están infestadas de monstruos o requieren que el jugador derrote a su jefe enemigo para poder avanzar.
Advanced V.G. (Japan)	Advanced Variable Geo es un juego de lucha para chicas. Podrás elegir entre 9 chicas: Yuka Takeuchi, una camarera y heroína del juego, Chiho Masuda, una chica Ninja, Manami Kusunoki, una extraña y simpática chica con guantes de gato, Jun Kubota, Satomi Yajima, Ayako Yuki, Elirin, Kaori Yanase y Reimi Jahana. Hay 3 modos de juego: modo normal, modo VS y modo historia. La historia del juego es bastante inusual: camareras de diferentes restaurantes compiten en grandes torneos usando poderosos superataques y técnicas especiales de lucha. Ten en cuenta que solo Yuka es jugable en el modo historia.
Adventure Quiz - Capcom World + Hatena no Daibouken (Japan)	Adventure Quiz es una compilación de dos juegos publicados anteriormente en las salas recreativas: &quot;Capcom World&quot; y &quot;Hatena? No Daiboken&quot;. Los dos juegos son muy similares: el jugador debe tirar los dados para avanzar en un tablero. Dependiendo del resultado, el personaje avanza varios cuadros, lo que lleva a diferentes desafíos de prueba. El jugador debe responder una serie de preguntas dentro de un tiempo específico, eligiendo la respuesta correcta entre las muchas (generalmente cuatro) disponibles. Un juego de dos jugadores también es posible.
Ai Chou Aniki (Japan) (SADS, SAES)	Ai Cho Aniki es un juego de acción en el CD TurboGrafx. En este shooter de desplazamiento horizontal, juegas como culturista para elegir entre los dos personajes secundarios del juego anterior Cho Aniki. Por el contrario, los personajes principales de Cho Aniki pasan aquí en segundo plano y aparecen de vez en cuando para dar bonos a tu héroe atlético que usa un traje de baño.
Akiyama Jin no Suugaku Mystery - Hihou India no Honoo o Shishu Seyo! (Japan)	Akiyama Jin no Suugaku Mystery: Hihou &quot;Indo no Honoo&quot; wo Shishu Seyo! (El misterio matemático de Akiyama Jin: ¡Protege la Llama India!) sigue al matemático Jin Akiyama mientras resuelve acertijos matemáticos para proteger un antiguo tesoro conocido como la &quot;Llama India&quot;. El juego combina rompecabezas lógicos y una jugabilidad centrada en la historia.
Akumajou Dracula X - Chi no Rondo (Japan)	Es el año 1792, y Drácula es revivido por el sacerdote oscuro Shaft. Después de reconstruir sus fuerzas oscuras, se dispone a destruir la aldea donde vive Richter Belmont, descendiente del clan Belmont y heredero del látigo Vampire Killer. Por otra parte, Drácula secuestra a la novia de Richter, Annette, a una cazadora de vampiros de doce años de edad, de nombre Maria Renard, y otros dos aldeanos locales: una monja conocida como Tera, e Iris, la hija del médico del pueblo. Blandiendo el látigo de sus antepasados, Richter se aleja hacia Castlevania, enfrentando a muchos monstruos en el camino, en especial, a Death. Después de avanzar por el castillo, Richter consigue rescatar a Annette, María, y las dos aldeanas locales: Iris y Tera. María, aunque muy joven, es capaz de ayudarle con sus animales familiares, para poder eliminar a Drácula. Richter y María resultan victoriosos en la batalla contra Shaft, Death (La Muerte) y Drácula.
Alnam no Kiba - Juuzoku Juuni Shinto Densetsu (Japan) (FAAT)	¡Arunamu No Kiba es un juego de rol por turnos! Kenbu es un joven guerrero que se está entrenando para cambiar su forma (su gente tiene la capacidad de transformarse en una bestia). Un día, su ciudad natal es atacada por un monstruo horrible que se asemeja a una araña. El mejor amigo y mentor de Kenbu muere mientras lo protege. El joven héroe luego mata al monstruo, pero poco después, debe abandonar la aldea y descubrir quién o qué está detrás de este ataque. Kenbu se encuentra con otros héroes y juntos deben detener el mal que amenaza al mundo entero.
Alshark (Japan)	Alshark es un juego de rol de ciencia ficción con varias características distintivas. El jugador controla un grupo de hasta cinco personajes que exploran un vasto mundo que consiste en varios sistemas solares, cada uno con sus propios planetas y estaciones espaciales. La navegación espacial se realiza utilizando la nave espacial Atlia, que puede equiparse con varias armas, motores, etc. De vez en cuando, el jugador participa en un combate espacial aleatorio contra naves enemigas. Estas peleas son automáticas por defecto, pero el jugador también puede elegir controlar la nave y disparar con sus armas manualmente.
Ane-san (Japan)	Ane-San es un beat 'em up con un reparto femenino; comienzas con tres personajes (Ai, Chika y Makoto), todos miembros de pandillas y luchas contra otras pandillas para expandir tu territorio. Dependiendo de a quién uses para vencer a los jefes (generalmente Ai), algunos de ellos se unirán a ti más tarde. Cada personaje juega un poco diferente y tiene un movimiento especial diferente. Si uno de los personajes es eliminado en una pantalla, debe pasar un día recuperándose (un día es realmente equivalente a una pantalla) antes de que pueda volver a usarse. Si todos los personajes están eliminados al mismo tiempo, el juego termina. Además del modo básico Ane-San, cuenta con dos minijuegos y puedes personalizar la sala Ai (que también le da a tus personajes varias mejoras estadísticas). A veces, Ai tiene sueños extraños entre etapas; Parece ser al azar.
Aoki Ookami to Shiroki Mejika - Genchou Hishi (Japan)	Juego de estrategia con ambientación mongol. Tienes que pisotear a tus enemigos en la batalla y equilibrar tu economía reclutando y entrenando soldados, organizando tu gobierno... hasta que te hayas hecho cargo de todo lo que tienes a la vista.
Asuka 120% Maxima - Burning Fest. Maxima (Japan)	Asuka 120% Maxima Burning Fest es un videojuego de lucha. ¡La decoración es una escuela secundaria reservada para niñas! Hay 11 personajes jugables en el programa, incluido el jefe oculto (el único luchador masculino en el juego). Cada niña representa una parte diferente del programa escolar, como química, softbol, voleibol, tenis, etc. Cada luchador que use un arma relacionada con su programa para vencer a su oponente, tendremos, por ejemplo, a Tamaki, la tenista que usa su raqueta y sus pelotas para golpear a su oponente, a través de Megumi, la pequeña animadora, todo un reto de kawai con sus pompones o Kumi, la gimnasta atacante con su cinta, etc.
Atlas, The - Renaissance Voyager (Japan)	Juego de aventura / estrategia histórica en el que te mueves en un mapa del mundo en busca de varias criaturas y artefactos.
Aurora Quest - Otaku no Seiza in Another World (Japan)	Renunciando al entorno de fantasía genérico de la mayoría de los juegos de rol, Aurora Quest te presenta como Otaku-chan, un hombre en una tierra controlada por un grupo de cinco mujeres llamadas Aurora (que pasaría fácilmente por una banda de chicas japonesas). Junto con tus compañeros de viaje, Jonjon y Nekketsu, te abres camino a través de una divertida historia de ciencia ficción. La jugabilidad es un juego de rol muy estándar con ciudades que contienen tiendas, hoteles, etc., y el mapa mundial arroja encuentros aleatorios cada pocos pasos. Estas batallas se basan en turnos con la mecánica habitual de seleccionar tus ataques y verlos jugar, aunque tienes que elegir con cuidado, ya que no cambias por defecto al siguiente objetivo disponible cuando se destruye uno, lo que a menudo hará que dispares en el blanco. aire.
Avenger (Japan)	Shooter tiene desplazamiento vertical que le permite controlar un helicóptero. Avanzar durante muchas fases del caos. El sistema de armas es ligeramente diferente de la norma; eliges el tipo de arma al comienzo del nivel (primario, secundario y especial) y la mantienes hasta el comienzo del siguiente nivel. ¡Durante el juego, recibes poco poder para mejorar tus armas o escudo! .
Babel (Japan)	Babel es un JRPG ubicado en un mundo futurista. Zell y su grupo viajan alrededor del mundo, visitan grandes ciudades y se encuentran con muchos enemigos al azar. Durante las batallas por turnos, cada personaje puede usar varios ataques con diferentes armas, así como técnicas especiales. La ventana de combate muestra los movimientos animados de los miembros del grupo. A diferencia de la mayoría de los juegos de rol, los personajes no reciben puntos de experiencia después de derrotar a sus enemigos, solo se gana dinero. Los personajes suben de nivel según el progreso del jugador en la historia.
Baby Jo - The Super Hero (Japan)	Baby Jo Going Home o también conocido como: &quot;Baby Jo Super Hero&quot; es un juego de plataformas de desplazamiento horizontal. Jo puede recoger sonajeros que pueden arrojarse a los enemigos (como abejas, cortacéspedes o arañas). Además de asegurar la salud del bebé (representada por una cara cada vez más llorosa), el pañal del bebé se vuelve más húmedo con el tiempo y la sed también aumenta. Si el pañal se moja demasiado o si el bebé tiene demasiada sed, el jugador pierde inmediatamente una vida. Por lo tanto, es importante recoger biberones y limpiar pañales.
Bakuden - Unbalance Zone (Japan)	Bakuden: Unbalance Zone es un juego de aventuras con un tono humorístico en el que el jugador controla a un niño que juega un videojuego y que un día recibe la visita de cuatro hombres extraños que le dicen que debe aventurarse en una realidad diferente . El héroe improbable es transportado a la era prehistórica, donde debe corregir la situación con la tribu local y la vida silvestre peligrosa.
Bakushou Yoshimoto Shinkigeki (Japan) (FABT)	El juego se basa en la serie de televisión humorística Yoshimoto no Shinkigeki, que se basa en un popular programa de comedia teatral en Osaka y sus alrededores. Los personajes del juego se parecen a los actores del programa de televisión y / o los personajes que interpretan. El programa consta de episodios cortos que representan situaciones cómicas y no están relacionadas entre sí. Lo mismo puede aplicarse al juego: no hay una historia real sino solo una serie de situaciones hilarantes e intencionalmente imposibles en las que se encuentran los protagonistas.
Basted (Japan)	Basted es un juego de acción orientado a la acción con dos heroínas. El curso del juego es clásico, la progresión alterna entre ciudades y mazmorras, con luchas vistas desde el lado donde eliges el control de una de las dos heroínas, cada una con habilidades exclusivas, lo que le da un ligero aspecto táctico al juego. Finalmente, la historia está salpicada de muchas secuencias hermosas y animadas en el más puro estilo CD-ROM2.
Battle Shanghai - Dragon's Eye (Japan)	Dragon's Eye es una conversión del famoso juego de mesa chino de combinación de fichas conocido internacionalmente como Shanghai, y es muy similar a Shanghai II: Dragon's Eye. El juego presenta versiones de Shanghai y Dragon's Eye para uno o dos jugadores, una docena de diseños de fichas con cuatro conjuntos de fichas (un conjunto de mahjong tradicional, un conjunto de fantasía medieval, señales de tráfico y banderas nacionales; la versión de Génesis solo tiene el dos primeros), y varias otras opciones de juego, incluidas las pistas.
Bazar de Gozarre no Game de Gozarre (Japan)	Bazaru de Gozaru no Game de Gozaru es un juego de rompecabezas con un mono llamado Bazaru. El concepto del juego es muy parecido al de Lemmings: la tarea del jugador es &quot;programar&quot; las acciones del héroe para cruzar con seguridad una escena llena de trampas y peligros. A diferencia de Lemmings, ¡solo hay un primate para controlar en este juego! NnnnEl jugador generalmente le pregunta al mono qué hacer en lugares específicos (que se resaltan con signos de exclamación en el nivel). Al principio, los niveles son cortos y simples y el mono solo puede realizar una acción. A medida que avanza el juego, los acertijos se vuelven cada vez más complejos, al igual que la cantidad de acciones que el mono debe realizar para llegar al final del nivel.
Beyond Shadowgate (USA)	Esta es una secuela del juego de aventura Shadowgate. Tú controlas al príncipe Eric, el descendiente del héroe del primer juego. Regresas a tu país y descubres que tu padre fue asesinado. Deberías convertirte en el nuevo rey, pero el ministro del difunto rey tiene otros planes, te acusa de matar a tu propio padre y te mete en la cárcel, donde comienza tu aventura. A diferencia del primer Shadowgate, se trata de un juego de plataformas, no de un juego de acción, sino de una aventura clásica de apuntar y hacer clic vista desde la perspectiva de la plataforma. Puedes mover a tu héroe, examinarlo, manipularlo y tomar objetos. También puedes agacharte y tener un comando de &quot;puñetazo&quot;. Encuentra las soluciones correctas a los rompecabezas del juego, de lo contrario, ¡te espera una muerte espantosa!
Bikkuriman Daijikai (Japan)	Bikkuriman Daijikai es una adaptación de PC Engine de la franquicia Bikkuriman. Este es un juego tipo enciclopedia / cuestionario sobre el universo Bikkuriman. El objetivo es recolectar calcomanías respondiendo varias preguntas, hasta que obtenga la calcomanía para pasar al siguiente nivel, y así sucesivamente. Este es uno de los primeros juegos de CD-Rom2, y también uno de los primeros en ofrecer doblaje.
Bishoujo Senshi Sailor Moon (Japan)	Bishoujo Senshi Sailor Moon es un cómic digital basado en la famosa serie animada. Elige a tu personaje y reproduce la historia desde su punto de vista. Las canciones &quot;Koisuru Otome wa Makenai&quot; y &quot;Onaji Hoshi ni Umareta Futari Dakara&quot; fueron escritas especialmente para este juego. Una versión abreviada de cada canción apareció en el juego, mientras que las versiones completas estaban disponibles en el sencillo &quot;Sailor Moon: PC Engine Theme Songs&quot;.
Bishoujo Senshi Sailor Moon Collection (Japan)	Bishoujo Senshi Sailor Moon Collection es una sucesión de minijuegos que van desde juegos janken (piedra, papel, tijera) hasta cuestionarios.
Black Hole Assault (Japan)	Blackhole Assault tiene lugar en el siglo XXII, la tecnología de la Tierra avanza hasta el punto en que la exploración del sistema solar inmediato no solo es posible, sino necesaria debido a los recursos limitados. Los humanos están tratando de cosechar los recursos de todo el sistema solar, pero han tenido problemas con los invasores extraterrestres. Es una pequeña fuerza humana que reconoce y comprende la amenaza de enfrentar extraterrestres.
Blood Gear (Japan)	El Imperio Deguna está aterrorizando a los planetas y sus habitantes, utilizando su fuerza militar invicta que consiste en &quot;Powered Gears&quot;, robots de combate gigantes pilotados por combatientes humanos desde el interior. Un día, un escuadrón de robots del Imperio asaltó un laboratorio, en el que dos científicos estaban trabajando en su propio proyecto Powered Gear. Uno de los científicos, gravemente herido, todavía logró entregar un dispositivo de control Powered Gear a su joven aprendiz Aref, antes de morir por sus heridas. Enfurecido, Aref jura vengarse del Imperio y todo lo que representa. Con su propio nuevo Powered Gear, y quizás algunos aliados que piensan igual, la idea podría no ser tan suicida como parecía primero ...
Bomberman '94 (Japan) (Demo)	Nunca dejes que algo bueno se olvide, Hudson está de vuelta con la tercera entrega de la siempre presente serie Bomber Man, y con esta vienen algunos cambios. Además de que nuestro pequeño héroe regordete ha perdido un poco de peso desde el '93, la jugabilidad también ha sido alterada significativamente. Mientras conserva la acción de bombardeo básica, completar un nivel ahora ya no requiere que destruya a todos los enemigos en la pantalla. En cambio, tienes que encontrar y destruir un conjunto de pilares en cada nivel y estos desbloquearán una pieza rota de amuleto de su domo protegido. Recoge la pieza y todos los bloques destructibles restantes se convierten en monedas y tienes unos 15 segundos para recoger la mayor cantidad posible. Otra adición importante son los animales tipo canguro sobre los que puedes saltar y montar. Estos tienen habilidades especiales, como saltar y tal, y también cuentan como un golpe adicional en caso de que te encuentres con un enemigo o te explotes estúpidamente.
Bomberman - Panic Bomber (Japan) (FAAT)	¡Prepárate para la acción explosiva con Bomberman! Detona los mundos de las Terribles Ruinas, el Bosque Siniestro, y el Desolador Desierto. Conquista la isla de la Niebla y captura las tres variantes de poder celestial. ¡Que no te entre el pánico! O serás calcinado por la codiciosa Sra. Flashy o el mortal Conde Dracu-Doom. Incendia el temido castillo Doom con bombasticos movimientos y una buena estrategia de combustión. Sólo entonces podrás abrir las puertas de la legendaria Estatua de Oro de Bomberman. ¡Una desconcertante explosión de puzzles!
Bonanza Bros. (Japan)	Mobo y Robo Bonanza están viendo su programa de televisión favorito cuando la imagen empieza a crujir y aparece en la pantalla la sombra de un misterioso desconocido. Este personaje les pide que recojan ciertos objetos que ha colocado en el interior de varios edificios para poner a prueba su seguridad. Si consiguen devolver los objetos, Mobo y Robo son recompensados. Ambos dicen que harán el trabajo en sólo tres minutos. Sin embargo, poco saben que cada edificio está lleno de guardias de seguridad que darán la alarma si les pillan. Así que tienes que recoger todos los tesoros antes de salir de los edificios y disparar a todos los guardias de seguridad que se interpongan en tu camino. No olvides que tienes un límite de tiempo. Un mapa del juego te ayudará a localizar los tesoros.
Bonk III - Bonk's Big Adventure (USA)	¡Bonk ha vuelto! ¡Y es más grande y mejor que nunca! Usa tu cabeza (literalmente) para atravesar 6 lugares salvajes, incluyendo un bosquecillo, una prisión de hielo antártico y mucho más! Come un caramelo azul para que crezca a proporciones gigantescas y atraviese grandes obstáculos. come caramelos rojos para reducir a un tamaño microscópico y deslizarse justo debajo de las grietas estrechas para descubrir artículos secretos! Captura la flor mágica en cada etapa para ser transportada a una ronda de bonificación, donde podrás conseguir más puntos y ganar hombres de bonificación. En tu camino, derrotarás a los jefes amenazadores que incluyen a los dinosaurios acrobáticos, a los calamares escurridizos y a otros! ¿Estás listo para salvar el mundo, pequeño cavernícola?
Brandish (Japan)	Brandish es un juego de rol en el que juegas como un viajero llamado Varik, acusado de un asesinato que no cometió y perseguido por un cazarrecompensas. Tu objetivo es ayudar a Varik a escapar de un oscuro laberinto subterráneo habitado por monstruos abominables. En los 5 niveles del juego, los comerciantes ofrecen armas y hechizos mágicos útiles para tu supervivencia.
Browning (Japan)	Browning es un shooter de desplazamiento horizontal. El jugador controla un robot gigante equipado con un solo rifle (con munición ilimitada), y debe luchar contra oleadas de enemigos (principalmente de tipo robótico), y posiblemente un Jefe. El robot controlado por el jugador tiene la capacidad de volar sobre el nivel (el jugador debe presionar varias veces un botón para que el robot mantenga la altura). La salud del robot depende del estado de su escudo. Cuando el robot se queda quieto, la energía del escudo se recarga lentamente. La pérdida total de energía del escudo hace que el robot sea tan vulnerable que el siguiente golpe lo destruye.
BuilderLand - The Story of Melba (Japan)	Builderland, otro juego occidental convertido por Micro World en PC Engine, con un concepto similar al de los famosos Lemmings, el juego requiere un pensamiento y reacciones igual de agudos. El objetivo es escoltar a tu pequeño personaje a través del vasto patio de juegos sin quedar atrapado, quemado, comido por ovejas, etc. Para esto, puede recoger y mover varios objetos dispersos en el paisaje, como bloques para llenar agujeros o crear pendientes útiles, bombas para destruir áreas del mapa, etc. Mientras tanto, tu amigo pelirrojo avanza con velocidad alarmante hacia su destino. Afortunadamente, puedes congelar la acción para darte un pequeño respiro y hacer malabarismos entre los diversos elementos a tu disposición.
Burai - Yatsudama no Yuushi Densetsu (Japan)	Burai - Yatsudama No Yuushi Densetsu es un juego de rol. Antes de que los ocho héroes se unan para su último viaje, juegas sus historias introductorias. Viajas en el mapa mundial, visitando ciudades y mazmorras. Las peleas se basan en turnos. Los enemigos aparecen al azar. Cada héroe tiene sus propias técnicas únicas para usar en las batallas.
Burai II - Yami Koutei no Gyakushuu (Japan)	Esta es secuela directa, continuación de Burai, donde controlas, una vez más, a los ocho héroes, todos procedentes de una raza, cultura y lugar diferentes. Entre ellos se encuentra un valiente luchador de la nación de los reptiles, una hechicera humana, hermano y hermana de una tribu de criaturas inteligentes parecidas a perros, un dios dragón plateado y otros. Juegas las historias personales de la lucha unificada. Mueves a los personajes en el mapa-mundi de arriba abajo, visitas ciudades y mazmorras, y luchas contra enemigos que aparecen al azar en combates por turnos, desde una perspectiva en primera persona.
Buster Bros. (USA)	El destino del mundo se restablece en tus manos. BUSTER BROS. es un juego de acción en el que esquivas las bolas que caen y las disparas con tus armas, que incluyen un alambre o un cañón Valkan. Volarás en la Estatua de la Libertad, el monte. Fuji, Taji Mahal, Angkor Wat, Airs Rock, etc. Ahora, ¡salvemos al mundo!
CAL II (Japan)	Cal II es un juego de aventuras. Lees el texto y a veces puedes elegir entre diferentes acciones. Además, hay un &quot;mapa mundial&quot; en el que navega con su personaje, visitando diferentes lugares en el orden que prefiera. Eres Wataru Ishibashi, un estudiante de secundaria del Japón moderno. Hasta hace poco, llevabas una vida normal disfrutando de la relación con tu encantadora novia Mika. Pero poco antes de la ceremonia de graduación, tuviste una visión extraña que creías que era un sueño. Pero cuando eres contactado por Venus, la diosa del amor, te das cuenta de que Mika fue secuestrada por Aeon, la diosa del tiempo, y luego transferida al reino del tiempo. Ahora debes viajar al legendario mundo de ensueño de bellas diosas y traer de vuelta a Mika.
CAL III - Kanketsu-hen (Japan)	Cal III es un juego de aventuras y la secuela de &quot;Cal II&quot;, con nuevas características visuales. El jugador interactúa con los personajes y tiene varias opciones de diálogo o acciones para elegir. No hay otra interacción con el entorno y el progreso es estrictamente lineal. La mayoría de las opciones son opcionales y solo unas pocas conducen a Game Over. Han pasado dos años desde que Wataru Ishibashi, un estudiante de secundaria ordinario de Japón hoy, visitó el mundo mágico de hermosas diosas y salvó a su novia Mika. Parece que finalmente puede disfrutar de un momento de paz con su amada. Pero un día, su viejo amigo Ches (una pequeña hada bonita que parece un gato) aparece en su habitación y llama para ir al mundo de los dioses. Parece que la diosa del amor, Venus, tiene problemas debido a los eventos imprevistos que llevaron al estallido de la Guerra de Troya. Wataru está a punto de comenzar una nueva aventura en el mundo de los dioses y las culturas antiguas.
Camp California (USA)	Camp California es el segundo y último juego basado en la propiedad multimedia de corta duración del mismo nombre, con un grupo de animales antropomórficos que son las mascotas oficiales del grupo de surf rock The Beach Boys. En el juego, los tipos surferos del equipo de Camp California descubren que su playa favorita ha sido vendida a un villano llamado Big Cheese que planea construir una planta de energía nuclear en el área. El plan de la pandilla: celebrar un concierto benéfico para recaudar suficiente dinero para comprar la playa. Desafortunadamente, Big Cheese se entera del plan y envía a sus secuaces, el Ratz, a secuestrar a la tripulación, robar sus instrumentos y quitarle los neumáticos a Woody, el vehículo de confianza de la pandilla. Afortunadamente, el oso Byron estaba surfeando mientras esto sucedía, y ahora le corresponde rescatar a sus amigos y recuperar las llantas y los instrumentos.
Cardangels (Japan)	Cardangels es un juego de cartas. Hay cuatro tipos de juegos de cartas disponibles: póker, blackjack, velocidad y babanuki (una variante del pésimo). Una introducción similar a una máquina tragamonedas determina los juegos que se juegan y contra qué oponentes. El jugador puede seleccionar el número de turnos (mínimo de diez) necesarios para ganar un juego y avanzar al siguiente oponente. El modo &quot;juego libre&quot; permite al jugador elegir activamente el tipo de juego, pero el número de oponentes disponibles es menor. Los oponentes se desnudan después de perder un juego. Sin embargo, mantienen su ropa interior, no hay desnudez explícita en el juego.
CD Battle - Hikari no Yuushatachi (Japan)	CD Battle es un juego para dos jugadores que les pide a cada uno que inserte un CD de audio en la consola para generar un grupo de tres personajes para cada jugador, que luego participan en una batalla por turnos. Los personajes pertenecen a diferentes clases (guerrero, mago, ninja, etc.) y tienen diferentes parámetros y ataques especiales. A pesar de la similitud visual del juego con los juegos contemporáneos de Final Fantasy, no tiene elementos de rol verdaderos y consiste completamente en batallas.
CD Denjin - Rockabilly Tengoku (Japan)	El héroe de PC Denjin vuelve en un nuevo juego para CD con niveles seleccionables, nuevos enemigos y una banda sonora inédita. Conserva las plantas de poder clásicas y añade habilidades como el puñetazo con las botas. En cada nivel puedes rescatar a un aliado que se une a ti otorgando una habilidad especial, como disparos rápidos o ataques por la espalda.
Chiki Chiki Boys (Japan)	El juego presenta a dos gemelos que intentan recuperar el control de su tierra, Alurea, tras el inesperado ataque de un monstruo que destruye todo a su paso. Los habitantes de Alurea han vivido en paz durante mil años y han olvidado cómo luchar. Los únicos supervivientes del país, los hijos gemelos del rey, deben enfrentarse al desafío y devolver a su reino su antigua gloria. Los dos gemelos, de unos 15 años en la época del juego, se aventuran en busca de una piedra legendaria conocida como el &quot;Dragon Blue Eyes&quot;, de la que se dice que puede volver a poner todo en orden.
Chou Aniki (Japan) (FAAT, FACT)	En Cho Aniki - Super Big Brothers los jugadores controlan ya sea Idaten o Benten, guerreros celestiales para poner fin al gobierno tiránico del emperador de Planet Builder, quien posee la destreza muscular de ser la virtud suprema del universo. Con la ayuda de las poderosas opciones de cabeza muscular Adon y Samson, deben luchar para derrotar al ejército de emperadores en cinco etapas. ¡Usa los botones para disparar y acostarte con las fuerzas del constructor! ¡Mejora tu personaje y tus opciones con proteínas de los enemigos derrotados para hacerlos &quot;abultar&quot; con un grito y llevar su batalla machista al siguiente nivel!
Chou Eiyuu Densetsu - Dynastic Hero (Japan)	The Dynastic Hero es una versión ligeramente renovada de Wonder Boy en Monster World para Turbo Duo. El juego presenta imágenes intercambiadas con paletas, nuevos gráficos con temas de insectos para los personajes principales (y los depredadores naturales de los insectos como jefes), un Libro Rojo banda sonora de audio que es completamente diferente del original de Wonder Boy, y escenas de estilo anime en la introducción y el final. Shion pasó a llamarse Dyna y se inspiró en un Escarabajo Hércules, y el jefe final fue cambiado a un rey lagarto gigante. También se produjo una versión en inglés, pero ambas se basaron en la versión japonesa de Wonder Boy en Monster World. Presentan la misma dificultad y mecánica que el original japonés.
Chou Jikuu Yousai Macross - Eien no Love Song (Japan)	Un juego de estrategia bastante sencillo que era similar a los juegos de Nectaris en la plataforma. La historia se basó después de los eventos en &quot;Macross: Do You Remember Love&quot;, con personajes originales. El atractivo del juego fue en gran medida la cinematografía y la licencia de Macross, ya que no había escasez de juegos de estrategia genéricos basados en turnos en ese momento.
Chou Jikuu Yousai Macross 2036 (Japan)	Macross 2036 es un juego de disparos vertical ambientado en el universo animado de Macross. El jugador controla a uno de los personajes de la serie, el piloto Mylene Jenius, que pilota la nave espacial Veritech, luchando contra las naves y soldados alienígenas Zentradi. La nave espacial controlada por el jugador está equipada con un arma Vulcan (que se puede actualizar con potenciadores) y bombas que se lanzan simultáneamente. Otro botón controla un arma especial, que el jugador puede comprar, entre una etapa y la siguiente, con puntos (ganados al derrotar enemigos).
Color Wars (Japan)	Color Wars es un juego de rompecabezas en el que hasta cuatro jugadores intentan ganar poniendo bolas de colores en los postes, convirtiendo las bolas adyacentes a su color. Cada etapa consta de una pantalla 3D giratoria que contiene varios polos de la misma altura. Los jugadores se turnan para colocar bolas en estos postes. Las bolas adyacentes (horizontal, vertical o diagonal) se pueden &quot;capturar&quot; y, por lo tanto, cambiar su color. Se otorgan puntos por bola de cada color. La ronda termina cuando no hay más lugar en los postes para colocar las bolas y gana el jugador con más puntos.
Cosmic Fantasy - Bouken Shounen Yuu (Japan)	Cosmic fantasy: Bouken Shounen Yuu es un juego de rol. Yuu, el líder de una fuerza delictiva interestelar, lucha contra piratas espaciales junto a su tripulación compuesta por Saya y el felino Nyan. Esta vez contra Beluga, que tiene un interés amoroso en Yuu, que luego rechaza, lo que obliga a Beluga a volverse loca.
Cosmic Fantasy 2 (USA)	Van es un niño que vive en el planeta Idea, un lugar donde la tecnología aún no ha alcanzado un alto nivel. Un día, su novia Laura es secuestrada por un villano desconocido. Van pronto descubre que Laura posee poderes misteriosos que pueden otorgar la inmortalidad a quien se casa con ella. Eso es exactamente lo que el mago malvado Galam tiene en mente. Van se pone en marcha para rescatar a Laura, en una búsqueda que implica viajes intergalácticos y viajes en el tiempo. Cosmic Fantasy 2 es una secuela de Cosmic Fantasy: B? Ken Sh? Nen Yuu, y la única entrega de la serie que se lanzó en Occidente.
Cosmic Fantasy 2 - Bouken Shounen Ban (Japan)	Van es un niño que vive en el planeta Idea, un lugar donde la tecnología aún no ha alcanzado un alto nivel. Un día, su novia Laura es secuestrada por un villano desconocido. Van pronto descubre que Laura posee poderes misteriosos que pueden otorgar la inmortalidad a quien se casa con ella. Eso es exactamente lo que el mago malvado Galam tiene en mente. Van se pone en marcha para rescatar a Laura, en una búsqueda que implica viajes intergalácticos y viajes en el tiempo. Cosmic Fantasy 2 es una secuela de Cosmic Fantasy: B? Ken Sh? Nen Yuu, y la única entrega de la serie que se lanzó en Occidente.
Cosmic Fantasy 3 - Bouken Shounen Rei (Japan)	Cosmic Fantasy 3: Bouken Shounen Rei es la tercera entrega de la serie de rol de anime de ciencia ficción Cosmic Fantasy. Es un juego de rol tradicional de estilo japonés con combate en perspectiva en primera persona por turnos. Los enemigos aparecen al azar. Rei y otros miembros del grupo pueden ejecutar varios tipos de ataques físicos y técnicas en batallas, cada uno con sus propias fortalezas y debilidades. El juego presenta escenas de estilo anime con voces en off. En lugar de ubicaciones separadas atadas por un &quot;mapa mundial&quot; tradicional, el juego tiene un mundo continuo, en el que las ubicaciones están perfectamente conectadas entre sí.
Cosmic Fantasy 4 - Ginga Shounen Densetsu - Gekitou-hen (Japan)	Después del primer capítulo de Cosmic Fantasy 4 describió los valientes hechos de Y? y su equipo en el planeta Kazarin, ahora es el turno de Van, el otro gran héroe de Cosmic Fantasy y el protagonista de Cosmic Fantasy 2, para luchar contra las fuerzas del mal que amenazan la paz de la galaxia. Van despierta después de tener una pesadilla que lo ha estado persiguiendo después de que él haya dejado su planeta natal Idea y se haya unido a Cadette Babette (Rim en la versión japonesa) como un cazador cósmico intergaláctico. Sin embargo, una reunión con un amigo en problemas lo convence de que su búsqueda está por comenzar. Van y su equipo de Little Fox deben regresar a Idea y enfrentar las sombras del trágico pasado de Van.
Cosmic Fantasy 4 - Ginga Shounen Densetsu - Totsunyuu-hen (Japan)	La cuarta entrega de la serie RPG de ciencia ficción viene en dos partes, siendo este el primero. En él, el jugador una vez más toma el control del héroe original de la serie, el cazador cósmico Yu, su encantadora compañera Saya y sus amigos. Algo está mal en el planeta Kazarin: la princesa Saria fue secuestrada, y Yu llega al planeta para mirar más de cerca ese asunto, mientras que Saya acepta hacerse pasar por la princesa por un tiempo para asegurar una investigación tranquila. Sin embargo, su búsqueda va mucho más allá de la investigación del secuestro: pronto tendrán que enfrentarse a los cuatro reyes celestiales, demonios que controlan los elementos a partir de los cuales se construye el universo.
Cyber City Oedo 808 - Kemono no Alignment (Japan)	Cyber City Oedo 808 - Kemono No Alignment es un juego de aventuras basado en la serie de anime Cyber City Oedo 808 de Yoshiaki Kawajiri. Los acontecimientos del anime y el juego se establecen en 2808. El crimen computarizado se ha vuelto desenfrenado, y la policía ha restaurado un antiguo hábito feudal japonés de contratar convictos particularmente peligrosos para cazar criminales. El jugador toma el control de uno de esos convictos, Shunsuke Sengoku, el protagonista principal del anime. Debe encontrar a sus compañeros, el ex boxeador ciego y pirata informático Gogol, y el afeminado Benten, para completar una tarea que le dio la policía y finalmente reducir su condena en prisión.
Daisenpuu Custom (Japan)	Twin Hawk es un típico tirador de desplazamiento vertical con una vista de arriba hacia abajo. Tu objetivo es fácil, dispara a todos los enemigos en el camino. Solo obtienes un arma estándar en tu avión y no bombas. En lugar de bombas, puedes llamar aviones de ayuda. Estos aviones forman una formación a tu alrededor y ayudan a disparar a todos los enemigos. En el camino, tienes la oportunidad de recoger potenciadores disparando a camiones de transporte. Cuando se destruyen, liberan un encendido. Hay tres tipos Primero está la actualización de armas, con esto obtienes un disparo más amplio y más poderoso. En segundo lugar, recibe más llamadas para aviones de ayuda. Y el tercero son vidas extra.
Daisenryaku II - Campaign Version (Japan)	Daisenryaku II: Campaign Version es un juego de estrategia de guerra por turnos que se basa en la plantilla de juego introducida en Daisenryaku II: hasta cuatro jugadores participan en batallas entre sí o con la IA de la computadora, representada por ejércitos de diferentes colores (azul, rojo, verde, y amarillo); los beligerantes producen unidades y vehículos y los navegan en una cuadrícula basada en hexágonos, tratando de ocupar las principales ciudades y puertos del enemigo. El juego incluye una campaña principal con introducción e información básica sobre los países ficticios involucrados en el conflicto. Además, se incluyen al menos una docena de mapas jugables, algunos que representan áreas geográficas reales. Las versiones en CD de MSX y PC Engine (TurboGrafx) presentan gráficos mejorados, secuencias de batalla de pantalla completa con fondos y muchos mapas adicionales.
Davis Cup Tennis, The (Japan)	La acción súper realista de esta simulación de tenis tiene todo lo que podrías desear, incluyendo competiciones de torneo, fantásticos gráficos animados, acción de dos jugadores con pantalla partida, repetición de video, voces digitales y estadísticas de partida con el ranking de los jugadores. ¡Todo en Davis Cup World Tour!
De-Ja (Japan)	DE-JA es un remake del juego de computadora del mismo nombre, una aventura de detectives / misterios de estilo japonés con escenas para adultos. El remake presenta gráficos de mayor calidad; Algunos lugares / personajes se volvieron a dibujar desde cero, a veces hasta el punto de verse diferente del diseño original. La actuación de voz se agregó a los diálogos. Algunas escenas se agregaron o alteraron al incluir secuencias animadas. El texto y la jugabilidad siguen siendo básicamente los mismos. Los comandos verbales ahora están representados por íconos gráficos, pero los submenús de los objetos se ven exactamente igual que en la versión original, y generalmente la progresión del juego no ha cambiado.
Dead of the Brain 1&2 (Japan)	El último lanzamiento comercial para CD de PC-Engine (TurboGrafx), Dead of the Brain 1 & 2 es, como su nombre lo indica, una compilación de los dos títulos, previamente lanzados para varios otros sistemas: Colección Nightmare: Dead of the Brain - Shiry? no sakebi Nightmare Collection: Dead of the Brain 2 La jugabilidad no ha cambiado; Los gráficos también son casi idénticos a los de los lanzamientos originales. Una novedad de esta compilación son las voces en off para los diálogos y las pistas de música de libro rojo (audio de CD) en lugar de la música MIDI de las versiones de computadora.
Death Bringer - The Knight of Darkness (Japan)	Aunque es un juego japonés, Death Bringer se parece más al RPG occidental de su tiempo que a sus homólogos japoneses, aunque tiene gráficos de personajes similares al anime. Es menos impulsado por eventos que los juegos japoneses y se centra en la exploración. La jugabilidad es un poco similar al juego de rol de Pandora del mismo nombre, incluso si los dos juegos no están vinculados. Las áreas amigables y hostiles son entornos pseudo-3D, similares a los laberintos, como en los juegos de Bard's Tale. Sin embargo, los encuentros con enemigos se manejan de una manera más similar a la de Ultima: los enemigos aparecen en la pantalla de exploración y la batalla comienza solo si el personaje del jugador se acerca al enemigo.
Dekoboko Densetsu - Hashiru Wagamanmaa (Japan)	Dekoboko Densetsu es un juego humorístico que combina elementos de acción arcade y carreras. Hasta cinco jugadores pueden competir en las carreras. Todas las etapas son de desplazamiento vertical (de arriba abajo), con los autos representados como pequeños sprites de diferentes colores. El objetivo del jugador no es solo vencer a los otros autos, sino también llegar a la línea de meta de manera segura: cada auto tiene puntos de golpe limitados y recibe daños continuamente durante la carrera. El daño puede ser sostenido al conducir sobre peligros ambientales (hoyos, trampas, bombas, etc.), no se puede mover el automóvil hacia adelante a tiempo (si la pantalla se desplaza mientras el automóvil controlado por el jugador está en la parte inferior, sufre daños), siendo golpeado por los muchos enemigos encontrados en el juego (que incluyen una amplia variedad de animales salvajes, humanos, criaturas fantásticas, monstruos, etc.), o ser atropellado por un auto de la competencia.
Dennou Tenshi - Digital Ange (Japan)	Cuatro hermosas hermanas, Foltjunia, Eindebelle, Leamuroda y Crealidelle, luchan contra una raza alienígena malvada conocida como Bestia en el espacio profundo, transformándose en potentes máquinas robóticas. Un día, Foltjunia es atacado y termina inconsciente en el pavimento en una de las ciudades de Japón, el planeta Tierra. Allí, es encontrada por un estudiante de secundaria llamado Takaya. Parece que Foltjunia ha perdido sus habilidades de transformación. Sus hermanas deciden quedarse con Takaya por un tiempo, haciéndose pasar por chicas de secundaria, lo que complica enormemente la vida social y romántica del joven. ¿Tiene los mismos personajes y la trama inicial que Hatsukoi Monogatari, Denn? Tenshi: Digital Ange es un juego de aventuras de estilo japonés con interacción muy limitada y progresión estrictamente lineal.
Doraemon - Nobita no Dorabian Night (Japan)	Basado en la popular franquicia de Doraemon, Nobita no Dorabian Night sigue las aventuras del gato robótico titular, mientras trata de rescatar a sus amigos de diferentes períodos de tiempo. ¿Cómo pasó esto? Naturalmente, debido a Nobita, la mejor amiga y geek extraordinaria de Doraemon. Algo salió mal cuando Nobita le mostró a sus amigos una máquina del tiempo, por lo que terminaron varados en mundos hostiles, ¡y ahora es el trabajo de Doraemon salvarlos! El juego es un juego de plataformas tradicional; Las actividades principales de Doraemon son saltar a través de los niveles y eliminar a los enemigos que intentan detenerlo. Doraemon comienza con una pistola ordinaria, pero luego puede encontrar otras armas, incluido un lanzador de bolas de boliche y una pistola paralizante. También puede recolectar varios poderes especiales, como invencibilidad limitada, alta velocidad, un elemento que congela a todos los enemigos en el nivel por un corto tiempo, etc.
Double Dragon II - The Revenge (Japan)	La versión arcade de Double Dragon II: The Revenge comienza con Marian, la damisela en apuros del Double Dragon original, siendo asesinada a tiros por el líder de los Black Warriors. Una vez más, los jugadores asumen el papel de los hermanos Billy y Jimmy Lee, quienes ahora tienen la tarea de vengar la muerte de Marian. La versión arcade del juego es esencialmente una versión mejorada del título original. El mayor cambio en los controles del juego está en el reemplazo de los botones de golpe y patada originales con dos botones de ataque basados en la dirección (Ataque izquierdo y Ataque derecho) similares a Renegade. Al presionar el botón de ataque en la dirección actual del jugador se ejecutarán una serie estándar de golpes, mientras que al presionar el botón de ataque opuesto se realizará un retroceso. También se agregan algunos movimientos nuevos, incluida una patada de huracán.
Doukyuusei (Japan) (Rev 3)	En Doukyuusei, el jugador toma el papel de un estudiante de secundaria (nombre predeterminado Takurou) en una ciudad japonesa; sus padres acaban de mudarse a una gran mansión en un buen distrito. El niño tiene que ir a la nueva escuela, pero su mente está preocupada con un solo tema: chicas bonitas. En lugar de estudiar mucho, Takurou decide explorar la ciudad y descubrir más sobre sus habitantes femeninas. Doukyuusei es más interactivo que la mayoría de las otras aventuras japonesas, utiliza una interfaz de apuntar y hacer clic (con iconos sensibles al contexto para hablar, tocar, etc.) y ofrece navegación de arriba a abajo gratuita por la ciudad y el edificio de la escuela. El héroe puede ingresar a restaurantes, tiendas, cafeterías, etc. También es posible tomar un tren a otro distrito y explorarlo. El juego tiene un reloj interno; una visita a cualquier lugar (incluidas las habitaciones separadas de un edificio, etc.) &quot;cuesta&quot; veinte minutos del tiempo de juego.
Down Load 2 (Japan)	Download 2 es un juego de disparos horizontal. Nec Avenue ciertamente reconoció que el mejor activo del juego era la capacidad única e innovadora de conectarse y sumergirse en mundos informáticos del ciberespacio. Esta secuela sigue la misma fórmula, pero también presenta probablemente una de las historias más electrizantes jamás escritas para un videojuego. El cerebro de Adolf Hitler ha sido digitalizado dentro de una computadora central por terroristas y Syd, un ciber-buzo de élite y protagonista del juego, se embarca en un peligroso viaje para detener y destruir la amenaza entrante. A bordo de su barco y ayudado por el lindo Deva, Syd vuela a través de nueve áreas infestadas de enemigos y se sumerge en mundos cibernéticos abstractos y desafiantes. Hay cuatro armas diferentes disponibles para él con solo presionar un botón: pistola Vulcan de múltiples vías, rayos láser anchos, rayos láser dirigidos y una pistola de rayos de corto alcance.
Downtown Nekketsu Koushinkyoku - Soreyuke Daiundoukai (Japan)	Otro día en Nekketsu High, otro torneo de pandillas ... ¡pero esta vez es diferente! El director de una escuela adinerada ha presentado un desafío para que todas las pandillas escolares compitan en un curso especial de obstáculos compuesto por 4 desafíos diferentes que usted y su equipo deben superar. Primero en la línea es una carrera por las calles de la ciudad (y los tejados), luego hay una carrera de obstáculos llena de peligros peligrosos, luego un desafío de salto en el que tienes que romper una serie de bolas de metal y finalmente un torneo de lucha total. El juego usa el mismo motor y la mecánica de juego básica que se presenta en otros juegos de Nekketsu High, con el único cambio que son los objetivos que debes completar para completar cada etapa. Al ver cómo los personajes son miembros de pandillas, luchar y vencer a tus oponentes puede ser una forma viable de ganar los desafíos, por lo que también se pueden encontrar varias armas y potenciadores en los cursos.
Downtown Nekketsu Monogatari (Japan)	Es una nueva versión de River City Ransom de NES para PCE. Viene de Technos originalmente aquí, fue convertido por Naxat Soft. Es un beat 'em up con pocos elementos RPG; puedes comprar artículos como comida, bebidas, café y otros artículos que te ayudarán en tu aventura. Matar a un enemigo te trae monedas. Puedes guardar tu juego en cualquier momento. Los personajes son pequeños pero los fondos son coloridos y bien dibujados.
Dragon Ball Z - Idainaru Son Gokuu Densetsu (Japan) (FABT)	Idainaru Son Goku Densetsu presenta a Gohan contándole a Goten sobre las batallas de su padre fallecido, Goku, junto con otros personajes. El juego ilustra las siete batallas más grandes de Goku: luchar contra el Mercenario Tao, desafiar a Tien Shinhan en el Torneo Mundial de Artes Marciales, destruir al Rey Piccolo, luchar contra Piccolo en el 23º Torneo Mundial de Artes Marciales, proteger la Tierra de Vegeta, salvar a Namek de Frieza y sacrificar su vida. para salvar al mundo de Perfect Cell. El juego no permite que el jugador controle completamente a Goku, sino que elige si está en la ofensiva, la defensa, el encendido o la carrera. También hay escenas que pueden suceder en medio de la batalla, desencadenadas por ciertas acciones de la serie, como Goku rompiendo la espada de Tao con el Power Pole.
Dragon Half (Japan)	Basado en el manga / anime. Dragon Half es un estilo de juego de mesa similar a 21 Emon o algunos títulos de Peachboy. Usted progresa alrededor de un tablero lanzando un dado, compitiendo con otros jugadores controlados por humanos o por la computadora. Aterrizar en cuadrados de diferentes colores tiene diferentes efectos. Algunos de ellos causan eventos especiales, otros desencadenan secuencias animadas de combate que requieren presionar botones con precisión para obtener el máximo impacto.
Dragon Knight & Graffiti (Japan)	Dragon Knight & Graffiti es el remake del primer juego de la serie Dragon Knight. La nueva versión tiene la misma historia (el caballero errante Takeru tiene que derrotar a un demonio que amenaza a un pueblo poblado solo por mujeres) y un juego central (explorar una gran mazmorra llena de monstruos, regresar a la única ciudad para comprar mejores armas y equipo), pero presenta mejores gráficos, una interfaz de batalla más conveniente y actuación de voz. A pesar de la abundancia de chicas bonitas, no hay escenas de sexo explícitas en este juego. Como su nombre lo indica, la nueva versión también tiene un &quot;modo de graffiti&quot; (accesible desde el menú principal), que permite al jugador ver todas las imágenes dibujadas a mano del juego, las de chicas guapas o de cualquier otro tipo.
Dragon Knight II (Japan)	Strawberry Fields: un país mágico poblado casi exclusivamente por hermosas chicas jóvenes (es decir, si no contamos al Viejo Sabio y un par de otras excepciones masculinas). Todo salió bien en este lugar tranquilo, hasta que la malvada bruja Mesaana secuestró a algunos de los encantadores habitantes del país y los maldijo, convirtiéndolos en monstruos horribles. Ingrese Takeru Yamato (a quien podría conocer como Desmond, el héroe de los Caballeros de Xentar), un joven aventurero que se encuentra en Strawberry Fields en ese momento. A Takeru se le dice que para eliminar la maldición hay que encontrar tres escritos sagrados, enterrados en lo profundo de tres mazmorras peligrosas. Parece un trabajo para nuestro aventurero, ¡especialmente porque las chicas rescatadas probablemente estarán muy agradecidas!
Dragon Knight III (Japan)	Esta versión de Dragon Knight III se basa en la versión anterior de la computadora, conocida en Occidente como Caballeros de Xentar. Si bien conserva la historia, el estilo gráfico y el diseño de ubicación básica de la versión para computadora, esta versión tiene diferencias sustanciales de juego. A diferencia de la versión para computadora, las batallas no son en tiempo real, sino por turnos, y utilizan una perspectiva diferente; Los enemigos encontrados al azar se luchan en un estilo RPG japonés tradicional en primera persona, similar a Dragon Quest.
Dragon Slayer - The Legend of Heroes (USA)	Dragon Slayer: The Legend of Heroes es un juego de rol en PC Engine. Juegas como el Príncipe Selios. En una prueba para hacerte un guerrero, el reino de tu padre es atacado por monstruos. Traicionado por todos lados por tus antiguos aliados, debes reclutar compañeros para liberar a tu país.
Dragon Slayer - The Legend of Heroes II (Japan)	Han pasado años desde que el príncipe Selios, el héroe del primer juego, derrotó al dios demonio Agunija en la batalla final. La paz volvió a la tierra de Iseruhasa. Selios se casó con su novia Dina, y tuvieron un hijo, a quien llamaron Atlas. A la edad de quince años, Atlas ya era un guerrero fuerte, gracias a las lecciones de su maestro Lowel. Todo parecía pacífico en el país, hasta que dos guerreros vieron extrañas criaturas cerca de la ciudad capital. Esos eran ... ¡hombres en trajes espaciales! Por supuesto, los guerreros no podían haber sabido esto y creían que eran monstruos. ¿Los misteriosos extraños tienen intenciones pacíficas, o son una nueva amenaza para el reino?
Dungeon Explorer II (USA)	Esta secuela de Dungeon Explorer se juega exactamente como la primera parte. Has elegido tu personaje de una variedad de estereotipos de fantasía y te presentan en una aventura en el Ghentaise. El formato de CD permite mayores y más variedad de niveles; nuevos dominios y personajes que se abren a medida que avanzas.
Dungeon Master - Theron's Quest (USA)	¡Bestias terriblemente brutales! Laberintos monstruosos! ¡Pozos traicioneros del Mal! La aventura de tu vida está aquí....La búsqueda de Theron! El Monasterio de Ya-Brodin ha caído en el Culto de la Muerte y la Hermandad de la Ilustración, los verdaderos guardianes de la Magia, han sido masacrados. Los Siete Grandes Tesoros están ahora en manos de seres asquerosos que no se detendrán ante nada para aferrarse a sus enormes poderes. Pero Theron, con un coraje más allá de lo creíble, ha decidido buscar el Culto de las Muertes y recuperar los Tesoros. Si tiene éxito, se convertirá en un Gran Señor. Si no, la tierra verá oscuridad eterna.
Dynastic Hero, The (USA)	The Dynastic Hero es una versión ligeramente renovada de Wonder Boy en Monster World para Turbo Duo. El juego presenta imágenes intercambiadas con paletas, nuevos gráficos con temas de insectos para los personajes principales (y los depredadores naturales de los insectos como jefes), un Libro Rojo banda sonora de audio que es completamente diferente del original de Wonder Boy, y escenas de estilo anime en la introducción y el final. Shion pasó a llamarse Dyna y se inspiró en un Escarabajo Hércules, y el jefe final fue cambiado a un rey lagarto gigante. También se produjo una versión en inglés, pero ambas se basaron en la versión japonesa de Wonder Boy en Monster World. Presentan la misma dificultad y mecánica que el original japonés.
Efera & Jiliora - The Emblem from Darkness (Japan)	Efera & Jiliora: The Emblem From Darkness se basa en el anime Gude Crest. La historia está protagonizada por dos mercenarias, Efera y Jiliora. Después de haber escapado de un barco de esclavos, a través de una serie de eventos toman posesión de una poderosa cresta. Esta cresta fue quitada del príncipe benevolente y la princesa, quienes fueron secuestrados por cultos malvados que adoran a una antigua y poderosa deidad. Las dos jóvenes deben encontrar una manera de salvar a los descendientes reales y derrotar a los adoradores malvados.
Eikan wa Kimi ni - Koukou Yakyuu Zenkoku Taikai (Japan)	Eikan wa Kimi ni es un juego japonés de gestión de béisbol de secundaria. El jugador crea un gerente, eligiendo su cumpleaños, grupo sanguíneo, preferencias, etc., que influyen en su posición con el equipo y los jugadores. Durante la fase de gestión, es necesario reunir el equipo, eligiendo entre varios estudiantes de secundaria masculinos, cada uno con sus propias estadísticas. Luego, el gerente hace horarios para los jugadores, que incluyen sesiones de entrenamiento de diversa dificultad. También es posible cambiar el estado de ánimo del gerente, lo que conduce a resultados diferentes según el espíritu y la personalidad del equipo. El jugador puede adelantar el tiempo un día, una semana o hasta el próximo evento, p. una prueba en la escuela o un juego contra otro equipo.
Eiyuu Sangokushi (Japan)	Eiyuu Sangokushi es una representación algo alegre del famoso período histórico de los Tres Reinos en China. En esencia, es un juego de estrategia por turnos, similar a la serie más popular Romance of the Three Kingdoms. El jugador tiene la opción de jugar en 8 escenarios diferentes, comenzando con el ascenso al poder de Dong Zhuo a fines del siglo II y terminando con la última lucha de los hijos de Cao Cao y la destrucción de los tres reinos. El jugador también puede construir su propio mapa y jugarlo controlando cualquiera de los personajes de Tres Reinos disponibles desde cualquier escenario.
Emerald Dragon (Japan)	En Emerald Dragon, el jugador toma el control de Atrushan, un dragón azul que vive en el Mundo del Dragón. Un día, él y sus amigos descubren un barco hundido cerca de una montaña. Después de examinar el naufragio, los dragones encuentran a un niño humano, una niña pequeña. La sabia White Dragon, la líder de los dragones, les dice que se llama Tamryn y que jugará un papel importante en sus vidas. La niña no recuerda nada y crece junto con los dragones. Pero cuando cumple quince años, decide regresar a su tierra natal: el mundo humano. Poco después de que Tamryn se haya ido, Atrushan se da cuenta de que no puede soportar la separación, y le pide al Dragón Blanco que le permita ir a buscar a Tamryn en el Mundo Humano. Pero se ha colocado una misteriosa maldición malvada sobre los dragones: no pueden aparecer entre los humanos en su verdadera forma. Atrushan acepta convertirse en humano y va al Mundo Humano para encontrar a Tamryn, y también una forma de eliminar la maldición ...
Exile (USA)	Exile se refiere a las aventuras en el desierto de Sadler, el gran héroe cuya revuelta años antes condujo a la caída de un poderoso imperio. Recientemente, sin embargo, la paz se rompió en el país de origen de Sadler, ya que el imperio rival Luciel ha estado lanzando ataques contra el pueblo de Dunes. El exilio es un juego híbrido de acción / rol. Los viajes y la exploración se producen en la vista aérea tradicional de los juegos de rol, mientras que las batallas y las mazmorras son laberintos de desplazamiento lateral, similares a los Wanderers de Ys. Los personajes ganan experiencia y niveles, compran equipos y usan magia.
Exile - Toki no Hasama e (Japan)	Exile se refiere a las aventuras en el desierto de Sadler, el gran héroe cuya revuelta años antes condujo a la caída de un poderoso imperio. Recientemente, sin embargo, la paz se rompió en el país de origen de Sadler, ya que el imperio rival Luciel ha estado lanzando ataques contra el pueblo de Dunes. El exilio es un juego híbrido de acción / rol. Los viajes y la exploración se producen en la vista aérea tradicional de los juegos de rol, mientras que las batallas y las mazmorras son laberintos de desplazamiento lateral, similares a los Wanderers de Ys. Los personajes ganan experiencia y niveles, compran equipos y usan magia.
Exile - Wicked Phenomenon (USA)	El mundo de Chaltar está en juego y Sadler regresa como el principal protagonista y personaje principal de la serie. Casi, ya que su primera tarea es buscar a sus amigos en los pueblos cercanos. A diferencia de los episodios anteriores de la serie, Sadler es uno de los varios personajes jugables posibles: el lindo pero letal Rumi, el fuerte Kindi y el místico Fakhyle siguen a nuestro héroe en su búsqueda y pueden ser controlados. El juego sigue la misma fórmula establecida por sus predecesores y alterna entre pelear y explorar. La primera parte hace que Sadler camine por las ciudades, hable con los aldeanos o compre nuevos equipos. Las fases de lucha son escenas clásicas de acción de hack and slash en innumerables lugares hostiles: allí el jugador lucha contra enemigos, jefes y gana preciosos puntos de experiencia y monedas de oro.
Exile II - Janen no Jishou (Japan)	El mundo de Chaltar está en juego y Sadler regresa como el principal protagonista y personaje principal de la serie. Casi, ya que su primera tarea es buscar a sus amigos en los pueblos cercanos. A diferencia de los episodios anteriores de la serie, Sadler es uno de los varios personajes jugables posibles: el lindo pero letal Rumi, el fuerte Kindi y el místico Fakhyle siguen a nuestro héroe en su búsqueda y pueden ser controlados. El juego sigue la misma fórmula establecida por sus predecesores y alterna entre pelear y explorar. La primera parte hace que Sadler camine por las ciudades, hable con los aldeanos o compre nuevos equipos. Las fases de lucha son escenas clásicas de acción de hack and slash en innumerables lugares hostiles: allí el jugador lucha contra enemigos, jefes y gana preciosos puntos de experiencia y monedas de oro.
F1 Circus Special - Pole to Win (Japan) (FABT)	F1 Circus Special es un juego de carreras de Fórmula 1. Los jugadores pueden elegir entre un modo de campeonato mundial, que sigue el camino de un piloto a través de los cursos disponibles del juego de forma lineal; un modo de prueba de manejo, que permite a los jugadores elegir cualquier curso, así como cambiar las reglas y condiciones (por ejemplo, la cantidad de daño infligido); y un modo de ataque de tiempo para competir entre sí.
F1 Team Simulation - Project F (Japan)	F1 Team Simulation - Project F es una simulación gerencial que coloca al jugador en el rol de propietario de una compañía de Fórmula 1. El jugador es responsable de pagar el salario a los gerentes, mecánicos y otros miembros del personal; Es posible aumentar o disminuir el salario, lo que puede tener varias consecuencias dependiendo de la personalidad del empleado. Luego, el jugador hace un contrato con uno o más conductores, seleccionándolos de una lista. La personalización del automóvil juega un papel importante. La gasolina, los motores, el chasis, las ruedas, los neumáticos, los frenos y otros componentes deben comprarse a los fabricantes que el jugador elija.
Faceball (Japan)	Faceball 2000 es un juego de disparos en primera persona. Usted controla un H.A.P.P.Y.F.A.C.E. o un patrón físico asistido holográficamente que se obtiene para un embarque computarizado activo. Los gráficos consisten en pasillos sombreados planos. Los enemigos son formas geométricas simples con caras sonrientes. Aunque los gráficos son simples, permiten una total libertad de movimiento, a diferencia de Wolfenstein 3-D.
Faerie Dust Story - Meikyuu no Elfeene (Japan)	En Faerie Dust Story - Meikyuu No Elfeene, el jugador toma el papel de una persona real, la cantante y actriz japonesa Tomomi Nishimura, en su encarnación dibujada a mano, &quot;súper deformada&quot;, estilo anime, vista desde arriba (fotos digitalizadas de la verdadera Ms Nishimura se puede ver durante algunas de las escenas cortadas del juego). En el juego, Tomomi es solo una chica simple que trabaja en un restaurante, pero es transportada mágicamente a una tierra de hadas. Allí, primero debe proteger a los habitantes de una ciudad pacífica del ataque de los duendes y, en última instancia, encontrar una manera de regresar al mundo real.
Fantastic Night Dreams - Cotton (USA)	En &quot;Cotton: Fantastic Night Dreams&quot; el jugador controla a Cotton, una joven bruja que vuela subida en su escoba mágica. El estilo de juego es el de un Shoot 'Em Up horizontal en el cual deberás acabar con diferentes criaturas mientras esquivas sus ataques. Podrás aumentar tus poderes por medio de power-ups. La vida del jugador es representada en una flecha y unicamente posees tres vidas. El juego fué lanzado en un primer momento para la maquina recreativa &quot;Arcade system board&quot; en 1991 y posteriormente fue editado para TurboGrafx-CD, versión que cuenta con un sonido y música mejorados.
Far East of Eden - Tengai Makyou - Fuun Kabuki-den (Japan)	En un mundo futurista, donde los magos y las criaturas legendarias coexisten con robots y clones, la existencia pacífica de Far the Earth está amenazada por el Emperador del Mal. A Atima, una joven del gremio de magos, se le confía una tarea muy importante: revivir a Dimeora, el legendario héroe de la época de los dioses, que solo es capaz de derrotar al Emperador del Mal. Pero las cosas toman un giro inesperado cuando Atima es secuestrada por el Emperador, y el Dimeora revivido tiene que encontrar su camino solo en este nuevo mundo. Neo Metal Fantasy es un juego de rol tradicional de estilo japonés. Viajando por el mapa mundial, el grupo controlado por el jugador visita ciudades, desciende a mazmorras y se enfrenta a enemigos que aparecen al azar en perspectiva en primera persona, combate por turnos, usando ataques físicos o magia. El juego presenta escenas de estilo anime.
Far East of Eden - Tengai Makyou - Ziria (Japan) (Hibaihin)	Hace mucho tiempo, los humanos vivían en un paraíso, el Jardín del Edén. Pero los valientes y audaces miembros del Clan del Fuego fueron expulsados ??del Edén y tuvieron que buscar refugio en la Tierra. Construyeron su propio paraíso, la tierra que más tarde llamaron Jipang. Sin embargo, el malvado señor demonio Masakado quería destruir a Jipang, y el Clan de Fuego luchó y lo derrotó. Ahora, muchos años después, un joven ladrón llamado Ziria se entera de que es un descendiente del Clan del Fuego. Ahora debe encontrar a los otros miembros y evitar que sus seguidores resuciten a Masakado. Ziria fue el primer juego de rol lanzado en un CD ROM; Gracias a la mayor capacidad de almacenamiento del medio, el juego pudo incluir escenas de estilo anime de pantalla completa con voces en off.
Far East of Eden - Tengai Makyou II - Manji Maru (Japan)	Far East Of Eden 2 - Manjimaru es una secuela de Tengai Maky - Ziria. Aunque no está conectado con su predecesor directamente en cuanto a la historia, el juego se desarrolla en la misma versión semi humorística del Japón feudal, y comparte muchos elementos recurrentes relacionados con el juego y estilísticos. El jugador navega en un grupo de hasta cuatro personajes en un vasto mundo dividido en provincias, cada una con su propia capital y varias ciudades más pequeñas. Los enemigos encontrados al azar se pelean en combates de vista en primera persona por turnos. Como en el juego anterior, los hechizos mágicos deben obtenerse localizando Retiros de Tengu; luego pueden equiparse con cualquier personaje e intercambiarse entre ellos.
Farjius no Jakoutei - Neo Metal Fantasy (Japan)	En un mundo futurista, donde los magos y las criaturas legendarias coexisten con robots y clones, la existencia pacífica de Far the Earth está amenazada por el Emperador del Mal. A Atima, una joven del gremio de magos, se le confía una tarea muy importante: revivir a Dimeora, el legendario héroe de la época de los dioses, que solo es capaz de derrotar al Emperador del Mal. Pero las cosas toman un giro inesperado cuando Atima es secuestrada por el Emperador, y el Dimeora revivido tiene que encontrar su camino solo en este nuevo mundo. Neo Metal Fantasy es un juego de rol tradicional de estilo japonés. Viajando por el mapa mundial, el grupo controlado por el jugador visita ciudades, desciende a mazmorras y se enfrenta a enemigos que aparecen al azar en perspectiva en primera persona, combate por turnos, usando ataques físicos o magia. El juego presenta escenas de estilo anime.
Faussete Amour (Japan)	Una niña llamada Koruku vivía en su pueblo natal, disfrutando de una vida tranquila con su hermana y sus amigos. Pero todo cambió cuando apareció un demonio malvado conocido como el hueso de cabra. Con sus poderes de control mental y cambio de forma, poseía a los amigos de Koruku, convirtiéndolos en monstruos terroríficos, secuestró a su hermana y quemó la aldea. Un misterioso anciano se acerca a la desesperada Koruku y le otorga una maravillosa armadura, arma y poderes mágicos. La joven está lista para aventurarse en la guarida de Goatbone y liberar a su hermana ... ¿pero será capaz de derrotar a sus propios amigos que ahora obedecen la palabra de su maestro oscuro?
Fiend Hunter (Japan)	Feed Sluster es un cazador de demonios: un hombre que toma un trabajo que implica la eliminación de seres misteriosos conocidos como demonios. Un día es contactado por una mujer llamada Beth, que le ofrece un trabajo más exigente, que consiste en investigar actividades sombrías entre humanos y demonios, y llegar al fondo de todo el misterio, descubrir el origen de los demonios y determinar su destino final. . Fiend Hunter es un juego de plataformas cinematográfico ambientado en un entorno similar al viejo oeste con elementos sobrenaturales. Con la excepción de la ciudad inicial y algunas otras ubicaciones, el juego se gasta en áreas que requieren navegar cuidadosamente por Feed a través de una serie de estructuras similares a plataformas. Los controles y la animación se parecen a los de Prince of Persia. La alimentación puede saltar, correr, realizar un salto de carrera, colgarse de las repisas, levantarse o caer, arrodillarse y gatear. También recibe daño por caída; El desafío principal durante las secuencias de plataformas consiste en evitar que se caiga.
Fighting Street (USA)	Fighting Street en Turbografx (o Street Fighter en los otros soportes) es la adaptación del famoso juego de lucha disponible en las salas recreativas. Elige un personaje y enfréntate a combatientes en 5 países diferentes para desafiar a Sagat y convertirte en el mejor luchador del mundo. Hay un modo Versus disponible en el que puedes confrontar a tus amigos.
Final Zone II (USA)	Final Zone II es un juego de disparos de arriba hacia abajo en el que controlas a un soldado en algunos niveles y a un vehículo en otros niveles. Como soldado, te pones un &quot;New Age Power Suit&quot; y tienes la opción de jugar con varios personajes diferentes, aunque es solo un juego de un jugador. El objetivo del juego es luchar contra un ejército enemigo dirigido por &quot;ZOD&quot; que es un asesino en masa y mató a algunos de tus amigos comando. Hay varios armamentos y escudos que puedes recoger en el camino. Hay varias secuencias de animación estilo manga en el juego. Esta es la secuela de un juego de Mega Drive llamado Final Zone que se lanzó en 1990 también.
Flash Hiders (Japan)	Flash Hiders es un juego de lucha en 2D de estilo anime con un claro rol RPG. El juego se centra principalmente en la historia y la presentación, presentando escenas animadas y sonoras en todo el modo de escenario del juego, así como la capacidad de comprar y usar equipos para aumentar tus estadísticas. El modo de escenario sigue al artista marcial Bang mientras viaja a través de un mundo devastado por la guerra con la hechicera Tiria y un niño casi adoptado llamado Erue. El modo &quot;Avanzado&quot; te permite elegir cualquier personaje en el juego y seguir su historia específica, construyendo las habilidades de tu personaje a medida que avanzas. Por supuesto, también hay un modo versus para dos jugadores.
Forgotten Worlds (USA) (En,Ja)	Forgotten Worlds presenta dos personajes conocidos como The Nameless Ones, que se parecen a Arnold Schwarzenegger, uno incluso tiene un mohawk. Es su trabajo librar al planeta de los alienígenas atacantes. Al guiar a tu personaje por la pantalla mientras vuela con mochilas propulsoras, pistolas totalmente automáticas, controlas un satélite que giras alrededor de tu personaje para la dirección en la que dispara tu arma. Al final de cada nivel hay un jefe que debe ser asesinado para progresar. Los enemigos que han sido asesinados sueltan dinero. Al final de cada nivel hay una tienda donde puedes comprar armas, armaduras, artículos y paquetes de primeros auxilios.
Formation Soccer 95 della Serie A (Japan)	Formation Soccer 95 della Serie A es un juego de fútbol (fútbol) que recrea una temporada en la mejor liga de fútbol de Italia, incluidos los jugadores y equipos con licencia. No hay elemento de gestión en el juego; los jugadores simplemente tienen que elegir uno o más equipos (para el modo torneo) y participar en los juegos de exhibición o de la Serie A (Campeonato italiano). Los equipos pueden ser controlados por jugadores humanos o por computadora; También es posible seleccionar el modo &quot;reloj&quot; y ver cómo se desarrolla el juego con ambos equipos controlados por la computadora. También se incluye el modo de práctica para tiros de esquina, libres y penales. Las reglas y condiciones se pueden cambiar (por ejemplo, es posible jugar sin lesiones).
Fushigi no Umi no Nadia - The Secret of Blue Water (Japan)	Fushigi no Umi no Nadia: The Secret of Blue Water es uno de los varios juegos basados en la serie de anime del mismo nombre. El juego asume familiaridad con la historia del anime, llevando al jugador directamente al marco temporal de episodios finales, donde Grandis y los ladrones de joyas ya se han unido a Jean y Nadia en sus viajes con el Capitán Nemo en su submarino &quot;Nautilus&quot;. Después de una escena dramática que revela más sobre el pasado de Electra, la tripulación se encuentra varada en una isla misteriosa. Jean, Nadia, Marie y el Rey Cachorro de León deciden explorarlo y descubrir una civilización antigua en el proceso.
Gain Ground SX (Japan)	Gain Ground SX es un juego de acción de estilo arcade con un poco de estrategia. El objetivo es llevar a todos los soldados al lado opuesto de la pantalla o matar a todos los enemigos. Cada soldado en el ejército tiene una especialización única, de entre 20 tipos. Cada soldado puede atacar de dos maneras diferentes, usando un arma normal o un arma especial. La estrategia proviene de decidir qué soldado haría mejor en qué situación. Algunas armas son mejores para lidiar con ciertos enemigos y obstáculos que otras armas.
Galaxy Deka Gayvan (Japan)	Galaxy Deka Gayvan es un beat'em up. Juegas solo o dos jugadores Hiro y Michiko, dos agentes enviados para eliminar al criminal Ballas que amenaza la paz en la tierra. Mientras juegas, acumulas energía que te permite convertirte en un superhéroe (Gayvan y Mittchi). Se vuelven más fuertes y tienen acceso a nuevos movimientos especiales. Un modo VS también está disponible.
Garou Densetsu 2 - Aratanaru Tatakai (Japan) (FABT, FACT, FAET, FAFT)	Fatal Fury 2 en PC Engine es un innovador juego de lucha en el que los personajes pueden evolucionar en dos planos diferentes. Es posible ir desde la parte posterior a la parte frontal de la pantalla, en particular para evitar ataques enemigos. Los tres personajes jugables tienen diversas y variadas técnicas, incluida una que puede atacar ambos planes al mismo tiempo para asegurarse de enviar su alfombra rival.
Garou Densetsu Special (Japan) (FABT)	Fatal Fury Special (Garou Densetsu Special en Japón) es un videojuego de lucha en 2D desarrollado y editado por SNK en 1993. Es el tercer episodio de la serie Fatal Fury. A los ocho personajes jugables del segundo episodio se agregan ocho nuevos. Tres luchadores de Fatal Fury (Duck King, Tung Fu Street y Geese Howard) y los cuatro jefes de Fatal Fury 2 (Billy Kane, Axel Hawk, Laurence Blood y Wolfgang Krauser). El decimosexto luchador, Ryo Sakazaki, juega solo en modo versus, se desbloquea con un código una vez que ha sido derrotado.
Gate of Thunder (Japan) (FACT, FADT)	Shoot em up horizontal en el que controlamos la nave espacial Hunting Dog, pilotada por un policía espacial llamado Hawk. Junto con su aliada Esty y su nave llamada Wild Cat, Hawk debe evitar que el general Don Jingi y su ejército Obellon tomen una poderosa fuente de energía llamada &quot;Starlight&quot; del planeta de Aries.
Gate of Thunder + Bonk's Adventure + Bonk's Revenge (USA)	Shoot em up horizontal en el que controlamos la nave espacial Hunting Dog, pilotada por un policía espacial llamado Hawk. Junto con su aliada Esty y su nave llamada Wild Cat, Hawk debe evitar que el general Don Jingi y su ejército Obellon tomen una poderosa fuente de energía llamada &quot;Starlight&quot; del planeta de Aries.
Genocide (Japan)	La vida se volvió cada vez más complicada en el siglo 22. Los humanos han construido una supercomputadora conocida como MESIA, encargándole la tarea de monitorear todo lo que sucede en el planeta. Sin embargo, la computadora se volvió cada vez más megalómana, y finalmente decidió conquistar la Tierra con máquinas mortales de su propia producción. A mediados del siglo 23, la humanidad se involucra en una batalla decisiva contra MESIA. Sus esperanzas recaen en Ken Ryugasaki, quien pilota el poderoso Mecha Tracer en su viaje a la guarida de la supercomputadora. Genocide es un juego de acción de desplazamiento lateral. El jugador controla a Tracer, que puede luchar con un arma cuerpo a cuerpo con forma de espada y saltar. Más adelante en el juego, Tracer adquiere &quot;Betty&quot;, un arma poderosa que puede disparar en ocho direcciones. La jugabilidad es bastante sencilla; no hay power-ups, y la mayor parte del juego consiste en sobrevivir continuos ataques de enemigos.
Gensou Tairiku Auleria (Japan)	Comienzas el juego como un guerrero sin nombre (puedes nombrar al héroe como quieras). Regresa a su pueblo natal, solo para encontrarlo quemado, y su amada mujer muerta. Arrodillándose ante su tumba, la guerrera jura venganza, ¡pero esta búsqueda pronto va mucho más allá, ya que las fuerzas demoníacas amenazan la tierra! Gensou Tairiku Auleria es un juego de rol de acción de desplazamiento lateral. Controlas al guerrero (y a otros personajes a los que puedes controlar más adelante en el juego) moviéndolo a través de ubicaciones de plataforma: ciudades, bosques, mazmorras, etc. En las ciudades puedes hablar con la gente para avanzar en la trama. En áreas silvestres, luchas contra enemigos atacando físicamente o usando hechizos mágicos en tiempo real. También puedes saltar en este juego. Obtienes puntos de experiencia por derrotar enemigos, ganar niveles y magia más fuerte.
Ginga Fukei Densetsu Sapphire (Japan)	En el futuro, el viaje en el tiempo se convirtió en una mercancía habitual. Las organizaciones criminales comenzaron a usar la ciencia avanzada para escapar a diferentes períodos de tiempo para evitar ser capturados. Para contrarrestar eso, se formó una unidad especial de policía llamada &quot;Conejos ardientes&quot;, compuesta por cuatro señoritas que valientemente pilotean sus naves de combate a través del tiempo y el espacio. Ginga Fukei Densetsu: Sapphire es un shoot-em-up de desplazamiento vertical. El jugador puede elegir entre cuatro personajes femeninos diferentes, cada uno pilotando un barco diferente: Zafiro tiene una fuerza equilibrada es la velocidad; Charlotte es la más rápida, pero también la más débil; Helen es la más lenta y la más fuerte. Jasmine es la segunda más fuerte y la segunda más lenta. Los barcos también se distinguen por sus propiedades de arma.
Ginga Ojousama Densetsu Yuna (Japan) (FAFT)	Yuna Kagurazaka es una niña de 16 años algo aturdida. Después de ganar un &quot;Concurso Galactic Bish? Jo&quot; (Concurso Galaxy Fräulein, similar a los concursos Idol), se convierte en &quot;El Salvador de la Luz&quot;, una chica mágica encargada de defender el universo del mal. Galaxy Fräulein Yuna es un juego de cómic digital (tipo novela visual). El juego no tiene final (puede continuar infinitamente) o mal final, similar a los cómics digitales o películas interactivas. Muévete a algún lado, habla con alguien, luego lucha contra los 13 Fräuleins of Darkness ... Las escenas de combate se juegan en estilo RPG por turnos, pero ¿no hay EXP o elementos? solo ataque o defensa.
Ginga Ojousama Densetsu Yuna 2 - Eien no Princess (Japan) (FAAT)	Este es el segundo juego de la serie sobre la niña de la escuela Yuna Kagurazaka, que lucha contra el crimen en batallas cósmicas. Eien no Princess continúa la historia del primer juego. Yuna ha derrotado a los 13 Sirvientes de la Oscuridad, y su líder Lia se ha convertido en una amiga, luchando contra el crimen sola en un programa de televisión de superhéroes. La vida parece continuar normalmente, el único problema es Erika, una chica mocosa de secundaria que se ve a sí misma como la mayor rival de Yuna. Ella desafía a Yuna a una pelea, pero ambos son vistos por la nave espacial &quot;Princesa Eterna&quot;, comandada por la bella Princesa Mirage, cuya tarea es detener la violencia en toda la galaxia. Lo que comienza como un malentendido termina como una seria amenaza para la Tierra ... Eien no Princess es lo que generalmente se llama una &quot;novela visual&quot;. La mayor parte del juego consiste en llevar al jugador a diferentes lugares automáticamente, donde observa cómo se desarrolla la historia, acompañado de texto y actuación de voz.
Ginga Ojousama Densetsu Yuna HuVIDEO CD (Japan)	Yuna Kagurazaka es una niña de 16 años algo aturdida. Después de ganar un &quot;Concurso Galactic Bish? Jo&quot; (Concurso Galaxy Fräulein, similar a los concursos Idol), se convierte en &quot;El Salvador de la Luz&quot;, una chica mágica encargada de defender el universo del mal. Galaxy Fräulein Yuna es un juego de cómic digital (tipo novela visual). El juego no tiene final (puede continuar infinitamente) o mal final, similar a los cómics digitales o películas interactivas. Muévete a algún lado, habla con alguien, luego lucha contra los 13 Fräuleins of Darkness ... Las escenas de combate se juegan en estilo RPG por turnos, pero ¿no hay EXP o elementos? solo ataque o defensa.
Go! Go! Birdie Chance (Japan)	Go! Go! Birdie Chance es un juego de golf de estilo anime. El jugador controla a las estudiantes de secundaria que forman un equipo de golf y desean permanecer invictas. El modo historia contiene extensas escenas basadas en texto, que representan la lucha de las niñas contra un golfista arrogante, con partidos de golf que proceden según lo dicta la trama. El modo gratuito permite que uno o dos jugadores seleccionen cualquiera de los tres personajes femeninos disponibles y compitan entre sí o con la IA de la computadora. Es posible seleccionar los tipos de palos de golf, el terreno del campo, los tipos de strike y la mano fuerte del jugador. La fuerza y la dirección del disparo se determinan deteniendo una barra en movimiento en el momento correcto.
God Panic - Shijou Saikyou no Gundan (Japan)	God Panic es un shoot-em-up de desplazamiento vertical ambientado en una versión de dibujos animados y anacrónica del Japón feudal con elementos sobrenaturales. No hay una historia de fondo en el juego o escenas de avance de la trama, con la excepción de un anciano sabio que a veces le ofrece ayuda al héroe vestido con traje de gato. Las criaturas de la mitología japonesa se han vuelto locas, y depende del protagonista volador derrotarlas, mientras se defiende de aldeanos enfurecidos, gatos mecánicos, luchadores homoeróticos y otros seres grotescos.
Godzilla (USA)	Esta interpretación del famoso monstruo gigante de la industria cinematográfica japonesa toma la forma de un juego de lucha, solo que en lugar de los valientes artistas marciales habituales, los jugadores controlan monstruos horripilantes del linaje tradicional de Toho: la propia bestia titular, Rodan, Anguirus, Ghidorah y otros. El juego tiene dos modos: Normal y Vs. Este último es esencialmente un modo de dos jugadores, que permite a los jugadores participar en batallas de monstruos gigantes en una variedad de escenarios. La mayoría de los monstruos, sin embargo, están encerrados en el Vs. modo antes de que el jugador haya completado el modo Normal. El modo Normal pone al jugador en control de Godzilla, quien tiene que pasar por cinco etapas antes de llegar al jefe final.
Godzilla Bakutou Retsuden (Japan)	Esta interpretación del famoso monstruo gigante de la industria cinematográfica japonesa toma la forma de un juego de lucha, solo que en lugar de los valientes artistas marciales habituales, los jugadores controlan monstruos horripilantes del linaje tradicional de Toho: la propia bestia titular, Rodan, Anguirus, Ghidorah y otros. El juego tiene dos modos: Normal y Vs. Este último es esencialmente un modo de dos jugadores, que permite a los jugadores participar en batallas de monstruos gigantes en una variedad de escenarios. La mayoría de los monstruos, sin embargo, están encerrados en el Vs. modo antes de que el jugador haya completado el modo Normal. El modo Normal pone al jugador en control de Godzilla, quien tiene que pasar por cinco etapas antes de llegar al jefe final.
Goetzendiener (Japan)	El Dios Demonio ha secuestrado a la princesa Misa, con la intención de sacrificarla para restaurar su poder. El rey envió un ejército para rescatar a su hija, liderado por un caballero que llevaba la legendaria Espada del Valiente. Todos los soldados fueron asesinados por los secuaces del Dios Demonio, y solo el valiente caballero sobrevivió. Pero cuando le dio el golpe fatal al Dios Demonio, él mismo fue herido de muerte. La princesa Misa no tiene otra opción que tomar la Espada del Valiente y encontrar una forma de escapar de la mazmorra del Dios Demonio, llena de trampas mortales y enemigos ...
Golden Axe (Japan)	Golden Axe es un juego arcade de beat-'em-up que pone a los jugadores en la piel de uno de los tres héroes, cada uno con su propia razón para tratar de derrocar la malvada regla de Death-Adder, quien, junto con sus fuerzas de la oscuridad, secuestraron y encarcelaron al Rey y a su hija y robaron el legendario Golden Axe. Este es un juego de lucha horizontal, donde básicamente tomas uno de los tres personajes (el bárbaro Axe Battler, un enano llamado Gilius Thunderhead o el amazon Tyris Flare) y golpeas todo lo que se interpone entre tú y el mismo Death Adder. Cada personaje tiene una habilidad mágica especial que se puede cargar pateando pequeñas criaturas azules que sueltan una poción. También hay una variedad verde en esta criatura que arroja alimentos que reponen su salud. Algunos enemigos montan dragones y un escorpión como criatura. Los enemigos pueden ser derribados y puedes montar la criatura tú mismo y atacar a los enemigos con ella.
Gradius II - Gofer no Yabou (Japan)	Gradius II es una secuela de Gradius y Life Force, y es un tirador espacial horizontal compuesto por siete niveles. Al igual que en su predecesor, es posible recolectar poderes de los enemigos y elegir qué tipo usar y cuándo. Esta vez, este sistema se ha mejorado con la opción de elegir entre cuatro secuencias de encendido diferentes, lo que permite al jugador usar diferentes tipos de armas contra los enemigos. También existe la posibilidad de obtener opciones, que son bolas de fuego misteriosas que siguen de cerca a la nave espacial controlada por el jugador e imitan todos sus movimientos (incluidos los disparos). Si bien el jugador solo podía tener dos de ellos en la versión NES de Gradius, ahora es posible en todas las versiones tener hasta cuatro.
GS (Ghost Sweeper) Mikami (Japan)	Basado en la serie de manga / anime Ghost Sweeper Mikami, el juego se presenta como un episodio de la serie, con todos los héroes y villanos ya conocidos entre sí. La historia se centra en la agencia Mikami GS, dirigida por la joven, bonita y carismática Reiko Mikami. El protagonista principal, sin embargo, es Tadao Yokoshima, un joven que trabaja para Reiko y la idolatra. Junto con sus amigos, Meiko, de aspecto inocente pero poderoso, y la niña fantasma O-Kuni, Tadao debe rescatar el espíritu de Reiko que quedó atrapado como resultado de una confrontación contra un poderoso demonio. El juego se juega principalmente como una aventura de estilo japonés, con opciones de interacción muy limitadas; en la mayoría de las pantallas, solo aparecen los comandos &quot;Mirar&quot; y &quot;Hablar&quot;, y la historia avanza incluso si no se utilizan todos los comandos. Algunas escenas presentan navegación de arriba hacia abajo en un mapa, con iconos que representan ubicaciones concretas.
Gulclight TDF 2 (Japan)	Gulclight TDF2 es un juego táctico por turnos y una continuación de T.D.F .. No hay información de fondo en el juego además de la noción de TDF2, una organización que consiste en aviones y mechas, luchando contra una raza alienígena conocida como Plea. La jugabilidad es bastante simple: al jugador se le presenta una pantalla isométrica bastante pequeña y debe navegar por un puñado de luchadores en ella, atacando a un alienígena cuando está en la casilla adyacente. Las mechas y los vehículos controlados por los jugadores vienen en diferentes tipos: algunos son fuertes pero tienen una maniobrabilidad limitada, otros tienen un amplio rango de movimiento pero una armadura débil, etc. Las batallas se muestran en una pantalla separada y proceden automáticamente, ambos lados intercambian un ataque.
Gyuwambler Jiko Chuushinha - Gekitou 36 Janshi (Japan)	Juego de mahjong basado en el manga del mismo nombre de Masayuki Katayama. El juego sigue las reglas tradicionales de mahjong con cuatro participantes, el jugador compite contra tres oponentes controlados por la IA. Hay un modo de torneo que se puede guardar y un modo gratuito en el que el jugador controla al protagonista del manga y compite contra cualquier combinación de los 36 personajes disponibles.
Gyuwambler Jiko Chuushinha - Mahjong Puzzle Collection (Japan)	No es un juego de mahjong; más bien, como su título lo indica, es un juego de rompecabezas que usa fichas de mahjong. Al jugador se le presenta un tablero lleno de fichas de mahjong; el objetivo es hacer coincidir fichas de aspecto idéntico en pares, haciendo que desaparezcan. Solo las fichas que no tienen obstáculos (es decir, otras fichas) en su camino entre sí pueden coincidir. El juego agrega nuevas fichas en las casillas adyacentes a las eliminadas. El jugador debe pensar en el futuro para completar el rompecabezas, evitando situaciones imposibles de ganar. Hay nueve tableros diferentes, con fichas colocadas en diferentes patrones de dificultad variable. Además, hay cuatro niveles de dificultad, medidos por el límite de tiempo permitido para cada rompecabezas (el nivel más fácil no tiene límite de tiempo). A los personajes del manga Gambler Jiko Chuushinha se les puede pedir consejo un número limitado de veces.
Hataraku Shoujo - Tekipaki Working Love (Japan)	Tekipaki: Working Love es un juego de simulación algo similar a la serie Graduation, pero con un sistema mucho menos complejo y &quot;chicas trabajadoras&quot; en lugar de estudiantes. Los gráficos del juego fueron dibujados por el artista de manga Izumi Takemoto. El escenario es del siglo 23, y el jugador tiene que cuidar a tres chicas de diferentes planetas: Naomi, Hikaru y Edalt. El objetivo es hacer que las niñas desempeñen con éxito sus tareas laborales (principalmente tareas de secretaria), al mismo tiempo que tengan tiempo libre para descansar. Con cada actividad, ciertos parámetros (resistencia, inteligencia, etc.) de la niña aumentarán y disminuirán. Dado que las tres niñas tienen diferentes parámetros desde el principio, es importante comprender sus personalidades y encontrar el equilibrio adecuado entre el trabajo y el ocio. Las chicas también tienen un parámetro de &quot;lealtad&quot;, que generalmente aumenta cuando el jugador les permite tener un día libre.
Hatsukoi Monogatari (Japan) (Rev 1)	Un estudiante japonés común encuentra un disquete en la calle; Usando su computadora para cargar datos, convoca milagrosamente a Foltjunia, una guerrera intergaláctica que lucha contra el mal en su armadura robótica con tres compañeros. Sin embargo, Foltjunia ha perdido sus poderes y como resultado se queda con el héroe, dándole consejos sobre cómo conquistar el amor de un compañero de escuela. Después de un breve prólogo con un juego de aventuras, la mayor parte de Hatsukoi Monogatari consiste en una simulación gerencial en la línea de los juegos de Princess Maker, aunque con opciones más limitadas y sin elementos RPG. El jugador maneja el horario diario del héroe, dividido en dos segmentos: escuela y hogar. Las actividades incluyen estudiar, conversar con estudiantes o maestros, tomar trabajos a tiempo parcial, descansar, hablar por teléfono, comprar, comprar regalos, etc. Cada actividad aumenta o disminuye algunos de los parámetros del héroe.
Hawk F-123 (Japan)	Hawk F-123 es un juego de disparos de desplazamiento lateral. No hay historia de fondo en el juego ni escenas de corte; el jugador pilota un avión de combate, volando sobre varias áreas como un desierto, un mar, una ciudad por la noche, etc. La mayoría de los enemigos son diferentes tipos de aviones, aunque también aparecen algunas torretas estacionarias. El luchador controlado por el jugador puede recoger potenciadores que cambian su arma principal: rojo para un arma vulcan, amarillo para rayos de energía y azul para láser. Cada uno de estos aumentará en potencia (por ejemplo, tres láseres en lugar de uno para el arma azul) cuando el jugador recolecta repetidamente potenciadores del mismo color. Otros potenciadores agregan un arma secundaria o mejora a cualquiera de los descritos anteriormente, tales como misiles dirigidos, bolas de fuego, un wingman, etc. Las armas secundarias se disparan simultáneamente con las principales.
Hellfire S - The Another Story (Japan)	Shoot 'em up que presenta armas intercambiables multidireccionales.
High Grenadier (Japan)	High Grenadier es un juego de estrategia por turnos con elementos de rol. El juego tiene una trama bastante abstracta que representa una batalla entre dos organizaciones humanas, cada una pilotando y comandando mechs gigantes; No se revelan más detalles en el juego. La jugabilidad tiene lugar en un campo de batalla compuesto por puntos conectados por líneas; tanto el ejército controlado por el jugador como el del oponente solo pueden moverse entre puntos adyacentes. El jugador tiene seis comandantes a su disposición; cada uno de ellos puede liderar varios mechas diferentes en la batalla. Inicialmente, hay tres comandantes disponibles, mientras que otros pueden ser llamados a la batalla más tarde. Una vez que una unidad controlada por un jugador y una unidad enemiga se encuentran en el mismo punto, el jugador puede ordenarle al comandante que ataque, defienda o se retire.
Hihou Densetsu - Chris no Bouken (Japan)	Un científico llamado Arnold Steiner investiga la antigua civilización de Indios en América Central. Sin embargo, después de un descubrimiento revolucionario, Steiner desaparece misteriosamente. Su hija Chris viaja a América Central en busca de su padre y entra en un mundo intimidante de monstruos y conspiraciones. Hola Densetsu: Chris no B? Ken es un juego de plataformas. Chris está armada con una daga y no puede usar otras armas o artilugios para protegerse. Sin embargo, la daga se puede mejorar recogiendo orbes de colores lanzados por los enemigos. Dependiendo de su combinación, la daga se puede usar como un arma de largo alcance, disparando proyectiles o actuando como un boomerang. La salud del protagonista se mide con corazones; se debe reiniciar un escenario si Chris se queda sin los cinco. Los enemigos a veces dejaban corazones y monedas atrás; este último agrega una vida extra a Chris si ella recolecta una cantidad suficiente.
Himitsu no Hanazono (Japan)	Un estudiante llamado Kosuke tuvo un sueño en el que veía a una hermosa mujer que le hablaba. A la mañana siguiente, descubre que su nueva profesora se parece mucho a ella. Kosuke se da cuenta de que en realidad es una detective enviada para investigar el asesinato de un alumno en el gimnasio. El joven deberá hacer todo lo posible para unirse a la investigación, resolver el misterio y, tal vez, impresionar a la atractiva profesora. En Himitsu no Hanazono , no hay órdenes verbales ni interacción real con el entorno. En su lugar, las opciones son frecuentes y bastante numerosas. La mayoría de estas elecciones no afectan a la trama, aunque pueden alterar diálogos posteriores. El jugador también puede desplazar al protagonista por los terrenos de la escuela y por el interior del edificio principal de arriba abajo, visitando los lugares en cualquier orden.
Horror Story (Japan)	Originario de las salas recreativas (donde era conocido como Demon's World para la audiencia occidental), Horror Story es un juego de plataformas / tirador de desplazamiento lateral &quot;antiguo&quot;. La premisa básica del juego es muy simple: dispara y salta a través de grandes cantidades de monstruos, derrota al jefe, pasa al siguiente nivel. No hay narrativa de ningún tipo en el juego, ni escenas cortadas; el héroe es un Duke Nukem de aspecto duro equipado con pistolas. La pantalla se desplaza en todo momento, incluso si el personaje del jugador no se mueve. Los niveles son casi completamente lineales, la única opción a veces es permanecer en el suelo o saltar a las plataformas más altas. El modo cooperativo para dos jugadores está disponible. Aunque los disparos son decididamente el elemento principal del juego aquí, el salto (particularmente el doble salto) debe usarse libremente para navegar al héroe a través de etapas basadas en plataformas, y evitar y matar enemigos (ya que saltar sobre sus cabezas también los elimina).
Hu PGA Tour - PowerGolf 2 - Golfer (Japan)	Power Golf 2: Golfista es un seguimiento de Power Golf. El juego intenta simular de manera realista el golf y contiene muchas características y variables que influyen en el juego. Hay dos modos en el juego: Normal y Torneo. En el modo normal, hasta cuatro jugadores pueden competir entre sí o con el oponente de la computadora en stroke play, match play, driving range y putting green. Los campos de golf japoneses reales están disponibles para su selección, con fotos digitalizadas y presentaciones. El jugador puede seleccionar controlar a los golfistas japoneses y elegir entre una variedad de palos, así como influir manualmente en el tiro, controlar la fuerza, el ángulo y la parte exacta de la pelota que el jugador desea golpear.
Human Sports Festival (Japan)	Human Sports Festival es una compilación que contiene tres juegos deportivos inéditos: Fine Shot Golf es un juego de golf para hasta cuatro jugadores con un modo de exhibición, torneo y práctica. Es posible elegir los tipos de palos y (en el modo de práctica) el campo de golf. El juego se juega desde una perspectiva en primera persona y requiere que el jugador detenga una barra en movimiento en el momento correcto para regular la fuerza del corto. Formation Soccer: Human Cup '92 es un juego de fútbol de arriba hacia abajo que le permite al jugador elegir un equipo internacional entre varios disponibles en Europa y América. La formación y el comportamiento del portero pueden ser personalizados; sin embargo, no hay una gestión detallada del jugador presente. El modo de campeonato permite que uno o dos jugadores compitan contra la computadora.
Hyaku Monogatari - Honto ni Atta Kowai Hanashi (Japan)	Videojuego homenaje al juego de salón Hyaku Monogatari Kaidankai, que fue popular durante el período Edo (17 a mediados del siglo XIX) en Japón. El juego consistía en reunirse por la noche, encender cien velas y contar historias de terror, apagar las velas una por una hasta que la habitación se oscureciera por completo. El juego contiene cien historias de terror contadas de forma lineal a través de texto, fotos digitalizadas y efectos de sonido. La mayoría de las historias son muy cortas y no interactivas. Las excepciones generalmente implican elecciones visuales de ubicaciones o respuestas a situaciones, que a veces afectan la conclusión de la historia. Un episodio recurrente implica visitar varios lugares en el área de Tokio y revisar casos criminales e historias de fantasmas.
Hyper Dyne - SideArms Special (Japan)	Videojuego en el que manejamos a un robot que viaja por el espacio disparando sus enemigos.
Hyper Wars (Japan) (SAAS)	Después de que los humanos se aventuraron al espacio exterior, comenzaron a construir colonias allí. Se hizo cada vez más difícil mantenerlos, y se inventaron robots especiales conocidos como &quot;Bidroids&quot; para hacer el trabajo duro. Sin embargo, las colonias comenzaron a librarse la guerra entre sí, y los bidroides se utilizaron con fines militares. Cuando finalmente se logró la paz, los líderes decidieron que los Bidroids podrían continuar funcionando como máquinas de combate, pero en campeonatos amistosos en lugar de guerras mortales. Hyper Wars es principalmente una simulación gerencial; El combate de robots en sí mismo se calcula en función de cómo el jugador creó y mantuvo sus robots. El jugador controla al gerente de un equipo que compite en una liga, completo con horarios, estadios, etc. El jugador recibe un presupuesto inicial con el que puede crear los primeros modelos de robot y entrenarlos.
Iga Ninden Gaiou (Japan)	Iga Ninden Gaiou es un juego de acción de Nichibutsu donde el jugador toma el control de un Samurai / Ninja que debe rescatar a su encantadora novia. El juego tiene lugar en el antiguo Japón, donde las peleas de espada se encuentran con la magia mística y los demonios ... pero no solo en las etapas posteriores, incluso transportan al jugador a mundos y ciudades futuristas. El personaje principal usa su espada la mayor parte del tiempo para derrotar a sus enemigos. Pero también puede cargar y lanzar cuchillos. RUN también puede lanzar un ataque místico. Pero utilícelos sabiamente, ya que solo están disponibles en cantidades limitadas. Como se esperaba en este tipo de juego, un jefe te espera al final de cada etapa y desbloquea nuevos poderes y armas cuando es derrotado.
ImageFight II - Operation Deepstriker (Japan)	Image Fight II: Operation Deepstriker es una secuela del PC Engine Super CD-ROM exclusivo para Japón. Este juego es una joya perdida de Irem, y realmente ponen amor en este juego. Cuenta con una buena historia, nuevos enemigos, actualizaciones de los pasados y algunos nuevos arsenal. El 18 de julio de 2048. Mariko, la computadora madre en la base lunar, lanzó un grito silencioso y se quedó en silencio. Luego se restableció la paz en la Tierra y la gente intentó reconstruir el planeta devastado. Tres años después, una sonda espacial colocada entre Saturno y Urano detectó el cambio en el espacio profundo por primera vez. En dirección a Sagitarius, surgió un grupo de objetos, deformando el espacio a su alrededor y emitiendo una luz que cambia a azul para introducir el espectro.
In Magical Adventure - Fray CD - Xak Gaiden (Japan)	Esta versión de Fray en Magical Adventure difiere del MSX original y las versiones posteriores de la computadora de varias maneras. Conserva los principales eventos de la historia y la mecánica del juego; A pesar de que tiene gráficos más detallados, todavía se ve muy similar al lanzamiento original para ser calificado como una nueva versión. La principal diferencia está en el diseño de ubicaciones y enemigos. Algunos niveles son completamente diferentes, incluso cuando están compuestos de los mismos elementos. Por ejemplo, se omite el nivel introductorio de la versión original; El nivel posterior tiene un diseño diferente y nuevos enemigos. Hay más cofres del tesoro en los niveles de esta versión, más artículos y más áreas que requieren saltos. Esta versión también tiene diferentes escenas (por ejemplo, la introducción describe algunos de los eventos durante los años de estudio de Fray, que estuvieron ausentes en la versión original).
Inoue Mami - Kono Hoshi ni Tatta Hitori no Kimi (Japan)	Este juego de aventuras presenta a la actriz japonesa Mami Inoue en el papel principal femenino del mismo nombre. El protagonista es un chico de secundaria que primero ve a una chica misteriosa en un sueño, y luego se sorprende mucho al descubrir que esta chica es su nueva compañera de clase. Luego, los dos se conocen y se embarcan en una serie de aventuras que involucran una máquina del tiempo y un viaje al Japón feudal. El juego tiene dibujos animados, aunque no gráficos similares al anime; Se utilizan fotos digitalizadas de Mami Inoue en todas partes. En cuanto a la jugabilidad, es una aventura simple de estilo japonés, con comandos verbales (Look, Talk, Move, etc.) y objetos seleccionados de un menú para avanzar en la trama.
IQ Panic (Japan)	IQ Panic es un juego de preguntas con una historia de fondo. ¿Un demonio ha secuestrado a una niña de una aldea pacífica y los ancianos envían a un niño para traerla de vuelta, derrotando a los secuaces del demonio usando su inteligencia. El juego tiene una estructura pseudo-RPG, con navegación de arriba hacia abajo, supermundo, ciudades, mazmorras, cofres del tesoro, &quot;batallas&quot; al azar y con jefes, etc. Sin embargo, los elementos RPG reales son muy ligeros en el juego: no hay nivelación , y la salud del protagonista aumenta automáticamente después de un encuentro con el jefe dictado por la trama. El núcleo del juego son las &quot;batallas&quot; de trivia contra personajes que aparecen al azar. Cada &quot;enemigo&quot; le hará una pregunta al héroe en una variedad de temas (idioma inglés, geografía, cultura popular, etc.). Responder la pregunta correctamente dentro del límite de tiempo &quot;matará&quot; al enemigo, mientras que dar una respuesta incorrecta reducirá el HP del héroe en un punto.
It Came from the Desert (USA)	It Came from the Desert es una nueva versión del juego original de Amiga de 1989 del mismo nombre, pero con una gran cantidad de cambios y mejoras. La configuración básica se mantuvo idéntica. Es una mezcla de elementos de acción y aventura, en gran parte inspirada en las películas B de culto y terror de los años 50 y 60, y la película de 1954 Them en particular. El jugador interpreta al Dr. Greg Bradley, un geólogo y el residente más nuevo de la ciudad. Ansioso por satisfacer su mente científica, Bradley se propone examinar el lugar del accidente de un misterioso meteorito, pero lo que encuentra no es en absoluto lo que había estado buscando.
J. B. Harold Murder Club (USA) (En,Ja)	Desde el punto de vista de la jugabilidad, Murder Club es un &quot;cómic digital&quot;. El jugador controla al detective privado J.B. Harold, que debe investigar el asesinato de un rico hombre de negocios llamado Bill Robbins y llevar al asesino ante la justicia. El jugador debe: encontrar pistas, reunir pruebas, interrogar a los sospechosos, establecer el móvil del crimen y, por último, asegurarse de que el caso se sostiene en los tribunales. El núcleo del sistema de juego es un mapa con todos los destinos posibles, a los que se van añadiendo otros nuevos a medida que avanza la investigación. En cada uno de estos lugares suele haber una o varias personas, a las que puedes interrogar a tu antojo a través de sobrios y eficaces menús de texto. Si ciertas declaraciones le parecen sospechosas, es libre de pedir a su superior una orden para registrar el local y recoger cualquier prueba.
J. B. Harold Series 1 - Murder Club (Japan)	Desde el punto de vista de la jugabilidad, Murder Club es un &quot;cómic digital&quot;. El jugador controla al detective privado J.B. Harold, que debe investigar el asesinato de un rico hombre de negocios llamado Bill Robbins y llevar al asesino ante la justicia. El jugador debe: encontrar pistas, reunir pruebas, interrogar a los sospechosos, establecer el móvil del crimen y, por último, asegurarse de que el caso se sostiene en los tribunales. El núcleo del sistema de juego es un mapa con todos los destinos posibles, a los que se van añadiendo otros nuevos a medida que avanza la investigación. En cada uno de estos lugares suele haber una o varias personas, a las que puedes interrogar a tu antojo a través de sobrios y eficaces menús de texto. Si ciertas declaraciones le parecen sospechosas, es libre de pedir a su superior una orden para registrar el local y recoger cualquier prueba.
J.League Tremendous Soccer '94 (Japan)	Tremendous Soccer '94 es un juego de fútbol (fútbol) con jugadores y equipos con licencia de la liga de fútbol japonesa (J.League). Hay cinco modos en el juego: Pretemporada (un solo juego entre dos equipos de la liga), Campeonato (un modo de temporada), Copa (la copa de fútbol japonesa con rondas de eliminación), All-Star (compiten los equipos Oeste y Este en un partido) y PK Battle (penaltis entre equipos). El jugador puede regular la fuerza de la IA de la computadora y la duración de un juego, así como sustituir jugadores y cambiar formaciones tácticas. La jugabilidad es similar a la de otros juegos de fútbol de arriba hacia abajo de la época, con controles simples y movimientos automáticos realizados por jugadores según la situación.
Jack Nicklaus Turbo Golf (USA)	Es un simulador de golf en 3D con un campo de 18 hoyos creados por el propio Jack Nicklaus. Cada uno de los 18 hoyos de golf son famosos en todo el mundo e incluyen el número 8 en Pebble Beach, el número 18 de Muirfield, el número 12 de St. Andrews, el número 12 de Augusta, el número 10 en la Riviera, y mucho más. El juego es de uno a cuatro jugadores y puede ser o bien el juego por golpes o un juego de habilidades.
Jack Nicklaus' World Tour Golf - 162 Holes (Japan)	Es un simulador de golf en 3D con un campo de 18 hoyos creados por el propio Jack Nicklaus. Cada uno de los 18 hoyos de golf son famosos en todo el mundo e incluyen el número 8 en Pebble Beach, el número 18 de Muirfield, el número 12 de St. Andrews, el número 12 de Augusta, el número 10 en la Riviera, y mucho más. El juego es de uno a cuatro jugadores y puede ser o bien el juego por golpes o un juego de habilidades.
Jantei Monogatari (Japan)	Una hija de la silla de una escuela secundaria local, ¿Y? ¿Honj ?, ha sido secuestrado por alguien desconocido. Incapaz de ir a la policía, la hermana de la niña, Mai, contrata a un investigador privado para averiguar qué le sucedió. La única evidencia es una fotografía de la noche de la desaparición de Y, donde la niña desaparecida y otros tres estudiantes de la misma escuela están jugando un juego de mahjong. Jantei Monogatari es un híbrido de un juego de aventuras japonés de estilo tradicional y un juego de mahjong regular. El jugador toma el papel del investigador privado sin nombre y se mueve de un lugar a otro a través de menús, hablando con diferentes personajes. La investigación sucede jugando mahjong con cada sospechoso: gana y te contarán un poco más de lo que saben. Al principio, el investigador solo puede hablar con las tres chicas en la foto, pero a medida que gana juegos de mahjong contra ellas, obtiene información y experiencia que le permiten encontrar nuevas pistas y hablar con más sospechosos.
Jantei Monogatari 2 - Uchuu Tantei Diban - Kanketsu-hen (Japan)	Una secuela directa de Jantei Monogatari 2: Uch? Tantei Divan - Shutsud? - entonces, el juego continúa la trama general, siguiendo los eventos del juego anterior. El malvado alienígena Dora y sus sexys secuaces demoníacas están descendiendo en la Tierra, enviando a sus subordinados para detener a Divan y Marie. Divan debe usar sus habilidades de transformación de robots para derrotarlos, lo que solo se puede hacer cuando se juega mahjong.
Jantei Monogatari 2 - Uchuu Tantei Diban - Shutsudou-hen (Japan)	Jantei Monogatari 2 - Uchuu Tantei Diban - Shutsudou-hen es una continuación de Jantei Monogatari, aunque difícilmente puede considerarse una secuela verdadera debido a su entorno y temas completamente nuevos. Ambientado en un entorno de ciencia ficción, el juego pone al jugador en el papel de Divan, un joven que posee la capacidad de transformarse en un poderoso ser sobrenatural, y las autoridades militares le confían la protección de la Tierra contra un ataque demoníaco alienígena. Esto solo se puede hacer derrotando a los malvados secuaces en los juegos de mahjong. Aunque presenta elementos de un juego de aventuras de estilo japonés (comandos verbales que deben seleccionarse de un menú para activar la siguiente escena), el juego se centra en partidos de mahjong contra oponentes, que ocurren según lo dicta la trama. El juego usa reglas estándar de mahjong, con la excepción de los poderes de bonificación que se pueden adquirir por puntos distribuidos después de cada ronda y utilizados en partidos posteriores.
Jantei Monogatari 3 - Saver Angels (Japan)	Los eventos de Saver Angels tienen lugar después de los descritos en la entrega anterior de la serie, cuando la paz en la Tierra ya ha sido restaurada gracias a los esfuerzos de Divan y Marie. Tres espíritus cósmicos han perdido su camino en el espacio y tienen que descender a la Tierra, tomando forma corpórea. Entran en los cuerpos de tres mujeres jóvenes que murieron recientemente: una en un accidente de tráfico, otra por enfermedad y la tercera, una niña de diez años, después de suicidarse. Los tres eran ávidos jugadores de mahjong, y los tres ahora están revividos y dotados de misteriosos poderes de mahjong. Se abre una Academia Mahjong especial, y Saver Angels (como el grupo comienza a llamarse a sí mismo) está listo para derrotar a cualquier alienígena y demonio en ese antiguo juego chino.
Jim Power in Mutant Planet (Japan)	Jim Power fue un héroe que un día, mientras viajaba por el bosque, se encontró con una grieta dimensional en un mundo nuevo y extraño. Afortunadamente, Jim siempre viaja armado y ahora tendrá que abrirse paso entre varios monstruos en una fortaleza monstruosa para encontrar el camino de regreso a casa. Jim Power es un juego de plataformas de desplazamiento lateral, un juego de disparos de desplazamiento lateral y un juego de disparos con vista superior según el nivel. Jim Power en su mayor parte puede saltar y tiene un arma de arma actualizable. Debe encontrar enemigos de lucha, jefes y obtener varias claves para avanzar en los niveles. Jim también tiene un ataque de poder &quot;Bomba inteligente&quot; que puede limpiar la pantalla de enemigos. En los niveles de disparos, la nave espacial de Jim solo tiene la capacidad de disparar y moverse por la pantalla evitando obstáculos.
John Madden Duo CD Football (USA) (RE)	Es el primer y único juego de Madden que aparece en TurboGrafx y cuenta con los modos de juego estándar, como la exhibición y la temporada, así como con vídeos de jugadas, aficionados y muchos otros eventos importantes que tienen lugar dentro y fuera del campo. También cuenta con voces digitalizadas de los quarterbacks, árbitros y aficionados, pero la más importante es el tocayo del partido, John Madden, que presta su talento de voz para el juego.
Juuouki (Japan) (Rev 4)	Introducete en el tiempo en que los hombres eran guerreros y los Dioses regían el mundo. Eran tiempos del bien contra el mal, un lugar de peligro constante. Con las órdenes de Zeus para rescatar a Atena, te infiltraras en el Mundo de las Tinieblas con el poder de transformarte en criaturas míticas con fuerzas sobrenaturales.
Kabuki Ittouryoudan (Japan) (FAAT)	El último juego estampado &quot;Tengai Makyo&quot; en PC-Engine resulta ser un juego de lucha. Tengai Makyo Kabuki Itouryodan es como un enésimo clon de Street Fighter, la llave roja y más. Puedes elegir entre ocho personajes, todos de la saga Tengai Makyo (más a menudo Kabuki Den): Kabuki Danjuro, Okuni, Push, Zeami, Kikugoro, Manto-X, Mikoshi y Jingoro. En términos de opciones, no puede ser más clásico ya que la única pequeña originalidad (y de nuevo ...) es la Supervivencia. En modo solitario, la aventura termina con dos jefes, Garp y Anc, de los cuales solo el primero se puede jugar con un truco (los que lo hayan seguido habrán entendido que existe, en todos y para todos , nueve luchadores jugables). Es más a nivel de realización que Kabuki Itouryodan es asombroso.
Kagami no Kuni no Legend (Japan)	El protagonista del juego estaba viendo una actuación de la cantante japonesa Noriko Sakai (NORI-P) en la televisión. De repente, el cantante fue atrapado en un torbellino y desapareció. El héroe la siguió valientemente a una dimensión alternativa mágica, pero terminó en un bosque, incapaz de encontrarla. Ahora debe encontrar a NORI-P y derrotar a un mago malvado en el proceso.
Kaizou Choujin Shubibinman 3 - Ikai no Princess (Japan)	Tercer juego de la serie de plataformas de acción Shubibinman. Cyborgs Tasuke y Kyapiko se han tomado unas vacaciones de todos sus ataques con robots cuando reciben una súplica de ayuda de la princesa de un mundo alienígena, naturalmente nuestros héroes aceptan y hacen el viaje al espacio exterior, donde esperan más aventuras de ataques con robots. El juego se juega como un desplazamiento lateral de acción estándar en el que debes despejar cada etapa de todos los enemigos usando tus ataques y llegar al jefe de nivel final, patear su trasero metálico y avanzar a la siguiente etapa. Tienes a tu disposición una espada de energía y una pequeña colección de ataques a distancia para lidiar con tus enemigos, y entre ciertas etapas puedes jugar secuencias de disparos para condimentar las cosas.
Kakutou Haou Densetsu - Algunos (Japan)	Es un juego de lucha. No tiene una historia desarrollada; más bien, cuenta historias de fondo de los diez luchadores que el jugador puede controlar en el juego: Jenius, Asasin, Arcer (sic para los tres), Samohan, Greeze, Orga, Lobo, Blocken, Jyobei ??y Daibuster. La única vez que se cuenta la historia de fondo es cuando el jugador selecciona un luchador en el modo historia. Por lo general, los cinco luchadores &quot;buenos&quot; tienen que enfrentarse a los cinco &quot;malos&quot; uno tras otro (cada uno en un orden diferente) si se seleccionan en el modo historia. Aunque la introducción del juego dice que se trata menos de quién es bueno y quién es malo, y más acerca de quién es el mejor luchador ...
Kawa no Nushitsuri - Shizen-ha (Japan)	Juego de rol de pesca.
Kaze Kiri - Ninja Action (Japan)	La princesa Shizuhime ha sido secuestrada por un grupo de ninjas bajo el mando de Genbu, y llevada al castillo del malévolo Lord Hiei. El joven y valiente ninja Kaze es convocado por Lord Yoshikage y enviado a una peligrosa misión: infiltrarse en el castillo de Hiei, derrotar a sus secuaces y rescatar a Shizuhime.
Kaze no Densetsu Xanadu (Japan) (Demo)	En Legend of Xanadu, el jugador controla a un joven aventurero llamado Areios. Los monstruos atacan su tierra natal, y se ve obligado a huir. Después de viajar en barco y llegar a la ciudad de Bolda, Areios descubre que han sucedido cosas extrañas en la Cueva del Norte, cerca de la ciudad. Su primera misión será aventurarse a la Cueva del Norte e investigar el asunto. Por supuesto, ¡pronto Areios se ve involucrado en una batalla contra fuerzas siniestras, y comienza la aventura más larga y peligrosa de su vida!
Kiaidan 00 (Japan)	En el siglo XXI, Tokio fue repentinamente atacado por fuerzas combinadas de razas alienígenas robóticas y orgánicas. Se construyó una nave especial de combate mecha gigante para evitar la amenaza. Un joven piloto es enviado a la misión más peligrosa de su vida.
Kick Boxing, The (Japan)	Avalada por André Panza, esta adaptación de videojuego de kick boxing tailandés presenta más de 35 movimientos. Usa el gimnasio de entrenamiento para desarrollar las habilidades de tu personaje hasta que te sientas listo para enfrentarte a un oponente. También tienes la capacidad de personalizar tus ataques. Cuando estés listo, ve al ring para enfrentarte a varios oponentes mientras intentas convertirte en el mejor kick boxer del juego.
Kisou Louga (Japan) (FABT)	Un demonio malvado ha surgido de las ruinas de un templo sagrado. Una joven llamada Erena es perseguida por el militante Imperio Hielun, que sigue su propia agenda y está convencida de que Erena tiene una conexión misteriosa con los poderes del demonio. Sin embargo, un caballero llamado Vaice y sus amigos salvan a Erena y se preparan para defenderla, involucrándose gradualmente en un conflicto armado a gran escala.
Kisou Louga II - The Ends of Shangrila (Japan)	Louga Vaice se dirige a Distoria, su país de origen, cuando ve a un grupo de bandidos profanando un templo. Poco después se encuentra con una joven llamada Tifire, que se describe a sí misma como una compañera Guardiana. Vaice y sus amigos pronto provocan la ira de un imperio poderoso y tienen que luchar por sus vidas y el destino de lo que aprecian.
KO Seiki Beast Sanjuushi - Gaia Fukkatsu - Kanketsu-hen (Japan)	Este lanzamiento recorre una delgada línea entre una versión actualizada y un remake completo de KO Seiki Beast Sanj? Shi: Gaia no Fukkatsu. El juego sigue la misma historia en su mayor parte, y contiene las escenas cortadas de la versión original. Como la mayoría de los juegos de CD de PC Engine (TurboGrafx), presenta la actuación de voz durante escenas cortadas y pistas de audio de CD.
Kuusou Kagaku Sekai Gulliver Boy (Japan)	El juego está basado en el anime Gulliver Boy, creado por Teruhisa Hiroi. Gulliver es un joven que estudia magia en una escuela en un pequeño pueblo de Italia, pero está aburrido con los estudios y anhela la aventura. Después de obtener su diploma mágico, va a Venecia para reunirse con sus mejores amigos: la niña Misty, que tiene poderes curativos, y el genial inventor Edison. Juntos, deben detener la trama de la corona española para dominar el mundo.
L-Dis (Japan)	Un día, durante un receso escolar, un niño y una niña se encontraron en el patio y comenzaron a dibujar monstruos y dispositivos mecánicos en la pared. De repente, apareció un misterioso recipiente y se tragó a la niña. Todas las criaturas dibujadas por los niños cobraron vida, pero también lo hizo un pequeño avión de combate, que el niño aborda de inmediato y sube hacia los cielos, buscando a la niña. L-DIS es un shoot-em-up de desplazamiento horizontal con imágenes de dibujos animados y connotaciones humorísticas. El jugador puede elegir entre tres configuraciones de armas diferentes al principio. Los power-ups se obtienen disparando pequeñas criaturas amarillas aladas encontradas en las etapas. Estos potenciadores cambian rápidamente las propiedades y pueden mejorar la fuerza del arma principal, agregar una secundaria u otorgar al protagonista escudos protectores o bombas que puedan eliminar a todos los enemigos en la pantalla.
Lady Phantom (Japan) (FABT)	En una galaxia llamada Urora, dos sistemas estelares participaron en una guerra prolongada por el dominio: la federación de Soron y el Imperio Vado. Se firmó un tratado de paz entre ellos; pero los gobiernos de ambos lados sabían que tarde o temprano habrá guerra nuevamente. Los científicos de Soron desarrollaron una técnica muy avanzada, que infunde a los organismos humanos poderes espirituales. Cinco señoritas, bajo el mando de Jennifer Sylkis, fueron imbuidas de este aumento, lo que les permitió pilotar robots de combate gigantes. Pronto comenzará la lucha por la supremacía galáctica ... Lady Phantom es un juego de estrategia por turnos. El juego consiste en misiones lineales, que llevan al jugador a grandes batallas estratégicas; el objetivo generalmente es eliminar todas las unidades enemigas, aunque también están presentes los objetivos de la misión, como alcanzar un área determinada o evitar que un personaje clave sea asesinado.
Langrisser - Hikari no Matsuei (Japan)	Warsong es el único título de una serie de juegos de estrategia, conocidos como Langrisser en Japón, que haya visto un lanzamiento oficial fuera de Japón. Se desarrolla en un entorno típico de fantasía medieval y presenta un combate tradicional por turnos. El jugador controla a varios generales que pueden comandar hasta ocho unidades diferentes, desde soldados y arqueros ordinarios hasta criaturas más exóticas como mermen o lagartos. Los generales luchan junto a sus unidades, sin embargo, son mucho más poderosos y pueden usar comandos más diversos que simplemente moviéndose y atacando, como recuperar una pequeña cantidad de HP o lanzar hechizos. Cada unidad tiene ciertas fortalezas y debilidades; por ejemplo, los soldados son buenos contra los arqueros pero débiles contra la caballería, etc. El combate también está fuertemente influenciado por los tipos de terreno.
Laplace no Ma (Japan)	La ciudad de Newcam, Massachusetts, 1924. En las afueras de la ciudad se encuentra la mansión Weathertop. Era un lugar normal hasta que el último propietario, Benedict Weathertop, comenzó a practicar magia negra. Mató a sus padres y pobló la mansión con todo tipo de muertos vivientes. Desde entonces, nadie se atrevió a acercarse a la mansión. Pero hace poco tiempo, dos niños fueron encontrados muertos cerca de este horrible lugar. Aparentemente, los chicos habían intentado entrar a la mansión. Laplace no Ma (Devil of Laplace) es un juego de rol de estilo japonés con elementos de terror, algo similar a Sweet Home para NES. A diferencia de Sweet Home, este juego está más orientado al juego de rol. No estás atrapado en la mansión, pero puedes dejarla, visitar la ciudad y comprar suministros. Más tarde, también visita otros lugares, como un castillo, etc. Las batallas son aleatorias, por turnos y se ven desde la perspectiva de primera persona.
Laser Soft Visual Collection Vol. 1 - Cosmic Fantasy Visual-shuu (Japan)	Una colección de escenas visuales de Valis II, III y IV para quienes consideran que jugar es una experiencia demasiado interactiva.
Laser Soft Visual Collection Vol. 2 - Valis Visual-shuu (Japan)	Una colección de escenas visuales de Valis II, III y IV para quienes consideran que jugar es una experiencia demasiado interactiva.
Last Alert (USA)	La historia del juego, como Strike Commando y las innumerables películas de acción de Z que lo inspiraron, es un pastiche de cada cliché de películas de los setenta y ochenta. Guy Kazama es el mejor comando del país. Él debe emprender una misión para destruir el proyecto de la fuerza, una coalición de cuatro directos a los villanos video de la película de acción inclinados en la conquista del mundo. Tenemos el coronel Kadat, el señor Lee de la mafia de Hong Kong, el presidente Steve y finalmente el físico ruso García. El Dr. García destaca más como inexplicablemente tiene orejas puntiagudas y largos cabellos plateados de plata como un elfo de El Señor de los Anillos, mientras que también tiene un brazo cibernético justo fuera de The Terminator.
Last Armageddon (Japan) (Rev 5)	Last Armageddon se puede describir como un Final Fantasy post-apocalíptico. En lugar de un grupo de cuatro guerreros ligeros que luchan contra hordas de demonios, tienes un grupo de cuatro demonios que luchan ... no, no hordas de guerreros ligeros, sino misteriosos extraterrestres como robots. Las peleas por turnos se ven desde una perspectiva en tercera persona y son muy similares a las batallas de las primeras Fantasías finales de NES. Los demonios pueden atacar, lanzar magia ofensiva y defensiva, y usar habilidades especiales. Una vez que alcanzan un nivel lo suficientemente alto, se transforman en formas más fuertes con habilidades más poderosas.
Legend of Xanadu - Kaze no Densetsu Xanadu (Japan)	En Legend of Xanadu, el jugador controla a un joven aventurero llamado Areios. Los monstruos atacan su tierra natal, y se ve obligado a huir. Después de viajar en barco y llegar a la ciudad de Bolda, Areios descubre que han sucedido cosas extrañas en la Cueva del Norte, cerca de la ciudad. Su primera misión será aventurarse a la Cueva del Norte e investigar el asunto. Por supuesto, ¡pronto Areios se ve involucrado en una batalla contra fuerzas siniestras, y comienza la aventura más larga y peligrosa de su vida!
Legend of Xanadu - Kaze no Densetsu Xanadu II (Japan)	Continúa la historia del primer juego. Una vez más, el jugador controla al aventurero Areios, quien salió victorioso después de la batalla final al final del primer juego. Junto con su amigo Daimos, Areios está buscando a su otro amigo, que ha desaparecido. En el camino, su nave es atacada por los malvados Dragon Riders. Parece que la búsqueda no será tan fácil como pensaban, ya que Areios se involucra nuevamente en una aventura peligrosa. La secuela es muy similar al primer juego en cuanto a jugabilidad. El jugador explora ciudades, vastas áreas al aire libre y mazmorras, enfrentándose a enemigos en combate en tiempo real.
Legion (Japan) (Rev 4)	Legion es un shoot-em-up de desplazamiento horizontal. El jugador controla a un piloto de combate que defiende un Imperio futurista sin nombre de un asalto de criaturas mecánicas. A pesar del lanzamiento exclusivamente japonés del juego, el protagonista ofrece monólogos en inglés, reflexionando sobre su misión, al comienzo de cada etapa. El juego tiene un sistema de encendido tradicional con un arma básica que cambia su color rápidamente cuando se revela (rojo para pistola vulcan, verde para láser, azul para misiles), así como una variedad de letras coleccionables que mejoran la fuerza de el arma con disparos adicionales, agregue un arma secundaria (como bombas) o proporcione al barco un escudo protector. Además, se puede ejecutar un poderoso ataque en toda la pantalla presionando el segundo botón de acción. En varios puntos durante el juego, el jugador puede elegir la siguiente etapa entre dos disponibles.
Lemmings (Japan)	Su tarea es rescatar a los Lemmings en 120 niveles de rompecabezas de ritmo rápido. Estas criaturas simplemente caminan ciegamente por el mundo con la esperanza de alcanzar la seguridad al final del nivel; desafortunadamente, estos niveles incluyen fuertes caídas, brechas en el suelo, barreras y ríos, entre otros peligros. Usted no tiene el control de ningún Lemming individual, sino de una cruz que se puede mover sobre cualquiera de los Lemmings. A lo largo de la parte inferior hay una selección de funciones que se pueden asignar a un Lemming, como escalar, flotar y golpear. Debe hacer clic para seleccionar la función apropiada, luego hacer clic en el Lemming para activarlo. Cada nivel tiene una gama diferente de habilidades que se ofrecen, una cantidad diferente de Lemmings y un objetivo de porcentaje diferente para progresar.
Linda^3 (Japan) (Rev 1)	Un asteroide se está acercando al planeta Neo Kenia. Los científicos advierten que el planeta podría ser completamente aniquilado por él. En un giro inesperado de los acontecimientos, una deidad conocida como Anubis habló con la gente y les pidió que salvaran a los animales del planeta antes de que los asteroides lo golpearan. Anubis envió a los humanos una gran nave, una versión ampliada del Arca de Noé, y exigió que un hombre y una mujer dedicaran su tiempo a salvar a los animales. Se ha asignado un equipo especial completo al proyecto. Ken es uno de los miembros más jóvenes del equipo, y es enviado a la gran misión de salvar a los animales, junto con su amor de la infancia, la encantadora Linda. Esta premisa algo inusual se tradujo en la mecánica del juego. Aunque Linda³ es, ante todo, un juego de rol de estilo japonés, con un &quot;mapa mundial&quot; de arriba hacia abajo, ciudades, combate por turnos, nivelación simple, enfoque en la narrativa y los personajes, etc., también tiene características de juego raramente vistas entre juegos de su genero.
Loom (USA)	Loom (Telar en español) fue el cuarto juego en usar el lenguaje de script SCUMM. El juego sigue a Bobbin Threadbare mientras aprende a usar sus poderes a través de su bastón mágico y salva al mundo del Señor del Caos, que estaba desenredando el Telar (la fuente de poder para los miembros del gremio de tejedores). Loom es un juego de aventuras que se distingue de otros títulos en el género a través de su sistema de juego único: el personaje del jugador no transporta objetos, sino que los manipula mediante el uso de hechizos. Los hechizos se tejen tocando notas en un bastón mágico. Todos los acertijos del juego se resuelven aprendiendo y aplicando correctamente estos hechizos.
Lord of Wars (Japan)	Lord of Wars es un juego de estrategia de tanques por turnos. El jugador puede elegir entre un escenario y un modo de entrenamiento. Es posible seleccionar comandantes y tipos de unidades; en el modo de entrenamiento, el jugador también puede elegir entre tres tipos de mapas diferentes, mientras que en el modo de escenario, el ejército controlado por el jugador avanza en un mapa dado de forma semi-lineal, cada ubicación representada como una bandera, con el objetivo de conquistar todo zona. Todas las unidades en el juego son tanques de varios tipos. El jugador puede personalizarlos y asignar tácticas generales con respecto a su avance y comportamiento de batalla. Cuando un tanque controlado por un jugador y un tanque enemigo se encuentran en casillas adyacentes en el campo de batalla, se produce una batalla automática, los resultados se calculan de acuerdo con las estadísticas del tanque.
Lords of the Rising Sun (USA)	Combate la épica guerra Gempei del antiguo Japón en un juego que ofrece una mezcla única de estrategia militar, secuencias de acción atractivas y juegos de rol. En una búsqueda heroica para convertirse en Shogun y redimir el honor de la familia, los jugadores deben comandar vastos ejércitos de guerreros samuráis, defenderse contra los asesinos ninja, sitiar las poderosas fortalezas, negociar alianzas y enfrentar a los enemigos en combate personal.
Lords of Thunder (USA)	En la una vez pacífica tierra de Mistral, la leyenda tiene un valiente caballero llamado Drak que ha sellado a un dios malvado llamado Deoric bajo los seis continentes de la tierra. Sin embargo, la paz nunca dura. El Imperio Garuda ha invadido las tierras de Mistral, y los seis generales oscuros, liderados por Sornbul, han conquistado los continentes. La ambición de Sornbul es nada menos que resucitar a Deoric y sumir la tierra en el caos. Duran, descendiente de Drak, es el único que puede detener el plan loco del Imperio Garuda, y con el poder de las armaduras místicas de Drak, se dirige a detener Sornbul a cualquier precio.
Mad Stalker - Full Metal Force (Japan)	Mad Stalker: Full Metal Force es un videojuego japonés beat 'em up originalmente producido por Fill-in-Cafe y publicado y distribuido por FamilySoft para Sharp X68000. La música fue compuesta por Keishi Yonao.
Madou Monogatari I - Honoo no Sotsuenji (Japan)	En este juego, juegas con una joven aprendiz de bruja llamada Arle. Ella estudia en una escuela de magia y está a punto de realizar su examen más importante: ¡ve a la Torre de Satanás, derrota a los enemigos y supera todos los obstáculos en el camino usando su poder mágico! ¿Enojado? Monogatari I es un juego de rol. Con personajes de los juegos de Puyo Puyo, se desarrolla en una mazmorra 3D que exploras desde la perspectiva de primera persona. El combate tiene lugar en una pantalla de desplazamiento lateral y es una mezcla de estilos por turnos y en tiempo real. Los enemigos te atacan incluso si esperas, pero tienes tiempo para realizar tus movimientos. Debes mantener presionados los botones y presionar las flechas de dirección para ejecutar varios hechizos mágicos.
Magical Dinosaur Tour (USA)	El Magical Dinosaur Tour es una extensa base de datos de dinosaurios. Se puede acceder a varios modos desde el menú principal, la mayoría de los cuales conducen a presentaciones visuales y descripciones de varios dinosaurios. Se puede acceder a los datos individuales de dinosaurios visualizando períodos geológicos y áreas geográficas (por ejemplo, China del período Cretácico) y seleccionando dinosaurios que aparecen en la pantalla; navegar por una lista de dinosaurios alfabéticamente; viendo un árbol genealógico; y finalmente viendo dinosaurios por filo y familia. La mayoría de las áreas se pueden desplazar hacia los lados y algunos de los dinosaurios se presentan con voces en off. También hay una sección de variedades que permite ver varios registros y especificaciones relacionadas con los dinosaurios (como los dinosaurios más altos, los habitantes de áreas frías, etc.). Otra sección está dedicada a secuencias animadas que representan varios lugares y dinosaurios.
Magical Saurus Tour (Japan)	El Magical Dinosaur Tour es una extensa base de datos de dinosaurios. Se puede acceder a varios modos desde el menú principal, la mayoría de los cuales conducen a presentaciones visuales y descripciones de varios dinosaurios. Se puede acceder a los datos individuales de dinosaurios visualizando períodos geológicos y áreas geográficas (por ejemplo, China del período Cretácico) y seleccionando dinosaurios que aparecen en la pantalla; navegar por una lista de dinosaurios alfabéticamente; viendo un árbol genealógico; y finalmente viendo dinosaurios por filo y familia. La mayoría de las áreas se pueden desplazar hacia los lados y algunos de los dinosaurios se presentan con voces en off. También hay una sección de variedades que permite ver varios registros y especificaciones relacionadas con los dinosaurios (como los dinosaurios más altos, los habitantes de áreas frías, etc.). Otra sección está dedicada a secuencias animadas que representan varios lugares y dinosaurios.
Magicoal (Japan)	El niño Rhun y la niña Melvy viven en un tranquilo pueblo del bosque, ambos estudiando el arte de la magia. Disfrutan de una vida tranquila, aprendiendo los secretos de los espíritus y las criaturas mágicas que pueblan el área. Pero en una fatídica noche, todo cambia. Una horda de duendes invade el pueblo, quemándolo. ¡Y parece que la iglesia local está en cohortes con un poderoso demonio empeñado en la destrucción! Antes de que los héroes puedan darse cuenta de lo que está sucediendo, se ven obligados a escapar al bosque, con solo sus poderes mágicos a su lado ... Magicoal es un &quot;pseudo-RPG&quot;, es decir, una aventura de acción con algunos elementos menores de RPG (dinero, artículos, etc.), pero sin un sistema de experiencia de ningún tipo. Se puede jugar en modo cooperativo para dos jugadores, controlando a Rhun y Melvy, o como un juego para un solo jugador, eligiendo uno de ellos y dejando que la IA de la computadora controle al otro. El jugador (s) puede cambiar entre los dos en cualquier momento.
Mahjong Clinic Special (Japan)	El jugador controla al director de una escuela que lleva a las estudiantes al hospital para hacer algunas pruebas. El jugador puede seleccionar varias habitaciones de hospital en un mapa; viajar a estos lugares desencadena conversaciones cortas, que invariablemente conducen a juegos de mahjong contra enfermeras, colegialas, pacientes, etc. Hay disponible un modo de juego separado, que permite al jugador competir directamente en mahjong contra oponentes desde el modo historia.
Mahjong Lemon Angel (Japan)	Mahjong Lemon Angel es un juego de mahjong disfrazado de romance de secundaria. El jugador toma el papel de un estudiante de intercambio masculino que está decidido a encontrar una novia, poniendo fin a sus sentimientos solitarios en la nueva ciudad. Los tres intereses amorosos en el juego son Tomo, Erika y Miki, personajes de la serie de televisión Lemon Angel, que se basan en personas reales. El jugador puede elegir jugar en el modo historia (cada chica tiene una historia separada) o competir contra cualquiera de las tres chicas en mahjong directamente desde el menú principal.
Mahjong on the Beach (Japan)	En Mahjong on the Beach, el jugador controla a un joven en una gran ciudad costera, que se encuentra con varias mujeres jóvenes con poca ropa y juega mahjong con ellas. El personaje del jugador se puede navegar en un mapa de arriba hacia abajo, accediendo a ubicaciones que conducen a encuentros semi aleatorios con niñas y juegos de mahjong posteriores. Ganar estos juegos desbloquea nuevas ubicaciones y permite la compra de artículos que se pueden usar durante los encuentros en beneficio del jugador. En el modo versus, el jugador puede competir directamente contra cualquiera de las chicas; sin embargo, este modo contiene solo coincidencias de mahjong, sin ninguna indicación gráfica de a qué oponente se enfrenta el personaje del jugador.
Mahjong Sword - Princess Quest Gaiden (Japan)	Princess Quest: Mahjong Sword es un juego de mahjong de temática medieval e historia. En el continente de los Audores, princesas de varios países y otras damas nobles compiten en el juego de mahjong, tratando de obtener la posesión de la espada sagrada titular. El jugador toma el control de la joven guerrera Rutia, que debe derrotar a cinco oponentes en su camino hacia la gloria. Las partidas de Mahjong siguen el típico esquema uno a uno, pero los resultados se presentan como batallas, con ataques animados y puntos de vida agotados. El dinero obtenido de los juegos ganadores de mahjong se gasta en las tiendas en artículos que luego se pueden usar antes de una partida de mahjong para obtener varios bonos. Los opositores también se desnudan al perder un juego de mahjong. La versión para computadora tiene escenas con desnudos explícitos, así como tortura en esos puntos. La versión en CD de PC Engine (TurboGrafx) solo muestra mujeres con poca ropa, eliminando escenas de desnudos y torturas.
Mahjong Vanilla Syndrome (Japan)	En el Mahjong Vanilla Syndrome, el jugador toma el papel de un joven que encuentra una casita misteriosa, abre la puerta y cae a través de un portal a otra dimensión. Allí, es recibido por una linda niña de orejas de conejo llamada Vanilla (tal vez debería haber sido Bunnyla, pero nunca lo sabremos), quien dice que ella es la guardiana del portal, y si él quiere regresar a casa, él ' ¡Tendrás que derrotarla a ella y a los otros guardianes en el juego de Mahjong! El juego tiene dos modos: modo historia, que pone al jugador contra Vanilla y avanza la historia después de las rondas de mahjong; y el modo de batalla, que permite al jugador elegir entre tres lindas oponentes femeninas, y también cambiar algunas de las reglas del juego.
Makai Eiyuuden - Shape Shifter (Japan)	The Dark Ones han capturado el Anillo de los Cinco y encarcelado a los magos que lo custodian. Un bárbaro llamado Lykos tiene el poder de transformarse en diferentes criaturas. Necesita rescatar a los magos y al Anillo de los Cinco de los Oscuros antes de que invadan su casa, Krellion. Shape Shifter es un juego de acción de desplazamiento lateral con plataformas y elementos ligeros de rol. Gran parte del juego consiste en atravesar áreas hostiles, luchar contra enemigos regulares en el camino y derrotar a los jefes. El área del &quot;centro&quot; del juego es una ciudad donde Lykos puede reponer su salud y comprar cualquiera de las tres armas disponibles (hacha, maza o arco). Estas armas se pueden mejorar encantándolas o recogiendo poderes especiales. Después de que Lykos rescata a un mago, obtiene acceso a un poder de transformación. Las transformaciones requieren gemas especiales y no se pueden realizar si Lykos se queda sin ellas.
Mamono Hunter Youko - Makai kara no Tenkousei (Japan)	Mamono Hunter Youko - Makai Kara No Tenkousei está basada en la serie de anime Devil Hunter Yohko. El anime se centra en Yohko Mano, una estudiante de secundaria japonesa que descubre que ella es la 108th Devil Hunter, destinada a luchar contra seres malvados sobrenaturales de acuerdo con su legado. El juego pone al jugador en el papel de Shoma, un nuevo estudiante de intercambio que conoce a Yohko y su mejor amigo Chikako en su nueva escuela. Milagrosamente, los tres son teletransportados a una dimensión paralela, y el héroe renuente descubre, para su sorpresa, que sus habitantes parecen estar familiarizados con él. El juego se juega como una aventura típica de estilo japonés, con un menú de comandos verbales (Mirar, Hablar, Pensar y Mover) en casi todas las pantallas, algunas de las cuales llevan a listas de objetos. A menudo es necesario pasar por los comandos varias veces para desbloquear uno nuevo o desencadenar eventos. La navegación limitada basada en menús también está presente.
Mamono Hunter Youko - Tooki Yobigoe (Japan)	Tooki Yobigoe es una secuela directa de Mamono Hunter Y? Ko: Makai kara no Tenk? Sei, continuando donde quedó la historia del juego anterior. Yohko, Shoma y Setsuna son atacados por demonios en la nave voladora, y tienen que usar sus poderes encontrados recientemente para defenderse. A diferencia del juego anterior, donde Shoma fue el protagonista, Yohko es el personaje jugador en la secuela. En cuanto a la jugabilidad, el formato de aventura japonesa sin rompecabezas se utiliza aún más. Los comandos verbales deben seleccionarse de un menú y, a veces, combinarse con objetos o nombres de caracteres para la interacción. A menudo es necesario repetir comandos varias veces para activar el próximo evento.
Manhole, The (Japan)	Como Alicia en el país de las maravillas, eres una niña que salta a un mundo mágico lleno de lugares fantásticos y personajes peculiares. El mundo se puede navegar pantalla por pantalla, haciendo clic con el mouse donde quieras ir. Se puede hacer clic en muchos objetos en cada pantalla para encontrar animaciones y sonidos ocultos. Al explorar el mundo completamente abierto, puede escuchar y tener conversaciones educativas con Mr. Rabbit, Mr. Dragon y otros. The Manhole está dirigido a niños y se centra en la exploración y la experimentación. No se puede avanzar, no se puede alcanzar un objetivo y el jugador no puede fallar. El mundo entero es accesible desde el principio. La versión original de Macintosh consta de seis pilas en blanco y negro para el software HyperCard de Macintosh. Los puertos a otros sistemas agregaron gráficos en color.
Martial Champion (Japan)	Martial Champion es un juego de lucha versus similar en concepto a Street Fighter II. Hay diez personajes para elegir, cada uno representando su propio país. El protagonista principal es un artista marcial japonés llamado Jin; otros incluyen a su compatriota Zen, un luchador kabuki; un experto en kung-fu chino y un vampiro de Hong Kong; una princesa egipcia; un luchador de cimitarras de Arabia Saudita; un guerrero keniano que empuña una lanza; un especialista en armas francés; y dos norteamericanos: un soldado parcheado y una rubia luchadora ninja. Hay tres modos en el juego: un modo de torneo, en el que estos personajes compiten entre sí antes de enfrentarse al jefe final; un modo versus; y un modo de lucha grupal, en el que cada jugador selecciona varios luchadores para representar en una serie de batallas uno a uno.
Mashou Denki - La Valeur (Japan)	En este juego, el jugador controla a un espadachín llamado Alan. Un día llega a la aldea de Flodi y descubre que se necesita su ayuda: la hija del anciano de la aldea, Sophia, ha sido secuestrada por monstruos y llevada a la cueva cercana. Naturalmente, rescatar a Sophia es solo la primera búsqueda entre los muchos peligros que le esperan al héroe en su viaje ... La Valeur es un juego de rol que sigue principalmente el formato japonés: el héroe deambula por los lugares de arriba hacia abajo, luchando contra enemigos que aparecen al azar en combates por turnos, ganando dinero y experiencia, subiendo de nivel automáticamente y avanzando la historia de forma lineal. Sin embargo, también hay algunas características menos tradicionales en el juego. Hay tres clases de armas, que se distinguen por el tipo de daño que infligen: cortes, perforaciones y golpes. Los diferentes tipos de enemigos son fuertes / débiles contra diferentes clases de armas.
Master of Monsters (Japan)	Master of Monsters es un juego de estrategia por turnos en el que eliges a uno de los cinco magos diferentes y luchas contra los demás magos por dominar la tierra que se alza sin una regla después de la muerte del maestro mago. Puedes jugar en dos campañas contra la computadora que requieren que derrotes a los magos enemigos en todos los mapas y te permite llevar todas las unidades que han sobrevivido a una batalla a la siguiente. También puedes jugar todos los mapas de forma individual con hasta dos jugadores humanos. En las batallas, puedes convocar a diferentes monstruos y lanzar hechizos. Los monstruos que puedes invocar y los hechizos que puedes usar dependen del hechicero que hayas elegido. Tu objetivo en cada batalla es derrotar a todos los demás magos y así conquistar la tierra (en las campañas solo tienes un número limitado de turnos para hacerlo). Tu mago y tus monstruos ganan experiencia luchando y las habilidades de tus monstruos difieren mucho entre sí.
Mateki Densetsu Astralius (Japan)	Fue solo un concierto de crucero ordinario para los cuatro músicos. El líder de la banda, conocido solo como la Flauta (el jugador lo nombra a él y a los otros héroes antes de que comience el juego), nunca pensó que terminaría de esa manera ... De repente, un tornado envolvió la nave, y el pobre músico encontró él mismo en el mundo mágico poblado por criaturas angelicales y monstruos! Naturalmente, este mundo, llamado Astralio por sus habitantes, necesita salvación. Solo la Flauta Mágica puede evitar una amenaza demoníaca. Aparentemente, nuestro héroe es el único flautista en todas las dimensiones, ya que ahora es su tarea asumir el papel improbable de un noble paladín, encontrar otros músicos que lo ayuden en su búsqueda y mostrar a todos que la música puede, de hecho, salvar el ¡mundo!
Megami Paradise (Japan)	En un país mágico donde solo viven las mujeres, las niñas estudian en una escuela de magia para convertirse en diosas poderosas y benevolentes. Un día, cuatro orbes mágicos cayeron en manos de un estudiante llamado Rin-Rin. La chica torpe logró perderlos a todos, sin comprender a qué podría conducir esto: ¡nadie sabe qué sucederá si los orbes caen en manos equivocadas, las de las diosas oscuras! Ayudado por una pequeña hada llamada Pop, Rin-Rin tiene que reunir a las legendarias diosas y encontrar la manera de recuperar los orbes. Megami Tengoku está basado en un anime del mismo nombre (traducido como Megami Paradise). Se juega como un juego de rol japonés tradicional de arriba hacia abajo con combate por turnos. Rin-Rin usa hechizos mágicos para luchar contra los enemigos. Una característica inusual del juego es la capacidad de cambiarse de ropa y el hecho de que cada vestido cambia la apariencia gráfica del personaje.
Metal Angel (Japan)	Metal Angel es un juego de simulación gerencial que tiene lugar en la sociedad futurista de 2014, donde las batallas entre luchadores con trajes mecanizados se han convertido en un importante evento deportivo. El jugador toma el control de un entrenador que debe entrenar a cinco mujeres jóvenes de diferentes orígenes, todas las cuales aspiran a convertirse en luchadoras profesionales. Las estadísticas del entrenador se generan al responder una serie de preguntas al comienzo del juego. Cada una de las chicas también tiene sus propias estadísticas que deben ser monitoreadas cuidadosamente. Con la excepción de los eventos automatizados, el juego consiste en crear horarios para todas las chicas con una semana de anticipación y luego observar cómo cambian sus atributos. Las actividades incluyen entrenamiento de batalla, gimnasia, correr, descansar, etc. Todas las actividades se muestran como pequeños segmentos animados en la misma pantalla.
Metal Angel 2 (Japan)	El sucesor de Metal Angel es, como su predecesor, una simulación gerencial en la que el personaje jugador entrena a niñas para convertirse en campeonas de un campeonato de lucha donde los participantes se ponen trajes de poder mecanizados. El jugador controla un gerente en lugar de un entrenador en esta entrega y, como resultado, debe vigilar las finanzas. Además, en lugar de entrenar a las cinco chicas del primer juego, las respuestas del jugador a las preguntas formuladas por el asistente al comienzo del juego determinan la elección del aprendiz entre los mismos cinco personajes.
Metamor Jupiter (Japan)	La trama de Metamor Jupiter es simple: una mutación biológica hace que una raza alienígena se extienda por toda la galaxia. Armados con tecnología avanzada, los extraterrestres enviaron sus máquinas y robots para enfrentar a la humanidad en una batalla cósmica. Para contrarrestar eso, los humanos aprovechan la energía cristalina recién descubierta para desplegar una unidad de poderosas naves de combate, que pueden cambiar sus formas en un instante, adaptándose a cada situación. El jugador controla una de esas naves y tiene que volar y disparar a través de niveles de desplazamiento lateral poblados por enemigos regulares, jefes y varios tipos de peligros. Otros luchadores acompañarán a la máquina controlada por el jugador de vez en cuando, pero generalmente no sobreviven al ataque robótico, y el personaje del jugador debe valerse por sí mismo.
Might and Magic (Japan)	Might and Magic Book I en el CD TurboGrafx es un juego de roles en el mundo medieval de Varn, donde uno de los 4 reyes que reinan en el país es un impostor que viene del espacio. Tu objetivo es detener la invasión extraterrestre creando un equipo de 6 personajes que lideres en primera persona. Puede especificar la clase, el género y la edad de sus personajes, pero tenga cuidado con esta última opción, de hecho pueden morir de vejez ...
Might and Magic III - Isles of Terra (USA)	Might and Magic III: Isles of Terra es la continuación de Might and Magic en el CD de TurboGrafx. Tras derrotar a Sheltem en el segundo episodio, el grupo de seis aventureros formado por humanos, enanos, bestias y elfos, tendrá que ayudar a Corak a exterminar a Sheltem de una vez por todas en su propio mundo llamado Terra. El jugador lidera a los seis personajes al mismo tiempo y avanza a través de las mazmorras llenas de rompecabezas e información para recopilar.
Minesweeper (Japan)	Minesweeper es un juego de limpieza de minas, como el que se incluye en cada copia de Microsoft Windows desde la antigüedad. En una cuadrícula, el jugador hace clic en una celda y espera que no esté ocupada con una mina. Si no es así, esa celda se llena con un número, que indica cuántas minas hay en las celdas adyacentes. Utilizando el pensamiento lógico, observando las relaciones entre diferentes celdas numéricas, el jugador puede concluir qué celdas contienen una mina y marcarlas como tales. Una vez que se revelan todas las celdas, el jugador avanza al siguiente campo minado. Hay tres modos de juego principales disponibles, diferenciados por el tamaño del campo minado: 9x7, 12x12 y 18x14. Limpiar un campo minado lleva al jugador a otro del mismo tamaño, pero con más bombas para eliminar.
Mirai Shounen Conan (Japan)	Juego de plataformas sencillo basado en la famosa serie de televisión del director de anime Hayao Miyazaki.
Mitsubachi Gakuen (Japan)	Mitsubachi Gakuen es un juego de aventuras en el que el jugador toma el papel de un maestro en la Academia Mitsubachi, con la tarea de ayudar a sus estudiantes a alcanzar el estrellato mediante el monitoreo de sus estudios y actividades. El juego se divide en cuatro temporadas, cada una con una subtrama propia (por ejemplo, preparándose para una competencia con otra escuela y manejando periodistas intrusos y posibles espías), y cada una con un equipo de cinco chicas diferentes. El jugador puede consultar el expediente de los veinte estudiantes en cualquier momento y aprender más sobre ellos. El juego presenta fotos digitalizadas de personas reales en lugar de los gráficos de personajes de estilo anime más comunes. En cuanto a la jugabilidad, el juego presenta un menú tradicional que contiene comandos verbales para examinar el entorno, hablar con los personajes, verificar el inventario, mudarse a otra ubicación, etc .; La mayoría de estos verbos llevan a una lista de posibles objetos para interactuar. No hay acertijos, pero algunas instancias requieren que el jugador tome las decisiones correctas para continuar el juego; en otros casos es posible ramificar ligeramente la trama tomando una decisión.
Monster Lair (USA)	Sintiéndote más como el primer Wonder Boy que como el segundo, Monster Lair es un juego de plataformas de desplazamiento automático de ritmo rápido. Los niveles se dividen en dos etapas, la primera es una etapa de plataforma, la segunda es una etapa de rodaje que termina en un jefe. Durante el juego tu energía cuenta atrás, así que debes seguir recogiendo fruta para reponerte. Hay una variedad de armas para coleccionar - láseres, tiros de dispersión, escudos giratorios, etc., pero también están en un temporizador y no duran mucho tiempo, por lo que el cambio de armas es frecuente para evitar que te quedes con tu tiro de espada básico de corto alcance. El juego es para uno o dos jugadores simultáneos.
Monster Maker - Yami no Ryuukishi (Japan)	Monster Maker - Yami No Ryuukishi es un juego de rol de estilo japonés basado en la configuración y los temas del juego de cartas Monster Maker y su posterior encarnación de RPG de mesa. El jugador toma el control de una joven llamada Raia, quien descubre que pertenece a la raza de los semielfos. Culpada por los ataques a su aldea, es expulsada de su tierra natal y emprende un viaje para descubrir la verdad sobre sus orígenes. El juego sigue la plantilla tradicional del género y tiene navegación de arriba hacia abajo en el mundo, ciudades y mazmorras, administración de grupos, nivelación simple, armas y armaduras para equipar, y enemigos aleatorios que se enfrentan al grupo en un combate por turnos visto desde perspectiva en primera persona. La magia se puede comprar en las tiendas, aunque algunos personajes vienen con hechizos pre-aprendidos. Más adelante en el juego, el jugador adquiere la capacidad de comunicarse con los monstruos y convocarlos durante las batallas.
Moonlight Lady (Japan)	Hiwako, la hija del dueño de una tienda de conveniencia en una pequeña ciudad japonesa, es solo una adolescente japonesa común, en realidad un poco malcriada. O eso pensó, hasta que un día, un pájaro parlante llamado Nike (como la diosa griega de la victoria, no como la marca de calzado) le dijo que poseía poderes únicos que la transformaron en la gloriosa guerrera Artemisa. Y no, Hiwako no dejó de ser una mocosa malcriada; pero como Artemisa, ahora es su deber proteger su ciudad natal de una invasión demoníaca, y no tiene intención de rendirse. Moonlight Lady se puede llamar un &quot;pseudo-RPG&quot;; Su vista de arriba hacia abajo y la exploración de la ciudad lo hacen parecer un representante de la rama japonesa de este género, pero en realidad, es un juego de acción con elementos de aventura ligera y sin un verdadero sistema de juego de roles. Durante la mayor parte del juego, el jugador controla a Artemisa y a otras dos heroínas (Acuario y Minerva). El ataque se realiza presionando un botón para el ataque del personaje principal, y otro para un ataque simultáneo por las otras dos chicas. El jugador puede cambiar al líder en cualquier momento. Las chicas también pueden cargar sus ataques para ejecutar otros más poderosos. Los enemigos regulares pueblan las mazmorras, pero no hay recompensa (en el sentido de esta palabra) en derrotarlos; de hecho, el jugador puede tratar de evitarlos por completo y dirigirse directamente a la batalla del jefe. Se pueden encontrar algunos artículos y utilizarlos durante todo el juego, pero no existe una gestión real de armas y armaduras, ni un sistema financiero de ningún tipo.
Motoroader MC (Japan)	Motoroader MC es, como su predecesor, un juego de carreras aéreo con combate automovilístico. Sin embargo, la mecánica del juego es diferente: los jugadores solo pueden controlar autos de aspecto normal, que se presentan como pequeños sprites. Cada automóvil está equipado con dos tipos de armas de fuego, que pueden usarse contra oponentes para ganar la carrera. Cada curso solo ocupa una pantalla, y el jugador tiene que completar vueltas más rápido que los autos controlados por IA o correr contra el tiempo.
Motteke Tamago (Japan)	Motteke Tamago fue incluido en el segundo volumen de la revista Super PC Engine Fan Deluxe. Es un juego de acción similar en concepto a Bomberman. El juego consta de tres &quot;mundos&quot;, cada uno con diez pantallas; En cada pantalla, cuatro patos compiten entre sí para recolectar huevos y llevar a sus bebés a casa. Los patos pueden ser controlados por jugadores humanos o por computadora. Los huevos caen en la etapa de laberinto; el objetivo es recolectar tantos como sea posible. Una vez recolectados, un huevo sigue al pato, y después de un tiempo un bebé eclosionará y volverá a casa sano y salvo. Cada pato intenta sabotear el trabajo de otros patos colocando huevos fritos en sus caminos. Además, varios peligros y enemigos aparecen, tratando de impedir el progreso de los patos. Los patos pueden ser derribados, paralizados y despojados de sus huevos.
Mugen Senshi Valis - The Legend of a Fantasm Soldier (Japan)	Yuko Ahso es una adolescente japonesa con una vida ordinaria, hasta que un día, en la calle, es atacada por un monstruo. De la nada, una espada aparece en sus manos. Ella lucha contra los monstruos que repentinamente han invadido la ciudad, y es convocada al mundo paralelo conocido como Vecanti, que está gobernado por un cruel tirano llamado Rogles, cuyas acciones interrumpen el equilibrio de los mundos. Blandiendo la legendaria espada Valis, Yuko debe derrotar a Rogles y restablecer el equilibrio. Valis tiene la misma historia y género básico (acción/plataforma) que el primer juego original de la serie; sin embargo, es un juego diferente, con diferentes ubicaciones, enemigos y jefes finales, nuevas escenas, etc. La derrota de los numerosos enemigos que pueblan el mundo del juego requiere el uso preciso de las habilidades de saltar y agacharse, y el tiempo de ataque. Yuko puede saltar muy alto y atacar mientras salta. Varios potenciadores se encuentran dispersos en el juego, muchos de los cuales mejoran el rendimiento de la espada de Yuko. Al actuar como un arma cuerpo a cuerpo al principio, se puede personalizar con potenciadores y convertirse en un arma de alcance medio, disparando a los enemigos, con potenciadores adecuados, también en diferentes direcciones. Los jefes finales suelen tener diferentes patrones de ataque y requieren diferentes estrategias para derrotarlos.
Mystic Formula (Japan)	En un mundo donde la tecnología avanzada y la magia coexisten, el Imperio Mágico controla los vastos páramos áridos y las viviendas de criaturas míticas. Un grupo de cuatro cazadores de tesoros se encuentra con un anuncio que promete una recompensa de un millón de créditos para quien recupere una misteriosa piedra púrpura con el grabado de la cresta del Imperio. Los cuatro encuentran el artefacto relativamente rápido, pero otro grupo con una agenda propia les roba. Ahora los héroes deben recuperar la piedra mientras se enfrentan a enemigos peligrosos en su camino. Mystic Formula es un juego de disparos de arriba hacia abajo. El jugador navega al protagonista a través de entornos hostiles, disparando a enemigos y jefes regulares, y evitando sus ataques. El jugador puede elegir controlar cualquiera de los cuatro buscadores de tesoros: un personaje principal equilibrado armado con una pistola láser; un elfo que dispara bolas de fuego de su bastón; una ágil ladrona; y un robot robusto, lento pero poderoso. Todos los personajes usan ataques a distancia que se pueden actualizar con potenciadores. Además, otro tipo de potenciador saca a uno de los personajes del grupo para ayudar al jugador en el combate, controlado por la IA. El modo de dos jugadores también está disponible.
Nekketsu Koukou Dodgeball-bu CD - Soccer-hen (Japan)	Mientras Kunio y Shinichi practicaban esquivar la pelota, el manager de fútbol Misako se acercó a los dos en la cancha. &quot;¡Por favor! ¡En lugar de esquivar, únete a mí y juega fútbol en la convención nacional!&quot; El Nekketsu High Soccer Club se ha envenenado con alimentos, ¡y Kunio debe liderar a su equipo de dodgeball en la competencia de fútbol e ir a la meta! Solo ganando el campeonato Kunio puede convencer a todo su equipo de unirse a él. Nekketsu Koukou Dodgeball Bu: CD Soccer Hen presenta el clásico juego de fútbol con un sonido cristalino y gráficos de alta resolución como nunca antes se había visto en la serie.
Nekketsu Legend - Baseballer (Japan)	En un mundo donde el béisbol juega un papel fundamental en la vida de las personas, los equipos compiten contra cada uno por la supremacía, utilizando movimientos espirituales y mágicos, así como robots. Recientemente, un poderoso demonio tomó el control de la tierra, y algunos humanos comenzaron a usar el arte del béisbol con fines malvados. El malévolo Dark Baseballer ha estado aterrorizando a inocentes, y depende de un grupo de jóvenes restaurar la justicia. Nekketsu Legend Baseballer es un juego de rol dedicado al béisbol. No existe una simulación real de béisbol en el juego: gran parte se juega como un juego de rol japonés tradicional, con exploraciones de mundos, ciudades y mazmorras de arriba hacia abajo, administración de fiestas, nivelación, equipo, artículos, etc. Sin embargo, toda la parafernalia habitual de juegos de rol está completamente inspirado en el béisbol.
Nemurenu Yoru no Chiisana Ohanashi (Japan)	Nemurenu Yoru no Chiisana O-Hanashi (&quot;Pequeñas historias para noches de insomnio&quot;) es un juego de aventuras de dibujos animados diseñado para niños. El protagonista es un gato llamado Neko-kun (que se traduce simplemente como &quot;Gato&quot;), que vive en una hermosa isla junto con sus amigos animales y humanos. El primer episodio describe su encuentro con una pequeña estrella que cayó sobre la Tierra y se lastimó. Luego, el jugador puede explorar la isla seleccionando ubicaciones en el mapa. Gran parte de la historia avanza automáticamente, y la interacción se limita principalmente a elegir un lugar para visitar, hacer clic en objetos para desencadenar escenas o seleccionar una respuesta de &quot;sí&quot; o &quot;no&quot; a una situación.
Neo Nectaris (Japan)	Neo Nectaris es una versión actualizada de Nectaris. Las características principales son las mismas: es un juego de estrategia por turnos con una cuadrícula hexagonal que tendrá lugar en el futuro. La historia también se recicló principalmente, pero hay algunos cambios: 48 mapas nuevos, unidades nuevas y actualizadas, gráficos ligeramente mejorados, audio de libro rojo orquestado, cinco mapas especiales para 2 jugadores. El juego incluye el Nectaris original en el disco.
NEXZR (Japan)	En el año 2012 una armada alienígena atacó la Tierra. Dos jóvenes pilotos estaban en medio de una batalla, y uno de ellos, una encantadora joven, fue asesinado. Tres años después, el piloto sobreviviente finalmente tuvo la oportunidad de vengar su muerte. Navegando en una nueva y poderosa nave de combate llamada &quot;Slasher&quot;, el piloto se aventuró al espacio, listo para llevar la destrucción a aquellos que le quitaron tanto. Nexzr es un shoot-em-up de desplazamiento vertical similar al Super Star Soldier. La nave espacial controlada por el jugador comienza con una simple pistola vulcan que solo puede disparar en línea recta. Varios potenciadores pueden mejorar la fuerza de esta arma, reemplazarla con un arma láser o agregar un arma secundaria (fuego de referencia, ataques láser de dispersión delgada, etc.), que se activa automáticamente. Los jefes de nivel medio y final se encuentran en casi todas las etapas. Se pueden recoger vidas adicionales, pero el jugador siempre se reinicia desde el comienzo de la etapa cuando se destruye su nave de combate.
Nishimura Kyoutarou Mystery - Hokutosei no Onna (Japan)	Hokutosei no Onna (el título se refiere al tren expreso que conecta Tokio y Hokkaido en Japón en lugar de la constelación de la Osa Mayor) se basa en las obras del escritor de cuentos de detectives japonés Ky? Tar? Nishimura, protagonizada por el inspector Totsugawa y su asistente Kamei, protagonista del juego. Un hombre fue encontrado apuñalado hasta la muerte en su departamento en Tokio; poco después de que comienza la investigación, otro hombre es asesinado en una habitación de hotel en Hokkaido. Kamei debe interrogar a testigos y sospechosos y examinar la evidencia para resolver el misterio. El formato de juego es el de una aventura japonesa: el jugador selecciona comandos verbales (Examinar, Preguntar, Mover, Mostrar, etc.) y los combina con personas u objetos para recopilar información y avanzar en la trama. En ciertos puntos, la interacción cambia a la interfaz de apuntar y hacer clic, lo que requiere que el jugador examine cuidadosamente una habitación o un objeto, buscando pistas.
No-Ri-Ko (Japan)	No-ri-ko es esencialmente un título multimedia que se asemeja a una película interactiva con elementos visuales novedosos, que contiene clips de música e instantáneas digitalizadas de actores reales, especialmente la cantante pop japonesa Noriko Ogawa, que tenía quince años en el momento del lanzamiento del juego. . El jugador controla a un fanático que conoce a Noriko y posteriormente la lleva a una cita. La jugabilidad implica principalmente elegir acciones ocasionalmente cuando se le solicita; la mayoría de estos se reducen a elecciones correctas e incorrectas, y esto último a veces conduce a un Juego terminado. En ciertos casos, el jugador también puede decidir un lugar para visitar con Noriko; otras ubicaciones pueden volverse inaccesibles después de la elección del jugador. A veces el jugador participa en minijuegos simples, p. tomando fotos de Noriko o jugando piedra, papel o tijera con ella.
Nobunaga no Yabou - Bushou Fuuunroku (Japan)	Lord of Darkness, es el cuarto juego de la serie Nobunaga (pero solo el tercero que se ha localizado en inglés). La historia de Nobunaga tiene lugar durante la guerra civil japonesa del siglo XVI. En un juego de estrategia en tiempos de guerra, 15 señores de la guerra diferentes están representados en varios territorios. Pueden jugar de uno a ocho jugadores humanos, controlando diferentes líderes y facciones. La jugabilidad se realiza en uno de dos escenarios; El comienzo de la guerra civil en 1555 o Nobunaga rodeado de sus enemigos en 1571. La gestión de la población, los suministros y los militares son el juego y la manipulación exitosa de estos números en la combinación correcta para atacar y defender contra las intenciones hostiles es lo que traerá sus fuerzas a la victoria.
Nobunaga no Yabou - Zenkokuban (Japan)	En el siglo XVI, el período Sengoku (&quot;Estados en guerra&quot;) de Japón dividió a la nación en numerosos estados feudales, cada uno gobernado por un daimyo. Estos daimyos a menudo iban a la guerra entre ellos. Muchos soñaban con conquistar la tierra, convertirse en el Shogun y gobernar todo el país. Uno de esos daimyos era el ambicioso Nobunaga Oda, un gobernante despiadado y un reconocido estratega. Los jugadores asumen el papel de Nobunaga Oda o uno de muchos otros daimyos para intentar conquistar Japón. Nobunaga's Ambition es un juego de estrategia por turnos que se puede jugar en diferentes modos. La jugabilidad es similar al juego más conocido de Romance de los Tres Reinos de Koei. Los jugadores comienzan seleccionando un escenario de 17 regiones o un escenario más grande de 50. Luego, el jugador debe seleccionar un daimyo, cada uno de los cuales tiene atributos calificados en varias categorías; Edad, salud, ambición, suerte, encanto e coeficiente intelectual.
Ookami-teki Monshou - Crest of Wolf (Japan)	La policía tiene miedo de tratar con una organización criminal conocida como la Zona del Dragón. Los punks de la calle y los líderes de los sindicatos del crimen chinos dominan el área donde supuestamente se encuentra su sede. El joven luchador Hawk tiene su propio puntaje que resolver con la Zona del Dragón: han secuestrado a su novia Candy. Junto con su amigo, el punk Tony, Hawk ingresa a los distritos peligrosos y está decidido a rescatar a su novia y poner fin a la organización. Riot Zone (Crest of Wolf en Japón) es un videojuego bastante simple en el que el jugador puede elegir controlar a Hawk o Tony. Hawk es más rápido, pero no golpea tan fuerte como Tony. Ambos personajes luchan completamente desarmados, usando patadas y golpes para lidiar con los enemigos; ambos también poseen un poderoso ataque de pantalla completa que agota una parte de su barra de salud.
Pachio-kun - Maboroshi no Densetsu (Japan) (Rev 7)	Es un juego de pachinko protagonizado por el personaje semi-antropomórfico Pachio-kun. El objetivo del juego es ganar la mayor cantidad de joyas posible al acumular puntos en los juegos de pachinko. El jugador tiene un control limitado sobre Pachio-kun en los casinos de arriba hacia abajo, donde se puede guardar el juego, intercambiar puntos por joyas y acceder a todas las máquinas de pachinko. Las máquinas se presentan en primera persona y vienen en variados sabores y diseños, con diferentes fondos, temas y artilugios. Jugar las máquinas implica ajustar la fuerza del disparo y luego presionar el botón de acción para liberar las bolas. El jugador también puede optar por ver cada detalle de la máquina en una pantalla ampliada. El juego viene con un controlador especial que se asemeja a un joystick de pachinko real.
Pachio-kun - Warau Uchuu (Japan)	Hace mucho tiempo, una entidad cósmica malvada conocida como Geios fue derrotada y sellada por eones. Sin embargo, una raza alienígena malévola ha encontrado una manera de cosechar su poder y ahora se está preparando para su reencarnación. Pachinko Planet fue atacado, y su rey asesinado. Al regresar de un viaje interestelar, Pachio-kun aborda la nave espacial Sledgehammer y se embarca en un viaje para derrotar al mal y restaurar su tierra natal. Es un juego de pachinko con una historia y exploración limitada de arriba hacia abajo. En la mayoría de las áreas, Pachio-kun tiene que completar uno o más juegos de pachinko para poder abandonar la ubicación y avanzar en la trama. Las máquinas Pachinko vienen en diferentes sabores y niveles de dificultad. Los controles son bastante simples y requieren que el jugador ajuste la fuerza del disparo; los disparos en sí pueden dispararse automáticamente. El juego se envió con un controlador especial similar a un dispositivo de pachinko real.
Pachio-kun 3 - Pachi-Slot & Pachinko (Japan)	Como su nombre implica, Pachio-kun 3: Pachisuro & Pachinko es un juego de pachinko protagonizado por Pachio-kun, una pelota de pachinko antropomórfica que disfruta de una vida tranquila con su familia en el planeta Pachinko. La trama del juego es bastante abstracta y sirve para unir varios períodos de tiempo a los que viaja el héroe después de completar las secciones de juego de pachinko. En cada área hay casinos con máquinas de pachinko. El jugador puede hablar con los personajes del casino, cambiar dinero por fichas y viceversa, y jugar pachinko en máquinas de diferentes temas. Las nuevas áreas se vuelven accesibles después de que el jugador haya ganado una cantidad suficiente de dinero en el casino anterior.
Palladion - Auto Crusher Palladium (Japan)	Auto Crusher Palladium es un juego que simula la construcción de robots de batalla (&quot;mechs&quot;). El jugador puede construir robots usando varias partes: cuerpo, extremidades, computadora, IA, armas, etc. El resultado puede ser una combinación de cualquier forma y componente, con la limitación de ser el peso total del robot, que no debe exceder un cantidad especificada Los robots pueden ser humanoides, como máquinas, rodando sobre ruedas, capaces de volar o transformarse en diferentes formas, etc. Después de crear un robot, el jugador lo envía a luchar contra otros robots. Las batallas se parecen a las de un juego de lucha, con vista de desplazamiento lateral y barras de HP; sin embargo, no son interactivos. Toda la jugabilidad se enfoca en crear un robot de tal manera que pueda derrotar a un enemigo en particular; las batallas en sí mismas no permiten el control del lado del jugador.
Pastel Lime (Japan)	Un joven aprendiz de mago vive en el Mundo de las Hadas. Un día, ocurre un error mágico, y ¿Y? se encuentra en la tierra. Para regresar a su mundo, la pequeña hada debe encontrar tres piedras que deben insertarse en su broche mágico. Una joven que encuentra la primera piedra se convierte en la compañera de Y? (Y en la protagonista del juego), y juntas deben encontrar y recuperar las otras piedras. Pastel Lime es una aventura de estilo japonés con un juego simple. Solo unos pocos comandos (a veces solo uno) generalmente aparecen en la pantalla, y la entrada del jugador se reduce principalmente a seleccionar estos comandos varias veces para activar la siguiente escena. También pueden aparecer submenús (como temas de conversación). La progresión del juego es estrictamente lineal, y el jugador no tiene elección de seleccionar ubicaciones para viajar.
Patlabor - Chapter of Griffon (Japan)	Digital Comic Patlabor se basa en la serie de anime Patlabor. En un futuro cercano, los oficiales de la Policía Metropolitana de Tokio pilotan robots gigantes llamados &quot;labores&quot; para combatir a los delincuentes. Como la mayoría de las entregas del anime y el manga, el juego se centra en los personajes de Special Vehicle Section 2, Division 2, y el personaje jugable es Noa Izumi. Más específicamente, el juego sigue la llamada &quot;línea de tiempo de TV&quot;, que involucra al Grifón Laborista. La jugabilidad es la de una aventura tradicional de estilo japonés. Tres comandos? Mira, habla y muévete? aparecer en cada pantalla. El jugador selecciona estos comandos (no hay submenús con objetos) para moverse entre ubicaciones, examinar habitaciones, hablar con los personajes y, finalmente, avanzar en la historia. El juego también contiene una variedad de características (base de datos de robots, entrevistas con actores de voz, etc.) accesibles desde el menú principal.
Police Connection (Japan)	Police Connection es un juego de mesa con un giro: en lugar de simplemente alcanzar un objetivo o recolectar dinero, los jugadores toman el papel de detective de la policía e investigan crímenes. Hay tres casos en el juego, todos accesibles desde el menú principal: dos asesinatos (las víctimas son mujeres jóvenes) y un caso de dinero perdido. Hasta cuatro personajes controlados por humanos o IA están tratando de resolver estos misterios. Los jugadores navegan por los personajes por turnos en un tablero que representa un entorno urbano. La cantidad de pasos tomados por cada personaje está determinada por una tirada de dados, pero el tablero consta de muchos caminos de ramificación, y depende de los jugadores elegir los deseados. Los personajes pueden interrogar a los sospechosos, recopilar pistas y recopilar información cuando aterrizan en casillas apropiadas en el tablero. Tarjetas de adquisición de casillas especiales, que pueden usarse para diversos fines, p. examinar una prueba, tomar un taxi a otro lugar de la ciudad, etc.
Pomping World (Japan)	El destino del mundo se restablece en tus manos. BUSTER BROS. es un juego de acción en el que esquivas las bolas que caen y las disparas con tus armas, que incluyen un alambre o un cañón Valkan. Volarás en la Estatua de la Libertad, el monte. Fuji, Taji Mahal, Angkor Wat, Airs Rock, etc. Ahora, ¡salvemos al mundo!
Pop'n Magic (Japan)	Un juego de acción de pantalla estática al estilo de Bubble Bobble o Don Doko Don, Pop 'n Magic te permite atrapar enemigos disparando tu varita hacia ellos, luego recogerlos y lanzarlos a través de la pantalla para destruirlos. Las burbujas en las que están atrapadas son colores específicos y se debe tener cuidado de no juntar dos del mismo color, ya que esto liberará a las criaturas (ahora bastante molestas) en su interior.
PopfulMail (Japan)	Parece que la linda cazarrecompensas conocida como Popful Mail no tendría problemas para ganarse la vida cortando a los malos con su espada. En realidad, Mail está teniendo dificultades para llegar a fin de mes. Un día, sin embargo, se entera de un mago que se ha vuelto pícaro y tiene una generosa recompensa por su cabeza. Su aventura comienza cuando Popful se abre paso a través de una nueva aventura y hace nuevos amigos en el camino. Popful Mail es un juego de acción de plataforma con elementos RPG muy ligeros. A medida que la heroína avanza por las etapas, recoge dinero de los enemigos asesinados. Este dinero se puede usar en tiendas para comprar armas, armaduras, salud, etc. El juego presenta interacción con muchos personajes a través del diálogo en pantalla y secuencias completamente animadas. Algunos de estos personajes se pueden jugar a medida que el jugador avanza en el juego.
Populous - The Promised Lands (Japan)	Este disco de datos para Populous agrega cinco nuevos tipos de paisajes: Wild West, Silly Land, Block Land, Révolution Française y Bit Plains. Los tipos se pueden usar para crear nuevos mapas en modo Paint Map y el disco también tiene 500 mapas nuevos para el modo Conquest.
Prince of Persia (USA)	Mientras el Sultán de Persia está librando una guerra en un país extranjero, su Gran Visir Jaffar organiza un golpe de estado. Su camino hacia el trono se encuentra a través de la encantadora hija del Sultán. Jaffar la secuestra y amenaza con matarla si se niega a casarse con él. Mientras tanto, el hombre que ama la princesa es arrojado a la mazmorra. Tiene solo una hora para escapar de su prisión, derrotar a los guardias en su camino y detener a Jaffar antes de que se produzca el terrible matrimonio. Prince of Persia es un juego de plataformas en 2D que se considera comúnmente como un progenitor del género de plataformas cinematográficas. En lugar de seguir las mecánicas más comunes de saltar y correr, se enfoca en el avance cuidadoso a través de niveles bastante complejos, enfatizando el aspecto de vulnerabilidad y supervivencia del protagonista. La técnica de rotoscopia se utiliza para dar más realismo a la animación de los movimientos de los personajes.
Princess Maker 1 (Japan)	Princess Maker es la primera serie de juegos de &quot;simulación de princesa&quot; de Gainax. Eres un noble guerrero que acaba de salvar tu reino de una invasión del terrible Señor Demonio. El agradecido rey te ofrece elegir cualquier recompensa que desees por tu valiente acto. Pero en lugar de optar por la mitad del reino o las riquezas de la tierra, le pides permiso al rey para criar a una pobre niña huérfana llamada María. Y así comienza el juego. Tú eres quien tiene que construir el futuro de María. Por supuesto, puedes hacerlo de muchas maneras. Puedes esforzarte por hacer de ella una verdadera princesa, enseñarle buenos modales, estudiar artes, hacerla una luchadora valiente como tú, o simplemente una tonta perezosa que no se preocupa por nada. ¡Su destino está en tus manos!
Princess Maker 2 (Japan)	Un héroe salvó a la raza humana de la aniquilación total por parte de los dioses. Este mismo héroe fue encargado por los cielos para cuidar de la semilla joven que se dejó caer desde allí. Esta semilla se convierte en su hija, y su guardián estará observando su progreso. En Princess Maker 2, el jugador asume el papel de padre de la bendita hija de los cielos. Durante los próximos ocho años, el héroe la nutrirá y la guiará en el camino que elija el jugador. Es posible elegir el camino de la hija influenciada por el zodiaco al programarla para trabajos y escuelas, lo que aumentará sus estadísticas (fuerza, habilidades de combate, cocina, fe, etc.) Cada mes permite al jugador designar tres tareas diferentes para ella a seguir. El enfoque de este juego es el equilibrio entre el desarrollo del personaje, el nivel de estrés, la salud y los ingresos financieros.
Princess Minerva (Japan)	Basado en un anime del mismo nombre. En el reino de Whistler, los mejores luchadores son mujeres jóvenes y hermosas, competentes en muchos estilos de combate. La princesa Minerva es una de ellas. Ella participa en un torneo, lucha contra las mejores luchadoras del país, y finalmente une fuerzas con ellas, construyendo una fiesta súper poderosa que seguramente derrotará al archienemigo de la Reina de Whistler, la malvada hechicera Dynastar. El juego comienza donde las chicas ya están unidas y se están preparando para la gran búsqueda. Tu grupo contiene nueve chicas, cada una con varias estadísticas y hechizos mágicos. El grupo grande se divide en tres más pequeños, y cambias entre ellos mientras participas en batallas aleatorias y jefes de lucha. El combate se basa en turnos y se ve desde una perspectiva de arriba hacia abajo, como los lugares que visitas. Viajas en el mapa del mundo exterior, visitas pueblos y desciendes a mazmorras.
Private Eye dol (Japan)	Algún día en el futuro cercano, la tripulación de un &quot;ídolo&quot; (una estrella de la cultura popular) viaja en el autobús por el campo. Una de las tripulantes se desmaya inesperadamente y sus amigos la llevan a una mansión abandonada descubierta cerca. Muy pronto, sin embargo, el accidente comienza a repetirse, y evidencia de un horrible asesinato y posible presencia fantasmal en las superficies de la mansión. Mei Star, investigadora del equipo, y su asistente holográfico computarizado Navi deben resolver el misterio antes de que sea demasiado tarde. Private eye dol es un juego de aventura jugado en su mayor parte desde una perspectiva de arriba hacia abajo. El jugador navega por Mei por el entorno jugable, examina lugares y elementos de interés y habla con otros personajes. Con algunas excepciones, no hay acertijos en el juego, y la trama avanza desencadenando eventos. En varias ocasiones, los artículos deben recogerse, pero se usan automáticamente en ubicaciones correspondientes.
Pro Yakyuu Super '94, The (Japan)	El Pro Yakyu Super '94 es una continuación de The Pro Yakyu Super. Con la excepción de un nuevo modo, música diferente, comentarios y ligeros cambios en la interfaz, el juego es en gran medida idéntico al de la entrada anterior. Las listas de los equipos profesionales de béisbol japoneses con licencia se han actualizado a la temporada actual. El nuevo modo se llama &quot;Home Run Contest&quot;; el jugador controla un bateador contra un lanzador controlado por computadora, tratando de anotar un hot run.
Pro Yakyuu Super, The (Japan) (FABT)	The Pro Yakyuu Super es una continuación de The Pro Yaky ?. La mecánica del juego es casi idéntica a la del predecesor. Junto con la simulación y los modos automáticos para lanzar y batear, ahora también hay un nuevo modo de &quot;captura automática&quot;. Los equipos con licencia de la liga profesional de béisbol japonesa se han actualizado a la temporada actual. Vuelven los modos Versus, Abierto y Banderín, junto con el modo &quot;Sueño&quot;, que consiste en un juego entre jugadores contemporáneos All-Star e históricos.
Pro Yakyuu, The (Japan)	The Pro Yakyuu es un juego de béisbol que permite a los jugadores competir en la liga de béisbol profesional de Japón, con nombres de equipos y jugadores con licencia. El modo Versus permite la competencia entre dos jugadores; en un juego amistoso, la IA de la computadora elige un oponente para el equipo seleccionado por el jugador; El modo &quot;Abierto&quot; es un torneo en el que los jugadores pueden asignar equipos controlables a sí mismos y a la IA. El juego en sí puede configurarse en modo &quot;Acción&quot;, &quot;Simulación&quot; o &quot;Auto&quot;, con diversos grados de realismo. Los lanzadores y los bateadores se controlan desde una vista en tercera persona, mientras que el baserunning se ve desde una perspectiva aérea.
Psychic Detective Series Vol. 3 - Aya (Japan)	Solo unas pocas personas poseen la capacidad única de leer los corazones de las personas; esas personas se llaman analistas psíquicos, y Katsuya Furuyagi es uno de ellos. Un día, un compañero analista le hace una visita inesperada y lo dirige hacia un misterioso anciano llamado Kamiya. Leyendo la mente del anciano, Furuyagi se aventura en el reino de los recuerdos, donde el fantasma de una mujer intenta vengar su propio asesinato. Aya es la tercera entrega de la serie Psychic Detective. Al igual que en las entradas anteriores, es un juego de aventuras de estilo japonés con vista en primera persona e interacción y navegación basadas en menús. Los comandos como &quot;Mirar&quot;, &quot;Preguntar&quot; y &quot;Mover&quot; deben usarse en la mayoría de las pantallas para avanzar en la trama. Hablar con los personajes y contemplar el caso juegan un papel importante.
Psychic Detective Series Vol. 4 - Orgel (Japan)	Un día, una misteriosa mujer vestida de luto aparece en la oficina de Katsuya Furuyagi, un investigador privado que posee una habilidad única para viajar a las mentes de las personas. La mujer tiene una extraña petición que hace que Furuyagi dude de su cordura. Durante generaciones, una hermosa muñeca ha estado en posesión de su familia; Sin embargo, recientemente ha desaparecido, y la mujer está convencida de que el culpable es el mismo diablo. Furuyagi viaja al campo donde comienza a investigar este misterio inusual, decidido a descubrir la verdad. Orgel juega de manera similar a la entrega anterior de la serie Psychic Detective. La mayor parte del juego está ocupada por conversaciones con personajes, que a menudo implican hablar sobre varios temas y recopilar información. No hay acertijos, pero las pruebas se pueden recopilar, almacenar y ver como elementos de inventario. La interacción con el mundo del juego está basada en menús.
Psychic Storm (Japan)	Psychic Storm es un shoot-em-up de desplazamiento vertical en el que el jugador toma el papel de cuatro personajes que deben proteger a Neo Hong Kong City de un asalto de extraterrestres insectoides viciosos. El jugador puede seleccionar cualquiera de los cuatro personajes antes de cada etapa. Los personajes se distinguen por los ataques únicos de sus naves: Alex usa un arma vulcan, Charr tiene un haz &quot;psíquico&quot; de corto alcance, Joe tiene un ataque lento pero poderoso de la Llama del Infierno, y Nastasia usa un láser de iones.
Puyo Puyo CD (Japan)	Clásico juego de rompecabezas de estilo Tetris donde compites contra oponentes al agrupar gotas de colores que se despliegan desde la parte superior de la pantalla.
Puyo Puyo CD Tsuu (Japan)	El sucesor de Puyo Puyo es, como su predecesor, un juego de bloques que cae en el que el objetivo es combinar cuatro o más bloques (Puyos) del mismo color, que luego desaparecen. Los Puyos restantes se caerán y pueden producir combos que pueden causar bloqueos especiales (Molestias Puyos, que solo pueden destruirse eliminando Puyos adyacentes) para que aparezcan en el campo del enemigo. Este juego incluye un modo historia, en el que Arle (el personaje principal) lucha contra enemigos de la computadora, un modo vs jugador, un modo de cuatro jugadores (solo SNES) y un modo sin fin (solo SNES).
Quest of Jongmaster - Janshin Densetsu (Japan)	Quest of Jongmaster es un juego de mahjong con elementos de rol. El &quot;modo RPG&quot; sigue la historia de un aprendiz de &quot;guerrero mahjong&quot;, una niña llamada Chi Fou, que es enviada en una búsqueda para derrotar a los monstruos que se desataron en el mundo. Este modo está estructurado como un juego de rol tradicional de arriba hacia abajo medieval, con exploración de mazmorras y ciudades, interacción con NPC y otros elementos familiares. El protagonista puede equipar armas y armaduras, lanzar magia y comprar objetos de curación y recuperación de estado. Se otorgan puntos de experiencia y dinero después de cada batalla. Las batallas aleatorias y de jefes en este modo son juegos de mahjong estándar, con la adición de fichas especiales que influyen en el resultado del juego, p. aumenta el daño infligido por el arma equipada. El daño final se calcula después de que termina el juego de mahjong, y depende de los niveles de los personajes, el equipo y la combinación ganadora. Por ejemplo, ganar el juego con un mahjong completo probablemente resultaría en un &quot;golpe crítico&quot;.
Quiz Avenue (Japan)	Quiz Avenue es un juego de preguntas y respuestas con un &quot;modo de búsqueda&quot; en el que el jugador controla a un guerrero que debe salvar a la princesa Questine de las garras del malvado Shameless, los enemigos del reino Erudition. El jugador navega al héroe en tableros pequeños con caminos ramificados; cada punto de interés representa una &quot;batalla&quot; de prueba contra un monstruo, que culmina en una &quot;batalla de jefes&quot; en la etapa final, donde el jugador puede seleccionar el tema de las preguntas (por ejemplo, geografía, películas, idioma inglés, etc.) . Los encuentros de los cuestionarios varían en duración y cantidad de respuestas para elegir, pero siempre tienen un límite de tiempo para cada pregunta. Además, un &quot;modo fiesta&quot; separado permite a los jugadores competir en juegos de trivia, cada uno de los cuales consta de tres o cinco rondas.
Quiz Avenue II (Japan)	Quiz Avenue II, como su predecesor, es un juego de preguntas con un modo de búsqueda basado en la historia, que continúa la trama del primer juego. Después de que los malvados Shameless fueron vencidos, se restableció la paz en el reino de Erudition; sin embargo, pronto aparecieron fuerzas demoníacas en el horizonte, y dos jóvenes guerreros, un niño y una niña, fueron enviados por la reina para detenerlos. Las reglas del cuestionario en esta entrega son en gran medida las mismas que en la entrada anterior, con tres o cuatro respuestas para elegir para cada pregunta y un límite de tiempo. Sin embargo, el avance del tablero se determina eligiendo cartas con la cantidad de pasos escritos en ellas en lugar del movimiento punto a punto del primer juego. Nuevo es el modo de dos jugadores para la misión, en el que el segundo jugador controla a la heroína, y los dos están respondiendo preguntas simultáneamente. Se han agregado algunas características nuevas, como la posibilidad de adquirir varios bonos antes de un encuentro de prueba.
Quiz Avenue III (Japan)	Quiz Avenue III ofrece, al igual que sus dos predecesores, un modo de búsqueda y un modo versus: este último consiste en esta entrega de una serie de preguntas de trivia para hasta ocho jugadores (controlando una variedad de luchadores de aspecto duro), con rondas disfrazadas como juegos de lucha, cada respuesta incorrecta conduce a una pérdida de puntos de vida. La principal diferencia entre esta entrada y las anteriores radica en el modo de búsqueda y sus elementos RPG. Al igual que un juego de rol completo, el modo de búsqueda tiene nivelación, navegación de arriba hacia abajo, mundo, ciudades, mazmorras, sistema monetario, armas, armaduras, artículos e incluso compañeros que se unen a la heroína principal, una niña llamada Konoha, quien fue criada por un viejo luchador y tiene que usar sus habilidades especiales para librar a la tierra de los monstruos. Las batallas ocurren al azar; el jugador tiene la opción de intentar escapar antes de que comience la batalla.
Quiz Caravan Cult Q (Japan)	Quiz Caravan: Cult Q es un juego de preguntas y respuestas con cuatro modos. El modo principal implica una competencia de cuestionarios en la que los jugadores pueden elegir los temas de las preguntas, p. películas, videojuegos, historia, etc. Hasta cinco jugadores pueden participar en este modo o competir contra la IA de la computadora. El &quot;modo aventura&quot; es un juego de mesa en el que el movimiento del personaje controlado por el jugador está determinado por una tirada de dados. Los campos normales conducen a encuentros cortos de cuestionarios; otros campos pueden mejorar los puntos de golpe del protagonista, y el campo final en cada etapa es una &quot;batalla de jefe&quot; más desafiante. El modo de ataque de tiempo implica responder correctamente tantas preguntas como sea posible dentro del límite de tiempo asignado. Finalmente, el modo versus tiene jugadores que compiten entre sí; cada respuesta correcta avanza al personaje en un tablero, mientras que el oponente es empujado hacia atrás. Todos los modos presentan personajes de otros juegos publicados por Hudson Soft, como Bomberman.
Quiz de Gakuensai (Japan)	Quiz de Gakuensai es un juego de preguntas y respuestas en el que el jugador toma el papel de un estudiante de secundaria. Un día se le confía una importante tarea de velar por su pariente, una niña pequeña. Sin embargo, tan pronto como aparece su novia, el héroe descuida su deber y muy pronto descubre que la niña ha desaparecido. Tiene que explorar el edificio de la escuela y encontrarla a toda costa. El jugador puede elegir el orden en que el protagonista visita varias aulas de la escuela. En cada habitación hay una chica joven y atractiva que le hace al héroe una serie de preguntas trivia sobre diferentes temas (predominantemente cultura popular). Tanto la protagonista como las chicas tienen ciertas cantidades de puntos de vida; una respuesta correcta disminuye el HP del oponente en uno, mientras que una incorrecta agota la salud del protagonista en la misma cantidad.
Quiz Marugoto the World (Japan) (Rev 7)	Quiz Marugoto the World es una simple simulación de un juego de trivia televisiva. Los presentadores de televisión hacen preguntas sobre varios temas (las preguntas se hablan, no se muestran en el texto), y la respuesta correcta debe elegirse entre varias disponibles dentro de un límite de tiempo. El programa de juegos tiene tres modos: &quot;World Quiz Trip&quot;, campeonato y copa. El primero es esencialmente un modo para un jugador; el campeonato permite a los jugadores competir entre sí, con temas elegidos al azar; la copa funciona como cualquier evento deportivo comparable, incluidas las rondas de eliminación.
Quiz Marugoto the World 2 - Time Machine ni Onegai! (Japan)	Time Machie ni Onegai se diferencia de su predecesor por tener sus propios modos de juego únicos en lugar de seguir estrictamente un formato de programa de TV. El modo Time Machine implica viajar a diferentes períodos de tiempo y responder preguntas de trivia para desencadenar eventos famosos (por ejemplo, Moisés creando un camino a través del Mar Rojo para los judíos, los beligerantes de la era de los Tres Reinos atacándose entre ellos, la manzana cayendo sobre Sir Isaac La cabeza de Newton, etc.). Sin embargo, las preguntas en sí mismas generalmente no tienen nada que ver con el evento histórico en cuestión.
Quiz no Hoshi - Star of Quiz (Japan)	Quiz no Hoshi es un juego de preguntas y respuestas con varios modos de juego; el principal se llama &quot;Heart of Stone&quot; y es una serie de encuentros de preguntas con elementos de juegos de estrategia. La trama involucra el secuestro de una niña por parte de la mafia, y los intentos de un niño llamado Hoshimaru para rescatarla, mientras escapa de un apocalipsis inminente. Hoshimaru se puede navegar por un tablero (a menudo con rutas de ramificación); cada campo generalmente conduce a una escena de conversación con un siguiente cuestionario. Tanto Hoshimaru como los &quot;enemigos&quot; tienen barras de vida; La salud del protagonista aumenta después de completar con éxito los desafíos del cuestionario. Las respuestas correctas dañan al enemigo, mientras que las respuestas incorrectas agotan la vida del héroe. La cantidad de respuestas posibles para seleccionar y la naturaleza de las preguntas de trivia varía de una misión a otra.
Quiz Tonosama no Yabou (Japan)	Quiz Tonosama No Yabou es un juego de preguntas y respuestas con elementos de estrategia, ambientado durante el período Sengoku de la historia japonesa. Hay modos de juego para uno y dos jugadores disponibles. Los jugadores seleccionan a los señores de la guerra para controlarlos y alcanzan el dominio al derrotar a otros señores de la guerra en encuentros de preguntas. Cada intento de conquistar una provincia lleva a un cuestionario presentado por el señor de la guerra defensor. Los temas del cuestionario pueden no tener nada que ver con el período histórico y van desde el conocimiento general hasta el anime y los videojuegos japoneses.
R-Type Complete CD (Japan)	El CD completo tipo R combina la parte I y la parte II de los lanzamientos japoneses de PC Engine HuCard. También agrega música remezclada, escenas de corte totalmente expresadas, una pelea de jefe adicional y algunos otros cambios menores. Una raza alienígena llamada Bydo ataca a la humanidad sin piedad. El prototipo de caza espacial R-9 debe detener al Bydo y salvar a la raza humana.
Rainbow Islands - The Story of Bubble Bobble 2 (Japan)	Secuela de Bubble Bobble, Rainbow Islands ve a Bub y Bob (en modo de 2 jugadores), que ahora son curiosamente niños pequeños en lugar de dinosaurios, intentando librar a las Islas Rainbow de los malos. Usando el poder de lanzar arcoiris, atrapando cualquier cosa debajo, los niños deben ascender verticalmente 4 niveles en cada isla, con un jefe grande y malo al final de cada uno. Al atrapar bestias debajo de tus arcoíris, luego saltar sobre ellas para romperlas puedes recolectar siete gemas de diferentes colores, y también hay poderes especiales para velocidad extra y arcoiris.
Rally Championship (Japan) (FABT)	Championship Rally es un juego de carreras de arriba hacia abajo. El jugador puede elegir controlar verdaderos autos de rally: Toyota Celica, Nissan Pulsar, Lancia Delta y otros. Hay tres modos en el juego: ataque de tiempo, rally de alta velocidad y &quot;modo de aventura&quot;, que lleva al jugador a través de un campeonato en Senegal. Cada modo permite al jugador seleccionar un automóvil y personalizar su dirección, engranajes, frenos, etc. Los controles del automóvil son bastante simples, con un botón asignado para acelerar y otro para aplicar los frenos.
Ranma 1-2 (Japan)	Basado en la popular serie de manga / anime del mismo nombre, Ranma 1/2 sigue la historia de un aspirante a artista marcial que accidentalmente se convierte en una joven bañándose en una primavera maldita. Puede volver a su forma natural tocando agua caliente; sin embargo, el contacto con agua fría lo convertirá nuevamente en una niña. La mayor parte de la historia original del manga está dedicada a situaciones semi-cómicas, basadas en el hecho de que Ranma está tratando de ocultar su situación, lo que conduce a malentendidos, confusión y complicaciones románticas en su vida en la escuela secundaria. Esta interpretación de la licencia sigue una parte de la historia inicial del manga, comenzando con la maldición y pasando por los primeros conflictos de Ranma con compañeros de escuela y artistas marciales rivales. El juego está estructurado principalmente como un desplazamiento lateral &quot;beat-em-up&quot;, aunque también hay varias peleas de jefes que recuerdan más a un juego de lucha uno a uno. El vs. El modo permite al jugador recrear estas peleas de jefes con diferentes personajes.
Ranma 1-2 - Datou, Ganso Musabetsu Kakutou-ryuu! (Japan)	Ranma 1/2 - Datou Ganso Musabetsu Kakutou-ryuu! en PC Engine es un juego de aventuras intercalado con escenas de batalla. De hecho, los jugadores participan en escenas extraídas del manga donde tendrán que interactuar con los múltiples protagonistas para encontrarse cada vez en anillos improvisados.
Ranma 1-2 - Toraware no Hanayome (Japan)	Basado en la serie de manga y anime Ranma 1/2, Toraware no Hanayome consta de varios capítulos, que son similares a los episodios de un programa de televisión: cada uno tiene su propia historia y tema, pero todos los capítulos tienen personajes recurrentes de Ranma 1 / 2 universo. Al igual que en el manga y el anime original, la historia se centra en el joven artista marcial y estudiante de secundaria Ranma, que fue maldecido después de bañarse en un manantial sagrado chino: el contacto con el agua fría lo convierte en una mujer, mientras que el agua caliente lo restaura a su forma masculina original La mayor parte de la historia del juego está dedicada a las relaciones de Ranma con sus compañeros de clase y otros personajes, a menudo involucrando situaciones cómicas y / o románticas, así como los intentos de Ranma de deshacerse de la maldición: en el primer capítulo, él trata de ganar un concurso que le permitiría viajar a China y encontrar una manera de convertirlo en un hombre de forma permanente.
Rayxanber II (Japan)	El juego se parece a R-Type, particularmente en estilo artístico y jugabilidad. La trama y la configuración utilizan el mismo tropo que juegos como R-Type y Gradius; se trata de una guerra en curso entre la humanidad y una raza de alienígenas invasores que pertenecen al Imperio Zoul, y el enemigo principal del jugador consiste en bioships y enormes fortalezas orgánicas.
Rayxanber III (Japan)	Secuela de Rayxanber II. Absolutamente todo ha sido revisado para mejor, mientras que simultáneamente se mantiene fiel al estilo de los dos juegos anteriores. Para empezar, alguien finalmente arregló la mecánica del tablero, por lo que ahora realmente funciona y se controla fácilmente. Al igual que antes, hay una barra de temperatura, por lo que si se pone en rojo debe enfriarse antes de volver a correr, pero ahora es mucho más fácil regular la duración de su carrera sin recurrir a un botón turbo. La estructura de niveles y los patrones de ataque del enemigo también están mucho más equilibrados para tener en cuenta el uso del tablero: ya no estás obligado a lanzarte de cabeza a los enemigos porque algo te persigue la cola. Se ha convertido legítimamente en una herramienta útil en su arsenal.
Record of Lodoss War (Japan)	El juego se basa en el ciclo novedoso Record of Lodoss War de Ryo Mizuno, y más de cerca en los siguientes volúmenes de manga y series de OVA. Su historia generalmente sigue a la de OVA, el héroe principal es Parn, un joven que crece en un pequeño pueblo y luego se convierte en uno de los guerreros más fuertes del mundo, gracias a la misteriosa herencia de su padre y su propio coraje. Al igual que en la serie de anime, el juego comienza con un ataque de duendes y con Parn saliendo de su pueblo natal junto con su mejor amigo Etoh en busca de aventuras. Esta versión de Record of Lodoss War es un juego de rol japonés tradicional con navegación de mapa mundial de arriba hacia abajo y batallas aleatorias. Hay un elemento estratégico en las batallas, que permite a los personajes moverse libremente en el campo de batalla. Sin embargo, las batallas se pueden establecer en automático, lo que las hace más rápidas y similares al combate tradicional japonés de rol. Las ciudades tienen navegación de vista en primera persona basada en menús.
Record of Lodoss War II (Japan)	Ubicado en el universo de fantasía Record of Lodoss War, creado por el escritor japonés Ryo Mizuno, este juego está basado en el anime Chronicles of the Heroic Knight. La historia se centra en un joven llamado Spark, que quiere convertirse en caballero del país de Flaim. El Rey Kashue necesita a Spark para demostrar que es digno de este título, y le dice que reúna una banda de mercenarios y se prepare para detener los misteriosos planes del mago oscuro Wagnard. La jugabilidad es similar al juego anterior Record of Lodoss War. Spark y su grupo recorren el mapa mundial de arriba hacia abajo, visitando ciudades, pueblos y otros lugares en el camino. Los enemigos aparecen al azar. Las batallas por turnos una vez más ofrecen movimiento libre en la pantalla, pero como antes, la función de auto batalla puede acelerar las cosas. Las ciudades y otros lugares importantes se ven como pantallas fijas desde la perspectiva de primera persona.
Red Alert (Japan)	La historia del juego, como Strike Commando y las innumerables películas de acción de Z que lo inspiraron, es un pastiche de cada cliché de películas de los setenta y ochenta. Guy Kazama es el mejor comando del país. Él debe emprender una misión para destruir el proyecto de la fuerza, una coalición de cuatro directos a los villanos video de la película de acción inclinados en la conquista del mundo. Tenemos el coronel Kadat, el señor Lee de la mafia de Hong Kong, el presidente Steve y finalmente el físico ruso García. El Dr. García destaca más como inexplicablemente tiene orejas puntiagudas y largos cabellos plateados de plata como un elfo de El Señor de los Anillos, mientras que también tiene un brazo cibernético justo fuera de The Terminator.
Renny Blaster (Japan)	Renny Blaster es un beat-em-up en el que el jugador puede elegir controlar al investigador privado paranormal Fujiro Yarai, o un hombre con un pasado misterioso y habilidades sobrenaturales llamado Seishiro. Los dos personajes tienen el mismo objetivo: evitar que una organización secreta de monstruos y muertos vivientes, dirigida por un vampiro maníaco, tome el control de Europa. Los dos personajes comienzan con diferentes etapas iniciales, pero luego continúan en el mismo camino. Seishiro es físicamente más débil y tiene un ataque de energía a distancia predeterminado; Fujiro pelea con golpes y patadas regulares. Ambos personajes tienen acceso a ataques elementales únicos que se activan presionando un botón. La mayoría de las etapas son acciones directas de desplazamiento lateral con batallas de jefes al final de cada una; Algunas áreas contienen elementos ligeros de plataformas.
Riot Zone (USA)	La policía tiene miedo de tratar con una organización criminal conocida como la Zona del Dragón. Los punks de la calle y los líderes de los sindicatos del crimen chinos dominan el área donde supuestamente se encuentra su sede. El joven luchador Hawk tiene su propio puntaje que resolver con la Zona del Dragón: han secuestrado a su novia Candy. Junto con su amigo, el punk Tony, Hawk ingresa a los distritos peligrosos y está decidido a rescatar a su novia y poner fin a la organización. Riot Zone (Crest of Wolf en Japón) es un videojuego bastante simple en el que el jugador puede elegir controlar a Hawk o Tony. Hawk es más rápido, pero no golpea tan fuerte como Tony. Ambos personajes luchan completamente desarmados, usando patadas y golpes para lidiar con los enemigos; ambos también poseen un poderoso ataque de pantalla completa que agota una parte de su barra de salud.
Rising Sun (Japan)	Combate la épica guerra Gempei del antiguo Japón en un juego que ofrece una mezcla única de estrategia militar, secuencias de acción atractivas y juegos de rol. En una búsqueda heroica para convertirse en Shogun y redimir el honor de la familia, los jugadores deben comandar vastos ejércitos de guerreros samuráis, defenderse contra los asesinos ninja, sitiar las poderosas fortalezas, negociar alianzas y enfrentar a los enemigos en combate personal.
Road Spirits (Japan)	Road Spirits es un juego de carreras estilo arcade, similar a Rad Racer. El jugador controla un automóvil desde una perspectiva en tercera persona &quot;en la pantalla&quot;, corriendo a través de los 17 cursos pseudo-3D (nombrados por varias ubicaciones geográficas, por ejemplo, &quot;West Coast&quot;, etc.). Hay otros autos en la carretera, que pueden ralentizar el auto controlado por el jugador al chocar con él, pero la carrera es contra el tiempo en lugar de contra estos autos. El jugador tiene un límite de tiempo para cada curso, y un indicador muestra qué tan cerca está el automóvil de la finalización. Si el auto se queda sin tiempo, la carrera se pierde y el jugador tiene que volver a jugar antes de abordar el siguiente. El automóvil se puede controlar solo con dos botones; las colisiones no dañan el automóvil, sino que simplemente lo detienen; Aunque el jugador puede cambiar el modelo de un automóvil y el sistema de marcha, no se utiliza una conducción realista basada en la marcha en el juego. Todo esto contribuye a la sensación general de arcade de las carreras.
ROM ROM Stadium (Japan)	Rom Rom Stadium es un juego de béisbol con equipos y jugadores ficticios. Los jugadores pueden competir entre sí o con la IA de la computadora. En el modo Abierto, los jugadores pueden seleccionar oponentes y estadios, mientras que el modo Banderín tiene la forma de un torneo; Las clasificaciones se pueden guardar con un sistema de contraseña. El juego utiliza la vista en tercera persona para lanzar y batear; La vista isométrica se utiliza para jugar en el campo. También se incluye una herramienta de creación de equipo simple, que permite nombrar al equipo y a los jugadores y elegir el color del uniforme.
Ruin - Kami no Isan (Japan)	Hace mucho tiempo, una civilización próspera bendecida por los dioses fue arruinada como resultado de una guerra perpetua. La humanidad ha construido una nueva civilización, que se asemeja a un mundo medieval. El joven espadachín Jan vive en el reino de Cordelia. Un buen día, él y Ortena, la hija del Sumo Sacerdote, van a buscar un tesoro. Cuando regresan, encuentran el país invadido por monstruos; El padre de Ortena es asesinado y la princesa de Cordelia ha sido secuestrada. Los dos se unen con un héroe legendario para rescatar a aquellos que aún pueden ser rescatados y cumplir el legado de los dioses ... Ruin: Kami no Isan es un juego de rol de acción. El jugador navega por Jan a través de ciudades de arriba hacia abajo y áreas hostiles; el &quot;mapa mundial&quot; no es de itinerancia libre, solo permite el avance lineal de una ubicación a otra. Las áreas hostiles están pobladas por enemigos que están caminando visiblemente en la pantalla.
Ryuuko no Ken (Japan) (En,Ja,Es) (FAAT)	¡Yuri Sakazaki ha sido secuestrado! Su hermano mayor Ryo Sakazaki y Robert García, su mejor amigo, van a buscarla a las calles de South Town. A medida que avanzan más y más, encontrarán pistas sobre quién ordenó el secuestro, la relación de la familia Sakazaki con la mafia y una persona de su pasado. La jugabilidad difiere de la mayoría de los juegos de lucha. En este juego, tienes un medidor de espíritu. Un medidor de espíritu está en el juego y disminuirá a medida que realices movimientos especiales. Se puede recargar, pero hacerlo te deja abierto para atacar. Cuando tu salud casi se ha acabado, puedes realizar una combinación secreta que desatará un ataque mortal contra tu oponente, siempre que tengas un medidor de espíritu completo. La versión arcade no te permite jugar como Mr. Big y el escurridizo Mr. Karate.
Sangokushi - Eiketsu Tenka ni Nozomu (Japan)	Sangokushi: Eiketsu Tenka ni Nozomu es un juego de estrategia histórica por turnos ambientado en la era de los Tres Reinos de la historia china y similar en concepto y jugabilidad a la serie Romance de los Tres Reinos, aunque con un juego algo más simple. No hay selección de escenario, y la línea de tiempo exacta no está especificada, aunque la situación inicial corresponde a la fase de la guerra cuando Liu Bei y Cao Cao fueron las principales fuerzas opositoras. Los jugadores pueden elegir controlar a cualquiera de los seis señores de la guerra más reconocidos de la época, siendo Liu Bei el personaje jugador &quot;predeterminado&quot; con su propia introducción extendida y motivos personales que recuerdan la novela de Luo Guanzhong sobre los acontecimientos históricos.
Sangokushi III (Japan)	Sangokushi III es otro juego de estrategia de Koei. El concepto es el mismo aquí que en los otros juegos de guerra de Koei: ¡conquista todo lo que puedas! En este caso, el escenario histórico es la antigua China. El país está bajo el control de un Emperador, pero todos los líderes de las facciones quieren ser el emperador. Comienzas con un territorio y debes conquistar más para ganar el juego.
Seirei Senshi Spriggan (Japan)	Otro juego de shooter de arriba hacia abajo de Compile en un mundo de fantasía que mezcla elementos tradicionales de ciencia ficción con un escenario feudal de Japón. A medida que el juego comienza una lucha por el control total sobre los poderes elementales está a punto de comenzar entre dos naciones en guerra. Como el mejor piloto de mechas en el ejército de los buenos, es tu tarea repeler la invasión y ganar la guerra lidiando con la armada enemiga de manera estándar. Pero sorpresa sorpresa! Esta vez no estarás solo, ya que otros pilotos mecha controlados por IA se unirán a ti en la refriega en los momentos clave. Sin embargo, solo tú puedes comandar los poderes mágicos que se pueden agregar a tu mecha recolectando varios orbes codificados por colores, por lo que la mayor parte de la lucha dependerá de ti.
Seiryuu Densetsu - Monbit (Japan) (Rev 1)	Seiryuu Densetsu - Monbit es un juego de rol tradicional de estilo japonés de fantasía, con el típico esquema de progresión: el jugador navega por el héroe (y otros personajes que se unen a la fiesta más tarde) en el mapa descendente del mundo exterior, ingresa a las ciudades, compra armas y armaduras, y lucha contra enemigos que aparecen al azar en perspectiva en primera persona, combate por turnos. Una característica destacada del juego es el huevo de dragón que el héroe lleva desde el comienzo del juego. A medida que pasa el tiempo, nacerá un dragón y ayudará al héroe de varias maneras. Por ejemplo, incluso como un huevo, el dragón puede servir como un elemento de curación que repone una pequeña cantidad de puntos de vida.
Seisenshi Denshou - Jantaku no Kishi (Japan)	En una tierra medieval donde el poder y la prosperidad de un país dependían de las habilidades de sus habitantes para jugar mahjong, el ejército de Darol comenzó una campaña de invasión, ayudado por las fuerzas demoníacas. El reino de Rida fue conquistado. El joven guardia real Biares luchó valientemente, pero no pudo derrotar a su misterioso oponente en Mahjong. Fue teletransportado muy lejos y fue encontrado por una niña llamada Olivie. Biares tiene que encontrar una manera de regresar a Rida y liberar a su país de los invasores, encontrar compañeros y jugar mahjong en el camino. Seisenshi Denshou - Jantaku No Kishi es un juego de mahjong. El modo historia cuenta con amplias escenas y diálogo entre partidos de mahjong. El juego Mahjong en sí mismo es de la variedad uno a uno; Se pueden personalizar algunas reglas sobre combinaciones y bonificaciones. El modo libre permite al jugador hacer coincidir Biares contra varios personajes encontrados en el modo historia.
Seiya Monogatari - Anearth Fantasy Stories (Japan)	Una misteriosa joven con un bebé fue atacada durante la Noche Santa. Ella logró escapar, pero se derrumbó y murió frente a la iglesia en la ciudad de Yalem. Pero el bebé sobrevivió, creció y, finalmente, se convirtió en un héroe en una búsqueda para vengar a los asesinos de su madre y salvar el mundo. Seiya Monogatari: Anearth Fantasy Stories difiere de la mayoría de los otros juegos de rol en varios aspectos importantes. El jugador crea el personaje principal de una manera única: cuando el bebé yace en la nieve fuera de la iglesia, pasan varias personas. El jugador puede elegir presionar el botón de acción, haciendo llorar al bebé y atrayendo la atención de estas personas. Dependiendo del momento de esta &quot;acción de bebé&quot;, el héroe será adoptado por diferentes personas, lo que lo hará pertenecer a una clase de personaje diferente (luchador, ladrón, mago o monje), y también conducirá a cuatro prólogos completamente diferentes (una vez el héroe cumple quince años, las cuatro historias finalmente se fusionan en una).
Sengoku Kantou Sangokushi (Japan)	Sengoku Kantou Sangokushi es un juego de estrategia histórica por turnos ambientado durante el período Sengoku de la historia japonesa. El jugador puede tomar el control de uno de los tres señores de la guerra prominentes de la época: Uesugi Kenshin, H? J? Ujiyasu o Takeda Shingen. Cada señor de la guerra controla inicialmente una provincia con varias ciudades e intenta conquistar el territorio por medios diplomáticos o militares. Cada turno el jugador tiene una cantidad limitada de movimientos a su disposición; cada general tiene sus propias opciones, aunque algunas (por ejemplo, el matrimonio) están restringidas al señor de la guerra principal. Cada ciudad tiene que sobrevivir y aumentar su reputación manteniendo un ejército y manteniendo feliz a la población. Esto se logra mediante el comercio (compra y venta de arroz), dar dinero a civiles o soldados, desarrollar el pueblo, etc. Todos los generales también pueden establecer alianzas con gobernantes de otras provincias, firmar acuerdos y enviar espías.
Sexy Idol Mahjong (Japan)	Sexy Idol Mahjong es, como su título lo indica, un juego de mahjong protagonizado por populares cantantes japonesas y personalidades de la televisión. En la trama de fondo del juego, son las llamadas &quot;mujeres demoníacas&quot;, gobernadas por una reina casi inmortal que reside en un castillo. El jugador toma el papel de un caballero medieval que debe derrotar a estas mujeres jugando mahjong contra ellas. El personaje jugador se mueve automáticamente en un mapa aéreo y juega rondas de mahjong contra las mujeres de forma lineal. Derrotar a estos oponentes puede recompensar al jugador con sus fotos digitalizadas, generalmente con ropa escasa y poses seductoras.
Sexy Idol Mahjong - Fashion Monogatari (Japan)	Fashion Monogatari es, como su predecesor, un juego de mahjong con fotos digitalizadas de &quot;ídolos&quot; femeninas japonesas. Sin embargo, esta entrega es bastante diferente: es un juego de mesa en el que el jugador navega por un personaje lanzando dados para determinar el número de movimientos. Al igual que en otros juegos de este género, algunos campos otorgan beneficios al jugador (por ejemplo, premiarlo con dinero o artículos, invitar al jugador a participar en juegos de bonificación, etc.). Sin embargo, la mayoría de los campos llevan a rondas de mahjong contra mujeres jóvenes digitalizadas, que deben ganarse para avanzar. Las fotos de mujeres con poca ropa en poses seductoras sirven como recompensa por la victoria. También está disponible un modo mahjong para cuatro jugadores.
Sexy Idol Mahjong - Yakyuuken no Uta (Japan)	Sexy Idol Mahjong - Yakyuuken No Uta es, como otros juegos de la serie, un juego de mahjong con fotos digitalizadas de actrices japonesas. No hay historia en el juego; los jugadores simplemente pueden elegir competir en torneos mahjong de cuatro o dos jugadores, seleccionando participantes individuales o equipos de una lista. El juego también contiene un tercer modo que no tiene nada que ver con el mahjong: los jugadores seleccionan actrices que luego comienzan a bailar; Los jugadores deben presionar los botones en el momento adecuado para ejecutar movimientos de baile. Las actrices aparecen en topless en estos bailes.
Shadow of the Beast (USA)	Shadow of the Beast es un juego de plataformas con desplazamiento lateral. El jugador tiene que navegar a través de varias áreas llenas de enemigos y trampas, recolectando llaves y activando disparos que abren nuevas áreas o dan a Aarbron los medios para vencer a un subjefe. El número de movimientos que el jugador tiene a su disposición es limitado: agacharse, saltar y sólo dos ataques: puñetazo y patada voladora. Mientras que la mayoría de los enemigos mueren con un solo golpe, el jugador debe cronometrar cada ataque con precisión. Sin embargo, también hay trampas de objetos que no pueden ser destruidos, y estos requieren que el jugador salte, se agache o mueva de acuerdo a la secuencia. El jugador tiene una sola vida con 12 puntos de golpe que pueden ser repuestos recogiendo algunos objetos escondidos en el nivel (como una localización fuera de ruta o un megalito debajo de un megalito), lo que también contribuye al nivel de dificultad.
Shadow of the Beast - Mashou no Okite (Japan)	Shadow of the Beast es un juego de plataformas con desplazamiento lateral. El jugador tiene que navegar a través de varias áreas llenas de enemigos y trampas, recolectando llaves y activando disparos que abren nuevas áreas o dan a Aarbron los medios para vencer a un subjefe. El número de movimientos que el jugador tiene a su disposición es limitado: agacharse, saltar y sólo dos ataques: puñetazo y patada voladora. Mientras que la mayoría de los enemigos mueren con un solo golpe, el jugador debe cronometrar cada ataque con precisión. Sin embargo, también hay trampas de objetos que no pueden ser destruidos, y estos requieren que el jugador salte, se agache o mueva de acuerdo a la secuencia. El jugador tiene una sola vida con 12 puntos de golpe que pueden ser repuestos recogiendo algunos objetos escondidos en el nivel (como una localización fuera de ruta o un megalito debajo de un megalito), lo que también contribuye al nivel de dificultad.
Shanghai II (Japan)	Shanghai II es una variante del juego de rompecabezas también conocido como solitario Mahjong. 144 fichas de mahjong están dispuestas en filas y apiladas unas sobre otras en varios patrones; El objetivo del jugador es eliminar los pares de fichas coincidentes que no tienen fichas adyacentes de ambos lados hasta que todo el tablero esté despejado. Esta variante presenta seis patrones con nombres de animales: tigre, escorpión, mono, serpiente, pantera y dragón. El jugador puede elegir mostrar pistas o revertir cualquier cantidad de movimientos. También está disponible un modo con un límite de tiempo.
Shape Shifter (USA)	The Dark Ones han capturado el Anillo de los Cinco y encarcelado a los magos que lo custodian. Un bárbaro llamado Lykos tiene el poder de transformarse en diferentes criaturas. Necesita rescatar a los magos y al Anillo de los Cinco de los Oscuros antes de que invadan su casa, Krellion. Shape Shifter es un juego de acción de desplazamiento lateral con plataformas y elementos ligeros de rol. Gran parte del juego consiste en atravesar áreas hostiles, luchar contra enemigos regulares en el camino y derrotar a los jefes. El área del &quot;centro&quot; del juego es una ciudad donde Lykos puede reponer su salud y comprar cualquiera de las tres armas disponibles (hacha, maza o arco). Estas armas se pueden mejorar encantándolas o recogiendo poderes especiales. Después de que Lykos rescata a un mago, obtiene acceso a un poder de transformación. Las transformaciones requieren gemas especiales y no se pueden realizar si Lykos se queda sin ellas.
Sherlock Holmes - Consulting Detective (USA)	Sherlock Holmes - Consulting Detective - Vol. I es un juego de aventuras de la famosa novela de Arthur Conan Doyle. Asume el papel del detective más famoso de Scotland Yard y resuelve 3 casos de asesinato en Londres. Elemental? No tanto.
Sherlock Holmes - Consulting Detective - Vol. II (USA)	&quot;Lo que dijeron sobre Sherlock I, dirás sobre Sherlock II&quot; ... lee el anuncio en el recuadro, basado en las buenas críticas sobre el Volumen I. - La misma tecnología de video (esto es 1992), sigue ofreciendo una verdadera interacción medio ambiente: ¿realmente permitiéndote &quot;sentir&quot; el tráfico en las calles del viejo Londres? - La misma estructura brinda una apariencia familiar, que invita a canalizar toda la atención a la tarea de resolver misterios: se requiere su inteligencia, habilidades y paciencia para encontrar pistas escuchando a las personas, observando detalles o incluso leyendo el London Times, pero no lo haga. No te dejes llevar por una pista equivocada. - El mismo número de casos: 3 Pero, cada situación es completamente diferente: ¿Los dos leones? que implica el asesinato de leones de circo,? Las pinturas robadas? recién comprado por The National Gallery ... y? The Murdered Munitions Magnate ?, donde las pistas revelan diferentes motivos posibles ... no tienen nada en común, excepto el detective a cargo: ¿tú?
Shin Megami Tensei (Japan) (Rev 1)	Shin Megami Tensei es la secuela de Turbografx de la serie RPG lanzada bajo el nombre de Megami Tensei en NES. En su sueño, un niño se encuentra con un espíritu, dos hombres misteriosos y una mujer que parece conocerlo. Despertado por su madre con la que vive en Tokio, descubre que este sueño está vinculado a los dramáticos eventos que experimentará la Tierra. Se entera de que es el único capaz de salvar el mundo al convertirse en un invocador de demonios.
Shin Nihon Pro Wrestling - '94 Battlefield in Tokyo Dome (Japan)	Shin Nihon Pro Wrestling 94: Battlefield en Tokyo Dome permite a los jugadores experimentar la lucha profesional más popular en Japón, la New Japan Pro Wrestling. El juego presenta verdaderos luchadores de la época. Los luchadores aparecen como fotos escaneadas en la secuencia introductoria y en las pantallas de selección de personajes. durante el juego se representan como imágenes gráficas 2D. El juego tiene cuatro modos de juego; El &quot;modo de combate&quot; permite al jugador elegir un luchador y competir contra oponentes seleccionados y controlados por la IA. Los otros modos corresponden a una liga, una copa (solo fase de eliminación) y un modo &quot;versus&quot;. En cada modo, el jugador puede elegir entre un solo partido (uno contra uno) y un equipo, con un luchador adicional en cada lado. El modo Liga permite la competencia entre hasta cuatro jugadores.
Shin Onryou Senki (Japan)	Shin Onryou Senki es un remake de Onryō Senki La historia y la mayoría de los diálogos siguen siendo los mismos que en el lanzamiento original; En cuanto a la jugabilidad, las versiones también son casi idénticas, utilizando los mismos comandos verbo-objeto basados en menús. Las diferencias radican principalmente en la presentación visual y la calidad técnica de la música. Los gráficos son mucho más avanzados técnicamente; La mayoría de las ubicaciones se han vuelto a dibujar desde cero. Las fotos digitalizadas se utilizan para representar algunos de los personajes, y el estilo de anime es menos pronunciado. Se han ampliado muchos lugares y escenas, con primeros planos adicionales, diferentes ángulos, etc. Se han agregado o hecho accesibles algunos lugares en diferentes momentos durante el transcurso del juego.
Shougi Database Kiyuu (Japan)	Shougi Database Kiyuu es una adaptación de videojuego de un juego de mesa japonés, relacionado con el ajedrez occidental y particularmente con el xiangqi chino. El modo principal del juego ofrece competencia entre jugadores humanos o tres niveles de inteligencia artificial. Los modos adicionales incluyen el análisis y la reproducción de situaciones de partidas sh? Gi existentes y la resolución de problemas y estudios (tres niveles de dificultad con más de cuarenta ejemplos cada uno). El juego también incluye una base de datos de famosos jugadores sh? Gi, con datos biográficos, registros, etc.
SimEarth - The Living Planet (USA)	En Sim Earth - The Living Planet, creas un planeta en tu videoconsola. El juego se basa en la hipótesis Gaia de James Lovelock, que establece que la Tierra ha desarrollado un sistema de autorregulación entre sus componentes vivos y no vivos y las interacciones externas. Es posible preguntarle a la Tierra qué es lo mejor para su evolución y variar su masa, sus componentes o la temperatura. Comienzas a partir de cuatro períodos diferentes: geológico, evolución, civilización y tecnología.
Slot Gambler (Japan)	Slot Gambler sigue la historia de un joven que se encuentra teletransportado milagrosamente a una tierra maravillosa que consta de nueve islas. Cada isla contiene casas de casino dirigidas por mujeres atractivas y con poca ropa. El jugador navega por el protagonista en el mapa de la isla, visita los casinos y juega en varias máquinas tragamonedas hasta que se cumplan los requisitos ganadores para continuar el viaje. Algunos lugares conducen a minijuegos de rompecabezas, encuentros con mujeres que le dan al héroe imágenes eróticas de sí mismas, etc. Los personajes femeninos en el juego son fotos digitalizadas de personas reales. Aunque se utilizan temas sugerentes, no hay desnudos explícitos ni situaciones sexuales.
Snatcher CD-ROMantic (Japan)	El jugador toma el control de Gillian Seed, uno de los JUNKER. La jugabilidad sigue en gran medida la estructura de una aventura de estilo japonés. El reproductor utiliza una interfaz controlada por menús para ejecutar comandos, que incluyen moverse entre ubicaciones e interactuar con el entorno. Por lo general, cada sala contiene objetos que pueden examinarse, lo que lleva a descripciones de texto y comentarios. Las conversaciones ocupan una gran parte del juego, con varios temas disponibles y una gran cantidad de información sobre el mundo y los personajes del juego. Algunas partes contienen elementos ligeros para resolver acertijos, aunque, por regla general, el juego carece casi por completo de acertijos. Durante los momentos clave de la narrativa, se le pedirá al jugador que participe en intensas secuencias de disparos.
Sol Bianca (Japan)	El juego está basado en la película de anime del mismo nombre. En el siglo 24, la piratería sigue siendo un problema, pero no más en los mares y océanos, navegando en barcos ordinarios: ¡los piratas están en el espacio! La tripulación pirata más peligrosa es la de Sol Bianca: abril, enero, mayo, junio y febrero. No, esos no son nombres de meses, sino cinco bellas damas, que pueden manejar armamento de alta tecnología y que solo piensan en tesoro. Pero los cinco piratas encantadores no son malvados: cada vez que un tirano amenaza a un planeta, están allí para ayudar. La jugabilidad de Sol Bianca es la de un juego de rol tradicional de estilo japonés. El jugador controla a las cinco chicas como una fiesta, cada una con estadísticas individuales. El grupo de heroínas visita planetas, viaja por el mapa del mundo y se enfrenta a enemigos que aparecen al azar en una perspectiva en primera persona, combate por turnos.
Sol Moonarge (Japan)	A medida que ocurrieron terremotos en el reino de Itchy, y los demonios comenzaron a vagar libremente por el desierto, el rey se dio cuenta de que una antigua profecía está a punto de cumplirse, y el mundo entero está en peligro. El valiente espadachín Soleil vive en la ciudad capital, y el rey le confía la tarea de proteger a las dos diosas de la Luna y recuperar la Espada del Sol, que son necesariamente para evitar que un mago conocido como Silver use los Gears of Fate para su maldad. propósitos ...
Solid Force (Japan)	Solid Force es un juego de estrategia por turnos que presenta al jugador en el papel de Sho Masaki, miembro de una organización conocida como &quot;Marte&quot;. El grupo está formado por agentes altamente capacitados y se especializa en realizar misiones clasificadas para varios países. La primera misión de Sho es infiltrarse en una base en África Oriental a pedido de la Federación Africana. El juego se compone de batallas tácticas a gran escala. El jugador navega por los combatientes por la pantalla y trata de cumplir misiones sin matar al héroe principal. La mayoría de los ataques en el juego son a distancia, y cada arma tiene propiedades únicas. Es posible elegir ataques completos o extendidos con muchas armas de fuego, lanzar bombas y usar habilidades especiales. Las armas tienen munición limitada y deben equiparse manualmente antes de usarlas. Se pueden ejecutar poderosos ataques de área, pero dañan a todos en el área, incluidos los personajes controlados por jugadores. Las máquinas similares a robots pueden ser controladas directamente por el jugador o configuradas en modo automático.
Sorcerian (Japan)	El juego es un juego de rol con una perspectiva inusual de desplazamiento lateral y combate basado en la acción, algo así como un cruce entre Wizardry y los juegos de plataformas. A pesar de ser un juego japonés, Sorcerian se parece a los juegos de rol occidentales de su época, centrándose más en el desarrollo del personaje que en la historia. Al principio, el jugador crea un grupo de cuatro personajes, eligiendo entre luchador, mago, elfo y enano (las razas y las clases no se distinguen). Además de las posadas y tiendas habituales, hay muchas cosas que se pueden hacer en las ciudades del juego, incluido el desarrollo complejo de hechizos mágicos (hasta 120 hechizos de diferentes disciplinas), entrenamiento para aumentar las habilidades personales (fuerza, inteligencia, etc.) ), encantando armas con magia elemental, así como buscando trabajos a tiempo parcial.
Sotsugyou - Graduation (Japan)	Sotsugyou - Graduation es el primer juego de la serie, lanzado solo en Japón. Pone al jugador en una posición de maestra de secundaria, cuyo objetivo es llevar exitosamente a cinco estudiantes a graduarse en el mismo semestre. Para hacer eso, el jugador tiene que estudiar las características individuales de las niñas. Cada niña tiene diferentes parámetros, diferentes fortalezas y debilidades. El maestro debe tener cuidado de no sobrecargar a los estudiantes con el trabajo, pero dejarlos hacer lo que quieran tampoco es la forma correcta. El profesor también tiene control sobre otros aspectos de la vida de los estudiantes: es posible tener conversaciones personales con las chicas para motivarlas y elegir actividades de ocio para ellas (como ir al cine). Las niñas pueden estar disgustadas con el maestro o enfermarse, por lo que es importante mantener la moral alta para lograr una graduación exitosa.
Sotsugyou II - Neo Generation (Japan)	Graduation es un juego japonés de anime &quot;life-sim&quot;. Asume el papel de un maestro de aula que tiene la responsabilidad de enseñar a cinco niñas en su último año de secundaria. Usted determina sus horarios de clase, hace orientación psicológica, interfiere con sus planes de fin de semana y ocasionalmente sale a la calle para asegurarse de que no se metan en problemas. Cada una de las chicas tiene su propia personalidad y problemas individuales, y las elecciones que hagas determinarán si se gradúan de la escuela secundaria, qué harán con sus vidas después y si terminan o no odiando tus agallas. Mételos a todos en las mejores universidades y tu jefe elogiará tu genio. Si todos fallan o terminan queriendo casarse contigo, obviamente serás despedido.
Sotsugyou Shashin - Miki (Japan)	Esta versión mejorada de la versión anterior de la computadora le permite al jugador jugar cualquiera de los juegos directamente desde el menú principal. Ambos juegos presentan algunas ilustraciones rediseñadas y una banda sonora remezclada, así como voces en off que no estaban presentes en las versiones de computadora. Si bien la jugabilidad de Miki permanece en gran medida sin cambios, esta versión de Sotsugyou Shashin - Miki permite al jugador elegir a Hiromi Kamura como protagonista, lo que agrega un segundo escenario al juego donde se presentan los mismos eventos desde su punto de vista. El sistema de juego ha sufrido algunos ajustes, lo que hace que algunas de las elecciones del jugador influyan en el curso de la historia. Si bien el juego original solo tenía un final, esta versión tiene siete finales para el escenario de Naoki y diez para el de Hiromi.
Space Adventure Cobra - Kokuryuuou no Densetsu (Japan)	Cobra es un valiente pirata espacial renegado que lucha contra el malvado Pirate Guild y ayuda a personas inocentes, navegando de planeta en planeta en su nave espacial, ayudado por su fiel compañera, la chica cyborg Lady. La aventura comienza en una estación espacial cerca del planeta Eldo. La antigua civilización de este planeta ha sido destruida durante mucho tiempo, pero la luz inusualmente hermosa que rodea el lugar atrae a turistas de toda la galaxia. Cobra nota que un hombre sospechoso observa cada uno de sus pasos. En poco tiempo se da cuenta de que su nave está bajo ataque. ¿Quién está detrás de Cobra? ¿Podrá sobrevivir? ¡Eso es lo que tienes que descubrir!
Space Adventure Cobra II - Densetsu no Otoko (Japan)	Mientras espera en un bar a su pareja, Cobra se encuentra con una hermosa cazarrecompensas llamada Jane. Muy pronto se da cuenta de que la generosidad que Jane ha estado buscando su propia cabeza, por lo que la Patrulla Galaxy ha dado una gran recompensa. Pero todo cambia cuando Crystal Boy, el jefe de Pirate Guild y el archienemigo de Cobra, aparece en escena. El padre de Jane aparentemente había escondido un gran tesoro, codificando su ubicación en tatuajes en la espalda de sus hijas trillizas. Crystal Boy quiere este tesoro y va tras Jane y sus hermanas. Cobra y Jane deciden unir fuerzas para encontrar a las hermanas de Jane y socavar los planes de Crystal Boy.
Space Invaders - The Original Game (Japan)	Esta versión de Space Invaders se basa en el juego arcade de 1994 Space Invaders DX, pero carece del modo de parodia de ese juego. Lo que queda es el modo clásico que permite al jugador elegir el tipo de gabinete de arcade (vertical, blanco y negro, etc.) como fondo de la acción, así como el modo versus para dos jugadores. El modo versus es pantalla dividida, cada jugador intenta sobrevivir y eliminar más invasores que el oponente. La versión de Game Boy tiene modos de uno y dos jugadores con los tonos habituales de Game Boy (negro y gris). Sin embargo, enchufar el carrito a un Super Game Boy permite jugar en los cuatro tipos de gabinetes de la versión SNES.
Splash Lake (USA)	Splash Lake es un juego de estrategia y acción. Cada ronda consiste en un área de juego de una sola pantalla compuesta de fichas suspendidas sobre un lago. Controlas un avestruz que puede romper los azulejos y hacer que caigan al agua. Su objetivo es utilizar esta capacidad para hacer que todos los malos de la pantalla caigan al agua. El juego presenta más de 60 niveles, un modo simultáneo para dos jugadores y escenas humorísticas cada 10 niveles.
Splash Lake - Ostrich Daibouken (Japan)	Splash Lake es un juego de estrategia y acción. Cada ronda consiste en un área de juego de una sola pantalla compuesta de fichas suspendidas sobre un lago. Controlas un avestruz que puede romper los azulejos y hacer que caigan al agua. Su objetivo es utilizar esta capacidad para hacer que todos los malos de la pantalla caigan al agua. El juego presenta más de 60 niveles, un modo simultáneo para dos jugadores y escenas humorísticas cada 10 niveles.
Spriggan Mark 2 - Re Terraform Project (Japan)	Una vez más, pilotea un mecha en una guerra entre dos ejércitos opuestos, en Spriggan mark 2: Re-Terraform Project, esta vez para decidir el destino de una colonia distante en el espacio exterior. Al igual que en el primer juego, otras mechas controladas por la IA se unen a la lucha e incluso hablan con el protagonista con voces en off para avanzar en la trama. El sistema de armas de codificación de colores del original desapareció, reemplazado por un sistema de encendido coleccionable estándar. No hay opciones disponibles para mirar la espalda del personaje del jugador, pero es posible cambiar la dirección a la que se enfrenta el mecha controlado por el jugador, lo que permite al jugador lidiar con amenazas desde atrás.
Star Breaker (Japan)	En el futuro, la humanidad ha aprendido a navegar en naves espaciales. Los seres humanos se extendieron a diferentes planetas de la Vía Láctea. El héroe del juego es un joven piloto llamado Harry. Estaba probando el modelo de nave espacial más nuevo, pero se estrelló en Menaris, un planeta en las afueras del sistema solar Eva, con una civilización medieval. Resulta que reparar el barco será todo menos fácil, por lo que Harry decide quedarse un tiempo y ayudar a los habitantes de Menaris con sus problemas, que involucran al excesivamente ambicioso Imperio Doran. Con la ayuda de Aria, princesa de Menaris, Harry debe descubrir la verdad sobre las intenciones de Doran, y cuando se entera, se da cuenta de que no usará el barco reparado para regresar a casa, sino que tendrá que enfrentar algo que amenace a todo el mundo. galaxia. Star Breaker es un juego de rol japonés bastante tradicional, con vista de arriba hacia abajo, navegación por el mapa mundial, batallas aleatorias por turnos y todos los demás ingredientes habituales.
Star Mobile (Japan)	Star Mobile es un juego de rompecabezas en tiempo real. Se muestra una gran escala en la pantalla, y las estrellas caen continuamente desde arriba. El objetivo es mover las estrellas horizontalmente a medida que caen de tal manera que el peso en la balanza sea el equilibrio. Cada etapa contiene una cantidad establecida de estrellas que el jugador debe manejar. Las estrellas vienen en diferentes colores que representan su peso. Tanto el lado derecho como el izquierdo de la escala contienen varios puntos donde las estrellas pueden aterrizar. Si hay demasiadas estrellas en el mismo lugar, se caerán, disminuyendo en gran medida el peso en el lado en el que se encontraban.
Star Parodier (Japan)	Muévete rápido y dispara! Es una explosión sin parar de poder de fuego y estás atravesando el espacio, ¡justo en el medio! El Culto al Cerebro que una vez derrotaste ha vuelto, más malo que nunca. ¡Pero tu dedo está en el gatillo de un nuevo e increíble ataque tecnológico! Scorch the Scorpion con un aguijón nuclear. Dispara tus sidewinders que buscan calor. ¡Luego enciéndelo para lanzar tu Super Bomb del fin del mundo! Sopla esos cerebros y salva la galaxia. ¡Entonces desafía a tus amigos con un modo de tiempo de competencia especial para demostrar quién es realmente la Super Star!
Startling Odyssey (Japan)	En Startling Odyssey, el jugador toma el papel de un niño llamado Leon. Un día, sus aldeas de origen son atacadas por monstruos. Su mejor amigo es asesinado, y el mago más poderoso de la aldea es convertido en piedra y secuestrado por el líder de los monstruos. Leon recibe la bendición del anciano del pueblo y comienza su búsqueda para vengar la muerte de su amigo y derrotar a las fuerzas demoníacas que amenazan la tierra. El juego es un juego de rol japonés bastante tradicional, con todos los ingredientes familiares: Leon (y sus compañeros que luego se unen a la fiesta) recorren el mapa mundial, ingresan a ciudades y mazmorras, compran equipos y artículos, y se enfrentan a enemigos que aparecen al azar en turnos. combate. Las batallas se ven desde la perspectiva de primera persona. Los personajes pueden usar ataques regulares, así como hechizos mágicos, y las batallas también se pueden configurar en Auto.
Startling Odyssey II - Maryuu Sensou (Japan)	Un científico loco llamado Dr. Killbait logró resucitar a uno de los ocho dragones antiguos, poniendo en peligro el país de Hyneld. El capitán de los caballeros del rey, Robin Solford, es testigo del ataque del dragón al castillo. Sus dos camaradas son asesinados, y la princesa Patricia, la hermana adoptiva de Robin, no se ve por ningún lado. Robin está decidido a encontrar a Patricia y detener al Dr. Killbait, y comienza a deambular por el mundo, con la esperanza de encontrar amigos que lo ayuden en su peligroso viaje.
Steam-Heart's (Japan)	Steam Heart's es un juego de disparos en 2D de ciencia ficción con desplazamiento vertical y contenido erótico. El juego tiene lugar en un futuro lejano, en un planeta alienígena dominado por siete princesas como elfos o gatas que han caído bajo el hechizo de un virus único que los ha vuelto locos y amenaza con destruir el planeta si todos los gobernantes declaran que todo ... fuera de guerra. Solo Blondia Varady (apodado &quot;Blow&quot;) y su hermana Fallandia se han salvado de la enfermedad y deben pilotar sus naves de combate para penetrar profundamente en el dominio de cada princesa, destruir sus máquinas de guerra y administrar el antídoto. Afortunadamente para Blow, el antídoto ha sido sintetizado en su órgano reproductor, por lo que eso significa que solo hay una forma de inocular a las niñas ...
Strider Hiryuu (Japan)	Juegas como Hiryu, miembro de la hermandad de los Striders, una especie de orden caballeresca moderna, que lucha contra el siniestro &quot;Grand Master Meio&quot;, que desea conquistar el mundo. Diezmada su hermandad, usted es uno de los únicos Striders que siguen vivos para buscar venganza. El juego adopta la forma de un juego de plataformas. Armado con tu sable láser (Cypher), tendrás que eliminar a numerosos enemigos en varios niveles que van desde la Unión Soviética hasta la selva tropical. También puedes colgarte de las paredes con un gancho metálico. Ocasionalmente, las bonificaciones obtenidas al destruir cápsulas te permitirán aumentar el alcance de tu espada o ir acompañado de un pequeño robot que destruirá a tus enemigos. Apreciamos los espectaculares movimientos del personaje desenvainando su arma o girando en el aire mientras salta.
Sugoroku, The '92 - Nari Tore - Nariagari Trendy (Japan)	Nariagari Trendy es una adaptación del juego de mesa japonés sugoroku, la versión de &quot;Juego de la vida&quot; similar a Monopoly en lugar de la variante de backgammon. Cuatro personajes, controlados por jugadores humanos o IA de computadora, se mueven en un tablero que representa una ciudad, ganando dinero y puntos en el camino. Los personajes están tomados de otros juegos de Laser Soft, principalmente la serie Cosmic Fantasy. La cantidad de movimientos está determinada por la tirada de dados. Los campos especiales otorgarían al personaje que aterriza en ellos con grandes cantidades de dinero, la oportunidad de lanzar los dados nuevamente, o dar lugar a varios minijuegos que aumentarían las posesiones del personaje. Otro tipo de campos lleva a una tienda dirigida por el gato Nyan de Cosmic Fantasy, que ofrece cartas especiales por dinero.
Summer Carnival '92 - Alzadick (Japan)	Alzadick es un shoot-em-up de ciencia ficción de desplazamiento vertical diseñado para el Carnaval de verano de 1992 de Naxat Soft, una competencia de juego similar al Torneo de caravanas de Hudson. El juego se enfoca específicamente en vencer puntajes altos y, como tal, presenta los modos Score Attack y Time Attack, ambos segmentos cortos de juego shoot-em-up que desafían a los jugadores a alcanzar un puntaje alto (en el caso de Time Attack, dentro de una cantidad limitada de hora). También hay un modo historia dividido en dos episodios (ambos basados en escenarios futuristas con temas de ciencia ficción); sin embargo, no hay un desarrollo real de la trama en el juego, y los episodios son muy cortos en comparación con los shooters de duración estándar. Como en la mayoría de los juegos de este tipo, el jugador controla una nave espacial e intenta eliminar o evitar enemigos en pantalla. Los potenciadores toman la forma de las letras A, B, C y D; cada uno corresponde a un arma de color y propiedades específicas (por ejemplo, propagación de fuego, fuego lateral, etc.), aunque son bastante similares entre sí en función.
Summer Carnival '93 - NEXZR Special (Japan)	Lanzado específicamente por el Naxat Soft's, Nexzr Special es una colección de etapas y modos cortos que comparten su sistema de juego básico y efectos visuales con Nexzr. El modo regular presenta enemigos regulares familiares y algunos jefes nuevos. El &quot;Modo Carnaval&quot; contiene los modos de Ataque de puntaje y Ataque de tiempo, ambos requieren que el jugador se concentre en lograr el puntaje más alto en lugar de solo sobrevivir. Por esa razón, la dificultad en estos modos es más indulgente; Permiten más continuas y tienen potenciadores más generosamente ubicados. Estos modos también ofrecen objetos más destructibles en la pantalla, ya que estos sirven específicamente para aumentar la puntuación.
Super Air Zonk - Rockabilly-Paradise (USA)	El héroe de PC Denjin vuelve en un nuevo juego para CD con niveles seleccionables, nuevos enemigos y una banda sonora inédita. Conserva las plantas de poder clásicas y añade habilidades como el puñetazo con las botas. En cada nivel puedes rescatar a un aliado que se une a ti otorgando una habilidad especial, como disparos rápidos o ataques por la espalda.
Super Albatross (Japan)	Super Albatross es un juego de golf. Hay tres modos disponibles: entrenamiento, match play y torneo. Match play es esencialmente un modo historia que pone al jugador en el papel de un joven cuya madre falleció y que trata de encontrar consuelo en el golf. En este modo, los oponentes deben ser derrotados de manera lineal y los rumbos son dictados por la historia. En los modos de entrenamiento y torneo, el jugador puede elegir entre seis cursos diferentes. El modo torneo es una competencia entre varios personajes que aparecieron como oponentes en el modo match play. El juego de golf en sí mismo se ve desde una perspectiva de arriba hacia abajo en todo momento y permite al jugador elegir el tipo de palo, así como ajustar el ángulo y la fuerza del tiro.
Super Daisenryaku (Japan)	Super Daisenryaku es uno de los muchos títulos de la serie de estrategia de guerra de larga duración de SystemSoft. La mecánica del juego se basa en Daisenryaku II, pero muchos de los mapas incluidos son exclusivos de esta versión, incluidos varios basados en Phantasy Star en la versión de consola de Sega. No hay modo de campaña, y se puede jugar cualquiera de los mapas incluidos. Algunos mapas son para dos jugadores, otros para cuatro, y cualquier mapa se puede jugar con cualquier combinación de jugadores humanos y de computadora. Las versiones de computadora también cuentan con un editor. El juego se juega en un gran mapa compuesto por espacios hexagonales, cada uno de los cuales consta de uno de los tipos de terreno incluidos. Cada jugador controla una cantidad de unidades (compradas con dinero), que ocupan un espacio en la cuadrícula. La mayoría de los tipos de unidades se basan en equipos militares reales de la época en que se lanzó el juego, lo que está disponible para el jugador depende de la facción elegida.
Super Darius (Japan)	Super Darius es un puerto de Darius para el CD-ROM de PC Engine, y el único intento de un puerto preciso del juego durante muchos años; ¡incluso utiliza grabaciones de música y efectos de sonido directamente desde el PCB de la sala de juegos! Su otro reclamo a la fama es la introducción de los 26 jefes del borrador original para Darius, algunos de los cuales se vieron anteriormente en material promocional.
Super Darius II (Japan)	Super Darius II es un Darius II actualizado lanzado para el CD TurboGrafx que presenta un conjunto completamente nuevo de jefes, cambios importantes en los niveles y una banda sonora totalmente arreglada que incluye nuevas canciones.
Super Mahjong Taikai (Japan)	Super Mahjong Taikai es una continuación de Mahjong Taikai. La estructura y la jugabilidad del juego son casi idénticas a las de su predecesor. Entre las diferencias está la posibilidad de seleccionar un retrato del personaje principal (hombre o mujer) y algunos personajes históricos adicionales para competir: por ejemplo, el caudillo medieval japonés Oda Nobunaga ahora se une a Toyotomi Hideyoshi y Tokugawa Ieyasu, famoso personaje histórico. personajes de la misma época La lista de personajes modernos (en particular, desarrolladores como Kou Shibusawa) también se ha ampliado. Al igual que en el juego anterior, solo se puede acceder al modo de gran torneo una vez que el jugador ha avanzado lo suficiente en el ranking.
Super Raiden (Japan)	Una conversión del clásico arcade shoot 'em up, Raiden sigue las convenciones del género con cápsulas de colores que dan diferentes armas cuando se recogen. Raiden es uno de los grandes de todos los tiempos en los anales de la historia de los shoot 'em up. No son solo los excelentes gráficos y sonidos, sino también el atractivo juego que te mantiene adicto por años. También es capaz de vomitar algunos momentos espeluznantes, y las habilidades para esquivar las balas se llevan al extremo
Super Real Mahjong P.V Custom (Japan)	Super Real Mahjong PV es la quinta entrega de la serie de strip mahjong. No hay historia de fondo en el juego; el jugador simplemente se presenta a tres chicas de secundaria: Mizuki, Aya y Akira, que lo desafían al juego del mahjong. El modo principal de mahjong es el de la variedad uno a uno; Después de cada ronda completada con éxito, la niña se quita una parte de su ropa. Las versiones de computadora del juego contienen escenas con desnudos; entre las versiones de consola, la PC-FX one es la única que tampoco tiene censura. Algunas de las versiones tienen modos de juego secundarios, como un modo de equipo en el que el jugador controla a tres chicas y juega mahjong contra otras tres.
Super Real Mahjong PII-III Custom (Japan)	Super Real Mahjong PII & PIII es una compilación que contiene Super Real Mahjong PII y Super Real Mahjong PIII, que solo se lanzaron en las salas recreativas como juegos separados. Ambos juegos son partidos de mahjong uno a uno bastante sencillos; el jugador no puede seleccionar al oponente y el juego termina cuando se pierde una ronda de mahjong. La compilación presenta gráficos y animación mejorados, así como modos de juego adicionales: mahjong para cuatro jugadores (en las versiones de computadora) y modo versus, donde el jugador puede seleccionar oponentes (en la versión de PC Engine / TurboGrafx CD).
Super Real Mahjong PIV Custom (Japan)	Originaria de las salas recreativas, esta entrega de la serie Super Real Mahjong coloca al jugador en el papel de un miembro del club mahjong que compite contra tres oponentes femeninas. Las rondas ganadas por el jugador conducen a animaciones desvestidas; sin embargo, mientras que la versión para computadora tiene desnudos explícitos, las versiones de consola están censuradas. Todas las versiones tienen los mismos oponentes, escenas y reglas de juego. La versión para computadora agrega un modo versus en el que las niñas pueden competir entre sí, mientras que la versión Super Famicom (SNES) tiene el llamado &quot;modo de rompecabezas&quot;, que revela partes de un rompecabezas mientras el jugador gana rondas de mahjong.
Super Real Mahjong Special - Miki Kasumi Shouko no Omoide yori (Japan)	Esta entrega de la serie Super Real Mahjong presenta a los personajes principales como oponentes del mahjong. No hay una historia de fondo en el juego ni modos adicionales: el jugador simplemente selecciona uno de los personajes y juega rondas de mahjong hasta que él o la niña se quedan sin dinero. Las imágenes de chicas se desbloquean a medida que el jugador acumula victorias.
Super Schwarzschild (Japan)	Super Schwarzschild es una entrada derivada de la serie Schwarzschild. El escenario del juego se basa en el de Schwarzschild II. La historia es mucho más elaborada y específica del personaje; A diferencia del juego anterior, hay una trama lineal avanzada a través de diálogos y escenas de estilo anime. El jugador toma el control de Alcion, el príncipe heredero del reino de Auraclume, quien se ve obligado a terminar sus estudios en el extranjero y regresar a su país para defenderlo contra un enemigo traicionero. El sistema de juego también es muy diferente; a diferencia de las entradas principales de la serie, Super Schwarzschild no es un gran juego de estrategia. La jugabilidad se limita a áreas mucho más pequeñas y también es significativamente más lineal y orientada a la misión. En lugar de presentar un juego de forma libre y la interacción con una multitud de naciones, el juego está restringido a un solo conflicto militar.
Super Schwarzschild 2 (Japan)	La secuela de Super Schwarzschild ofrece un escenario original que tiene lugar después de la Gran Guerra Somari. Como otros juegos de Schwarzschild, se desarrolla en el siglo 40 y retrata una compleja situación política y militar dentro de un sistema estelar. Los eventos del juego tienen lugar en o alrededor del poderoso reino de Istramu, que fue severamente debilitado por la muerte del rey. Los líderes temporales se reemplazaron entre sí, y la inestabilidad condujo a una revuelta global en el espacio circundante. El jugador toma el papel de varios personajes que pertenecen al movimiento de resistencia. Al igual que el juego anterior, Super Schwarzschild tiene elementos de estrategia menos grandiosos que las principales entregas de Schwarzschild, y se enfoca en estrategias y tácticas militares de menor escala. No hay opciones de diplomacia; La gestión de recursos y la investigación se simplifican.
Sword Master (Japan)	Una noche, un viajero solitario y sombrío que se hace llamar Ax aparece en un pub a las afueras del castillo de Satania. Conoce a Althea, una niña de un pueblo cuyos habitantes fueron masacrados por orcos. Los dos viajan al castillo, donde se encuentran con el rey de Satania, y descubren un antiguo y poderoso artefacto que ahora ha causado la resurrección de un poderoso demonio. Axe revela su propia herencia demoníaca, pero está dispuesto a unir fuerzas con la gente del reino y luchar contra sus parientes ... Completamente ajeno a un juego anterior del mismo nombre, Sword Master es un juego de rol táctico, es decir, un híbrido de RPG de estilo japonés y batallas estratégicas. El jugador controla un grupo pequeño al principio, pero luego puede comandar varias unidades. La mayor parte del juego tiene lugar en los campos de batalla. El jugador navega por los héroes por turnos, atacando o lanzando magia cuando el enemigo está dentro del alcance. Los ataques se presentan como secuencias cortas animadas de pantalla completa.
SydMead's TerraForming (USA)	En Terraforming, la raza humana ha huido a las profundidades del espacio después de que la Tierra se haya vuelto inhabitable. Como resultado, viajan de planeta en planeta en un intento de encontrar un planeta lo suficientemente adecuado como para terraformarse en una nueva Tierra. En el camino se encuentran con razas alienígenas que deben destruir en un intento por sobrevivir y continuar con la raza humana. El juego es un juego de disparos de desplazamiento lateral básico, derribando naves espaciales enemigas, recogiendo power-ups e iconos de salud y mejorando las armas principales y secundarias junto con los obligatorios jefes de gran escenario. La característica más notable del juego es el trabajo realizado por Syd Mead, un artista de efectos especiales para películas como Star Trek: The Motion Picture, Blade Runner, Aliens, 2010 y tan reciente como Mission Impossible III.
Sylphia (Japan)	Sylphia se desarrolla en un entorno inspirado en la mitología griega. La heroína del juego era una doncella intrépida que intentaba proteger su ciudad natal del ataque de los monstruos. Pero incluso su poder no era suficiente, y fue asesinada ... Tocada por su sacrificio, la diosa Atenea la revivió como una semi-diosa voladora. Restaurada a una nueva vida, Sylphia ahora puede desatar su ira sobre los monstruos y sus seguidores. A pesar de su tema y escenario, Sylphia juega como un tirador de desplazamiento vertical. Como en la mayoría de los juegos de este tipo, el juego consiste en derribar oleadas de enemigos, en el suelo y en los cielos. Sylphia puede usar cuatro tipos de ataques a distancia, que corresponden aproximadamente a las armas tradicionales de otros tiradores: explosiones de fuego, láser, fuego de propagación, misiles guiados. Estas armas se muestran como orbes de colores y deben recogerse. Se pueden recolectar poderes para cada tipo de ataque. Además, se puede almacenar un ataque especial devastador (por una carga) y ejecutarlo.
Tadaima Yuusha Boshuu-chuu (Japan)	Tadaima Yuusha Boshuu-chuu es un título semi humorístico que incorpora elementos de juegos de rol y juegos de estrategia. El juego se desarrolla en una tierra de fantasía medieval poblada por varias razas; cuando el país es invadido por invasores demoníacos, el rey cobardemente evita la responsabilidad y pone la tarea de liberarlo en manos de un grupo de héroes. Cuatro jugadores (humanos o controlados por IA) seleccionan a sus personajes, cada uno representando una raza exótica, y los llevan a una misión para liberar la tierra. La navegación se realiza en un estilo de juego de mesa; cada uno de los jugadores tira dados, lo que determina la cantidad de movimientos que el personaje puede hacer. Los personajes pertenecen a diferentes clases y tienen atributos únicos, habilidades, puntos de golpe y mágicos, etc. En las ciudades los personajes pueden descansar, comprar hechizos mágicos de varios niveles y disciplinas elementales, comprar artículos y contratar compañeros en bares.
Taiheiki (Japan)	Taiheiki es un juego de estrategia por turnos basado en la épica histórica japonesa del siglo XIV del mismo nombre. Al igual que el libro, el juego retrata la lucha entre el Tribunal del Norte, gobernado por el decadente H? J? clan (luego traicionado por su vasallo Ashikaga Takauji), y la Corte Sur del emperador Go-Daigo. La jugabilidad tiene fuertes elementos de gran estrategia y es similar a la serie de &quot;simulación histórica&quot; de Koei. El jugador puede elegir controlar las fuerzas del Norte o del Sur, eligiendo las acciones para el líder y todos sus vasallos. El jugador puede optar por participar en la diplomacia con los gobernantes de otras provincias, firmar acuerdos y administrar y navegar ejércitos. El combate tiene lugar en una cuadrícula de arriba hacia abajo, en la que el jugador navega por los soldados por turnos. Las batallas individuales proceden automáticamente, su resultado se basa en los atributos del participante.
Tanjou - Debut (Japan)	Tanjou - Debut pone al jugador en el papel de un agente de la compañía de música, que tiene que trabajar con tres estrellas potenciales del entretenimiento: tres chicas jóvenes llamadas Aki, Kumi y Saori. Al comienzo del juego, el jugador ve las estadísticas de cada niña y la descripción de su personalidad. Luego comienza el entrenamiento. La mayor parte del juego se gasta en planificar horarios para las chicas. Practicar habilidades musicales, trabajar, tener vacaciones: todo influye en las estadísticas de las chicas. Es importante mantener felices a las niñas y reducir su estrés; al mismo tiempo, tener vacaciones sin practicar disminuirá su habilidad profesional. Mantener el equilibrio correcto es la clave aquí.
Tecmo World Cup Super Soccer (Japan)	Tecmo World Cup Super Soccer es bastante diferente del Tecmo World Cup Soccer de nombre similar. En este juego de fútbol (soccer), los jugadores pueden elegir entre competir por la Copa del Mundo o participar en el torneo de la liga japonesa. Solo están disponibles ocho equipos internacionales (Brasil, Argentina, Japón, Inglaterra, Francia, España, Italia y Alemania). Antes de que comience un partido, los jugadores pueden elegir entre tres estrategias generales para el equipo: normal, ofensivo o defensivo. También se pueden seleccionar las condiciones climáticas (normal, lluvia o nieve) y la duración del partido. El juego en sí se juega desde una perspectiva en tercera persona que cambia ligeramente entre isométrico y de arriba hacia abajo según la situación.
Tenchi Muyou! Ryououki (Japan)	Tenchi Muyou! Ryououki se basa en la serie de manga y anime Tenchi Muyo, en particular el OVA Tenchi Muyo: Ryo-ohki de 20 episodios (el mismo nombre que el juego, pero con una romanización oficial ligeramente diferente). La historia se centra en un chico aparentemente ordinario, Tenchi Masaki, que vive en el campo en la Tierra. Después de liberar accidentalmente a un pirata espaciado llamado Ryoko, su modesta casa atrae la atención de personas poderosas del espacio, incluido un oficial de la Policía Galaxy, un famoso científico y dos hermanas de una familia real en busca de su medio hermano perdido hace mucho tiempo. . Pronto, Tenchi descubre la verdad sobre su propia identidad y sus superpoderes, pero aún no puede manejar un hogar con cinco mujeres jóvenes y atractivas, algunas de las cuales parecen tener un interés especial en él ... El juego es una aventura tradicional de estilo japonés: sin acertijos, pero en muchas situaciones durante las cuales el jugador tiene que tomar decisiones.
Tenchi o Kurau (Japan)	Originada en las salas recreativas, Dynasty Wars es un juego beat-em-up ambientado durante la Era de los Tres Reinos de la historia china, y, más específicamente, se basa en la adaptación del manga Tenchi o Kurau de la historia. El jugador adopta la identidad de un antiguo guerrero chino, y montar a caballo tiene que eliminar a todos sus oponentes, principalmente infantería y arqueros. Se pueden controlar cuatro personajes históricos del período de tiempo: Zhang Fei (lucha con una alabarda), Liu Bei (espada ancha), Guan Yu (un arma de asta china conocida como guan dao) y Zhao Yun (lucio); Algunos de los nombres de los personajes están mal escritos en versiones traducidas. Los personajes se distinguen por sus parámetros de salud y fuerza. El juego usa un desplazamiento lateral y el jugador puede moverse en las cuatro direcciones. Una novedad es el sistema de ataque: al presionar el fuego, la energía del ataque se cargará a medida que el guerrero mueve su arma hacia arriba y hacia atrás, para ganar impulso.
Tengai Makyou - Deden no Den (Japan)	Deden no Den es una versión promocional de Bomberman '94 con distribución limitada. El juego solo estaba disponible a través del boletín de Hudson en su Caravan Tournament. Contiene solo un nivel del juego completo (solo modos de 2 a 5 jugadores), pero reemplaza al personaje titular con Kabuki Danj? R ?, un personaje popular de Tengai Maky? juegos. Los jugadores controlan hasta cinco Kabukis con atuendos de diferentes colores.
Tenshi no Uta (Japan)	Kearu, un joven guerrero de la tierra de Erin, es confiado por su anciano de la aldea para proteger a Krea, una joven que fue encontrada cerca de la entrada de la aldea cuando era una bebé. La joven pareja recibe la tarea de recuperar y entregar una flor mágica conocida como Eureka al rey. Sin embargo, en el camino hacia el castillo, son atacados por un monstruo alado, que se lleva a Krea. Kearu se da cuenta de que este secuestro no fue accidental, y tuvo algo que ver con el misterioso origen de Krea. Tenshi no Uta es un juego de rol tradicional de estilo japonés. Como en la mayoría de los juegos de este género, el jugador navega por el grupo de héroes en el mapa mundial de arriba hacia abajo, luchando contra enemigos que aparecen al azar, ganando experiencia para subir de nivel automáticamente y dinero para comprar mejores armas, armaduras y artículos. Las batallas se ven desde la perspectiva de primera persona, con los gráficos enemigos superpuestos en la pantalla de exploración (como en Cosmic Fantasy 2).
Tenshi no Uta II - Datenshi no Sentaku (Japan)	Fate es un joven cuyo trabajo es patrullar la tierra alrededor de su aldea y protegerla de los monstruos. Un día, durante tal patrulla, Fate y su amigo Shion se encuentran con una chica misteriosa en la torre cercana. Solo podía recordar que se llamaba Rhianna, pero nada más sobre sus orígenes y cómo terminó en esa torre. Poco después, el pueblo es atacado por monstruos y quemado. Fate, Shion y Rhianna escapan, y Fate le promete a Rhianna que la ayudará a recuperar su memoria y descubrir la verdad sobre su pasado. Tenshi no Uta II: Datenshi no Sentaku no está directamente relacionado con su predecesor en cuanto a la historia (aunque está ambientado en el mismo universo, y algunos personajes del juego anterior aparecen aquí). Gráficamente y en cuanto a la jugabilidad, es casi idéntico a él, con la excepción de algunos ajustes menores (como los personajes que recuperan la salud completa después de subir de nivel): un RPG arquetípico de estilo japonés con enemigos aleatorios, combate por turnos, historia lineal progresión y crecimiento automático del personaje. Al igual que el primer juego, Datenshi no Sentaku tiene un ciclo diurno y nocturno.
TerraForming (Japan)	En Terraforming, la raza humana ha huido a las profundidades del espacio después de que la Tierra se haya vuelto inhabitable. Como resultado, viajan de planeta en planeta en un intento de encontrar un planeta lo suficientemente adecuado como para terraformarse en una nueva Tierra. En el camino se encuentran con razas alienígenas que deben destruir en un intento por sobrevivir y continuar con la raza humana. El juego es un juego de disparos de desplazamiento lateral básico, derribando naves espaciales enemigas, recogiendo power-ups e iconos de salud y mejorando las armas principales y secundarias junto con los obligatorios jefes de gran escenario. La característica más notable del juego es el trabajo realizado por Syd Mead, un artista de efectos especiales para películas como Star Trek: The Motion Picture, Blade Runner, Aliens, 2010 y tan reciente como Mission Impossible III.
Todd's Adventures in Slime World (Japan)	Mientras vuela su nave espacial, se estrella en un planeta cubierto completamente de limo. Usted y un amigo exploran el planeta laberíntico de limo, armados con una pistola de agua y todo tipo de artilugios que encuentran en el camino en un esfuerzo por encontrar el camino de regreso. El mundo del juego es un laberinto gigante con extrañas áreas ocultas y muchas ideas de diseño originales. Dependiendo del modo de juego, estás cooperando o compitiendo con tu &quot;amigo&quot; para encontrar y llegar a una salida primero. Debido a los tamaños masivos de los mundos de baba (alrededor de 6 entradas para elegir), los juegos suelen tardar varias horas en completarse. La base del juego es la exploración, con diferentes modos de juego que se centran aún más en la competencia, la resolución de acertijos, la velocidad, la exploración o la cooperación.
Tokimeki Memorial (Japan)	En la primera entrega de la serie Tokimeki Memorial, el jugador toma el papel de un estudiante masculino en la Escuela Secundaria Kirameki en el Japón moderno, cuyo objetivo es ganarse el corazón de una de sus compañeras escolares. Tokimeki Memorial es un juego de simulación de citas. Hay un horario en el juego, que incluye actividades relacionadas con la escuela y actividades de tiempo libre. Los personajes del jugador tienen varias estadísticas que se pueden aumentar realizando ciertas actividades (como estudiar para aumentar la inteligencia, etc.). La jugabilidad se dedica casi por completo a planificar los horarios, obteniendo el máximo de la fecha con la chica elegida. Una cita no es necesariamente un éxito automático: descuidar a una chica durante mucho tiempo dará lugar a chismes y eventualmente puede destruir la relación. También hay un &quot;rival&quot; en el juego, un estudiante que podría tener éxito con una de las chicas si el jugador no es lo suficientemente cuidadoso.
Top o Nerae! GunBuster Vol. 1 (Japan)	Top o Nerae! GunBuster Vol.1 se basa en la serie de anime OVA Gunbuster de Gainax. A principios del siglo XXI, la humanidad descubrió una raza de extraterrestres parecidos a insectos mientras colonizaba el espacio conocido. Los extraterrestres avanzan constantemente hacia la Tierra con el objetivo de erradicarla. Para contrarrestar eso, los humanos han desarrollado mechas gigantes que pueden ser navegadas por pilotos entrenados. La historia del juego sigue de cerca el primer capítulo del anime, centrándose en la joven piloto Noriko Takaya y sus primeros pasos hacia el dominio de su peligrosa profesión. El juego tiene una interfaz tipo aventura de estilo japonés (con Look, Talk y otros comandos verbales que conducen a submenús), pero se juega más como un cruce entre una película interactiva (con escenas animadas y voces en off) y un visual novela, donde las elecciones de acciones y respuestas juegan un papel dominante. Cada acción incorrecta eleva el &quot;medidor de estrés&quot; de la heroína; Una vez que está lleno, el juego ha terminado.
Top o Nerae! GunBuster Vol. 2 (Japan)	Top o Nerae! GunBuster Vol.2 es una secuela directa del primer episodio basado en la serie de anime Gunbuster. Continúa la historia que comenzó en el primer capítulo, después de las aventuras de la joven piloto de mechas Noriko Takaya mientras pasa la prueba y es admitida en el escuadrón de lucha de mechas, enviada en una misión para evitar que una raza insectoide de extraterrestres destruya la Tierra. . En cuanto a la jugabilidad, el segundo episodio difiere del anterior en que evita incluso los rudimentarios comandos de aventura de estilo japonés. Se juega más como una película interactiva pura: el jugador ve escenas animadas y sonoras y de vez en cuando tiene que tomar una decisión por Noriko, influyendo en las escenas posteriores. El &quot;medidor de estrés&quot; del juego anterior también se ha eliminado. El juego también contiene extras como la introducción de personajes y robots, un drama de radio y un juego de &quot;piedra-papel-tijera&quot; contra Noriko.
Travel Eple (Japan)	Eple es una niña vestida con un disfraz de pingüino, que vive en una aldea apartada en una región nevada del norte de Japón con otros humanos y pájaros. Un día, después de un ataque monstruoso en la aldea, Eple y su amigo pingüino cayeron al agua y se dirigieron a tierras lejanas. El dúo debe enfrentar temibles enemigos y peligros para encontrar el camino de regreso a casa. Travel Eple es un juego de acción de arriba hacia abajo similar en concepto a Bomberman. El juego se divide en etapas, cada una de las cuales consta de una pantalla. Cada etapa tiene un oponente que intenta matar a Eple atacando directamente (la mayoría de los enemigos regulares solo tienen ataques a corta distancia, pero los jefes pueden no seguir esta regla) o arrojándole objetos. Eple, por otro lado, no tiene ataques por su cuenta y debe confiar en estos objetos (principalmente explosivos como bombas y granadas) para dañar al enemigo. Los objetos siguen apareciendo al azar en varias partes de la pantalla mientras la batalla continúa.
Travellers! Densetsu o Buttobase (Japan)	La historia más famosa del pasado heroico se llama &quot;Caballeros de la Leyenda&quot;. Es una historia sobre héroes que han descendido al infierno, derrotaron al Rey Demonio y salvaron a los siete mundos del grave peligro. Esta historia ahora se enseña en todas las escuelas para jóvenes aventureros, que desean convertirse en héroes y derrotar a los secuaces del infierno de una vez por todas. Los que ya se han graduado se llaman &quot;viajeros&quot;; cuatro de ellos son los héroes del juego: dos hombres jóvenes y dos mujeres jóvenes. Liderados por el imprudente espadachín Ufuru, los viajeros comienzan a recorrer la tierra en busca de aventuras ... El juego es un juego de rol japonés bastante tradicional. El jugador siempre controla el grupo de cuatro héroes; los dos hombres usan técnicas de espada, una de las chicas se especializa en magia ofensiva, mientras que la otra es una sanadora. El jugador navega por el grupo por el &quot;mapa mundial&quot;, visita ciudades y desciende a mazmorras. Los enemigos que aparecen aleatoriamente se luchan por turnos. Subir de nivel es automático, como en la mayoría de los juegos de este tipo. Hay un ciclo día / noche en el juego.
TV Show, The (Japan)	TV Show es un juego de acción con humor similar al concepto de Bomberman. El juego consiste en un modo de escenario (un jugador) y un modo versus (hasta cuatro jugadores). Ambos modos ofrecen siete caracteres para elegir. Los personajes tienen un tema cómico e incluyen una colegiala hiperactiva, un ninja blindado y otros. No hay una historia real detrás de estos personajes; cada uno viene con una breve secuencia de introducción que invariablemente conduce a su admisión a un programa de televisión organizado por extraterrestres, donde tienen que derrotar a los enemigos y recuperar premios. Cada etapa es una pantalla superior que contiene el protagonista, los enemigos, el premio y varias bombas. Las bombas deben ser recogidas y transportadas; se usan para tratar con enemigos y hacer estallar el recipiente en el que está contenido el premio.
Uchuu Senkan Yamato (Japan)	Uchuu Senkan Yamato se basa en la serie de anime Space Battleship Yamato, también conocida como Star Blazers. Los eventos del juego siguen los de los episodios iniciales. A finales del siglo 22, los extraterrestres de Gamila bombardean la Tierra con meteoritos radiactivos. Como resultado, la superficie del planeta se vuelve inhabitable y los humanos comienzan a morar bajo tierra. Usando las ruinas del acorazado japonés Yamato de la Segunda Guerra Mundial, los humanos construyen una poderosa nave espacial y finalmente pueden enfrentarse a los alienígenas en una confrontación directa. Esta encarnación de la serie es esencialmente un juego de estrategia en tiempo real con un enfoque algo inusual del género. En lugar de navegar unidades en los campos de batalla, el jugador toma el control directo de cada miembro de la tripulación a bordo del barco. Cada uno de ellos es responsable de una determinada función (suministrar energía, manejar un arma, girar la nave, etc.); Para ganar batallas, es crucial coordinar sus acciones. El juego continúa en tiempo real, pero se detiene cuando el jugador accede a los miembros de la tripulación y realiza acciones para ellos.
Urusei Yatsura - Stay with You (Japan)	Urusei Yatsura: Stay with You está basado en la serie de manga de Rumiko Takahashi. La protagonista es Ataru Moroboshi, una estudiante de secundaria que accidentalmente evoca amor en el corazón de Lum, la princesa de una raza alienígena. El juego no cuenta los eventos iniciales del manga y, en cambio, se construye como un episodio, suponiendo que el jugador esté familiarizado con la historia general y los personajes. La ex novia de Ataru, Shinobu, desaparece en circunstancias misteriosas. Ataru y Lum deben explorar el edificio de la escuela secundaria y descubrir qué le sucedió a Shinobu. El juego es el de una aventura tradicional de estilo japonés, donde toda la interacción (incluida la navegación) se realiza seleccionando comandos verbales de un menú y combinándolos con objetos de una lista. La progresión del juego es bastante lineal, y generalmente se requiere completar un objetivo en una ubicación para poder pasar a la siguiente. No hay acertijos reales, pero existe un inventario con elementos que se pueden examinar.
Valis II (USA)	Valis II tiene la misma trama básica que su homólogo informático: Rogles, el tirano del mundo mágico de Vecanti, fue derrotado, y un nuevo emperador llamado Megas está aterrorizando a sus habitantes. Depende de la colegiala japonesa Yuko que se haga cargo de su personaje del Soldado de Valis y venza a Megas. Desde el punto de vista del juego, esta versión difiere significativamente de las versiones de ordenador. Aunque tiene seis etapas que terminan con el mismo jefe enemigos, su diseño de nivel, diseño y muchos enemigos regulares son diferentes. Esta versión también elimina por completo dos características clave del juego de la versión de ordenador: la capacidad de equipar diferentes armas y armaduras, y las etapas de desplazamiento lateral del shooter.
Valis III (USA)	Al igual que sus predecesores de la serie, Valis III es un juego de acción de plataforma con desplazamiento lateral. A diferencia de las entregas anteriores, el jugador puede controlar tres personajes en el juego: Yuko, Cham (que utiliza un látigo y lucha de forma similar a los protagonistas de Castlevania), y la princesa Valna de Vecanti, que es más débil físicamente, pero puede lanzar magia más poderosa. Cada uno de los personajes puede equipar diferentes armas y tiene acceso a sus propios hechizos mágicos.
Valis IV (Japan)	El Rey Asfal del Mundo Oscuro tuvo un hijo llamado Galgear, quien heredó un anillo mágico de él y se volvió loco como resultado. El príncipe fue encarcelado, pero logró liberarse, secuestrar a Valna, la reina de Vecanti, e instalarse como el nuevo gobernante de Dream Land. Cham, el líder de la resistencia contra Galgear, escucha la voz de Yuko, el ex soldado Valis que ahora se ha convertido en una diosa, diciéndole que uno de los miembros de la resistencia, una niña llamada Lena, es la heredera de la espada Valis. Lena y su hermana Amu deciden rescatar a Valna y encontrar la manera de detener a Galgear. Al igual que sus predecesores, Valis IV es un juego de plataformas de acción. Es similar al juego anterior al permitir que el jugador controle tres personajes diferentes: Lena, Amu y Asfal. Cada uno de los personajes empuña un arma única (espada Valis para Lena, boomerang para Amu y tridente de lanza para Asfal) y tiene acceso a sus propios hechizos elementales (truenos para Lena, fuego para Amu, hielo para Asfal).
Vasteel (USA)	El planeta rector del Sistema Solar Vasteel se llama Belose. Los emperadores de la dinastía Faracia han gobernado el planeta durante cientos de años. Sin embargo, el último emperador resultó ser bastante impopular con la gente, y comenzaron a hablar sobre cambiar el sistema de gobierno. Inesperadamente, el emperador se enferma gravemente y muere poco después. Su hijo mayor, Faliall, es proclamado el heredero. Sin embargo, el hermano menor de Faliall, Stefan, se preocupa por los deseos de la gente sencilla y está dispuesto a cambiar las cosas. Por lo tanto, comienza la sangrienta guerra entre los dos hermanos por el poder y la justicia ... Vasteel es un juego de estrategia de guerra basado en hechizos en su núcleo. El modo historia lleva al jugador (que controla los ejércitos de Stefan o Faliall) a través de varios mapas de arriba hacia abajo, en los que los dos ejércitos intentarán aniquilarse entre sí, avanzar a una mejor posición, conquistar ciudades enemigas, etc. También hay un modo versus, que permite el juego de dos jugadores, así como el acceso a todos los mapas independientemente de la historia.
Vasteel 2 (Japan)	Vasteel 2 es formalmente una secuela de Vasteel; También se desarrolla en el sistema solar futurista y ficticio del mismo nombre y se ocupa principalmente de batallas estratégicas entre robots. Sin embargo, su historia no está directamente relacionada con la del predecesor. El héroe principal es un niño llamado Voice Knuckles, que disfruta de una vida tranquila con su madre y su novia Diggy. Pero el cruel emperador Agares ataca su planeta y destruye la casa de Voice, matando a su madre en el proceso. El niño jura venganza. Ayudado por su novia y sus amigos, reúne un ejército rebelde de combatientes que navegan robots gigantes, y está decidido a derrotar a Agares a toda costa. El juego tiene más historia que su predecesor, y tiene una estética de anime / manga más claramente pronunciada. Las escenas animadas se producen entre las misiones y avanzan la historia. Incluso durante las grandes batallas estratégicas, los personajes a menudo entablan un diálogo y pueden ocurrir eventos con guión.
Virgin Dream (Japan)	Se celebra un &quot;Concurso de chicas guapas&quot;, que es más que una simple competencia de belleza: dentro de un año, una niña debería convertirse en una estrella. La belleza importa, pero también la habilidad. Como gerente de una de las chicas jóvenes que quiere participar en el concurso, ¡el jugador tiene que hacer todo lo que esté en su poder para alcanzar el objetivo y ayudar al discípulo a alcanzar el estrellato! Virgin Dream es lo que comúnmente se llama simulación de vida, un género popularizado por juegos como la serie Princess Maker. El jugador maneja la vida de la joven con un objetivo específico en mente, que debe elegirse en el menú principal. La niña puede esforzarse por convertirse en cantante, modelo de fotografía, maestra de escuela, etc. El jugador intenta alterar sus estadísticas en consecuencia para lograr el objetivo.
Where in the World Is Carmen Sandiego (Japan) (En,Ja)	Comienzas como un detective novato cuyo trabajo es localizar a una cosecha de ladrones que roban los tesoros más preciados del mundo. Después de cada sesión informativa de asignación, se le dará una fecha límite para capturar al ladrón que robó el artefacto utilizando pistas que tratan con su conocimiento de geografía. El juego es una versión actualizada del original ¿Dónde está Carmen Sandiego?, con gráficos mejorados, efectos de sonido y esquemas de control adicionales, como el soporte de joystick para plataformas de computadora.
Winds of Thunder (Japan)	En la una vez pacífica tierra de Mistral, la leyenda tiene un valiente caballero llamado Drak que ha sellado a un dios malvado llamado Deoric bajo los seis continentes de la tierra. Sin embargo, la paz nunca dura. El Imperio Garuda ha invadido las tierras de Mistral, y los seis generales oscuros, liderados por Sornbul, han conquistado los continentes. La ambición de Sornbul es nada menos que resucitar a Deoric y sumir la tierra en el caos. Duran, descendiente de Drak, es el único que puede detener el plan loco del Imperio Garuda, y con el poder de las armaduras místicas de Drak, se dirige a detener Sornbul a cualquier precio.
Wizardry I, II (Japan)	Wizardry I - II contiene las dos primeras entregas de la serie Wizardry: Proving Grounds of the Mad Overlord y Knight of Diamond. Ambos juegos fueron portados a la consola de CD de PC Engine (TurboGrafx) con varias mejoras, inéditas por separado. De hecho, los dos juegos se fusionan en uno, ya que el jugador puede jugar en ambos de forma continua directamente desde el menú principal. Aunque los juegos son bastante fieles en el juego y el diseño gráfico de las versiones originales de la computadora, las mejoras son lo suficientemente significativas como para considerar este lanzamiento como un remake. De manera similar a la versión NES / Famicom, las mazmorras tienen gráficos simples, a diferencia de los originales de la computadora con sus líneas vectoriales. Los sprites enemigos también son más detallados y ocupan una porción más grande de la pantalla.
Wizardry III, IV (Japan)	A diferencia de los originales de la computadora con sus líneas vectoriales, las mazmorras tienen gráficos simples ahora. Los sprites enemigos también se dibujan de manera más detallada. Una partida preconfigurada de seis está disponible para el jugador desde el principio, que consiste en personajes con nombres genéricos (&quot;Luchador&quot;, &quot;Samurai&quot;, etc.); Sin embargo, sigue siendo posible crear personajes propios (a diferencia de la versión modificada de PC Engine CD de Might and Magic). Naturalmente, en The Return of Werdna, el jugador controla a Werdna y a sus monstruos convocados. Otro cambio notable es la inclusión de música de audio de CD orquestada para navegación en mazmorras y (opcionalmente) para música de batalla.
Wizardry V - Heart of the Maelstrom (Japan)	Después de que el Orbe de L'Kbreth se utilizó para devolver la paz a la tierra de Llylgamyn, surge una nueva amenaza en la región. Extrañas energías malévolas se han visto debajo del Templo de los Sabios. Estas energías, llamadas &quot;Maelstrom&quot; por los habitantes locales, pueden ser selladas por una persona conocida como Gatekeeper. Desafortunadamente, este último ha sido encarcelado por un poder misterioso o una persona que solo se conoce como SORN. Un grupo de valientes aventureros busca al sumo sacerdote G'bli Gedook, el guardián del Orbe de L'Kbreth, quien les explica que tienen que liberar al Guardián de la Puerta y finalmente vencer al mal en su núcleo. Wizardry V: Heart of the Maelstrom vuelve al concepto de juego de las tres primeras entregas de la serie, abandonando la premisa inusual de su predecesor. Como en los juegos iniciales, la jugabilidad consiste en explorar una gran mazmorra tipo laberinto con una fiesta personalizada creada y equipada en la única ciudad del juego.
Wonder Boy III - Monster Lair (Japan) (Rev 3)	Sintiéndote más como el primer Wonder Boy que como el segundo, Monster Lair es un juego de plataformas de desplazamiento automático de ritmo rápido. Los niveles se dividen en dos etapas, la primera es una etapa de plataforma, la segunda es una etapa de rodaje que termina en un jefe. Durante el juego tu energía cuenta atrás, así que debes seguir recogiendo fruta para reponerte. Hay una variedad de armas para coleccionar - láseres, tiros de dispersión, escudos giratorios, etc., pero también están en un temporizador y no duran mucho tiempo, por lo que el cambio de armas es frecuente para evitar que te quedes con tu tiro de espada básico de corto alcance. El juego es para uno o dos jugadores simultáneos.
World Heroes 2 (Japan)	¡Los luchadores de torneos que viajan en el tiempo están de vuelta! Los ocho personajes originales del juego anterior regresan, junto con seis nuevos personajes elegidos a mano de varias épocas y ubicaciones diferentes a lo largo del tiempo. ¿Quién o qué hay detrás de este nuevo torneo? Para descubrir eso, el luchador más fuerte debe derrotar a todos los oponentes, ganar el título y enfrentar al que tiene todas las respuestas. El segundo juego de World Heroes presenta nuevos escenarios y música, así como gráficos y animación mejorados. Los luchadores ahora pueden reflejar movimientos de proyectiles a sus oponentes y revertir los lanzamientos normales si el momento del jugador es el correcto. El modo Death Match del juego original también está de regreso, pero con una nueva característica: la barra de vida aumentará o disminuirá a medida que el luchador inflija o reciba daño. Si el jugador logra llevar la barra de vida de su luchador al 100%, el enemigo perderá.
Wrestle Angels - Double Impact (Japan)	Wrestle Angels: Double Impact es similar en concepto a Wrestle Angels V1, siendo una simulación de negocios con combates de lucha por turnos entre mujeres jóvenes atractivas. El juego tiene tres modos: exhibición, gestión de equipos y debut de nuevos jugadores. El modo de exposición permite al jugador seleccionar entre una amplia variedad de luchadores y competir en modas individuales, dobles o de equipo de etiqueta (seis luchadores). El debut de un nuevo jugador coloca al jugador en el papel de luchadores populares de la franquicia, llevándolos a través de sesiones de entrenamiento y una serie de partidos. La gestión del equipo es el modo más expansivo del juego. En este modo, el jugador asume el papel de un gerente que tiene que reunir un equipo de luchadores para competir en las ligas regionales japonesas. Se pueden elegir nuevos luchadores de atletas conocidos, o &quot;explorarlos&quot; en la calle, con efectos variados. El jugador luego asigna horarios y actividades para los luchadores. Es posible hablar con ellos, enviarlos de vacaciones y también despedirlos.
Wrestling Universe - Fire Pro Joshi - Dome Choujo Taisen - Zenjo vs. JWP (Japan)	Mucho antes de que la WWE presentara los combates de lucha de las Divas, en Japón hubo un asunto más serio, donde la habilidad de la lucha era más importante que los implantes mamarios, y los combates eran &quot;reales&quot; (en lo que respecta a la lucha libre) en lugar de pelea de almohadas o sostén y bragas peleas. En este juego de la serie Fire Pro, el elenco de la promoción All Japan Women's Pro-Wrestling está disponible, todos luchando por ganar el cinturón rojo, el premio más alto de la federación. También es posible luchar en partidas individuales, torneos, batallas reales y eliminatorias. El conjunto habitual de opciones en CAW está presente, siendo posible crear 16 nuevos luchadores. La jugabilidad, como es habitual en la serie, es dramáticamente diferente que en la mayoría de los juegos occidentales. Cada luchador tiene un montón de movimientos, clasificados de débiles a fuertes. Si bien es posible conectar a cualquiera de ellos desde situaciones abiertas, mientras luchan solo cuando el oponente ya está derrotado, los movimientos más poderosos pueden usarse con éxito.
Xak (Japan)	Xak I - II es una versión mejorada de los dos primeros juegos de la serie Xak: Xak: The Art of Visual Stage Xak II: Rising of the Redmoon Más que una simple compilación, esta versión fue desarrollada desde cero, con gráficos más detallados, nuevos composiciones musicales, actuación de voz y nuevas escenas de corte, incluida una introducción común para ambos juegos. La interfaz mejorada del segundo juego ahora también está presente durante el primero. A pesar de que la versión del juego es muy similar a la de los originales, también hay algunos cambios leves: los enemigos son más agresivos y, a veces, aparecen en diferentes lugares que en el original. Aunque esta versión contiene ambos juegos, se tratan como un juego largo, y solo es posible comenzar a jugar el segundo después de haber completado el primero.
Xak III - The Eternal Recurrence (Japan)	El gran héroe Latok, el descendiente del dios de la guerra Duel, ha regresado a su ciudad natal, Fearless, donde vive en paz con su madre. Pero un día, un mensajero trae terribles noticias: el castillo de Farland fue atacado, el rey, la princesa e innumerables soldados fueron brutalmente asesinados. Zomu Dizae, el tercer y último comandante demonio del mundo oscuro Zekisis (Latok ha derrotado a los otros dos, Badu y Gospel), ha llegado. Lo ayuda el traicionero nigromante, que convirtió a los soldados de Farland en monstruos. ¿Podrá Latok derrotar al mal una vez más? Xak III: The Eternal Recurrence es un juego de rol de acción, similar en estilo de juego a sus predecesores, pero que también incorpora algunos elementos introducidos por primera vez en Tower of Gazel, como la capacidad de saltar y tener compañeros (aunque esta característica es mucho más limitada aquí) . La capacidad de salto es crucial en muchos casos, ya que existen obstáculos que solo se pueden evitar saltando sobre ellos.
Yamamura Misa Suspense - Kinsenka Kyouezara Satsujin Jiken (Japan)	Está basado en una serie de novelas de la autora japonesa de ficción de detectives Misa Yamamura. El popular protagonista de las novelas, el inspector S? Suke Kariya, aparece en el juego como uno de los personajes; pero la heroína principal y el personaje del jugador es Yuko Kobayakawa, un periodista que trabaja para una revista gourmet. Durante un viaje a Kioto, ella asiste a una fiesta y es testigo del misterioso asesinato de la esposa separada de un hombre rico. Yoko decide quedarse y ayudar a las autoridades a investigar el crimen. El juego se juega como una aventura de estilo japonés sin rompecabezas. La mayoría de las veces, el jugador elige un lugar para viajar e interroga a los personajes, seleccionando varios temas de una lista. Tales escenas se presentan en vista en primera persona. Sin embargo, algunos segmentos presentan navegación en tercera persona con interacción de apuntar y hacer clic, similar a las aventuras occidentales. Otras instancias requieren que el jugador mueva un cursor sobre un objeto ampliado para interactuar con él de manera detallada.
Yami no Ketsuzoku - Harukanaru Kioku (Japan)	Es una reimaginación de los juegos anteriores de Yami no Ketsuzoku. La trama básica sigue los eventos que comenzaron en la primera entrega, pero se cuenta de una manera completamente diferente, con diferentes escenas, diálogos, etc. Por ejemplo, el juego comienza un poco antes del punto de partida del primer capítulo, y Contiene conversaciones entre el protagonista Miyu Izawa y la víctima del asesinato Marie, que no estaban presentes en la historia original. El estilo visual del juego también es bastante diferente, con gráficos brillantes similares al anime atípicos de las entradas anteriores. En cuanto a la jugabilidad, esta entrega también difiere de los juegos de computadora anteriores al reducir en gran medida la interacción. Se habla todo el diálogo en el juego, y gran parte de la narración se revela a través de los pensamientos de Miyu que actúan como escenas, en lugar de derivarse de la interacción con el entorno. En esencia, el juego es una novela visual bastante lineal con algunas ocasiones en las que el jugador puede visitar diferentes lugares.
YaWaRa! 2 - A Fashionable Judo Girl! (Japan)	Basado en el manga y la posterior serie de anime Yawara: A Fashionable Judo Girl, este juego puede considerarse una secuela de Yawara !, ya que sus eventos tienen lugar después de la conclusión de la historia anterior. Esta vez, el jugador controla a Fujiko Itou, una de las heroínas de la serie original, admiradora de Yawara. Después de haber ganado una importante competencia internacional, Yawara siente que no puede soportar la fama, anhelando volver a la vida normal y dejar el judo. Sorprendida por esta decisión, Fujiko decide entrenarse y convertirse en una maestra de judo, para convencer a Yawara de que regrese. A diferencia del juego anterior, que era completamente un &quot;cómic digital&quot;, Yawara 2 tiene tres modos de juego diferentes. La parte de aventura de estilo japonés juega de manera similar al predecesor y a la mayoría de los otros juegos de este estilo: el jugador tiene algunos verbos para elegir de un menú; elegirlos uno por uno invariablemente avanza la historia. Esta parte es pesada en escenas de corte no interactivas.
YaWaRa! A Fashionable Judo Girl! (Japan)	Basado en el manga Yawara! Una chica de moda de judo, el juego sigue la historia de Yawara Inokuma, la nieta adolescente de un famoso maestro de judo. Mientras trata de tener una vida ordinaria, su abuelo insiste en que estudie el arte marcial del judo, y tiene problemas para decidir cuál será su objetivo en la vida. El protagonista del juego es uno de los personajes menores del manga, un joven periodista llamado Matsuda. Al ver cómo Yawara golpea sin esfuerzo a un asaltante en la calle, Matsuda decide averiguar quién es la &quot;chica maravilla&quot;, sintiendo que se convertirá en una famosa estrella del deporte. El juego es lo que comúnmente se conoce como cómic digital, es decir, un juego de aventura de estilo japonés sin rompecabezas y con posibilidades de interacción básicas muy limitadas. Por lo general, al jugador se le presentan algunos comandos verbales y submenús de objetos en cada pantalla, y tiene que pasar por ellos para avanzar.
Yokoyama Mitsuteru Shin Sangokushi - Tenka wa Ware ni (Japan)	Tenka wa Ware ni se basa en el manga Sangokushi de Mitsuteru Yokoyama, una adaptación de la repetición de Eiji Yoshikawa de la clásica novela china Romance of the Three Kingdoms de Luo Guanzhong. Como tal, el juego incluye elementos de la trama y algunos personajes añadidos por Yoshikawa o Yokoyama, pero en su mayor parte se mantiene fiel a la historia general de la novela china y, por lo tanto, a los acontecimientos históricos reales de la Era de los Tres Reinos. La jugabilidad es similar a la de la serie Romance of the Three Kingdoms de Koei, centrándose en la gran estrategia y la gestión del país, así como en las batallas tácticas. No hay selección de escenario, pero el jugador puede elegir entre múltiples señores de la guerra de los tres reinos. El jugador gestiona la provincia bajo el control del señor de la guerra seleccionado.
Ys Book I & II (USA)	Los jugadores controlan a un joven héroe pelirrojo llamado Adol Christin, cuya tarea es encontrar los seis libros de Ys, una antigua tierra paradisíaca que desapareció misteriosamente hace mucho tiempo. Se dice que quienquiera que posea los seis libros puede acceder al Ys. En el primer juego, Adol está en la búsqueda para encontrar los libros y entrar en Ys. El segundo juego tiene lugar en el propio Ys, y Adol debe derrotar a un mal aún mayor y liberar la tierra. Esta versión incluye sonido con calidad de CD mejorado, gráficos de mayor calidad y nuevas escenas de animación.
Ys I & II (Japan)	Los jugadores controlan a un joven héroe pelirrojo llamado Adol Christin, cuya tarea es encontrar los seis libros de Ys, una antigua tierra paradisíaca que desapareció misteriosamente hace mucho tiempo. Se dice que quienquiera que posea los seis libros puede acceder al Ys. En el primer juego, Adol está en la búsqueda para encontrar los libros y entrar en Ys. El segundo juego tiene lugar en el propio Ys, y Adol debe derrotar a un mal aún mayor y liberar la tierra. Esta versión incluye sonido con calidad de CD mejorado, gráficos de mayor calidad y nuevas escenas de animación.
Ys III (Japan)	El viejo amigo de Adol Christin, Dogi, desea regresar a su ciudad natal de Redmont después de enterarse de los extraños disturbios que están ocurriendo allí. Siempre buscando una aventura, Adol se une a él y pronto descubre la causa de este nuevo mal. Ys III: Wanderers from Ys rompe con el sistema de batalla &quot;chocando con enemigos&quot; de los dos primeros juegos, permitiendo a Adol controlar su espada en una variedad de direcciones. Además de cambiar el sistema de batalla, la perspectiva del juego cambia a una vista de desplazamiento lateral, a diferencia de la de arriba hacia abajo de los juegos anteriores. Adol también tiene la habilidad de saltar ahora. Nuevo en la serie es el uso de anillos mágicos, que le dan a Adol diferentes habilidades de encendido, como la curación y el escudo. El juego también utiliza varios elementos clave que se encuentran a lo largo del camino para resolver acertijos menores y progresar en la historia.
Ys III - Wanderers from Ys (USA)	El viejo amigo de Adol Christin, Dogi, desea regresar a su ciudad natal de Redmont después de enterarse de los extraños disturbios que están ocurriendo allí. Siempre buscando una aventura, Adol se une a él y pronto descubre la causa de este nuevo mal. Ys III: Wanderers from Ys rompe con el sistema de batalla &quot;chocando con enemigos&quot; de los dos primeros juegos, permitiendo a Adol controlar su espada en una variedad de direcciones. Además de cambiar el sistema de batalla, la perspectiva del juego cambia a una vista de desplazamiento lateral, a diferencia de la de arriba hacia abajo de los juegos anteriores. Adol también tiene la habilidad de saltar ahora. Nuevo en la serie es el uso de anillos mágicos, que le dan a Adol diferentes habilidades de encendido, como la curación y el escudo. El juego también utiliza varios elementos clave que se encuentran a lo largo del camino para resolver acertijos menores y progresar en la historia.
Ys IV - The Dawn of Ys (Japan) (Rev 3)	The Dawn of Ys es uno de los dos juegos lanzados bajo el título de Ys IV, y el otro es Ys IV: Mask of the Sun de Tonkin House. Los dos juegos comparten la misma historia básica, pero tienen muchas diferencias con respecto a eventos concretos, ubicaciones, detalles de juego, etc. Los eventos del juego tienen lugar poco tiempo después de los descritos en Ys II, y antes de los eventos de Ys III: Wanderers de Ys. Cuando comienza el juego, Adol y su amigo regresan a la ciudad de Minea, donde comenzó el primer juego. El malvado Lord Darm ha sido derrotado, y es hora de relajarse y pasar un tiempo con amigos, pero no por mucho tiempo. Un nuevo mal está surgiendo, y Adol decide zarpar hacia la tierra de Celceta en el extranjero para investigar estos sucesos.
Yuu Yuu Hakusho - Yami Shoubu!! Ankoku Bujutsu-kai (Japan)	Ankoku Bujutsukai cuenta la historia de un joven delincuente llamado Yusuke Urameshi que muere y se reencarna como recompensa por una buena acción que cometió, además de servir como un &quot;detective del inframundo&quot; y resolver misterios relacionados con demonios. A pesar de su premisa, que recuerda a un juego de lucha versus combate, Ankoku Bujutsukai es un juego de disparos estilo arcade. El jugador selecciona uno de los cinco personajes (Yusuke, Hiei, Kurama, Kuwabara o Genkai), y luego es llevado a una serie de tiroteos uno a uno en un orden predeterminado. El enemigo es visto desde una perspectiva en primera persona, y el jugador mueve un cursor para apuntar y disparar. El sistema de juego es bastante simple, lo que permite al jugador ejecutar tres tipos de ataques: disparos regulares, disparos cargados y ataques especiales de cantidad limitada. Los puntos se reciben por peleas ganadoras y se pueden usar para aumentar los puntos de golpe, la velocidad o el número de movimientos especiales de los personajes.
Zan - Kagerou no Toki (Japan)	Zan - Kagerou No Toki sigue a Yasha Enbukyoku como el próximo juego de la serie Zan. A diferencia del juego anterior, Kager? ningún Toki no contiene fuerzas sobrenaturales (demonios), y en su lugar se enfoca en eventos concretos del período Sengoku en Japón, más exactamente del siglo XVI, un período de la historia japonesa que estuvo marcado por continuas guerras y líderes famosos como Oda Nobunaga o Tokugawa Ieyasu. El juego ofrece más posibilidades estratégicas que las entregas anteriores de la serie. Al elegir una región de Japón y su líder, el jugador puede realizar una variedad de actividades, tanto en su país como con otros líderes. La diplomacia incluye negociación, firma de contratos y tratados de paz, etc. Las batallas también son más profundas que antes; En lugar de encuentros semiautomáticos, las batallas ocurren en un mapa separado, en el que el jugador tiene que navegar activamente por su unidad, antes de enfrentarse al enemigo en combate cuerpo a cuerpo.
Zero 4 Champ II (Japan)	Zero4 Champ II es una secuela de Zero4 Champ. Esta vez, un joven corredor callejero japonés ha sido derrotado por un estadounidense que afirma que el nivel de Japón no está a la altura. Sus sentimientos duelen, el joven se aventura a los Estados Unidos, tratando de ganar suficiente dinero y participar en carreras para defender su orgullo nacional. El juego es muy similar a su predecesor en concepto, pero ofrece opciones adicionales en el modo historia. Los trabajos a tiempo parcial ahora incluyen tareas de entrega que se juegan como juegos de carreras generales, así como atender a perros de varias razas por dinero. La asignación de guardia de seguridad juega como un mini-RPG, completo con combate por turnos, puntos de experiencia y niveles. Además, es posible visitar pistas de carreras y apostar dinero a los participantes. El modo versus permite a los jugadores elegir entre tres campos para competir, competir entre sí (en un modo de arriba hacia abajo) o con una computadora AI (en primera persona).
Zero Wing (Japan)	Zero Wing es un juego de disparos horizontales donde el jugador tiene el control de un ZIG, una cápsula de escape lanzada después de que su nave principal fue atacada y destruida por los malvados cyborg CATS, empeñados en conquistar el mundo. Como la mayoría de los juegos del género, hay tres armas codificadas por colores: rojo (dispersión), verde (referencia) y azul (láser). Cada arma tiene tres niveles de poder, y para obtenerlos, se deben recolectar mejoras similares de forma secuencial. Sin embargo, lo que hace que el juego sea único es la capacidad de usar un haz de tracción para atrapar a un enemigo y luego lanzarlo contra sus compañeros, destruyéndolos. El juego (más precisamente, la versión europea de PAL) es conocido por ser el origen de la frase gramaticalmente incorrecta en la traducción al inglés, &quot;All your base are belong to us&quot;, que desde entonces se ha convertido en un fenómeno de Internet.
